timestamp, index, name, memory.total [MiB], memory.used [MiB], utilization.gpu [%]
2026/03/27 11:37:38.169, 0, NVIDIA RTX 6000 Ada Generation, 49140 MiB, 2 MiB, 0 %
2026/03/27 11:37:38.177, 1, NVIDIA RTX 6000 Ada Generation, 49140 MiB, 17304 MiB, 100 %
2026/03/27 11:37:38.180, 2, NVIDIA RTX 6000 Ada Generation, 49140 MiB, 17254 MiB, 100 %
2026/03/27 11:37:38.189, 3, NVIDIA RTX 6000 Ada Generation, 49140 MiB, 17248 MiB, 100 %
2026/03/27 11:37:38.196, 4, NVIDIA RTX 6000 Ada Generation, 49140 MiB, 17260 MiB, 100 %
2026/03/27 11:37:38.207, 5, NVIDIA RTX 6000 Ada Generation, 49140 MiB, 2 MiB, 0 %
2026/03/27 11:37:38.219, 6, NVIDIA RTX 6000 Ada Generation, 49140 MiB, 16254 MiB, 13 %
2026/03/27 11:37:38.230, 7, NVIDIA RTX 6000 Ada Generation, 49140 MiB, 21460 MiB, 100 %
2026/03/27 11:37:39.240, 0, NVIDIA RTX 6000 Ada Generation, 49140 MiB, 2 MiB, 0 %
2026/03/27 11:37:39.240, 1, NVIDIA RTX 6000 Ada Generation, 49140 MiB, 17304 MiB, 100 %
2026/03/27 11:37:39.241, 2, NVIDIA RTX 6000 Ada Generation, 49140 MiB, 17254 MiB, 100 %
2026/03/27 11:37:39.241, 3, NVIDIA RTX 6000 Ada Generation, 49140 MiB, 17248 MiB, 100 %
2026/03/27 11:37:39.241, 4, NVIDIA RTX 6000 Ada Generation, 49140 MiB, 17260 MiB, 100 %
2026/03/27 11:37:39.360, 5, NVIDIA RTX 6000 Ada Generation, 49140 MiB, 2 MiB, 0 %
2026/03/27 11:37:39.360, 6, NVIDIA RTX 6000 Ada Generation, 49140 MiB, 16254 MiB, 14 %
2026/03/27 11:37:39.360, 7, NVIDIA RTX 6000 Ada Generation, 49140 MiB, 21460 MiB, 100 %
2026/03/27 11:37:40.360, 0, NVIDIA RTX 6000 Ada Generation, 49140 MiB, 2 MiB, 0 %
2026/03/27 11:37:40.360, 1, NVIDIA RTX 6000 Ada Generation, 49140 MiB, 17304 MiB, 100 %
2026/03/27 11:37:40.361, 2, NVIDIA RTX 6000 Ada Generation, 49140 MiB, 17254 MiB, 100 %
2026/03/27 11:37:40.361, 3, NVIDIA RTX 6000 Ada Generation, 49140 MiB, 17248 MiB, 100 %
2026/03/27 11:37:40.361, 4, NVIDIA RTX 6000 Ada Generation, 49140 MiB, 17260 MiB, 100 %
2026/03/27 11:37:40.361, 5, NVIDIA RTX 6000 Ada Generation, 49140 MiB, 2 MiB, 0 %
2026/03/27 11:37:40.361, 6, NVIDIA RTX 6000 Ada Generation, 49140 MiB, 16254 MiB, 0 %
2026/03/27 11:37:40.361, 7, NVIDIA RTX 6000 Ada Generation, 49140 MiB, 21460 MiB, 100 %
2026/03/27 11:37:41.361, 0, NVIDIA RTX 6000 Ada Generation, 49140 MiB, 24 MiB, 0 %
2026/03/27 11:37:41.677, 1, NVIDIA RTX 6000 Ada Generation, 49140 MiB, 17304 MiB, 100 %
2026/03/27 11:37:41.677, 2, NVIDIA RTX 6000 Ada Generation, 49140 MiB, 17254 MiB, 100 %
2026/03/27 11:37:41.678, 3, NVIDIA RTX 6000 Ada Generation, 49140 MiB, 17248 MiB, 100 %
2026/03/27 11:37:41.678, 4, NVIDIA RTX 6000 Ada Generation, 49140 MiB, 17260 MiB, 100 %
2026/03/27 11:37:41.678, 5, NVIDIA RTX 6000 Ada Generation, 49140 MiB, 2 MiB, 0 %
2026/03/27 11:37:41.678, 6, NVIDIA RTX 6000 Ada Generation, 49140 MiB, 16254 MiB, 0 %
2026/03/27 11:37:41.678, 7, NVIDIA RTX 6000 Ada Generation, 49140 MiB, 21460 MiB, 100 %
2026/03/27 11:37:42.679, 0, NVIDIA RTX 6000 Ada Generation, 49140 MiB, 28 MiB, 0 %
2026/03/27 11:37:42.697, 1, NVIDIA RTX 6000 Ada Generation, 49140 MiB, 17304 MiB, 100 %
2026/03/27 11:37:42.697, 2, NVIDIA RTX 6000 Ada Generation, 49140 MiB, 17254 MiB, 100 %
2026/03/27 11:37:42.883, 3, NVIDIA RTX 6000 Ada Generation, 49140 MiB, 17248 MiB, 100 %
2026/03/27 11:37:42.884, 4, NVIDIA RTX 6000 Ada Generation, 49140 MiB, 17260 MiB, 100 %
2026/03/27 11:37:42.885, 5, NVIDIA RTX 6000 Ada Generation, 49140 MiB, 2 MiB, 0 %
2026/03/27 11:37:42.887, 6, NVIDIA RTX 6000 Ada Generation, 49140 MiB, 16254 MiB, 0 %
2026/03/27 11:37:42.888, 7, NVIDIA RTX 6000 Ada Generation, 49140 MiB, 21460 MiB, 100 %
2026/03/27 11:37:43.890, 0, NVIDIA RTX 6000 Ada Generation, 49140 MiB, 7558 MiB, 0 %
2026/03/27 11:37:43.890, 1, NVIDIA RTX 6000 Ada Generation, 49140 MiB, 27677 MiB, 100 %
2026/03/27 11:37:43.890, 2, NVIDIA RTX 6000 Ada Generation, 49140 MiB, 21987 MiB, 100 %
2026/03/27 11:37:43.890, 3, NVIDIA RTX 6000 Ada Generation, 49140 MiB, 17248 MiB, 100 %
2026/03/27 11:37:43.890, 4, NVIDIA RTX 6000 Ada Generation, 49140 MiB, 17260 MiB, 100 %
2026/03/27 11:37:43.890, 5, NVIDIA RTX 6000 Ada Generation, 49140 MiB, 2 MiB, 0 %
2026/03/27 11:37:43.890, 6, NVIDIA RTX 6000 Ada Generation, 49140 MiB, 16254 MiB, 0 %
2026/03/27 11:37:43.890, 7, NVIDIA RTX 6000 Ada Generation, 49140 MiB, 21460 MiB, 100 %
2026/03/27 11:37:44.891, 0, NVIDIA RTX 6000 Ada Generation, 49140 MiB, 7560 MiB, 21 %
2026/03/27 11:37:44.941, 1, NVIDIA RTX 6000 Ada Generation, 49140 MiB, 27677 MiB, 100 %
2026/03/27 11:37:44.941, 2, NVIDIA RTX 6000 Ada Generation, 49140 MiB, 21987 MiB, 100 %
2026/03/27 11:37:44.941, 3, NVIDIA RTX 6000 Ada Generation, 49140 MiB, 17248 MiB, 100 %
2026/03/27 11:37:44.941, 4, NVIDIA RTX 6000 Ada Generation, 49140 MiB, 17260 MiB, 100 %
2026/03/27 11:37:44.941, 5, NVIDIA RTX 6000 Ada Generation, 49140 MiB, 2 MiB, 0 %
2026/03/27 11:37:44.942, 6, NVIDIA RTX 6000 Ada Generation, 49140 MiB, 16254 MiB, 0 %
2026/03/27 11:37:44.942, 7, NVIDIA RTX 6000 Ada Generation, 49140 MiB, 21460 MiB, 100 %
2026/03/27 11:37:45.942, 0, NVIDIA RTX 6000 Ada Generation, 49140 MiB, 7560 MiB, 16 %
2026/03/27 11:37:45.942, 1, NVIDIA RTX 6000 Ada Generation, 49140 MiB, 27677 MiB, 100 %
2026/03/27 11:37:45.942, 2, NVIDIA RTX 6000 Ada Generation, 49140 MiB, 21987 MiB, 100 %
2026/03/27 11:37:45.942, 3, NVIDIA RTX 6000 Ada Generation, 49140 MiB, 17248 MiB, 100 %
2026/03/27 11:37:45.942, 4, NVIDIA RTX 6000 Ada Generation, 49140 MiB, 17260 MiB, 100 %
2026/03/27 11:37:45.943, 5, NVIDIA RTX 6000 Ada Generation, 49140 MiB, 2 MiB, 0 %
2026/03/27 11:37:45.943, 6, NVIDIA RTX 6000 Ada Generation, 49140 MiB, 16254 MiB, 0 %
2026/03/27 11:37:45.943, 7, NVIDIA RTX 6000 Ada Generation, 49140 MiB, 21460 MiB, 100 %
2026/03/27 11:37:46.943, 0, NVIDIA RTX 6000 Ada Generation, 49140 MiB, 7560 MiB, 4 %
2026/03/27 11:37:47.029, 1, NVIDIA RTX 6000 Ada Generation, 49140 MiB, 27677 MiB, 100 %
2026/03/27 11:37:47.029, 2, NVIDIA RTX 6000 Ada Generation, 49140 MiB, 21987 MiB, 100 %
2026/03/27 11:37:47.029, 3, NVIDIA RTX 6000 Ada Generation, 49140 MiB, 17248 MiB, 100 %
2026/03/27 11:37:47.029, 4, NVIDIA RTX 6000 Ada Generation, 49140 MiB, 17260 MiB, 100 %
2026/03/27 11:37:47.030, 5, NVIDIA RTX 6000 Ada Generation, 49140 MiB, 2 MiB, 0 %
2026/03/27 11:37:47.030, 6, NVIDIA RTX 6000 Ada Generation, 49140 MiB, 16254 MiB, 0 %
2026/03/27 11:37:47.030, 7, NVIDIA RTX 6000 Ada Generation, 49140 MiB, 21460 MiB, 100 %
2026/03/27 11:37:48.030, 0, NVIDIA RTX 6000 Ada Generation, 49140 MiB, 7560 MiB, 0 %
2026/03/27 11:37:48.142, 1, NVIDIA RTX 6000 Ada Generation, 49140 MiB, 27677 MiB, 100 %
2026/03/27 11:37:48.142, 2, NVIDIA RTX 6000 Ada Generation, 49140 MiB, 21993 MiB, 100 %
2026/03/27 11:37:48.143, 3, NVIDIA RTX 6000 Ada Generation, 49140 MiB, 17248 MiB, 100 %
2026/03/27 11:37:48.143, 4, NVIDIA RTX 6000 Ada Generation, 49140 MiB, 17260 MiB, 100 %
2026/03/27 11:37:48.143, 5, NVIDIA RTX 6000 Ada Generation, 49140 MiB, 2 MiB, 0 %
2026/03/27 11:37:48.143, 6, NVIDIA RTX 6000 Ada Generation, 49140 MiB, 16254 MiB, 0 %
2026/03/27 11:37:48.272, 7, NVIDIA RTX 6000 Ada Generation, 49140 MiB, 21460 MiB, 100 %
2026/03/27 11:37:49.273, 0, NVIDIA RTX 6000 Ada Generation, 49140 MiB, 7560 MiB, 0 %
2026/03/27 11:37:49.273, 1, NVIDIA RTX 6000 Ada Generation, 49140 MiB, 27677 MiB, 100 %
2026/03/27 11:37:49.273, 2, NVIDIA RTX 6000 Ada Generation, 49140 MiB, 22019 MiB, 100 %
2026/03/27 11:37:49.273, 3, NVIDIA RTX 6000 Ada Generation, 49140 MiB, 17248 MiB, 100 %
2026/03/27 11:37:49.273, 4, NVIDIA RTX 6000 Ada Generation, 49140 MiB, 17260 MiB, 98 %
2026/03/27 11:37:49.273, 5, NVIDIA RTX 6000 Ada Generation, 49140 MiB, 2 MiB, 0 %
2026/03/27 11:37:49.273, 6, NVIDIA RTX 6000 Ada Generation, 49140 MiB, 16254 MiB, 0 %
2026/03/27 11:37:49.273, 7, NVIDIA RTX 6000 Ada Generation, 49140 MiB, 21460 MiB, 100 %
2026/03/27 11:37:50.274, 0, NVIDIA RTX 6000 Ada Generation, 49140 MiB, 7560 MiB, 0 %
2026/03/27 11:37:50.274, 1, NVIDIA RTX 6000 Ada Generation, 49140 MiB, 27677 MiB, 100 %
2026/03/27 11:37:50.274, 2, NVIDIA RTX 6000 Ada Generation, 49140 MiB, 22031 MiB, 100 %
2026/03/27 11:37:50.274, 3, NVIDIA RTX 6000 Ada Generation, 49140 MiB, 17248 MiB, 100 %
2026/03/27 11:37:50.500, 4, NVIDIA RTX 6000 Ada Generation, 49140 MiB, 17260 MiB, 100 %
2026/03/27 11:37:50.501, 5, NVIDIA RTX 6000 Ada Generation, 49140 MiB, 2 MiB, 0 %
2026/03/27 11:37:50.501, 6, NVIDIA RTX 6000 Ada Generation, 49140 MiB, 16254 MiB, 0 %
2026/03/27 11:37:50.501, 7, NVIDIA RTX 6000 Ada Generation, 49140 MiB, 21460 MiB, 100 %
2026/03/27 11:37:51.501, 0, NVIDIA RTX 6000 Ada Generation, 49140 MiB, 7560 MiB, 0 %
2026/03/27 11:37:51.501, 1, NVIDIA RTX 6000 Ada Generation, 49140 MiB, 27677 MiB, 100 %
2026/03/27 11:37:51.501, 2, NVIDIA RTX 6000 Ada Generation, 49140 MiB, 22049 MiB, 100 %
2026/03/27 11:37:51.501, 3, NVIDIA RTX 6000 Ada Generation, 49140 MiB, 17248 MiB, 100 %
2026/03/27 11:37:51.501, 4, NVIDIA RTX 6000 Ada Generation, 49140 MiB, 17260 MiB, 100 %
2026/03/27 11:37:51.502, 5, NVIDIA RTX 6000 Ada Generation, 49140 MiB, 2 MiB, 0 %
2026/03/27 11:37:51.502, 6, NVIDIA RTX 6000 Ada Generation, 49140 MiB, 16254 MiB, 0 %
2026/03/27 11:37:51.502, 7, NVIDIA RTX 6000 Ada Generation, 49140 MiB, 21460 MiB, 100 %
2026/03/27 11:37:52.502, 0, NVIDIA RTX 6000 Ada Generation, 49140 MiB, 7560 MiB, 0 %
2026/03/27 11:37:52.567, 1, NVIDIA RTX 6000 Ada Generation, 49140 MiB, 27677 MiB, 100 %
2026/03/27 11:37:52.567, 2, NVIDIA RTX 6000 Ada Generation, 49140 MiB, 21991 MiB, 100 %
2026/03/27 11:37:52.567, 3, NVIDIA RTX 6000 Ada Generation, 49140 MiB, 17248 MiB, 100 %
2026/03/27 11:37:52.567, 4, NVIDIA RTX 6000 Ada Generation, 49140 MiB, 17260 MiB, 100 %
2026/03/27 11:37:52.567, 5, NVIDIA RTX 6000 Ada Generation, 49140 MiB, 2 MiB, 0 %
2026/03/27 11:37:52.568, 6, NVIDIA RTX 6000 Ada Generation, 49140 MiB, 16254 MiB, 0 %
2026/03/27 11:37:52.568, 7, NVIDIA RTX 6000 Ada Generation, 49140 MiB, 21460 MiB, 100 %
2026/03/27 11:37:53.568, 0, NVIDIA RTX 6000 Ada Generation, 49140 MiB, 7560 MiB, 0 %
2026/03/27 11:37:53.825, 1, NVIDIA RTX 6000 Ada Generation, 49140 MiB, 27677 MiB, 100 %
2026/03/27 11:37:54.020, 2, NVIDIA RTX 6000 Ada Generation, 49140 MiB, 21991 MiB, 100 %
2026/03/27 11:37:54.021, 3, NVIDIA RTX 6000 Ada Generation, 49140 MiB, 17248 MiB, 100 %
2026/03/27 11:37:54.022, 4, NVIDIA RTX 6000 Ada Generation, 49140 MiB, 17260 MiB, 100 %
2026/03/27 11:37:54.024, 5, NVIDIA RTX 6000 Ada Generation, 49140 MiB, 2 MiB, 0 %
2026/03/27 11:37:54.025, 6, NVIDIA RTX 6000 Ada Generation, 49140 MiB, 21074 MiB, 0 %
2026/03/27 11:37:54.027, 7, NVIDIA RTX 6000 Ada Generation, 49140 MiB, 21460 MiB, 100 %
2026/03/27 11:37:55.028, 0, NVIDIA RTX 6000 Ada Generation, 49140 MiB, 7560 MiB, 0 %
2026/03/27 11:37:55.028, 1, NVIDIA RTX 6000 Ada Generation, 49140 MiB, 27677 MiB, 100 %
2026/03/27 11:37:55.028, 2, NVIDIA RTX 6000 Ada Generation, 49140 MiB, 21991 MiB, 100 %
2026/03/27 11:37:55.028, 3, NVIDIA RTX 6000 Ada Generation, 49140 MiB, 17248 MiB, 100 %
2026/03/27 11:37:55.028, 4, NVIDIA RTX 6000 Ada Generation, 49140 MiB, 17260 MiB, 100 %
2026/03/27 11:37:55.028, 5, NVIDIA RTX 6000 Ada Generation, 49140 MiB, 2 MiB, 0 %
2026/03/27 11:37:55.028, 6, NVIDIA RTX 6000 Ada Generation, 49140 MiB, 42576 MiB, 8 %
2026/03/27 11:37:55.028, 7, NVIDIA RTX 6000 Ada Generation, 49140 MiB, 21460 MiB, 100 %
2026/03/27 11:37:56.029, 0, NVIDIA RTX 6000 Ada Generation, 49140 MiB, 7560 MiB, 0 %
2026/03/27 11:37:56.029, 1, NVIDIA RTX 6000 Ada Generation, 49140 MiB, 27677 MiB, 100 %
2026/03/27 11:37:56.029, 2, NVIDIA RTX 6000 Ada Generation, 49140 MiB, 21991 MiB, 100 %
2026/03/27 11:37:56.029, 3, NVIDIA RTX 6000 Ada Generation, 49140 MiB, 17248 MiB, 100 %
2026/03/27 11:37:56.035, 4, NVIDIA RTX 6000 Ada Generation, 49140 MiB, 17260 MiB, 100 %
2026/03/27 11:37:56.036, 5, NVIDIA RTX 6000 Ada Generation, 49140 MiB, 2 MiB, 0 %
2026/03/27 11:37:56.036, 6, NVIDIA RTX 6000 Ada Generation, 49140 MiB, 47800 MiB, 0 %
2026/03/27 11:37:56.036, 7, NVIDIA RTX 6000 Ada Generation, 49140 MiB, 21460 MiB, 100 %
2026/03/27 11:37:57.036, 0, NVIDIA RTX 6000 Ada Generation, 49140 MiB, 7560 MiB, 0 %
2026/03/27 11:37:57.036, 1, NVIDIA RTX 6000 Ada Generation, 49140 MiB, 27677 MiB, 100 %
2026/03/27 11:37:57.037, 2, NVIDIA RTX 6000 Ada Generation, 49140 MiB, 21991 MiB, 100 %
2026/03/27 11:37:57.037, 3, NVIDIA RTX 6000 Ada Generation, 49140 MiB, 17248 MiB, 100 %
2026/03/27 11:37:57.037, 4, NVIDIA RTX 6000 Ada Generation, 49140 MiB, 17260 MiB, 100 %
2026/03/27 11:37:57.037, 5, NVIDIA RTX 6000 Ada Generation, 49140 MiB, 2 MiB, 0 %
2026/03/27 11:37:57.037, 6, NVIDIA RTX 6000 Ada Generation, 49140 MiB, 2 MiB, 0 %
2026/03/27 11:37:57.037, 7, NVIDIA RTX 6000 Ada Generation, 49140 MiB, 21460 MiB, 100 %
2026/03/27 11:37:58.037, 0, NVIDIA RTX 6000 Ada Generation, 49140 MiB, 7746 MiB, 0 %
2026/03/27 11:37:58.114, 1, NVIDIA RTX 6000 Ada Generation, 49140 MiB, 27677 MiB, 100 %
2026/03/27 11:37:58.115, 2, NVIDIA RTX 6000 Ada Generation, 49140 MiB, 21991 MiB, 100 %
2026/03/27 11:37:58.115, 3, NVIDIA RTX 6000 Ada Generation, 49140 MiB, 17248 MiB, 100 %
2026/03/27 11:37:58.115, 4, NVIDIA RTX 6000 Ada Generation, 49140 MiB, 17260 MiB, 100 %
2026/03/27 11:37:58.115, 5, NVIDIA RTX 6000 Ada Generation, 49140 MiB, 2 MiB, 0 %
2026/03/27 11:37:58.115, 6, NVIDIA RTX 6000 Ada Generation, 49140 MiB, 2 MiB, 100 %
2026/03/27 11:37:58.115, 7, NVIDIA RTX 6000 Ada Generation, 49140 MiB, 21460 MiB, 100 %
2026/03/27 11:37:59.115, 0, NVIDIA RTX 6000 Ada Generation, 49140 MiB, 7808 MiB, 0 %
2026/03/27 11:37:59.203, 1, NVIDIA RTX 6000 Ada Generation, 49140 MiB, 27677 MiB, 100 %
2026/03/27 11:37:59.203, 2, NVIDIA RTX 6000 Ada Generation, 49140 MiB, 21991 MiB, 100 %
2026/03/27 11:37:59.203, 3, NVIDIA RTX 6000 Ada Generation, 49140 MiB, 17248 MiB, 98 %
2026/03/27 11:37:59.203, 4, NVIDIA RTX 6000 Ada Generation, 49140 MiB, 17260 MiB, 100 %
2026/03/27 11:37:59.515, 5, NVIDIA RTX 6000 Ada Generation, 49140 MiB, 2 MiB, 0 %
2026/03/27 11:37:59.516, 6, NVIDIA RTX 6000 Ada Generation, 49140 MiB, 2 MiB, 0 %
2026/03/27 11:37:59.519, 7, NVIDIA RTX 6000 Ada Generation, 49140 MiB, 21460 MiB, 100 %
2026/03/27 11:38:00.520, 0, NVIDIA RTX 6000 Ada Generation, 49140 MiB, 15890 MiB, 84 %
2026/03/27 11:38:00.521, 1, NVIDIA RTX 6000 Ada Generation, 49140 MiB, 27677 MiB, 100 %
2026/03/27 11:38:00.521, 2, NVIDIA RTX 6000 Ada Generation, 49140 MiB, 21991 MiB, 100 %
2026/03/27 11:38:00.521, 3, NVIDIA RTX 6000 Ada Generation, 49140 MiB, 17248 MiB, 100 %
2026/03/27 11:38:00.521, 4, NVIDIA RTX 6000 Ada Generation, 49140 MiB, 17260 MiB, 100 %
2026/03/27 11:38:00.521, 5, NVIDIA RTX 6000 Ada Generation, 49140 MiB, 2 MiB, 0 %
2026/03/27 11:38:00.521, 6, NVIDIA RTX 6000 Ada Generation, 49140 MiB, 16254 MiB, 0 %
2026/03/27 11:38:00.521, 7, NVIDIA RTX 6000 Ada Generation, 49140 MiB, 21460 MiB, 100 %
2026/03/27 11:38:01.521, 0, NVIDIA RTX 6000 Ada Generation, 49140 MiB, 15890 MiB, 84 %
2026/03/27 11:38:01.521, 1, NVIDIA RTX 6000 Ada Generation, 49140 MiB, 27677 MiB, 100 %
2026/03/27 11:38:01.522, 2, NVIDIA RTX 6000 Ada Generation, 49140 MiB, 21991 MiB, 100 %
2026/03/27 11:38:01.522, 3, NVIDIA RTX 6000 Ada Generation, 49140 MiB, 17248 MiB, 100 %
2026/03/27 11:38:01.745, 4, NVIDIA RTX 6000 Ada Generation, 49140 MiB, 17260 MiB, 100 %
2026/03/27 11:38:01.745, 5, NVIDIA RTX 6000 Ada Generation, 49140 MiB, 2 MiB, 0 %
2026/03/27 11:38:01.745, 6, NVIDIA RTX 6000 Ada Generation, 49140 MiB, 16254 MiB, 14 %
2026/03/27 11:38:01.745, 7, NVIDIA RTX 6000 Ada Generation, 49140 MiB, 21460 MiB, 100 %
2026/03/27 11:38:02.745, 0, NVIDIA RTX 6000 Ada Generation, 49140 MiB, 15890 MiB, 2 %
2026/03/27 11:38:02.746, 1, NVIDIA RTX 6000 Ada Generation, 49140 MiB, 27895 MiB, 100 %
2026/03/27 11:38:02.746, 2, NVIDIA RTX 6000 Ada Generation, 49140 MiB, 21991 MiB, 100 %
2026/03/27 11:38:02.746, 3, NVIDIA RTX 6000 Ada Generation, 49140 MiB, 17248 MiB, 100 %
2026/03/27 11:38:02.746, 4, NVIDIA RTX 6000 Ada Generation, 49140 MiB, 17260 MiB, 100 %
2026/03/27 11:38:02.746, 5, NVIDIA RTX 6000 Ada Generation, 49140 MiB, 2 MiB, 0 %
2026/03/27 11:38:02.746, 6, NVIDIA RTX 6000 Ada Generation, 49140 MiB, 16254 MiB, 14 %
2026/03/27 11:38:02.746, 7, NVIDIA RTX 6000 Ada Generation, 49140 MiB, 21460 MiB, 100 %
2026/03/27 11:38:03.746, 0, NVIDIA RTX 6000 Ada Generation, 49140 MiB, 15890 MiB, 0 %
2026/03/27 11:38:03.887, 1, NVIDIA RTX 6000 Ada Generation, 49140 MiB, 28963 MiB, 100 %
2026/03/27 11:38:03.888, 2, NVIDIA RTX 6000 Ada Generation, 49140 MiB, 21991 MiB, 100 %
2026/03/27 11:38:03.888, 3, NVIDIA RTX 6000 Ada Generation, 49140 MiB, 17248 MiB, 100 %
2026/03/27 11:38:03.888, 4, NVIDIA RTX 6000 Ada Generation, 49140 MiB, 17260 MiB, 100 %
2026/03/27 11:38:03.888, 5, NVIDIA RTX 6000 Ada Generation, 49140 MiB, 2 MiB, 0 %
2026/03/27 11:38:03.888, 6, NVIDIA RTX 6000 Ada Generation, 49140 MiB, 16254 MiB, 14 %
2026/03/27 11:38:03.888, 7, NVIDIA RTX 6000 Ada Generation, 49140 MiB, 21460 MiB, 100 %
2026/03/27 11:38:04.888, 0, NVIDIA RTX 6000 Ada Generation, 49140 MiB, 15890 MiB, 6 %
2026/03/27 11:38:04.888, 1, NVIDIA RTX 6000 Ada Generation, 49140 MiB, 28963 MiB, 100 %
2026/03/27 11:38:04.888, 2, NVIDIA RTX 6000 Ada Generation, 49140 MiB, 21991 MiB, 100 %
2026/03/27 11:38:04.888, 3, NVIDIA RTX 6000 Ada Generation, 49140 MiB, 17248 MiB, 100 %
2026/03/27 11:38:04.888, 4, NVIDIA RTX 6000 Ada Generation, 49140 MiB, 17260 MiB, 100 %
2026/03/27 11:38:04.888, 5, NVIDIA RTX 6000 Ada Generation, 49140 MiB, 2 MiB, 0 %
2026/03/27 11:38:04.984, 6, NVIDIA RTX 6000 Ada Generation, 49140 MiB, 16254 MiB, 14 %
2026/03/27 11:38:04.985, 7, NVIDIA RTX 6000 Ada Generation, 49140 MiB, 21460 MiB, 100 %
2026/03/27 11:38:05.985, 0, NVIDIA RTX 6000 Ada Generation, 49140 MiB, 15890 MiB, 6 %
2026/03/27 11:38:05.985, 1, NVIDIA RTX 6000 Ada Generation, 49140 MiB, 28963 MiB, 100 %
2026/03/27 11:38:05.985, 2, NVIDIA RTX 6000 Ada Generation, 49140 MiB, 21991 MiB, 100 %
2026/03/27 11:38:05.985, 3, NVIDIA RTX 6000 Ada Generation, 49140 MiB, 17248 MiB, 100 %
2026/03/27 11:38:05.985, 4, NVIDIA RTX 6000 Ada Generation, 49140 MiB, 17260 MiB, 100 %
2026/03/27 11:38:05.985, 5, NVIDIA RTX 6000 Ada Generation, 49140 MiB, 2 MiB, 0 %
2026/03/27 11:38:05.985, 6, NVIDIA RTX 6000 Ada Generation, 49140 MiB, 16254 MiB, 0 %
2026/03/27 11:38:05.985, 7, NVIDIA RTX 6000 Ada Generation, 49140 MiB, 21460 MiB, 100 %
2026/03/27 11:38:06.985, 0, NVIDIA RTX 6000 Ada Generation, 49140 MiB, 15890 MiB, 6 %
2026/03/27 11:38:06.986, 1, NVIDIA RTX 6000 Ada Generation, 49140 MiB, 28963 MiB, 100 %
2026/03/27 11:38:06.986, 2, NVIDIA RTX 6000 Ada Generation, 49140 MiB, 21991 MiB, 100 %
2026/03/27 11:38:07.187, 3, NVIDIA RTX 6000 Ada Generation, 49140 MiB, 17248 MiB, 100 %
2026/03/27 11:38:07.188, 4, NVIDIA RTX 6000 Ada Generation, 49140 MiB, 17260 MiB, 100 %
2026/03/27 11:38:07.188, 5, NVIDIA RTX 6000 Ada Generation, 49140 MiB, 2 MiB, 0 %
2026/03/27 11:38:07.188, 6, NVIDIA RTX 6000 Ada Generation, 49140 MiB, 16254 MiB, 0 %
2026/03/27 11:38:07.188, 7, NVIDIA RTX 6000 Ada Generation, 49140 MiB, 21460 MiB, 100 %
2026/03/27 11:38:08.188, 0, NVIDIA RTX 6000 Ada Generation, 49140 MiB, 15890 MiB, 6 %
2026/03/27 11:38:08.188, 1, NVIDIA RTX 6000 Ada Generation, 49140 MiB, 28963 MiB, 100 %
2026/03/27 11:38:08.188, 2, NVIDIA RTX 6000 Ada Generation, 49140 MiB, 21991 MiB, 100 %
2026/03/27 11:38:08.188, 3, NVIDIA RTX 6000 Ada Generation, 49140 MiB, 17248 MiB, 100 %
2026/03/27 11:38:08.188, 4, NVIDIA RTX 6000 Ada Generation, 49140 MiB, 17260 MiB, 99 %
2026/03/27 11:38:08.188, 5, NVIDIA RTX 6000 Ada Generation, 49140 MiB, 2 MiB, 0 %
2026/03/27 11:38:08.189, 6, NVIDIA RTX 6000 Ada Generation, 49140 MiB, 16254 MiB, 0 %
2026/03/27 11:38:08.189, 7, NVIDIA RTX 6000 Ada Generation, 49140 MiB, 21460 MiB, 100 %
2026/03/27 11:38:09.189, 0, NVIDIA RTX 6000 Ada Generation, 49140 MiB, 15890 MiB, 6 %
2026/03/27 11:38:09.189, 1, NVIDIA RTX 6000 Ada Generation, 49140 MiB, 28963 MiB, 98 %
2026/03/27 11:38:09.189, 2, NVIDIA RTX 6000 Ada Generation, 49140 MiB, 21991 MiB, 100 %
2026/03/27 11:38:09.189, 3, NVIDIA RTX 6000 Ada Generation, 49140 MiB, 17248 MiB, 100 %
2026/03/27 11:38:09.189, 4, NVIDIA RTX 6000 Ada Generation, 49140 MiB, 17260 MiB, 100 %
2026/03/27 11:38:09.189, 5, NVIDIA RTX 6000 Ada Generation, 49140 MiB, 2 MiB, 0 %
2026/03/27 11:38:09.189, 6, NVIDIA RTX 6000 Ada Generation, 49140 MiB, 16254 MiB, 0 %
2026/03/27 11:38:09.189, 7, NVIDIA RTX 6000 Ada Generation, 49140 MiB, 21460 MiB, 100 %
2026/03/27 11:38:10.189, 0, NVIDIA RTX 6000 Ada Generation, 49140 MiB, 15890 MiB, 6 %
2026/03/27 11:38:10.190, 1, NVIDIA RTX 6000 Ada Generation, 49140 MiB, 28963 MiB, 100 %
2026/03/27 11:38:10.190, 2, NVIDIA RTX 6000 Ada Generation, 49140 MiB, 21991 MiB, 100 %
2026/03/27 11:38:10.190, 3, NVIDIA RTX 6000 Ada Generation, 49140 MiB, 17248 MiB, 100 %
2026/03/27 11:38:10.214, 4, NVIDIA RTX 6000 Ada Generation, 49140 MiB, 17260 MiB, 100 %
2026/03/27 11:38:10.215, 5, NVIDIA RTX 6000 Ada Generation, 49140 MiB, 2 MiB, 0 %
2026/03/27 11:38:10.215, 6, NVIDIA RTX 6000 Ada Generation, 49140 MiB, 16254 MiB, 0 %
2026/03/27 11:38:10.215, 7, NVIDIA RTX 6000 Ada Generation, 49140 MiB, 21460 MiB, 100 %
2026/03/27 11:38:11.215, 0, NVIDIA RTX 6000 Ada Generation, 49140 MiB, 15890 MiB, 4 %
2026/03/27 11:38:11.215, 1, NVIDIA RTX 6000 Ada Generation, 49140 MiB, 28963 MiB, 100 %
2026/03/27 11:38:11.215, 2, NVIDIA RTX 6000 Ada Generation, 49140 MiB, 21991 MiB, 100 %
2026/03/27 11:38:11.215, 3, NVIDIA RTX 6000 Ada Generation, 49140 MiB, 17248 MiB, 100 %
2026/03/27 11:38:11.215, 4, NVIDIA RTX 6000 Ada Generation, 49140 MiB, 17260 MiB, 100 %
2026/03/27 11:38:11.215, 5, NVIDIA RTX 6000 Ada Generation, 49140 MiB, 2 MiB, 0 %
2026/03/27 11:38:11.215, 6, NVIDIA RTX 6000 Ada Generation, 49140 MiB, 16254 MiB, 0 %
2026/03/27 11:38:11.216, 7, NVIDIA RTX 6000 Ada Generation, 49140 MiB, 21460 MiB, 100 %
2026/03/27 11:38:12.216, 0, NVIDIA RTX 6000 Ada Generation, 49140 MiB, 15890 MiB, 6 %
2026/03/27 11:38:12.314, 1, NVIDIA RTX 6000 Ada Generation, 49140 MiB, 28963 MiB, 100 %
2026/03/27 11:38:12.314, 2, NVIDIA RTX 6000 Ada Generation, 49140 MiB, 21991 MiB, 100 %
2026/03/27 11:38:12.314, 3, NVIDIA RTX 6000 Ada Generation, 49140 MiB, 17248 MiB, 100 %
2026/03/27 11:38:12.314, 4, NVIDIA RTX 6000 Ada Generation, 49140 MiB, 17260 MiB, 100 %
2026/03/27 11:38:12.314, 5, NVIDIA RTX 6000 Ada Generation, 49140 MiB, 2 MiB, 0 %
2026/03/27 11:38:12.314, 6, NVIDIA RTX 6000 Ada Generation, 49140 MiB, 16254 MiB, 0 %
2026/03/27 11:38:12.315, 7, NVIDIA RTX 6000 Ada Generation, 49140 MiB, 21460 MiB, 100 %
2026/03/27 11:38:13.315, 0, NVIDIA RTX 6000 Ada Generation, 49140 MiB, 15890 MiB, 6 %
2026/03/27 11:38:13.315, 1, NVIDIA RTX 6000 Ada Generation, 49140 MiB, 28963 MiB, 100 %
2026/03/27 11:38:13.315, 2, NVIDIA RTX 6000 Ada Generation, 49140 MiB, 21991 MiB, 100 %
2026/03/27 11:38:13.315, 3, NVIDIA RTX 6000 Ada Generation, 49140 MiB, 17248 MiB, 100 %
2026/03/27 11:38:13.315, 4, NVIDIA RTX 6000 Ada Generation, 49140 MiB, 17260 MiB, 100 %
2026/03/27 11:38:13.315, 5, NVIDIA RTX 6000 Ada Generation, 49140 MiB, 2 MiB, 0 %
2026/03/27 11:38:13.436, 6, NVIDIA RTX 6000 Ada Generation, 49140 MiB, 16254 MiB, 0 %
2026/03/27 11:38:13.436, 7, NVIDIA RTX 6000 Ada Generation, 49140 MiB, 21460 MiB, 100 %
2026/03/27 11:38:14.436, 0, NVIDIA RTX 6000 Ada Generation, 49140 MiB, 15890 MiB, 0 %
2026/03/27 11:38:14.437, 1, NVIDIA RTX 6000 Ada Generation, 49140 MiB, 28963 MiB, 100 %
2026/03/27 11:38:14.437, 2, NVIDIA RTX 6000 Ada Generation, 49140 MiB, 21991 MiB, 100 %
2026/03/27 11:38:14.437, 3, NVIDIA RTX 6000 Ada Generation, 49140 MiB, 17248 MiB, 100 %
2026/03/27 11:38:14.437, 4, NVIDIA RTX 6000 Ada Generation, 49140 MiB, 17260 MiB, 100 %
2026/03/27 11:38:14.437, 5, NVIDIA RTX 6000 Ada Generation, 49140 MiB, 2 MiB, 0 %
2026/03/27 11:38:14.437, 6, NVIDIA RTX 6000 Ada Generation, 49140 MiB, 16254 MiB, 0 %
2026/03/27 11:38:14.437, 7, NVIDIA RTX 6000 Ada Generation, 49140 MiB, 21460 MiB, 100 %
2026/03/27 11:38:15.437, 0, NVIDIA RTX 6000 Ada Generation, 49140 MiB, 15890 MiB, 91 %
2026/03/27 11:38:15.437, 1, NVIDIA RTX 6000 Ada Generation, 49140 MiB, 28963 MiB, 100 %
2026/03/27 11:38:15.548, 2, NVIDIA RTX 6000 Ada Generation, 49140 MiB, 21991 MiB, 100 %
2026/03/27 11:38:15.549, 3, NVIDIA RTX 6000 Ada Generation, 49140 MiB, 17248 MiB, 100 %
2026/03/27 11:38:15.549, 4, NVIDIA RTX 6000 Ada Generation, 49140 MiB, 17260 MiB, 100 %
2026/03/27 11:38:15.549, 5, NVIDIA RTX 6000 Ada Generation, 49140 MiB, 2 MiB, 0 %
2026/03/27 11:38:15.549, 6, NVIDIA RTX 6000 Ada Generation, 49140 MiB, 16254 MiB, 0 %
2026/03/27 11:38:15.549, 7, NVIDIA RTX 6000 Ada Generation, 49140 MiB, 21460 MiB, 100 %
2026/03/27 11:38:16.549, 0, NVIDIA RTX 6000 Ada Generation, 49140 MiB, 15890 MiB, 90 %
2026/03/27 11:38:16.550, 1, NVIDIA RTX 6000 Ada Generation, 49140 MiB, 28963 MiB, 100 %
2026/03/27 11:38:16.550, 2, NVIDIA RTX 6000 Ada Generation, 49140 MiB, 21991 MiB, 100 %
2026/03/27 11:38:16.550, 3, NVIDIA RTX 6000 Ada Generation, 49140 MiB, 17248 MiB, 100 %
2026/03/27 11:38:16.550, 4, NVIDIA RTX 6000 Ada Generation, 49140 MiB, 17260 MiB, 100 %
2026/03/27 11:38:16.550, 5, NVIDIA RTX 6000 Ada Generation, 49140 MiB, 2 MiB, 0 %
2026/03/27 11:38:16.550, 6, NVIDIA RTX 6000 Ada Generation, 49140 MiB, 16254 MiB, 0 %
2026/03/27 11:38:16.550, 7, NVIDIA RTX 6000 Ada Generation, 49140 MiB, 21460 MiB, 100 %
2026/03/27 11:38:17.712, 0, NVIDIA RTX 6000 Ada Generation, 49140 MiB, 15890 MiB, 90 %
2026/03/27 11:38:17.712, 1, NVIDIA RTX 6000 Ada Generation, 49140 MiB, 28963 MiB, 99 %
2026/03/27 11:38:17.712, 2, NVIDIA RTX 6000 Ada Generation, 49140 MiB, 21991 MiB, 100 %
2026/03/27 11:38:17.712, 3, NVIDIA RTX 6000 Ada Generation, 49140 MiB, 17248 MiB, 100 %
2026/03/27 11:38:17.712, 4, NVIDIA RTX 6000 Ada Generation, 49140 MiB, 17260 MiB, 100 %
2026/03/27 11:38:17.712, 5, NVIDIA RTX 6000 Ada Generation, 49140 MiB, 2 MiB, 0 %
2026/03/27 11:38:17.712, 6, NVIDIA RTX 6000 Ada Generation, 49140 MiB, 16254 MiB, 0 %
2026/03/27 11:38:17.712, 7, NVIDIA RTX 6000 Ada Generation, 49140 MiB, 21460 MiB, 100 %
2026/03/27 11:38:18.713, 0, NVIDIA RTX 6000 Ada Generation, 49140 MiB, 15890 MiB, 0 %
2026/03/27 11:38:18.817, 1, NVIDIA RTX 6000 Ada Generation, 49140 MiB, 28963 MiB, 100 %
2026/03/27 11:38:18.818, 2, NVIDIA RTX 6000 Ada Generation, 49140 MiB, 21991 MiB, 100 %
2026/03/27 11:38:18.818, 3, NVIDIA RTX 6000 Ada Generation, 49140 MiB, 17248 MiB, 100 %
2026/03/27 11:38:18.818, 4, NVIDIA RTX 6000 Ada Generation, 49140 MiB, 17260 MiB, 99 %
2026/03/27 11:38:18.819, 5, NVIDIA RTX 6000 Ada Generation, 49140 MiB, 2 MiB, 0 %
2026/03/27 11:38:18.819, 6, NVIDIA RTX 6000 Ada Generation, 49140 MiB, 21074 MiB, 0 %
2026/03/27 11:38:18.819, 7, NVIDIA RTX 6000 Ada Generation, 49140 MiB, 21460 MiB, 100 %
2026/03/27 11:38:19.819, 0, NVIDIA RTX 6000 Ada Generation, 49140 MiB, 15890 MiB, 6 %
2026/03/27 11:38:19.819, 1, NVIDIA RTX 6000 Ada Generation, 49140 MiB, 28963 MiB, 100 %
2026/03/27 11:38:19.819, 2, NVIDIA RTX 6000 Ada Generation, 49140 MiB, 21991 MiB, 100 %
2026/03/27 11:38:19.819, 3, NVIDIA RTX 6000 Ada Generation, 49140 MiB, 17248 MiB, 100 %
2026/03/27 11:38:19.819, 4, NVIDIA RTX 6000 Ada Generation, 49140 MiB, 17260 MiB, 100 %
2026/03/27 11:38:19.819, 5, NVIDIA RTX 6000 Ada Generation, 49140 MiB, 2 MiB, 0 %
2026/03/27 11:38:19.819, 6, NVIDIA RTX 6000 Ada Generation, 49140 MiB, 32132 MiB, 0 %
2026/03/27 11:38:19.819, 7, NVIDIA RTX 6000 Ada Generation, 49140 MiB, 21460 MiB, 100 %
2026/03/27 11:38:20.820, 0, NVIDIA RTX 6000 Ada Generation, 49140 MiB, 15890 MiB, 6 %
2026/03/27 11:38:20.926, 1, NVIDIA RTX 6000 Ada Generation, 49140 MiB, 28963 MiB, 100 %
2026/03/27 11:38:20.927, 2, NVIDIA RTX 6000 Ada Generation, 49140 MiB, 21991 MiB, 100 %
2026/03/27 11:38:20.927, 3, NVIDIA RTX 6000 Ada Generation, 49140 MiB, 17248 MiB, 100 %
2026/03/27 11:38:20.927, 4, NVIDIA RTX 6000 Ada Generation, 49140 MiB, 17260 MiB, 100 %
2026/03/27 11:38:20.927, 5, NVIDIA RTX 6000 Ada Generation, 49140 MiB, 2 MiB, 0 %
2026/03/27 11:38:20.927, 6, NVIDIA RTX 6000 Ada Generation, 49140 MiB, 47800 MiB, 71 %
2026/03/27 11:38:20.928, 7, NVIDIA RTX 6000 Ada Generation, 49140 MiB, 21460 MiB, 100 %
2026/03/27 11:38:21.928, 0, NVIDIA RTX 6000 Ada Generation, 49140 MiB, 15890 MiB, 6 %
2026/03/27 11:38:22.023, 1, NVIDIA RTX 6000 Ada Generation, 49140 MiB, 28963 MiB, 100 %
2026/03/27 11:38:22.025, 2, NVIDIA RTX 6000 Ada Generation, 49140 MiB, 21991 MiB, 100 %
2026/03/27 11:38:22.181, 3, NVIDIA RTX 6000 Ada Generation, 49140 MiB, 17248 MiB, 100 %
2026/03/27 11:38:22.372, 4, NVIDIA RTX 6000 Ada Generation, 49140 MiB, 17260 MiB, 100 %
2026/03/27 11:38:22.376, 5, NVIDIA RTX 6000 Ada Generation, 49140 MiB, 2 MiB, 0 %
2026/03/27 11:38:22.378, 6, NVIDIA RTX 6000 Ada Generation, 49140 MiB, 47800 MiB, 0 %
2026/03/27 11:38:22.381, 7, NVIDIA RTX 6000 Ada Generation, 49140 MiB, 21460 MiB, 100 %
2026/03/27 11:38:23.394, 0, NVIDIA RTX 6000 Ada Generation, 49140 MiB, 15890 MiB, 4 %
2026/03/27 11:38:23.394, 1, NVIDIA RTX 6000 Ada Generation, 49140 MiB, 28963 MiB, 100 %
2026/03/27 11:38:23.394, 2, NVIDIA RTX 6000 Ada Generation, 49140 MiB, 21991 MiB, 100 %
2026/03/27 11:38:23.394, 3, NVIDIA RTX 6000 Ada Generation, 49140 MiB, 17248 MiB, 100 %
2026/03/27 11:38:23.394, 4, NVIDIA RTX 6000 Ada Generation, 49140 MiB, 17260 MiB, 100 %
2026/03/27 11:38:23.394, 5, NVIDIA RTX 6000 Ada Generation, 49140 MiB, 2 MiB, 0 %
2026/03/27 11:38:23.394, 6, NVIDIA RTX 6000 Ada Generation, 49140 MiB, 2 MiB, 100 %
2026/03/27 11:38:23.394, 7, NVIDIA RTX 6000 Ada Generation, 49140 MiB, 21460 MiB, 100 %
2026/03/27 11:38:24.395, 0, NVIDIA RTX 6000 Ada Generation, 49140 MiB, 15890 MiB, 0 %
2026/03/27 11:38:24.395, 1, NVIDIA RTX 6000 Ada Generation, 49140 MiB, 28963 MiB, 100 %
2026/03/27 11:38:24.395, 2, NVIDIA RTX 6000 Ada Generation, 49140 MiB, 21991 MiB, 100 %
2026/03/27 11:38:24.395, 3, NVIDIA RTX 6000 Ada Generation, 49140 MiB, 17248 MiB, 100 %
2026/03/27 11:38:24.471, 4, NVIDIA RTX 6000 Ada Generation, 49140 MiB, 17260 MiB, 100 %
2026/03/27 11:38:24.471, 5, NVIDIA RTX 6000 Ada Generation, 49140 MiB, 2 MiB, 0 %
2026/03/27 11:38:24.471, 6, NVIDIA RTX 6000 Ada Generation, 49140 MiB, 2 MiB, 0 %
2026/03/27 11:38:24.471, 7, NVIDIA RTX 6000 Ada Generation, 49140 MiB, 21460 MiB, 100 %
2026/03/27 11:38:25.472, 0, NVIDIA RTX 6000 Ada Generation, 49140 MiB, 15890 MiB, 0 %
2026/03/27 11:38:25.472, 1, NVIDIA RTX 6000 Ada Generation, 49140 MiB, 28963 MiB, 100 %
2026/03/27 11:38:25.472, 2, NVIDIA RTX 6000 Ada Generation, 49140 MiB, 21991 MiB, 100 %
2026/03/27 11:38:25.472, 3, NVIDIA RTX 6000 Ada Generation, 49140 MiB, 17248 MiB, 100 %
2026/03/27 11:38:25.472, 4, NVIDIA RTX 6000 Ada Generation, 49140 MiB, 17260 MiB, 100 %
2026/03/27 11:38:25.472, 5, NVIDIA RTX 6000 Ada Generation, 49140 MiB, 2 MiB, 0 %
2026/03/27 11:38:25.472, 6, NVIDIA RTX 6000 Ada Generation, 49140 MiB, 4 MiB, 0 %
2026/03/27 11:38:25.472, 7, NVIDIA RTX 6000 Ada Generation, 49140 MiB, 21460 MiB, 100 %
2026/03/27 11:38:26.472, 0, NVIDIA RTX 6000 Ada Generation, 49140 MiB, 15890 MiB, 89 %
2026/03/27 11:38:26.738, 1, NVIDIA RTX 6000 Ada Generation, 49140 MiB, 28963 MiB, 100 %
2026/03/27 11:38:26.739, 2, NVIDIA RTX 6000 Ada Generation, 49140 MiB, 21991 MiB, 100 %
2026/03/27 11:38:26.739, 3, NVIDIA RTX 6000 Ada Generation, 49140 MiB, 17248 MiB, 100 %
2026/03/27 11:38:26.739, 4, NVIDIA RTX 6000 Ada Generation, 49140 MiB, 17260 MiB, 100 %
2026/03/27 11:38:26.739, 5, NVIDIA RTX 6000 Ada Generation, 49140 MiB, 2 MiB, 0 %
2026/03/27 11:38:26.739, 6, NVIDIA RTX 6000 Ada Generation, 49140 MiB, 16254 MiB, 16 %
2026/03/27 11:38:26.739, 7, NVIDIA RTX 6000 Ada Generation, 49140 MiB, 21460 MiB, 100 %
2026/03/27 11:38:27.739, 0, NVIDIA RTX 6000 Ada Generation, 49140 MiB, 15890 MiB, 95 %
2026/03/27 11:38:27.739, 1, NVIDIA RTX 6000 Ada Generation, 49140 MiB, 28963 MiB, 100 %
2026/03/27 11:38:27.739, 2, NVIDIA RTX 6000 Ada Generation, 49140 MiB, 21991 MiB, 100 %
2026/03/27 11:38:27.740, 3, NVIDIA RTX 6000 Ada Generation, 49140 MiB, 17248 MiB, 100 %
2026/03/27 11:38:27.740, 4, NVIDIA RTX 6000 Ada Generation, 49140 MiB, 17260 MiB, 100 %
2026/03/27 11:38:27.740, 5, NVIDIA RTX 6000 Ada Generation, 49140 MiB, 2 MiB, 0 %
2026/03/27 11:38:27.822, 6, NVIDIA RTX 6000 Ada Generation, 49140 MiB, 16254 MiB, 14 %
2026/03/27 11:38:27.822, 7, NVIDIA RTX 6000 Ada Generation, 49140 MiB, 21460 MiB, 100 %
2026/03/27 11:38:28.823, 0, NVIDIA RTX 6000 Ada Generation, 49140 MiB, 15890 MiB, 0 %
2026/03/27 11:38:28.823, 1, NVIDIA RTX 6000 Ada Generation, 49140 MiB, 28983 MiB, 100 %
2026/03/27 11:38:28.823, 2, NVIDIA RTX 6000 Ada Generation, 49140 MiB, 21991 MiB, 100 %
2026/03/27 11:38:28.823, 3, NVIDIA RTX 6000 Ada Generation, 49140 MiB, 17248 MiB, 100 %
2026/03/27 11:38:28.823, 4, NVIDIA RTX 6000 Ada Generation, 49140 MiB, 17260 MiB, 100 %
2026/03/27 11:38:28.823, 5, NVIDIA RTX 6000 Ada Generation, 49140 MiB, 2 MiB, 0 %
2026/03/27 11:38:28.823, 6, NVIDIA RTX 6000 Ada Generation, 49140 MiB, 16254 MiB, 13 %
2026/03/27 11:38:28.823, 7, NVIDIA RTX 6000 Ada Generation, 49140 MiB, 21460 MiB, 100 %
2026/03/27 11:38:29.823, 0, NVIDIA RTX 6000 Ada Generation, 49140 MiB, 15890 MiB, 0 %
2026/03/27 11:38:29.824, 1, NVIDIA RTX 6000 Ada Generation, 49140 MiB, 28983 MiB, 100 %
2026/03/27 11:38:29.824, 2, NVIDIA RTX 6000 Ada Generation, 49140 MiB, 21991 MiB, 100 %
2026/03/27 11:38:30.039, 3, NVIDIA RTX 6000 Ada Generation, 49140 MiB, 17248 MiB, 100 %
2026/03/27 11:38:30.040, 4, NVIDIA RTX 6000 Ada Generation, 49140 MiB, 17260 MiB, 99 %
2026/03/27 11:38:30.040, 5, NVIDIA RTX 6000 Ada Generation, 49140 MiB, 2 MiB, 0 %
2026/03/27 11:38:30.040, 6, NVIDIA RTX 6000 Ada Generation, 49140 MiB, 16254 MiB, 14 %
2026/03/27 11:38:30.040, 7, NVIDIA RTX 6000 Ada Generation, 49140 MiB, 21460 MiB, 100 %
2026/03/27 11:38:31.041, 0, NVIDIA RTX 6000 Ada Generation, 49140 MiB, 15890 MiB, 6 %
2026/03/27 11:38:31.041, 1, NVIDIA RTX 6000 Ada Generation, 49140 MiB, 28983 MiB, 100 %
2026/03/27 11:38:31.041, 2, NVIDIA RTX 6000 Ada Generation, 49140 MiB, 21991 MiB, 100 %
2026/03/27 11:38:31.041, 3, NVIDIA RTX 6000 Ada Generation, 49140 MiB, 17248 MiB, 100 %
2026/03/27 11:38:31.041, 4, NVIDIA RTX 6000 Ada Generation, 49140 MiB, 17260 MiB, 100 %
2026/03/27 11:38:31.041, 5, NVIDIA RTX 6000 Ada Generation, 49140 MiB, 2 MiB, 0 %
2026/03/27 11:38:31.041, 6, NVIDIA RTX 6000 Ada Generation, 49140 MiB, 16254 MiB, 7 %
2026/03/27 11:38:31.041, 7, NVIDIA RTX 6000 Ada Generation, 49140 MiB, 21460 MiB, 100 %
2026/03/27 11:38:32.041, 0, NVIDIA RTX 6000 Ada Generation, 49140 MiB, 15890 MiB, 6 %
2026/03/27 11:38:32.042, 1, NVIDIA RTX 6000 Ada Generation, 49140 MiB, 28983 MiB, 100 %
2026/03/27 11:38:32.042, 2, NVIDIA RTX 6000 Ada Generation, 49140 MiB, 21991 MiB, 100 %
2026/03/27 11:38:32.042, 3, NVIDIA RTX 6000 Ada Generation, 49140 MiB, 17248 MiB, 98 %
2026/03/27 11:38:32.042, 4, NVIDIA RTX 6000 Ada Generation, 49140 MiB, 17260 MiB, 100 %
2026/03/27 11:38:32.042, 5, NVIDIA RTX 6000 Ada Generation, 49140 MiB, 2 MiB, 0 %
2026/03/27 11:38:32.042, 6, NVIDIA RTX 6000 Ada Generation, 49140 MiB, 16254 MiB, 0 %
2026/03/27 11:38:32.042, 7, NVIDIA RTX 6000 Ada Generation, 49140 MiB, 21460 MiB, 100 %
2026/03/27 11:38:33.042, 0, NVIDIA RTX 6000 Ada Generation, 49140 MiB, 15890 MiB, 6 %
2026/03/27 11:38:33.042, 1, NVIDIA RTX 6000 Ada Generation, 49140 MiB, 28983 MiB, 100 %
2026/03/27 11:38:33.043, 2, NVIDIA RTX 6000 Ada Generation, 49140 MiB, 21991 MiB, 100 %
2026/03/27 11:38:33.043, 3, NVIDIA RTX 6000 Ada Generation, 49140 MiB, 17248 MiB, 100 %
2026/03/27 11:38:33.093, 4, NVIDIA RTX 6000 Ada Generation, 49140 MiB, 17260 MiB, 100 %
2026/03/27 11:38:33.094, 5, NVIDIA RTX 6000 Ada Generation, 49140 MiB, 2 MiB, 0 %
2026/03/27 11:38:33.094, 6, NVIDIA RTX 6000 Ada Generation, 49140 MiB, 16254 MiB, 0 %
2026/03/27 11:38:33.094, 7, NVIDIA RTX 6000 Ada Generation, 49140 MiB, 21460 MiB, 100 %
2026/03/27 11:38:34.094, 0, NVIDIA RTX 6000 Ada Generation, 49140 MiB, 15890 MiB, 6 %
2026/03/27 11:38:34.094, 1, NVIDIA RTX 6000 Ada Generation, 49140 MiB, 28983 MiB, 100 %
2026/03/27 11:38:34.094, 2, NVIDIA RTX 6000 Ada Generation, 49140 MiB, 21991 MiB, 100 %
2026/03/27 11:38:34.094, 3, NVIDIA RTX 6000 Ada Generation, 49140 MiB, 17248 MiB, 100 %
2026/03/27 11:38:34.094, 4, NVIDIA RTX 6000 Ada Generation, 49140 MiB, 17260 MiB, 100 %
2026/03/27 11:38:34.094, 5, NVIDIA RTX 6000 Ada Generation, 49140 MiB, 2 MiB, 0 %
2026/03/27 11:38:34.095, 6, NVIDIA RTX 6000 Ada Generation, 49140 MiB, 16254 MiB, 0 %
2026/03/27 11:38:34.095, 7, NVIDIA RTX 6000 Ada Generation, 49140 MiB, 21460 MiB, 100 %
2026/03/27 11:38:35.095, 0, NVIDIA RTX 6000 Ada Generation, 49140 MiB, 15890 MiB, 3 %
2026/03/27 11:38:35.179, 1, NVIDIA RTX 6000 Ada Generation, 49140 MiB, 28983 MiB, 100 %
2026/03/27 11:38:35.180, 2, NVIDIA RTX 6000 Ada Generation, 49140 MiB, 21991 MiB, 100 %
2026/03/27 11:38:35.180, 3, NVIDIA RTX 6000 Ada Generation, 49140 MiB, 17248 MiB, 100 %
2026/03/27 11:38:35.180, 4, NVIDIA RTX 6000 Ada Generation, 49140 MiB, 17260 MiB, 100 %
2026/03/27 11:38:35.180, 5, NVIDIA RTX 6000 Ada Generation, 49140 MiB, 2 MiB, 0 %
2026/03/27 11:38:35.180, 6, NVIDIA RTX 6000 Ada Generation, 49140 MiB, 16254 MiB, 0 %
2026/03/27 11:38:35.181, 7, NVIDIA RTX 6000 Ada Generation, 49140 MiB, 21460 MiB, 100 %
2026/03/27 11:38:36.181, 0, NVIDIA RTX 6000 Ada Generation, 49140 MiB, 15890 MiB, 0 %
2026/03/27 11:38:36.181, 1, NVIDIA RTX 6000 Ada Generation, 49140 MiB, 28983 MiB, 100 %
2026/03/27 11:38:36.181, 2, NVIDIA RTX 6000 Ada Generation, 49140 MiB, 21991 MiB, 100 %
2026/03/27 11:38:36.181, 3, NVIDIA RTX 6000 Ada Generation, 49140 MiB, 17248 MiB, 100 %
2026/03/27 11:38:36.181, 4, NVIDIA RTX 6000 Ada Generation, 49140 MiB, 17260 MiB, 100 %
2026/03/27 11:38:36.181, 5, NVIDIA RTX 6000 Ada Generation, 49140 MiB, 2 MiB, 0 %
2026/03/27 11:38:36.288, 6, NVIDIA RTX 6000 Ada Generation, 49140 MiB, 16254 MiB, 0 %
2026/03/27 11:38:36.288, 7, NVIDIA RTX 6000 Ada Generation, 49140 MiB, 21460 MiB, 100 %
2026/03/27 11:38:37.288, 0, NVIDIA RTX 6000 Ada Generation, 49140 MiB, 15890 MiB, 91 %
2026/03/27 11:38:37.288, 1, NVIDIA RTX 6000 Ada Generation, 49140 MiB, 28983 MiB, 100 %
2026/03/27 11:38:37.288, 2, NVIDIA RTX 6000 Ada Generation, 49140 MiB, 21991 MiB, 100 %
2026/03/27 11:38:37.289, 3, NVIDIA RTX 6000 Ada Generation, 49140 MiB, 17248 MiB, 100 %
2026/03/27 11:38:37.289, 4, NVIDIA RTX 6000 Ada Generation, 49140 MiB, 17260 MiB, 100 %
2026/03/27 11:38:37.289, 5, NVIDIA RTX 6000 Ada Generation, 49140 MiB, 2 MiB, 0 %
2026/03/27 11:38:37.289, 6, NVIDIA RTX 6000 Ada Generation, 49140 MiB, 16254 MiB, 0 %
2026/03/27 11:38:37.289, 7, NVIDIA RTX 6000 Ada Generation, 49140 MiB, 21460 MiB, 100 %
2026/03/27 11:38:38.289, 0, NVIDIA RTX 6000 Ada Generation, 49140 MiB, 15890 MiB, 84 %
2026/03/27 11:38:38.289, 1, NVIDIA RTX 6000 Ada Generation, 49140 MiB, 28983 MiB, 100 %
2026/03/27 11:38:38.463, 2, NVIDIA RTX 6000 Ada Generation, 49140 MiB, 21991 MiB, 100 %
2026/03/27 11:38:38.464, 3, NVIDIA RTX 6000 Ada Generation, 49140 MiB, 17248 MiB, 100 %
2026/03/27 11:38:38.464, 4, NVIDIA RTX 6000 Ada Generation, 49140 MiB, 17260 MiB, 99 %
2026/03/27 11:38:38.464, 5, NVIDIA RTX 6000 Ada Generation, 49140 MiB, 2 MiB, 0 %
2026/03/27 11:38:38.464, 6, NVIDIA RTX 6000 Ada Generation, 49140 MiB, 16254 MiB, 0 %
2026/03/27 11:38:38.464, 7, NVIDIA RTX 6000 Ada Generation, 49140 MiB, 21460 MiB, 100 %
2026/03/27 11:38:39.464, 0, NVIDIA RTX 6000 Ada Generation, 49140 MiB, 15890 MiB, 10 %
2026/03/27 11:38:39.465, 1, NVIDIA RTX 6000 Ada Generation, 49140 MiB, 28983 MiB, 100 %
2026/03/27 11:38:39.465, 2, NVIDIA RTX 6000 Ada Generation, 49140 MiB, 21991 MiB, 100 %
2026/03/27 11:38:39.465, 3, NVIDIA RTX 6000 Ada Generation, 49140 MiB, 17248 MiB, 99 %
2026/03/27 11:38:39.465, 4, NVIDIA RTX 6000 Ada Generation, 49140 MiB, 17260 MiB, 100 %
2026/03/27 11:38:39.465, 5, NVIDIA RTX 6000 Ada Generation, 49140 MiB, 2 MiB, 0 %
2026/03/27 11:38:39.465, 6, NVIDIA RTX 6000 Ada Generation, 49140 MiB, 16254 MiB, 0 %
2026/03/27 11:38:39.465, 7, NVIDIA RTX 6000 Ada Generation, 49140 MiB, 21460 MiB, 100 %
2026/03/27 11:38:40.643, 0, NVIDIA RTX 6000 Ada Generation, 49140 MiB, 15890 MiB, 0 %
2026/03/27 11:38:40.643, 1, NVIDIA RTX 6000 Ada Generation, 49140 MiB, 28983 MiB, 100 %
2026/03/27 11:38:40.643, 2, NVIDIA RTX 6000 Ada Generation, 49140 MiB, 21991 MiB, 100 %
2026/03/27 11:38:40.643, 3, NVIDIA RTX 6000 Ada Generation, 49140 MiB, 17248 MiB, 100 %
2026/03/27 11:38:40.643, 4, NVIDIA RTX 6000 Ada Generation, 49140 MiB, 17260 MiB, 100 %
2026/03/27 11:38:40.643, 5, NVIDIA RTX 6000 Ada Generation, 49140 MiB, 2 MiB, 0 %
2026/03/27 11:38:40.643, 6, NVIDIA RTX 6000 Ada Generation, 49140 MiB, 16254 MiB, 0 %
2026/03/27 11:38:40.643, 7, NVIDIA RTX 6000 Ada Generation, 49140 MiB, 21460 MiB, 100 %
2026/03/27 11:38:41.643, 0, NVIDIA RTX 6000 Ada Generation, 49140 MiB, 15890 MiB, 6 %
2026/03/27 11:38:41.644, 1, NVIDIA RTX 6000 Ada Generation, 49140 MiB, 28983 MiB, 100 %
2026/03/27 11:38:41.644, 2, NVIDIA RTX 6000 Ada Generation, 49140 MiB, 21991 MiB, 100 %
2026/03/27 11:38:41.644, 3, NVIDIA RTX 6000 Ada Generation, 49140 MiB, 17248 MiB, 100 %
2026/03/27 11:38:41.771, 4, NVIDIA RTX 6000 Ada Generation, 49140 MiB, 17260 MiB, 100 %
2026/03/27 11:38:41.771, 5, NVIDIA RTX 6000 Ada Generation, 49140 MiB, 2 MiB, 0 %
2026/03/27 11:38:41.771, 6, NVIDIA RTX 6000 Ada Generation, 49140 MiB, 16254 MiB, 0 %
2026/03/27 11:38:41.772, 7, NVIDIA RTX 6000 Ada Generation, 49140 MiB, 21460 MiB, 100 %
2026/03/27 11:38:42.772, 0, NVIDIA RTX 6000 Ada Generation, 49140 MiB, 15890 MiB, 6 %
2026/03/27 11:38:42.772, 1, NVIDIA RTX 6000 Ada Generation, 49140 MiB, 28983 MiB, 100 %
2026/03/27 11:38:42.772, 2, NVIDIA RTX 6000 Ada Generation, 49140 MiB, 21991 MiB, 100 %
2026/03/27 11:38:42.772, 3, NVIDIA RTX 6000 Ada Generation, 49140 MiB, 17248 MiB, 100 %
2026/03/27 11:38:42.772, 4, NVIDIA RTX 6000 Ada Generation, 49140 MiB, 17260 MiB, 100 %
2026/03/27 11:38:42.772, 5, NVIDIA RTX 6000 Ada Generation, 49140 MiB, 2 MiB, 0 %
2026/03/27 11:38:42.772, 6, NVIDIA RTX 6000 Ada Generation, 49140 MiB, 16254 MiB, 0 %
2026/03/27 11:38:42.772, 7, NVIDIA RTX 6000 Ada Generation, 49140 MiB, 21460 MiB, 100 %
2026/03/27 11:38:43.772, 0, NVIDIA RTX 6000 Ada Generation, 49140 MiB, 15890 MiB, 6 %
2026/03/27 11:38:43.830, 1, NVIDIA RTX 6000 Ada Generation, 49140 MiB, 28983 MiB, 100 %
2026/03/27 11:38:43.830, 2, NVIDIA RTX 6000 Ada Generation, 49140 MiB, 21991 MiB, 100 %
2026/03/27 11:38:43.831, 3, NVIDIA RTX 6000 Ada Generation, 49140 MiB, 17248 MiB, 100 %
2026/03/27 11:38:43.831, 4, NVIDIA RTX 6000 Ada Generation, 49140 MiB, 17260 MiB, 100 %
2026/03/27 11:38:43.831, 5, NVIDIA RTX 6000 Ada Generation, 49140 MiB, 2 MiB, 0 %
2026/03/27 11:38:43.831, 6, NVIDIA RTX 6000 Ada Generation, 49140 MiB, 16254 MiB, 0 %
2026/03/27 11:38:43.831, 7, NVIDIA RTX 6000 Ada Generation, 49140 MiB, 21460 MiB, 100 %
2026/03/27 11:38:44.831, 0, NVIDIA RTX 6000 Ada Generation, 49140 MiB, 15890 MiB, 6 %
2026/03/27 11:38:44.831, 1, NVIDIA RTX 6000 Ada Generation, 49140 MiB, 28983 MiB, 100 %
2026/03/27 11:38:44.831, 2, NVIDIA RTX 6000 Ada Generation, 49140 MiB, 21991 MiB, 100 %
2026/03/27 11:38:44.831, 3, NVIDIA RTX 6000 Ada Generation, 49140 MiB, 17248 MiB, 100 %
2026/03/27 11:38:44.831, 4, NVIDIA RTX 6000 Ada Generation, 49140 MiB, 17260 MiB, 100 %
2026/03/27 11:38:44.831, 5, NVIDIA RTX 6000 Ada Generation, 49140 MiB, 2 MiB, 0 %
2026/03/27 11:38:44.969, 6, NVIDIA RTX 6000 Ada Generation, 49140 MiB, 21074 MiB, 45 %
2026/03/27 11:38:44.969, 7, NVIDIA RTX 6000 Ada Generation, 49140 MiB, 21460 MiB, 100 %
2026/03/27 11:38:45.970, 0, NVIDIA RTX 6000 Ada Generation, 49140 MiB, 15890 MiB, 6 %
2026/03/27 11:38:46.065, 1, NVIDIA RTX 6000 Ada Generation, 49140 MiB, 28983 MiB, 100 %
2026/03/27 11:38:46.065, 2, NVIDIA RTX 6000 Ada Generation, 49140 MiB, 21991 MiB, 100 %
2026/03/27 11:38:46.065, 3, NVIDIA RTX 6000 Ada Generation, 49140 MiB, 17248 MiB, 100 %
2026/03/27 11:38:46.065, 4, NVIDIA RTX 6000 Ada Generation, 49140 MiB, 17260 MiB, 100 %
2026/03/27 11:38:46.065, 5, NVIDIA RTX 6000 Ada Generation, 49140 MiB, 2 MiB, 0 %
2026/03/27 11:38:46.065, 6, NVIDIA RTX 6000 Ada Generation, 49140 MiB, 42560 MiB, 87 %
2026/03/27 11:38:46.065, 7, NVIDIA RTX 6000 Ada Generation, 49140 MiB, 21460 MiB, 100 %
2026/03/27 11:38:47.065, 0, NVIDIA RTX 6000 Ada Generation, 49140 MiB, 15890 MiB, 6 %
2026/03/27 11:38:47.066, 1, NVIDIA RTX 6000 Ada Generation, 49140 MiB, 28983 MiB, 100 %
2026/03/27 11:38:47.066, 2, NVIDIA RTX 6000 Ada Generation, 49140 MiB, 21991 MiB, 100 %
2026/03/27 11:38:47.222, 3, NVIDIA RTX 6000 Ada Generation, 49140 MiB, 17248 MiB, 100 %
2026/03/27 11:38:47.456, 4, NVIDIA RTX 6000 Ada Generation, 49140 MiB, 17260 MiB, 100 %
2026/03/27 11:38:47.458, 5, NVIDIA RTX 6000 Ada Generation, 49140 MiB, 2 MiB, 0 %
2026/03/27 11:38:47.678, 6, NVIDIA RTX 6000 Ada Generation, 49140 MiB, 47800 MiB, 0 %
2026/03/27 11:38:47.678, 7, NVIDIA RTX 6000 Ada Generation, 49140 MiB, 21460 MiB, 100 %
2026/03/27 11:38:48.838, 0, NVIDIA RTX 6000 Ada Generation, 49140 MiB, 15890 MiB, 6 %
2026/03/27 11:38:48.838, 1, NVIDIA RTX 6000 Ada Generation, 49140 MiB, 28983 MiB, 100 %
2026/03/27 11:38:48.838, 2, NVIDIA RTX 6000 Ada Generation, 49140 MiB, 21991 MiB, 100 %
2026/03/27 11:38:48.838, 3, NVIDIA RTX 6000 Ada Generation, 49140 MiB, 17248 MiB, 100 %
2026/03/27 11:38:48.838, 4, NVIDIA RTX 6000 Ada Generation, 49140 MiB, 17260 MiB, 100 %
2026/03/27 11:38:48.838, 5, NVIDIA RTX 6000 Ada Generation, 49140 MiB, 2 MiB, 0 %
2026/03/27 11:38:48.838, 6, NVIDIA RTX 6000 Ada Generation, 49140 MiB, 2 MiB, 0 %
2026/03/27 11:38:48.838, 7, NVIDIA RTX 6000 Ada Generation, 49140 MiB, 21460 MiB, 100 %
2026/03/27 11:38:49.838, 0, NVIDIA RTX 6000 Ada Generation, 49140 MiB, 15890 MiB, 6 %
2026/03/27 11:38:49.839, 1, NVIDIA RTX 6000 Ada Generation, 49140 MiB, 28983 MiB, 100 %
2026/03/27 11:38:49.839, 2, NVIDIA RTX 6000 Ada Generation, 49140 MiB, 21991 MiB, 100 %
2026/03/27 11:38:50.081, 3, NVIDIA RTX 6000 Ada Generation, 49140 MiB, 17248 MiB, 100 %
2026/03/27 11:38:50.082, 4, NVIDIA RTX 6000 Ada Generation, 49140 MiB, 17260 MiB, 100 %
2026/03/27 11:38:50.082, 5, NVIDIA RTX 6000 Ada Generation, 49140 MiB, 2 MiB, 0 %
2026/03/27 11:38:50.082, 6, NVIDIA RTX 6000 Ada Generation, 49140 MiB, 2 MiB, 0 %
2026/03/27 11:38:50.082, 7, NVIDIA RTX 6000 Ada Generation, 49140 MiB, 21460 MiB, 100 %
2026/03/27 11:38:51.082, 0, NVIDIA RTX 6000 Ada Generation, 49140 MiB, 15890 MiB, 6 %
2026/03/27 11:38:51.082, 1, NVIDIA RTX 6000 Ada Generation, 49140 MiB, 28983 MiB, 100 %
2026/03/27 11:38:51.082, 2, NVIDIA RTX 6000 Ada Generation, 49140 MiB, 21991 MiB, 100 %
2026/03/27 11:38:51.082, 3, NVIDIA RTX 6000 Ada Generation, 49140 MiB, 17248 MiB, 100 %
2026/03/27 11:38:51.082, 4, NVIDIA RTX 6000 Ada Generation, 49140 MiB, 17260 MiB, 100 %
2026/03/27 11:38:51.082, 5, NVIDIA RTX 6000 Ada Generation, 49140 MiB, 2 MiB, 0 %
2026/03/27 11:38:51.082, 6, NVIDIA RTX 6000 Ada Generation, 49140 MiB, 2 MiB, 0 %
2026/03/27 11:38:51.082, 7, NVIDIA RTX 6000 Ada Generation, 49140 MiB, 21460 MiB, 100 %
2026/03/27 11:38:52.082, 0, NVIDIA RTX 6000 Ada Generation, 49140 MiB, 15890 MiB, 0 %
2026/03/27 11:38:52.083, 1, NVIDIA RTX 6000 Ada Generation, 49140 MiB, 28983 MiB, 100 %
2026/03/27 11:38:52.083, 2, NVIDIA RTX 6000 Ada Generation, 49140 MiB, 21991 MiB, 100 %
2026/03/27 11:38:52.085, 3, NVIDIA RTX 6000 Ada Generation, 49140 MiB, 17248 MiB, 100 %
2026/03/27 11:38:52.086, 4, NVIDIA RTX 6000 Ada Generation, 49140 MiB, 17260 MiB, 100 %
2026/03/27 11:38:52.086, 5, NVIDIA RTX 6000 Ada Generation, 49140 MiB, 2 MiB, 0 %
2026/03/27 11:38:52.086, 6, NVIDIA RTX 6000 Ada Generation, 49140 MiB, 2 MiB, 0 %
2026/03/27 11:38:52.086, 7, NVIDIA RTX 6000 Ada Generation, 49140 MiB, 21460 MiB, 100 %
2026/03/27 11:38:53.086, 0, NVIDIA RTX 6000 Ada Generation, 49140 MiB, 15890 MiB, 0 %
2026/03/27 11:38:53.357, 1, NVIDIA RTX 6000 Ada Generation, 49140 MiB, 28983 MiB, 100 %
2026/03/27 11:38:53.358, 2, NVIDIA RTX 6000 Ada Generation, 49140 MiB, 21991 MiB, 100 %
2026/03/27 11:38:53.359, 3, NVIDIA RTX 6000 Ada Generation, 49140 MiB, 17248 MiB, 100 %
2026/03/27 11:38:53.359, 4, NVIDIA RTX 6000 Ada Generation, 49140 MiB, 17260 MiB, 100 %
2026/03/27 11:38:53.521, 5, NVIDIA RTX 6000 Ada Generation, 49140 MiB, 2 MiB, 0 %
2026/03/27 11:38:53.521, 6, NVIDIA RTX 6000 Ada Generation, 49140 MiB, 4 MiB, 0 %
2026/03/27 11:38:53.521, 7, NVIDIA RTX 6000 Ada Generation, 49140 MiB, 21460 MiB, 100 %
2026/03/27 11:38:54.522, 0, NVIDIA RTX 6000 Ada Generation, 49140 MiB, 15890 MiB, 0 %
2026/03/27 11:38:54.522, 1, NVIDIA RTX 6000 Ada Generation, 49140 MiB, 28983 MiB, 100 %
2026/03/27 11:38:54.522, 2, NVIDIA RTX 6000 Ada Generation, 49140 MiB, 21991 MiB, 100 %
2026/03/27 11:38:54.522, 3, NVIDIA RTX 6000 Ada Generation, 49140 MiB, 17248 MiB, 100 %
2026/03/27 11:38:54.522, 4, NVIDIA RTX 6000 Ada Generation, 49140 MiB, 17260 MiB, 100 %
2026/03/27 11:38:54.522, 5, NVIDIA RTX 6000 Ada Generation, 49140 MiB, 2 MiB, 0 %
2026/03/27 11:38:54.522, 6, NVIDIA RTX 6000 Ada Generation, 49140 MiB, 16254 MiB, 0 %
2026/03/27 11:38:54.522, 7, NVIDIA RTX 6000 Ada Generation, 49140 MiB, 21460 MiB, 100 %
2026/03/27 11:38:55.522, 0, NVIDIA RTX 6000 Ada Generation, 49140 MiB, 15890 MiB, 95 %
2026/03/27 11:38:55.523, 1, NVIDIA RTX 6000 Ada Generation, 49140 MiB, 28983 MiB, 95 %
2026/03/27 11:38:55.716, 2, NVIDIA RTX 6000 Ada Generation, 49140 MiB, 21991 MiB, 100 %
2026/03/27 11:38:55.716, 3, NVIDIA RTX 6000 Ada Generation, 49140 MiB, 17248 MiB, 100 %
2026/03/27 11:38:55.716, 4, NVIDIA RTX 6000 Ada Generation, 49140 MiB, 17260 MiB, 100 %
2026/03/27 11:38:55.716, 5, NVIDIA RTX 6000 Ada Generation, 49140 MiB, 2 MiB, 0 %
2026/03/27 11:38:55.716, 6, NVIDIA RTX 6000 Ada Generation, 49140 MiB, 16254 MiB, 15 %
2026/03/27 11:38:55.717, 7, NVIDIA RTX 6000 Ada Generation, 49140 MiB, 21460 MiB, 100 %
2026/03/27 11:38:56.717, 0, NVIDIA RTX 6000 Ada Generation, 49140 MiB, 15890 MiB, 95 %
2026/03/27 11:38:56.717, 1, NVIDIA RTX 6000 Ada Generation, 49140 MiB, 28983 MiB, 100 %
2026/03/27 11:38:56.717, 2, NVIDIA RTX 6000 Ada Generation, 49140 MiB, 21991 MiB, 100 %
2026/03/27 11:38:56.717, 3, NVIDIA RTX 6000 Ada Generation, 49140 MiB, 17248 MiB, 100 %
2026/03/27 11:38:56.717, 4, NVIDIA RTX 6000 Ada Generation, 49140 MiB, 17260 MiB, 100 %
2026/03/27 11:38:56.717, 5, NVIDIA RTX 6000 Ada Generation, 49140 MiB, 2 MiB, 0 %
2026/03/27 11:38:56.717, 6, NVIDIA RTX 6000 Ada Generation, 49140 MiB, 16254 MiB, 14 %
2026/03/27 11:38:56.738, 7, NVIDIA RTX 6000 Ada Generation, 49140 MiB, 21460 MiB, 100 %
2026/03/27 11:38:57.739, 0, NVIDIA RTX 6000 Ada Generation, 49140 MiB, 15890 MiB, 0 %
2026/03/27 11:38:57.739, 1, NVIDIA RTX 6000 Ada Generation, 49140 MiB, 28983 MiB, 100 %
2026/03/27 11:38:57.739, 2, NVIDIA RTX 6000 Ada Generation, 49140 MiB, 21991 MiB, 100 %
2026/03/27 11:38:57.739, 3, NVIDIA RTX 6000 Ada Generation, 49140 MiB, 17248 MiB, 100 %
2026/03/27 11:38:57.739, 4, NVIDIA RTX 6000 Ada Generation, 49140 MiB, 17260 MiB, 100 %
2026/03/27 11:38:57.739, 5, NVIDIA RTX 6000 Ada Generation, 49140 MiB, 2 MiB, 0 %
2026/03/27 11:38:57.739, 6, NVIDIA RTX 6000 Ada Generation, 49140 MiB, 16254 MiB, 13 %
2026/03/27 11:38:57.739, 7, NVIDIA RTX 6000 Ada Generation, 49140 MiB, 21460 MiB, 100 %
2026/03/27 11:38:58.740, 0, NVIDIA RTX 6000 Ada Generation, 49140 MiB, 15890 MiB, 6 %
2026/03/27 11:38:58.740, 1, NVIDIA RTX 6000 Ada Generation, 49140 MiB, 28983 MiB, 100 %
2026/03/27 11:38:58.740, 2, NVIDIA RTX 6000 Ada Generation, 49140 MiB, 21991 MiB, 100 %
2026/03/27 11:38:58.842, 3, NVIDIA RTX 6000 Ada Generation, 49140 MiB, 17248 MiB, 99 %
2026/03/27 11:38:58.843, 4, NVIDIA RTX 6000 Ada Generation, 49140 MiB, 17260 MiB, 100 %
2026/03/27 11:38:58.843, 5, NVIDIA RTX 6000 Ada Generation, 49140 MiB, 2 MiB, 0 %
2026/03/27 11:38:58.843, 6, NVIDIA RTX 6000 Ada Generation, 49140 MiB, 16254 MiB, 14 %
2026/03/27 11:38:58.843, 7, NVIDIA RTX 6000 Ada Generation, 49140 MiB, 21460 MiB, 100 %
2026/03/27 11:38:59.843, 0, NVIDIA RTX 6000 Ada Generation, 49140 MiB, 15890 MiB, 6 %
2026/03/27 11:38:59.843, 1, NVIDIA RTX 6000 Ada Generation, 49140 MiB, 28983 MiB, 100 %
2026/03/27 11:38:59.843, 2, NVIDIA RTX 6000 Ada Generation, 49140 MiB, 21991 MiB, 100 %
2026/03/27 11:38:59.843, 3, NVIDIA RTX 6000 Ada Generation, 49140 MiB, 17248 MiB, 100 %
2026/03/27 11:38:59.844, 4, NVIDIA RTX 6000 Ada Generation, 49140 MiB, 17260 MiB, 100 %
2026/03/27 11:38:59.844, 5, NVIDIA RTX 6000 Ada Generation, 49140 MiB, 2 MiB, 0 %
2026/03/27 11:38:59.844, 6, NVIDIA RTX 6000 Ada Generation, 49140 MiB, 16254 MiB, 0 %
2026/03/27 11:38:59.844, 7, NVIDIA RTX 6000 Ada Generation, 49140 MiB, 21460 MiB, 100 %
2026/03/27 11:39:00.844, 0, NVIDIA RTX 6000 Ada Generation, 49140 MiB, 15890 MiB, 6 %
2026/03/27 11:39:00.844, 1, NVIDIA RTX 6000 Ada Generation, 49140 MiB, 28983 MiB, 100 %
2026/03/27 11:39:00.844, 2, NVIDIA RTX 6000 Ada Generation, 49140 MiB, 21991 MiB, 100 %
2026/03/27 11:39:00.844, 3, NVIDIA RTX 6000 Ada Generation, 49140 MiB, 17248 MiB, 100 %
2026/03/27 11:39:00.844, 4, NVIDIA RTX 6000 Ada Generation, 49140 MiB, 17260 MiB, 100 %
2026/03/27 11:39:00.844, 5, NVIDIA RTX 6000 Ada Generation, 49140 MiB, 2 MiB, 0 %
2026/03/27 11:39:00.844, 6, NVIDIA RTX 6000 Ada Generation, 49140 MiB, 16254 MiB, 0 %
2026/03/27 11:39:00.845, 7, NVIDIA RTX 6000 Ada Generation, 49140 MiB, 21460 MiB, 100 %
2026/03/27 11:39:01.845, 0, NVIDIA RTX 6000 Ada Generation, 49140 MiB, 15890 MiB, 6 %
2026/03/27 11:39:01.845, 1, NVIDIA RTX 6000 Ada Generation, 49140 MiB, 28983 MiB, 100 %
2026/03/27 11:39:01.845, 2, NVIDIA RTX 6000 Ada Generation, 49140 MiB, 21991 MiB, 100 %
2026/03/27 11:39:01.845, 3, NVIDIA RTX 6000 Ada Generation, 49140 MiB, 17248 MiB, 100 %
2026/03/27 11:39:01.931, 4, NVIDIA RTX 6000 Ada Generation, 49140 MiB, 17260 MiB, 100 %
2026/03/27 11:39:01.931, 5, NVIDIA RTX 6000 Ada Generation, 49140 MiB, 2 MiB, 0 %
2026/03/27 11:39:01.931, 6, NVIDIA RTX 6000 Ada Generation, 49140 MiB, 16254 MiB, 0 %
2026/03/27 11:39:01.931, 7, NVIDIA RTX 6000 Ada Generation, 49140 MiB, 21460 MiB, 100 %
2026/03/27 11:39:02.931, 0, NVIDIA RTX 6000 Ada Generation, 49140 MiB, 15890 MiB, 6 %
2026/03/27 11:39:02.932, 1, NVIDIA RTX 6000 Ada Generation, 49140 MiB, 28983 MiB, 100 %
2026/03/27 11:39:02.932, 2, NVIDIA RTX 6000 Ada Generation, 49140 MiB, 21991 MiB, 100 %
2026/03/27 11:39:02.932, 3, NVIDIA RTX 6000 Ada Generation, 49140 MiB, 17248 MiB, 99 %
2026/03/27 11:39:02.932, 4, NVIDIA RTX 6000 Ada Generation, 49140 MiB, 17260 MiB, 100 %
2026/03/27 11:39:02.932, 5, NVIDIA RTX 6000 Ada Generation, 49140 MiB, 2 MiB, 0 %
2026/03/27 11:39:02.932, 6, NVIDIA RTX 6000 Ada Generation, 49140 MiB, 16254 MiB, 0 %
2026/03/27 11:39:02.932, 7, NVIDIA RTX 6000 Ada Generation, 49140 MiB, 21460 MiB, 100 %
2026/03/27 11:39:03.932, 0, NVIDIA RTX 6000 Ada Generation, 49140 MiB, 15890 MiB, 6 %
2026/03/27 11:39:04.011, 1, NVIDIA RTX 6000 Ada Generation, 49140 MiB, 28983 MiB, 100 %
2026/03/27 11:39:04.011, 2, NVIDIA RTX 6000 Ada Generation, 49140 MiB, 21991 MiB, 100 %
2026/03/27 11:39:04.011, 3, NVIDIA RTX 6000 Ada Generation, 49140 MiB, 17248 MiB, 100 %
2026/03/27 11:39:04.011, 4, NVIDIA RTX 6000 Ada Generation, 49140 MiB, 17260 MiB, 100 %
2026/03/27 11:39:04.011, 5, NVIDIA RTX 6000 Ada Generation, 49140 MiB, 2 MiB, 0 %
2026/03/27 11:39:04.011, 6, NVIDIA RTX 6000 Ada Generation, 49140 MiB, 16254 MiB, 0 %
2026/03/27 11:39:04.011, 7, NVIDIA RTX 6000 Ada Generation, 49140 MiB, 21460 MiB, 100 %
2026/03/27 11:39:05.012, 0, NVIDIA RTX 6000 Ada Generation, 49140 MiB, 15890 MiB, 6 %
2026/03/27 11:39:05.012, 1, NVIDIA RTX 6000 Ada Generation, 49140 MiB, 28983 MiB, 100 %
2026/03/27 11:39:05.012, 2, NVIDIA RTX 6000 Ada Generation, 49140 MiB, 21991 MiB, 100 %
2026/03/27 11:39:05.012, 3, NVIDIA RTX 6000 Ada Generation, 49140 MiB, 17248 MiB, 100 %
2026/03/27 11:39:05.012, 4, NVIDIA RTX 6000 Ada Generation, 49140 MiB, 17260 MiB, 100 %
2026/03/27 11:39:05.012, 5, NVIDIA RTX 6000 Ada Generation, 49140 MiB, 2 MiB, 0 %
2026/03/27 11:39:05.166, 6, NVIDIA RTX 6000 Ada Generation, 49140 MiB, 16254 MiB, 0 %
2026/03/27 11:39:05.166, 7, NVIDIA RTX 6000 Ada Generation, 49140 MiB, 21460 MiB, 100 %
2026/03/27 11:39:06.166, 0, NVIDIA RTX 6000 Ada Generation, 49140 MiB, 15890 MiB, 6 %
2026/03/27 11:39:06.167, 1, NVIDIA RTX 6000 Ada Generation, 49140 MiB, 28983 MiB, 100 %
2026/03/27 11:39:06.167, 2, NVIDIA RTX 6000 Ada Generation, 49140 MiB, 21991 MiB, 100 %
2026/03/27 11:39:06.167, 3, NVIDIA RTX 6000 Ada Generation, 49140 MiB, 17248 MiB, 100 %
2026/03/27 11:39:06.167, 4, NVIDIA RTX 6000 Ada Generation, 49140 MiB, 17260 MiB, 100 %
2026/03/27 11:39:06.167, 5, NVIDIA RTX 6000 Ada Generation, 49140 MiB, 2 MiB, 0 %
2026/03/27 11:39:06.167, 6, NVIDIA RTX 6000 Ada Generation, 49140 MiB, 16254 MiB, 0 %
2026/03/27 11:39:06.167, 7, NVIDIA RTX 6000 Ada Generation, 49140 MiB, 21460 MiB, 100 %
2026/03/27 11:39:07.167, 0, NVIDIA RTX 6000 Ada Generation, 49140 MiB, 15890 MiB, 0 %
2026/03/27 11:39:07.167, 1, NVIDIA RTX 6000 Ada Generation, 49140 MiB, 28983 MiB, 100 %
2026/03/27 11:39:07.167, 2, NVIDIA RTX 6000 Ada Generation, 49140 MiB, 21991 MiB, 100 %
2026/03/27 11:39:07.381, 3, NVIDIA RTX 6000 Ada Generation, 49140 MiB, 17248 MiB, 100 %
2026/03/27 11:39:07.381, 4, NVIDIA RTX 6000 Ada Generation, 49140 MiB, 17260 MiB, 100 %
2026/03/27 11:39:07.381, 5, NVIDIA RTX 6000 Ada Generation, 49140 MiB, 2 MiB, 0 %
2026/03/27 11:39:07.381, 6, NVIDIA RTX 6000 Ada Generation, 49140 MiB, 16254 MiB, 0 %
2026/03/27 11:39:07.381, 7, NVIDIA RTX 6000 Ada Generation, 49140 MiB, 21460 MiB, 100 %
2026/03/27 11:39:08.382, 0, NVIDIA RTX 6000 Ada Generation, 49140 MiB, 15890 MiB, 58 %
2026/03/27 11:39:08.382, 1, NVIDIA RTX 6000 Ada Generation, 49140 MiB, 28983 MiB, 100 %
2026/03/27 11:39:08.382, 2, NVIDIA RTX 6000 Ada Generation, 49140 MiB, 21991 MiB, 100 %
2026/03/27 11:39:08.382, 3, NVIDIA RTX 6000 Ada Generation, 49140 MiB, 17248 MiB, 100 %
2026/03/27 11:39:08.382, 4, NVIDIA RTX 6000 Ada Generation, 49140 MiB, 17260 MiB, 100 %
2026/03/27 11:39:08.382, 5, NVIDIA RTX 6000 Ada Generation, 49140 MiB, 2 MiB, 0 %
2026/03/27 11:39:08.382, 6, NVIDIA RTX 6000 Ada Generation, 49140 MiB, 16254 MiB, 0 %
2026/03/27 11:39:08.382, 7, NVIDIA RTX 6000 Ada Generation, 49140 MiB, 21460 MiB, 100 %
2026/03/27 11:39:09.382, 0, NVIDIA RTX 6000 Ada Generation, 49140 MiB, 15890 MiB, 95 %
2026/03/27 11:39:09.384, 1, NVIDIA RTX 6000 Ada Generation, 49140 MiB, 28983 MiB, 100 %
2026/03/27 11:39:09.384, 2, NVIDIA RTX 6000 Ada Generation, 49140 MiB, 21991 MiB, 100 %
2026/03/27 11:39:09.384, 3, NVIDIA RTX 6000 Ada Generation, 49140 MiB, 17248 MiB, 100 %
2026/03/27 11:39:09.384, 4, NVIDIA RTX 6000 Ada Generation, 49140 MiB, 17260 MiB, 100 %
2026/03/27 11:39:09.384, 5, NVIDIA RTX 6000 Ada Generation, 49140 MiB, 2 MiB, 0 %
2026/03/27 11:39:09.384, 6, NVIDIA RTX 6000 Ada Generation, 49140 MiB, 16254 MiB, 0 %
2026/03/27 11:39:09.384, 7, NVIDIA RTX 6000 Ada Generation, 49140 MiB, 21460 MiB, 100 %
2026/03/27 11:39:10.384, 0, NVIDIA RTX 6000 Ada Generation, 49140 MiB, 15890 MiB, 90 %
2026/03/27 11:39:10.385, 1, NVIDIA RTX 6000 Ada Generation, 49140 MiB, 28983 MiB, 100 %
2026/03/27 11:39:10.385, 2, NVIDIA RTX 6000 Ada Generation, 49140 MiB, 21991 MiB, 100 %
2026/03/27 11:39:10.407, 3, NVIDIA RTX 6000 Ada Generation, 49140 MiB, 17248 MiB, 100 %
2026/03/27 11:39:10.408, 4, NVIDIA RTX 6000 Ada Generation, 49140 MiB, 17260 MiB, 100 %
2026/03/27 11:39:10.408, 5, NVIDIA RTX 6000 Ada Generation, 49140 MiB, 2 MiB, 0 %
2026/03/27 11:39:10.408, 6, NVIDIA RTX 6000 Ada Generation, 49140 MiB, 16254 MiB, 0 %
2026/03/27 11:39:10.408, 7, NVIDIA RTX 6000 Ada Generation, 49140 MiB, 21460 MiB, 100 %
2026/03/27 11:39:11.408, 0, NVIDIA RTX 6000 Ada Generation, 49140 MiB, 15890 MiB, 0 %
2026/03/27 11:39:11.408, 1, NVIDIA RTX 6000 Ada Generation, 49140 MiB, 28983 MiB, 100 %
2026/03/27 11:39:11.409, 2, NVIDIA RTX 6000 Ada Generation, 49140 MiB, 21991 MiB, 100 %
2026/03/27 11:39:11.409, 3, NVIDIA RTX 6000 Ada Generation, 49140 MiB, 17248 MiB, 100 %
2026/03/27 11:39:11.409, 4, NVIDIA RTX 6000 Ada Generation, 49140 MiB, 17260 MiB, 100 %
2026/03/27 11:39:11.409, 5, NVIDIA RTX 6000 Ada Generation, 49140 MiB, 2 MiB, 0 %
2026/03/27 11:39:11.409, 6, NVIDIA RTX 6000 Ada Generation, 49140 MiB, 16254 MiB, 0 %
2026/03/27 11:39:11.409, 7, NVIDIA RTX 6000 Ada Generation, 49140 MiB, 21460 MiB, 100 %
2026/03/27 11:39:12.409, 0, NVIDIA RTX 6000 Ada Generation, 49140 MiB, 15890 MiB, 0 %
2026/03/27 11:39:12.410, 1, NVIDIA RTX 6000 Ada Generation, 49140 MiB, 28983 MiB, 100 %
2026/03/27 11:39:12.410, 2, NVIDIA RTX 6000 Ada Generation, 49140 MiB, 21991 MiB, 100 %
2026/03/27 11:39:12.410, 3, NVIDIA RTX 6000 Ada Generation, 49140 MiB, 17248 MiB, 100 %
2026/03/27 11:39:12.410, 4, NVIDIA RTX 6000 Ada Generation, 49140 MiB, 17260 MiB, 100 %
2026/03/27 11:39:12.411, 5, NVIDIA RTX 6000 Ada Generation, 49140 MiB, 2 MiB, 0 %
2026/03/27 11:39:12.411, 6, NVIDIA RTX 6000 Ada Generation, 49140 MiB, 21074 MiB, 42 %
2026/03/27 11:39:12.411, 7, NVIDIA RTX 6000 Ada Generation, 49140 MiB, 21460 MiB, 100 %
2026/03/27 11:39:13.411, 0, NVIDIA RTX 6000 Ada Generation, 49140 MiB, 15890 MiB, 6 %
2026/03/27 11:39:13.499, 1, NVIDIA RTX 6000 Ada Generation, 49140 MiB, 28983 MiB, 100 %
2026/03/27 11:39:13.499, 2, NVIDIA RTX 6000 Ada Generation, 49140 MiB, 21991 MiB, 100 %
2026/03/27 11:39:13.499, 3, NVIDIA RTX 6000 Ada Generation, 49140 MiB, 17248 MiB, 100 %
2026/03/27 11:39:13.499, 4, NVIDIA RTX 6000 Ada Generation, 49140 MiB, 17260 MiB, 100 %
2026/03/27 11:39:13.500, 5, NVIDIA RTX 6000 Ada Generation, 49140 MiB, 2 MiB, 0 %
2026/03/27 11:39:13.500, 6, NVIDIA RTX 6000 Ada Generation, 49140 MiB, 21142 MiB, 0 %
2026/03/27 11:39:13.500, 7, NVIDIA RTX 6000 Ada Generation, 49140 MiB, 21460 MiB, 100 %
2026/03/27 11:39:14.500, 0, NVIDIA RTX 6000 Ada Generation, 49140 MiB, 15890 MiB, 6 %
2026/03/27 11:39:14.500, 1, NVIDIA RTX 6000 Ada Generation, 49140 MiB, 28983 MiB, 100 %
2026/03/27 11:39:14.500, 2, NVIDIA RTX 6000 Ada Generation, 49140 MiB, 21991 MiB, 100 %
2026/03/27 11:39:14.500, 3, NVIDIA RTX 6000 Ada Generation, 49140 MiB, 17248 MiB, 100 %
2026/03/27 11:39:14.500, 4, NVIDIA RTX 6000 Ada Generation, 49140 MiB, 17260 MiB, 100 %
2026/03/27 11:39:14.501, 5, NVIDIA RTX 6000 Ada Generation, 49140 MiB, 2 MiB, 0 %
2026/03/27 11:39:14.501, 6, NVIDIA RTX 6000 Ada Generation, 49140 MiB, 32132 MiB, 0 %
2026/03/27 11:39:14.501, 7, NVIDIA RTX 6000 Ada Generation, 49140 MiB, 21460 MiB, 100 %
2026/03/27 11:39:15.501, 0, NVIDIA RTX 6000 Ada Generation, 49140 MiB, 15890 MiB, 0 %
2026/03/27 11:39:15.598, 1, NVIDIA RTX 6000 Ada Generation, 49140 MiB, 28983 MiB, 100 %
2026/03/27 11:39:15.598, 2, NVIDIA RTX 6000 Ada Generation, 49140 MiB, 21991 MiB, 100 %
2026/03/27 11:39:15.598, 3, NVIDIA RTX 6000 Ada Generation, 49140 MiB, 17248 MiB, 100 %
2026/03/27 11:39:15.599, 4, NVIDIA RTX 6000 Ada Generation, 49140 MiB, 17260 MiB, 100 %
2026/03/27 11:39:15.599, 5, NVIDIA RTX 6000 Ada Generation, 49140 MiB, 2 MiB, 0 %
2026/03/27 11:39:15.599, 6, NVIDIA RTX 6000 Ada Generation, 49140 MiB, 47800 MiB, 3 %
2026/03/27 11:39:15.599, 7, NVIDIA RTX 6000 Ada Generation, 49140 MiB, 21460 MiB, 100 %
2026/03/27 11:39:16.599, 0, NVIDIA RTX 6000 Ada Generation, 49140 MiB, 15890 MiB, 0 %
2026/03/27 11:39:16.736, 1, NVIDIA RTX 6000 Ada Generation, 49140 MiB, 28983 MiB, 100 %
2026/03/27 11:39:16.738, 2, NVIDIA RTX 6000 Ada Generation, 49140 MiB, 21991 MiB, 100 %
2026/03/27 11:39:16.740, 3, NVIDIA RTX 6000 Ada Generation, 49140 MiB, 17248 MiB, 100 %
2026/03/27 11:39:16.893, 4, NVIDIA RTX 6000 Ada Generation, 49140 MiB, 17260 MiB, 100 %
2026/03/27 11:39:16.893, 5, NVIDIA RTX 6000 Ada Generation, 49140 MiB, 2 MiB, 0 %
2026/03/27 11:39:16.893, 6, NVIDIA RTX 6000 Ada Generation, 49140 MiB, 47800 MiB, 0 %
2026/03/27 11:39:16.893, 7, NVIDIA RTX 6000 Ada Generation, 49140 MiB, 21460 MiB, 100 %
2026/03/27 11:39:17.894, 0, NVIDIA RTX 6000 Ada Generation, 49140 MiB, 15890 MiB, 6 %
2026/03/27 11:39:17.894, 1, NVIDIA RTX 6000 Ada Generation, 49140 MiB, 28983 MiB, 100 %
2026/03/27 11:39:17.894, 2, NVIDIA RTX 6000 Ada Generation, 49140 MiB, 21991 MiB, 100 %
2026/03/27 11:39:17.894, 3, NVIDIA RTX 6000 Ada Generation, 49140 MiB, 17248 MiB, 100 %
2026/03/27 11:39:17.894, 4, NVIDIA RTX 6000 Ada Generation, 49140 MiB, 17260 MiB, 100 %
2026/03/27 11:39:17.894, 5, NVIDIA RTX 6000 Ada Generation, 49140 MiB, 2 MiB, 0 %
2026/03/27 11:39:17.894, 6, NVIDIA RTX 6000 Ada Generation, 49140 MiB, 2 MiB, 0 %
2026/03/27 11:39:17.895, 7, NVIDIA RTX 6000 Ada Generation, 49140 MiB, 21460 MiB, 100 %
2026/03/27 11:39:18.895, 0, NVIDIA RTX 6000 Ada Generation, 49140 MiB, 15890 MiB, 0 %
2026/03/27 11:39:18.895, 1, NVIDIA RTX 6000 Ada Generation, 49140 MiB, 28983 MiB, 100 %
2026/03/27 11:39:18.895, 2, NVIDIA RTX 6000 Ada Generation, 49140 MiB, 21991 MiB, 100 %
2026/03/27 11:39:18.949, 3, NVIDIA RTX 6000 Ada Generation, 49140 MiB, 17248 MiB, 100 %
2026/03/27 11:39:18.950, 4, NVIDIA RTX 6000 Ada Generation, 49140 MiB, 17260 MiB, 100 %
2026/03/27 11:39:18.950, 5, NVIDIA RTX 6000 Ada Generation, 49140 MiB, 2 MiB, 0 %
2026/03/27 11:39:18.950, 6, NVIDIA RTX 6000 Ada Generation, 49140 MiB, 2 MiB, 0 %
2026/03/27 11:39:18.950, 7, NVIDIA RTX 6000 Ada Generation, 49140 MiB, 21460 MiB, 100 %
2026/03/27 11:39:19.950, 0, NVIDIA RTX 6000 Ada Generation, 49140 MiB, 15890 MiB, 0 %
2026/03/27 11:39:19.950, 1, NVIDIA RTX 6000 Ada Generation, 49140 MiB, 28983 MiB, 99 %
2026/03/27 11:39:19.950, 2, NVIDIA RTX 6000 Ada Generation, 49140 MiB, 21991 MiB, 100 %
2026/03/27 11:39:19.950, 3, NVIDIA RTX 6000 Ada Generation, 49140 MiB, 17248 MiB, 100 %
2026/03/27 11:39:19.950, 4, NVIDIA RTX 6000 Ada Generation, 49140 MiB, 17260 MiB, 100 %
2026/03/27 11:39:19.950, 5, NVIDIA RTX 6000 Ada Generation, 49140 MiB, 2 MiB, 0 %
2026/03/27 11:39:19.950, 6, NVIDIA RTX 6000 Ada Generation, 49140 MiB, 2 MiB, 0 %
2026/03/27 11:39:19.950, 7, NVIDIA RTX 6000 Ada Generation, 49140 MiB, 21460 MiB, 100 %
2026/03/27 11:39:20.959, 0, NVIDIA RTX 6000 Ada Generation, 49140 MiB, 15890 MiB, 90 %
2026/03/27 11:39:20.960, 1, NVIDIA RTX 6000 Ada Generation, 49140 MiB, 28983 MiB, 100 %
2026/03/27 11:39:20.961, 2, NVIDIA RTX 6000 Ada Generation, 49140 MiB, 21991 MiB, 100 %
2026/03/27 11:39:20.962, 3, NVIDIA RTX 6000 Ada Generation, 49140 MiB, 17248 MiB, 100 %
2026/03/27 11:39:20.962, 4, NVIDIA RTX 6000 Ada Generation, 49140 MiB, 17260 MiB, 100 %
2026/03/27 11:39:20.963, 5, NVIDIA RTX 6000 Ada Generation, 49140 MiB, 2 MiB, 0 %
2026/03/27 11:39:20.963, 6, NVIDIA RTX 6000 Ada Generation, 49140 MiB, 22 MiB, 0 %
2026/03/27 11:39:20.964, 7, NVIDIA RTX 6000 Ada Generation, 49140 MiB, 21460 MiB, 0 %
2026/03/27 11:39:21.964, 0, NVIDIA RTX 6000 Ada Generation, 49140 MiB, 15890 MiB, 89 %
2026/03/27 11:39:21.964, 1, NVIDIA RTX 6000 Ada Generation, 49140 MiB, 28983 MiB, 100 %
2026/03/27 11:39:21.964, 2, NVIDIA RTX 6000 Ada Generation, 49140 MiB, 21991 MiB, 100 %
2026/03/27 11:39:22.026, 3, NVIDIA RTX 6000 Ada Generation, 49140 MiB, 17248 MiB, 100 %
2026/03/27 11:39:22.026, 4, NVIDIA RTX 6000 Ada Generation, 49140 MiB, 17260 MiB, 100 %
2026/03/27 11:39:22.027, 5, NVIDIA RTX 6000 Ada Generation, 49140 MiB, 2 MiB, 0 %
2026/03/27 11:39:22.027, 6, NVIDIA RTX 6000 Ada Generation, 49140 MiB, 16254 MiB, 12 %
2026/03/27 11:39:22.027, 7, NVIDIA RTX 6000 Ada Generation, 49140 MiB, 21460 MiB, 0 %
2026/03/27 11:39:23.027, 0, NVIDIA RTX 6000 Ada Generation, 49140 MiB, 15890 MiB, 0 %
2026/03/27 11:39:23.027, 1, NVIDIA RTX 6000 Ada Generation, 49140 MiB, 28983 MiB, 100 %
2026/03/27 11:39:23.027, 2, NVIDIA RTX 6000 Ada Generation, 49140 MiB, 21991 MiB, 100 %
2026/03/27 11:39:23.027, 3, NVIDIA RTX 6000 Ada Generation, 49140 MiB, 17248 MiB, 100 %
2026/03/27 11:39:23.027, 4, NVIDIA RTX 6000 Ada Generation, 49140 MiB, 17260 MiB, 100 %
2026/03/27 11:39:23.027, 5, NVIDIA RTX 6000 Ada Generation, 49140 MiB, 2 MiB, 0 %
2026/03/27 11:39:23.027, 6, NVIDIA RTX 6000 Ada Generation, 49140 MiB, 16254 MiB, 15 %
2026/03/27 11:39:23.027, 7, NVIDIA RTX 6000 Ada Generation, 49140 MiB, 21460 MiB, 100 %
2026/03/27 11:39:24.027, 0, NVIDIA RTX 6000 Ada Generation, 49140 MiB, 15890 MiB, 6 %
2026/03/27 11:39:24.028, 1, NVIDIA RTX 6000 Ada Generation, 49140 MiB, 28983 MiB, 100 %
2026/03/27 11:39:24.028, 2, NVIDIA RTX 6000 Ada Generation, 49140 MiB, 21991 MiB, 100 %
2026/03/27 11:39:24.028, 3, NVIDIA RTX 6000 Ada Generation, 49140 MiB, 17248 MiB, 100 %
2026/03/27 11:39:24.028, 4, NVIDIA RTX 6000 Ada Generation, 49140 MiB, 17260 MiB, 100 %
2026/03/27 11:39:24.028, 5, NVIDIA RTX 6000 Ada Generation, 49140 MiB, 2 MiB, 0 %
2026/03/27 11:39:24.028, 6, NVIDIA RTX 6000 Ada Generation, 49140 MiB, 16254 MiB, 13 %
2026/03/27 11:39:24.028, 7, NVIDIA RTX 6000 Ada Generation, 49140 MiB, 21460 MiB, 100 %
2026/03/27 11:39:25.028, 0, NVIDIA RTX 6000 Ada Generation, 49140 MiB, 15890 MiB, 0 %
2026/03/27 11:39:25.029, 1, NVIDIA RTX 6000 Ada Generation, 49140 MiB, 28983 MiB, 100 %
2026/03/27 11:39:25.029, 2, NVIDIA RTX 6000 Ada Generation, 49140 MiB, 21991 MiB, 100 %
2026/03/27 11:39:25.029, 3, NVIDIA RTX 6000 Ada Generation, 49140 MiB, 17248 MiB, 100 %
2026/03/27 11:39:25.133, 4, NVIDIA RTX 6000 Ada Generation, 49140 MiB, 17260 MiB, 100 %
2026/03/27 11:39:25.134, 5, NVIDIA RTX 6000 Ada Generation, 49140 MiB, 2 MiB, 0 %
2026/03/27 11:39:25.134, 6, NVIDIA RTX 6000 Ada Generation, 49140 MiB, 16254 MiB, 14 %
2026/03/27 11:39:25.134, 7, NVIDIA RTX 6000 Ada Generation, 49140 MiB, 21460 MiB, 100 %
2026/03/27 11:39:26.134, 0, NVIDIA RTX 6000 Ada Generation, 49140 MiB, 15890 MiB, 6 %
2026/03/27 11:39:26.134, 1, NVIDIA RTX 6000 Ada Generation, 49140 MiB, 28983 MiB, 100 %
2026/03/27 11:39:26.134, 2, NVIDIA RTX 6000 Ada Generation, 49140 MiB, 21991 MiB, 100 %
2026/03/27 11:39:26.134, 3, NVIDIA RTX 6000 Ada Generation, 49140 MiB, 17248 MiB, 100 %
2026/03/27 11:39:26.134, 4, NVIDIA RTX 6000 Ada Generation, 49140 MiB, 17260 MiB, 100 %
2026/03/27 11:39:26.135, 5, NVIDIA RTX 6000 Ada Generation, 49140 MiB, 2 MiB, 0 %
2026/03/27 11:39:26.135, 6, NVIDIA RTX 6000 Ada Generation, 49140 MiB, 16254 MiB, 13 %
2026/03/27 11:39:26.135, 7, NVIDIA RTX 6000 Ada Generation, 49140 MiB, 21460 MiB, 100 %
2026/03/27 11:39:27.135, 0, NVIDIA RTX 6000 Ada Generation, 49140 MiB, 15890 MiB, 6 %
2026/03/27 11:39:27.238, 1, NVIDIA RTX 6000 Ada Generation, 49140 MiB, 28983 MiB, 100 %
2026/03/27 11:39:27.239, 2, NVIDIA RTX 6000 Ada Generation, 49140 MiB, 21991 MiB, 100 %
2026/03/27 11:39:27.239, 3, NVIDIA RTX 6000 Ada Generation, 49140 MiB, 17248 MiB, 100 %
2026/03/27 11:39:27.239, 4, NVIDIA RTX 6000 Ada Generation, 49140 MiB, 17260 MiB, 100 %
2026/03/27 11:39:27.239, 5, NVIDIA RTX 6000 Ada Generation, 49140 MiB, 2 MiB, 0 %
2026/03/27 11:39:27.239, 6, NVIDIA RTX 6000 Ada Generation, 49140 MiB, 16254 MiB, 0 %
2026/03/27 11:39:27.239, 7, NVIDIA RTX 6000 Ada Generation, 49140 MiB, 21460 MiB, 100 %
2026/03/27 11:39:28.240, 0, NVIDIA RTX 6000 Ada Generation, 49140 MiB, 15890 MiB, 0 %
2026/03/27 11:39:28.240, 1, NVIDIA RTX 6000 Ada Generation, 49140 MiB, 28983 MiB, 100 %
2026/03/27 11:39:28.240, 2, NVIDIA RTX 6000 Ada Generation, 49140 MiB, 21991 MiB, 100 %
2026/03/27 11:39:28.240, 3, NVIDIA RTX 6000 Ada Generation, 49140 MiB, 17248 MiB, 100 %
2026/03/27 11:39:28.240, 4, NVIDIA RTX 6000 Ada Generation, 49140 MiB, 17260 MiB, 100 %
2026/03/27 11:39:28.240, 5, NVIDIA RTX 6000 Ada Generation, 49140 MiB, 2 MiB, 0 %
2026/03/27 11:39:28.384, 6, NVIDIA RTX 6000 Ada Generation, 49140 MiB, 16254 MiB, 0 %
2026/03/27 11:39:28.385, 7, NVIDIA RTX 6000 Ada Generation, 49140 MiB, 21460 MiB, 100 %
2026/03/27 11:39:29.385, 0, NVIDIA RTX 6000 Ada Generation, 49140 MiB, 15890 MiB, 0 %
2026/03/27 11:39:29.385, 1, NVIDIA RTX 6000 Ada Generation, 49140 MiB, 28983 MiB, 100 %
2026/03/27 11:39:29.385, 2, NVIDIA RTX 6000 Ada Generation, 49140 MiB, 21991 MiB, 100 %
2026/03/27 11:39:29.385, 3, NVIDIA RTX 6000 Ada Generation, 49140 MiB, 17248 MiB, 100 %
2026/03/27 11:39:29.385, 4, NVIDIA RTX 6000 Ada Generation, 49140 MiB, 17260 MiB, 100 %
2026/03/27 11:39:29.385, 5, NVIDIA RTX 6000 Ada Generation, 49140 MiB, 2 MiB, 0 %
2026/03/27 11:39:29.385, 6, NVIDIA RTX 6000 Ada Generation, 49140 MiB, 16254 MiB, 0 %
2026/03/27 11:39:29.385, 7, NVIDIA RTX 6000 Ada Generation, 49140 MiB, 21460 MiB, 100 %
2026/03/27 11:39:30.385, 0, NVIDIA RTX 6000 Ada Generation, 49140 MiB, 15890 MiB, 38 %
2026/03/27 11:39:30.386, 1, NVIDIA RTX 6000 Ada Generation, 49140 MiB, 28983 MiB, 100 %
2026/03/27 11:39:30.386, 2, NVIDIA RTX 6000 Ada Generation, 49140 MiB, 21991 MiB, 100 %
2026/03/27 11:39:30.555, 3, NVIDIA RTX 6000 Ada Generation, 49140 MiB, 17248 MiB, 100 %
2026/03/27 11:39:30.556, 4, NVIDIA RTX 6000 Ada Generation, 49140 MiB, 17260 MiB, 100 %
2026/03/27 11:39:30.556, 5, NVIDIA RTX 6000 Ada Generation, 49140 MiB, 2 MiB, 0 %
2026/03/27 11:39:30.556, 6, NVIDIA RTX 6000 Ada Generation, 49140 MiB, 16254 MiB, 0 %
2026/03/27 11:39:30.556, 7, NVIDIA RTX 6000 Ada Generation, 49140 MiB, 21460 MiB, 100 %
2026/03/27 11:39:31.556, 0, NVIDIA RTX 6000 Ada Generation, 49140 MiB, 15890 MiB, 92 %
2026/03/27 11:39:31.556, 1, NVIDIA RTX 6000 Ada Generation, 49140 MiB, 28983 MiB, 100 %
2026/03/27 11:39:31.556, 2, NVIDIA RTX 6000 Ada Generation, 49140 MiB, 21991 MiB, 100 %
2026/03/27 11:39:31.556, 3, NVIDIA RTX 6000 Ada Generation, 49140 MiB, 17248 MiB, 100 %
2026/03/27 11:39:31.557, 4, NVIDIA RTX 6000 Ada Generation, 49140 MiB, 17260 MiB, 100 %
2026/03/27 11:39:31.557, 5, NVIDIA RTX 6000 Ada Generation, 49140 MiB, 2 MiB, 0 %
2026/03/27 11:39:31.557, 6, NVIDIA RTX 6000 Ada Generation, 49140 MiB, 16254 MiB, 0 %
2026/03/27 11:39:31.557, 7, NVIDIA RTX 6000 Ada Generation, 49140 MiB, 21460 MiB, 100 %
2026/03/27 11:39:32.557, 0, NVIDIA RTX 6000 Ada Generation, 49140 MiB, 15890 MiB, 84 %
2026/03/27 11:39:32.557, 1, NVIDIA RTX 6000 Ada Generation, 49140 MiB, 28983 MiB, 100 %
2026/03/27 11:39:32.557, 2, NVIDIA RTX 6000 Ada Generation, 49140 MiB, 21991 MiB, 100 %
2026/03/27 11:39:32.557, 3, NVIDIA RTX 6000 Ada Generation, 49140 MiB, 17248 MiB, 100 %
2026/03/27 11:39:32.557, 4, NVIDIA RTX 6000 Ada Generation, 49140 MiB, 17260 MiB, 100 %
2026/03/27 11:39:32.557, 5, NVIDIA RTX 6000 Ada Generation, 49140 MiB, 2 MiB, 0 %
2026/03/27 11:39:32.557, 6, NVIDIA RTX 6000 Ada Generation, 49140 MiB, 16254 MiB, 0 %
2026/03/27 11:39:32.558, 7, NVIDIA RTX 6000 Ada Generation, 49140 MiB, 21460 MiB, 100 %
2026/03/27 11:39:33.558, 0, NVIDIA RTX 6000 Ada Generation, 49140 MiB, 15890 MiB, 0 %
2026/03/27 11:39:33.558, 1, NVIDIA RTX 6000 Ada Generation, 49140 MiB, 28983 MiB, 100 %
2026/03/27 11:39:33.558, 2, NVIDIA RTX 6000 Ada Generation, 49140 MiB, 21991 MiB, 100 %
2026/03/27 11:39:33.558, 3, NVIDIA RTX 6000 Ada Generation, 49140 MiB, 17248 MiB, 100 %
2026/03/27 11:39:33.636, 4, NVIDIA RTX 6000 Ada Generation, 49140 MiB, 17260 MiB, 100 %
2026/03/27 11:39:33.636, 5, NVIDIA RTX 6000 Ada Generation, 49140 MiB, 2 MiB, 0 %
2026/03/27 11:39:33.636, 6, NVIDIA RTX 6000 Ada Generation, 49140 MiB, 16254 MiB, 0 %
2026/03/27 11:39:33.636, 7, NVIDIA RTX 6000 Ada Generation, 49140 MiB, 21460 MiB, 100 %
2026/03/27 11:39:34.636, 0, NVIDIA RTX 6000 Ada Generation, 49140 MiB, 15890 MiB, 6 %
2026/03/27 11:39:34.636, 1, NVIDIA RTX 6000 Ada Generation, 49140 MiB, 28983 MiB, 100 %
2026/03/27 11:39:34.636, 2, NVIDIA RTX 6000 Ada Generation, 49140 MiB, 21991 MiB, 100 %
2026/03/27 11:39:34.636, 3, NVIDIA RTX 6000 Ada Generation, 49140 MiB, 17248 MiB, 100 %
2026/03/27 11:39:34.636, 4, NVIDIA RTX 6000 Ada Generation, 49140 MiB, 17260 MiB, 100 %
2026/03/27 11:39:34.636, 5, NVIDIA RTX 6000 Ada Generation, 49140 MiB, 2 MiB, 0 %
2026/03/27 11:39:34.637, 6, NVIDIA RTX 6000 Ada Generation, 49140 MiB, 16254 MiB, 0 %
2026/03/27 11:39:34.637, 7, NVIDIA RTX 6000 Ada Generation, 49140 MiB, 21460 MiB, 100 %
2026/03/27 11:39:35.637, 0, NVIDIA RTX 6000 Ada Generation, 49140 MiB, 15890 MiB, 1 %
2026/03/27 11:39:35.715, 1, NVIDIA RTX 6000 Ada Generation, 49140 MiB, 28983 MiB, 100 %
2026/03/27 11:39:35.715, 2, NVIDIA RTX 6000 Ada Generation, 49140 MiB, 21991 MiB, 100 %
2026/03/27 11:39:35.716, 3, NVIDIA RTX 6000 Ada Generation, 49140 MiB, 17248 MiB, 100 %
2026/03/27 11:39:35.716, 4, NVIDIA RTX 6000 Ada Generation, 49140 MiB, 17260 MiB, 100 %
2026/03/27 11:39:35.716, 5, NVIDIA RTX 6000 Ada Generation, 49140 MiB, 2 MiB, 0 %
2026/03/27 11:39:35.716, 6, NVIDIA RTX 6000 Ada Generation, 49140 MiB, 29512 MiB, 42 %
2026/03/27 11:39:35.716, 7, NVIDIA RTX 6000 Ada Generation, 49140 MiB, 21460 MiB, 100 %
2026/03/27 11:39:36.716, 0, NVIDIA RTX 6000 Ada Generation, 49140 MiB, 15890 MiB, 6 %
2026/03/27 11:39:36.861, 1, NVIDIA RTX 6000 Ada Generation, 49140 MiB, 28983 MiB, 100 %
2026/03/27 11:39:36.861, 2, NVIDIA RTX 6000 Ada Generation, 49140 MiB, 21991 MiB, 100 %
2026/03/27 11:39:36.861, 3, NVIDIA RTX 6000 Ada Generation, 49140 MiB, 17248 MiB, 100 %
2026/03/27 11:39:36.862, 4, NVIDIA RTX 6000 Ada Generation, 49140 MiB, 17260 MiB, 100 %
2026/03/27 11:39:36.862, 5, NVIDIA RTX 6000 Ada Generation, 49140 MiB, 2 MiB, 0 %
2026/03/27 11:39:36.862, 6, NVIDIA RTX 6000 Ada Generation, 49140 MiB, 36906 MiB, 0 %
2026/03/27 11:39:37.006, 7, NVIDIA RTX 6000 Ada Generation, 49140 MiB, 21460 MiB, 100 %
2026/03/27 11:39:38.006, 0, NVIDIA RTX 6000 Ada Generation, 49140 MiB, 15890 MiB, 2 %
2026/03/27 11:39:38.006, 1, NVIDIA RTX 6000 Ada Generation, 49140 MiB, 28983 MiB, 100 %
2026/03/27 11:39:38.006, 2, NVIDIA RTX 6000 Ada Generation, 49140 MiB, 21991 MiB, 100 %
2026/03/27 11:39:38.006, 3, NVIDIA RTX 6000 Ada Generation, 49140 MiB, 17248 MiB, 100 %
2026/03/27 11:39:38.006, 4, NVIDIA RTX 6000 Ada Generation, 49140 MiB, 17260 MiB, 100 %
2026/03/27 11:39:38.006, 5, NVIDIA RTX 6000 Ada Generation, 49140 MiB, 2 MiB, 0 %
2026/03/27 11:39:38.007, 6, NVIDIA RTX 6000 Ada Generation, 49140 MiB, 45774 MiB, 0 %
2026/03/27 11:39:38.007, 7, NVIDIA RTX 6000 Ada Generation, 49140 MiB, 21460 MiB, 100 %
2026/03/27 11:39:39.007, 0, NVIDIA RTX 6000 Ada Generation, 49140 MiB, 15890 MiB, 6 %
2026/03/27 11:39:39.007, 1, NVIDIA RTX 6000 Ada Generation, 49140 MiB, 28983 MiB, 100 %
2026/03/27 11:39:39.007, 2, NVIDIA RTX 6000 Ada Generation, 49140 MiB, 21991 MiB, 100 %
2026/03/27 11:39:39.123, 3, NVIDIA RTX 6000 Ada Generation, 49140 MiB, 17248 MiB, 100 %
2026/03/27 11:39:39.123, 4, NVIDIA RTX 6000 Ada Generation, 49140 MiB, 17260 MiB, 100 %
2026/03/27 11:39:39.123, 5, NVIDIA RTX 6000 Ada Generation, 49140 MiB, 2 MiB, 0 %
2026/03/27 11:39:39.123, 6, NVIDIA RTX 6000 Ada Generation, 49140 MiB, 2 MiB, 0 %
2026/03/27 11:39:39.124, 7, NVIDIA RTX 6000 Ada Generation, 49140 MiB, 21460 MiB, 100 %
2026/03/27 11:39:40.124, 0, NVIDIA RTX 6000 Ada Generation, 49140 MiB, 15890 MiB, 6 %
2026/03/27 11:39:40.124, 1, NVIDIA RTX 6000 Ada Generation, 49140 MiB, 28983 MiB, 100 %
2026/03/27 11:39:40.124, 2, NVIDIA RTX 6000 Ada Generation, 49140 MiB, 21991 MiB, 100 %
2026/03/27 11:39:40.124, 3, NVIDIA RTX 6000 Ada Generation, 49140 MiB, 17248 MiB, 100 %
2026/03/27 11:39:40.124, 4, NVIDIA RTX 6000 Ada Generation, 49140 MiB, 17260 MiB, 100 %
2026/03/27 11:39:40.124, 5, NVIDIA RTX 6000 Ada Generation, 49140 MiB, 2 MiB, 0 %
2026/03/27 11:39:40.124, 6, NVIDIA RTX 6000 Ada Generation, 49140 MiB, 2 MiB, 0 %
2026/03/27 11:39:40.124, 7, NVIDIA RTX 6000 Ada Generation, 49140 MiB, 21460 MiB, 100 %
2026/03/27 11:39:41.124, 0, NVIDIA RTX 6000 Ada Generation, 49140 MiB, 15890 MiB, 6 %
2026/03/27 11:39:41.125, 1, NVIDIA RTX 6000 Ada Generation, 49140 MiB, 28983 MiB, 100 %
2026/03/27 11:39:41.125, 2, NVIDIA RTX 6000 Ada Generation, 49140 MiB, 21991 MiB, 100 %
2026/03/27 11:39:41.125, 3, NVIDIA RTX 6000 Ada Generation, 49140 MiB, 17248 MiB, 100 %
2026/03/27 11:39:41.125, 4, NVIDIA RTX 6000 Ada Generation, 49140 MiB, 17260 MiB, 100 %
2026/03/27 11:39:41.125, 5, NVIDIA RTX 6000 Ada Generation, 49140 MiB, 2 MiB, 0 %
2026/03/27 11:39:41.125, 6, NVIDIA RTX 6000 Ada Generation, 49140 MiB, 2 MiB, 0 %
2026/03/27 11:39:41.125, 7, NVIDIA RTX 6000 Ada Generation, 49140 MiB, 21460 MiB, 100 %
2026/03/27 11:39:42.125, 0, NVIDIA RTX 6000 Ada Generation, 49140 MiB, 15890 MiB, 0 %
2026/03/27 11:39:42.180, 1, NVIDIA RTX 6000 Ada Generation, 49140 MiB, 28983 MiB, 100 %
2026/03/27 11:39:42.181, 2, NVIDIA RTX 6000 Ada Generation, 49140 MiB, 21991 MiB, 100 %
2026/03/27 11:39:42.181, 3, NVIDIA RTX 6000 Ada Generation, 49140 MiB, 17248 MiB, 100 %
2026/03/27 11:39:42.181, 4, NVIDIA RTX 6000 Ada Generation, 49140 MiB, 17260 MiB, 100 %
2026/03/27 11:39:42.181, 5, NVIDIA RTX 6000 Ada Generation, 49140 MiB, 2 MiB, 0 %
2026/03/27 11:39:42.183, 6, NVIDIA RTX 6000 Ada Generation, 49140 MiB, 2 MiB, 0 %
2026/03/27 11:39:42.183, 7, NVIDIA RTX 6000 Ada Generation, 49140 MiB, 21460 MiB, 100 %
2026/03/27 11:39:43.183, 0, NVIDIA RTX 6000 Ada Generation, 49140 MiB, 15890 MiB, 0 %
2026/03/27 11:39:43.183, 1, NVIDIA RTX 6000 Ada Generation, 49140 MiB, 28983 MiB, 100 %
2026/03/27 11:39:43.183, 2, NVIDIA RTX 6000 Ada Generation, 49140 MiB, 21991 MiB, 100 %
2026/03/27 11:39:43.183, 3, NVIDIA RTX 6000 Ada Generation, 49140 MiB, 17248 MiB, 100 %
2026/03/27 11:39:43.183, 4, NVIDIA RTX 6000 Ada Generation, 49140 MiB, 17260 MiB, 100 %
2026/03/27 11:39:43.183, 5, NVIDIA RTX 6000 Ada Generation, 49140 MiB, 2 MiB, 0 %
2026/03/27 11:39:43.183, 6, NVIDIA RTX 6000 Ada Generation, 49140 MiB, 4 MiB, 0 %
2026/03/27 11:39:43.183, 7, NVIDIA RTX 6000 Ada Generation, 49140 MiB, 21460 MiB, 100 %
2026/03/27 11:39:44.183, 0, NVIDIA RTX 6000 Ada Generation, 49140 MiB, 15890 MiB, 90 %
2026/03/27 11:39:44.484, 1, NVIDIA RTX 6000 Ada Generation, 49140 MiB, 28983 MiB, 100 %
2026/03/27 11:39:44.484, 2, NVIDIA RTX 6000 Ada Generation, 49140 MiB, 21991 MiB, 100 %
2026/03/27 11:39:44.484, 3, NVIDIA RTX 6000 Ada Generation, 49140 MiB, 17248 MiB, 100 %
2026/03/27 11:39:44.484, 4, NVIDIA RTX 6000 Ada Generation, 49140 MiB, 17260 MiB, 100 %
2026/03/27 11:39:44.484, 5, NVIDIA RTX 6000 Ada Generation, 49140 MiB, 2 MiB, 0 %
2026/03/27 11:39:44.484, 6, NVIDIA RTX 6000 Ada Generation, 49140 MiB, 16254 MiB, 18 %
2026/03/27 11:39:44.484, 7, NVIDIA RTX 6000 Ada Generation, 49140 MiB, 21460 MiB, 100 %
2026/03/27 11:39:45.485, 0, NVIDIA RTX 6000 Ada Generation, 49140 MiB, 15890 MiB, 78 %
2026/03/27 11:39:45.485, 1, NVIDIA RTX 6000 Ada Generation, 49140 MiB, 28983 MiB, 100 %
2026/03/27 11:39:45.485, 2, NVIDIA RTX 6000 Ada Generation, 49140 MiB, 21991 MiB, 0 %
2026/03/27 11:39:45.485, 3, NVIDIA RTX 6000 Ada Generation, 49140 MiB, 17248 MiB, 100 %
2026/03/27 11:39:45.485, 4, NVIDIA RTX 6000 Ada Generation, 49140 MiB, 17260 MiB, 100 %
2026/03/27 11:39:45.485, 5, NVIDIA RTX 6000 Ada Generation, 49140 MiB, 2 MiB, 0 %
2026/03/27 11:39:45.510, 6, NVIDIA RTX 6000 Ada Generation, 49140 MiB, 16254 MiB, 15 %
2026/03/27 11:39:45.511, 7, NVIDIA RTX 6000 Ada Generation, 49140 MiB, 21460 MiB, 100 %
2026/03/27 11:39:46.511, 0, NVIDIA RTX 6000 Ada Generation, 49140 MiB, 15890 MiB, 6 %
2026/03/27 11:39:46.511, 1, NVIDIA RTX 6000 Ada Generation, 49140 MiB, 28983 MiB, 100 %
2026/03/27 11:39:46.511, 2, NVIDIA RTX 6000 Ada Generation, 49140 MiB, 21991 MiB, 0 %
2026/03/27 11:39:46.511, 3, NVIDIA RTX 6000 Ada Generation, 49140 MiB, 17248 MiB, 100 %
2026/03/27 11:39:46.511, 4, NVIDIA RTX 6000 Ada Generation, 49140 MiB, 17260 MiB, 100 %
2026/03/27 11:39:46.512, 5, NVIDIA RTX 6000 Ada Generation, 49140 MiB, 2 MiB, 0 %
2026/03/27 11:39:46.512, 6, NVIDIA RTX 6000 Ada Generation, 49140 MiB, 16254 MiB, 13 %
2026/03/27 11:39:46.512, 7, NVIDIA RTX 6000 Ada Generation, 49140 MiB, 21460 MiB, 100 %
2026/03/27 11:39:47.512, 0, NVIDIA RTX 6000 Ada Generation, 49140 MiB, 15890 MiB, 6 %
2026/03/27 11:39:47.512, 1, NVIDIA RTX 6000 Ada Generation, 49140 MiB, 28983 MiB, 100 %
2026/03/27 11:39:47.512, 2, NVIDIA RTX 6000 Ada Generation, 49140 MiB, 21991 MiB, 0 %
2026/03/27 11:39:47.634, 3, NVIDIA RTX 6000 Ada Generation, 49140 MiB, 17248 MiB, 100 %
2026/03/27 11:39:47.635, 4, NVIDIA RTX 6000 Ada Generation, 49140 MiB, 17260 MiB, 100 %
2026/03/27 11:39:47.635, 5, NVIDIA RTX 6000 Ada Generation, 49140 MiB, 2 MiB, 0 %
2026/03/27 11:39:47.635, 6, NVIDIA RTX 6000 Ada Generation, 49140 MiB, 16254 MiB, 14 %
2026/03/27 11:39:47.635, 7, NVIDIA RTX 6000 Ada Generation, 49140 MiB, 21460 MiB, 100 %
2026/03/27 11:39:48.635, 0, NVIDIA RTX 6000 Ada Generation, 49140 MiB, 15890 MiB, 6 %
2026/03/27 11:39:48.635, 1, NVIDIA RTX 6000 Ada Generation, 49140 MiB, 28983 MiB, 100 %
2026/03/27 11:39:48.635, 2, NVIDIA RTX 6000 Ada Generation, 49140 MiB, 21991 MiB, 0 %
2026/03/27 11:39:48.635, 3, NVIDIA RTX 6000 Ada Generation, 49140 MiB, 17248 MiB, 99 %
2026/03/27 11:39:48.635, 4, NVIDIA RTX 6000 Ada Generation, 49140 MiB, 17260 MiB, 100 %
2026/03/27 11:39:48.635, 5, NVIDIA RTX 6000 Ada Generation, 49140 MiB, 2 MiB, 0 %
2026/03/27 11:39:48.636, 6, NVIDIA RTX 6000 Ada Generation, 49140 MiB, 16254 MiB, 12 %
2026/03/27 11:39:48.636, 7, NVIDIA RTX 6000 Ada Generation, 49140 MiB, 21460 MiB, 100 %
2026/03/27 11:39:49.636, 0, NVIDIA RTX 6000 Ada Generation, 49140 MiB, 15890 MiB, 0 %
2026/03/27 11:39:49.636, 1, NVIDIA RTX 6000 Ada Generation, 49140 MiB, 28983 MiB, 100 %
2026/03/27 11:39:49.636, 2, NVIDIA RTX 6000 Ada Generation, 49140 MiB, 21991 MiB, 0 %
2026/03/27 11:39:49.636, 3, NVIDIA RTX 6000 Ada Generation, 49140 MiB, 17248 MiB, 100 %
2026/03/27 11:39:49.636, 4, NVIDIA RTX 6000 Ada Generation, 49140 MiB, 17260 MiB, 100 %
2026/03/27 11:39:49.636, 5, NVIDIA RTX 6000 Ada Generation, 49140 MiB, 2 MiB, 0 %
2026/03/27 11:39:49.636, 6, NVIDIA RTX 6000 Ada Generation, 49140 MiB, 16254 MiB, 0 %
2026/03/27 11:39:49.636, 7, NVIDIA RTX 6000 Ada Generation, 49140 MiB, 21460 MiB, 100 %
2026/03/27 11:39:50.636, 0, NVIDIA RTX 6000 Ada Generation, 49140 MiB, 15890 MiB, 6 %
2026/03/27 11:39:50.637, 1, NVIDIA RTX 6000 Ada Generation, 49140 MiB, 28983 MiB, 100 %
2026/03/27 11:39:50.637, 2, NVIDIA RTX 6000 Ada Generation, 49140 MiB, 21991 MiB, 0 %
2026/03/27 11:39:50.637, 3, NVIDIA RTX 6000 Ada Generation, 49140 MiB, 17248 MiB, 100 %
2026/03/27 11:39:50.637, 4, NVIDIA RTX 6000 Ada Generation, 49140 MiB, 17260 MiB, 100 %
2026/03/27 11:39:50.850, 5, NVIDIA RTX 6000 Ada Generation, 49140 MiB, 2 MiB, 0 %
2026/03/27 11:39:50.851, 6, NVIDIA RTX 6000 Ada Generation, 49140 MiB, 16254 MiB, 0 %
2026/03/27 11:39:50.851, 7, NVIDIA RTX 6000 Ada Generation, 49140 MiB, 21460 MiB, 100 %
2026/03/27 11:39:51.851, 0, NVIDIA RTX 6000 Ada Generation, 49140 MiB, 15890 MiB, 6 %
2026/03/27 11:39:51.851, 1, NVIDIA RTX 6000 Ada Generation, 49140 MiB, 28983 MiB, 100 %
2026/03/27 11:39:51.851, 2, NVIDIA RTX 6000 Ada Generation, 49140 MiB, 21991 MiB, 0 %
2026/03/27 11:39:51.851, 3, NVIDIA RTX 6000 Ada Generation, 49140 MiB, 17248 MiB, 100 %
2026/03/27 11:39:51.851, 4, NVIDIA RTX 6000 Ada Generation, 49140 MiB, 17260 MiB, 100 %
2026/03/27 11:39:51.851, 5, NVIDIA RTX 6000 Ada Generation, 49140 MiB, 2 MiB, 0 %
2026/03/27 11:39:51.851, 6, NVIDIA RTX 6000 Ada Generation, 49140 MiB, 16254 MiB, 0 %
2026/03/27 11:39:51.852, 7, NVIDIA RTX 6000 Ada Generation, 49140 MiB, 21460 MiB, 100 %
2026/03/27 11:39:52.852, 0, NVIDIA RTX 6000 Ada Generation, 49140 MiB, 15890 MiB, 6 %
2026/03/27 11:39:52.852, 1, NVIDIA RTX 6000 Ada Generation, 49140 MiB, 28983 MiB, 100 %
2026/03/27 11:39:52.961, 2, NVIDIA RTX 6000 Ada Generation, 49140 MiB, 21991 MiB, 99 %
2026/03/27 11:39:52.962, 3, NVIDIA RTX 6000 Ada Generation, 49140 MiB, 17248 MiB, 100 %
2026/03/27 11:39:52.962, 4, NVIDIA RTX 6000 Ada Generation, 49140 MiB, 17260 MiB, 100 %
2026/03/27 11:39:52.962, 5, NVIDIA RTX 6000 Ada Generation, 49140 MiB, 2 MiB, 0 %
2026/03/27 11:39:52.962, 6, NVIDIA RTX 6000 Ada Generation, 49140 MiB, 16254 MiB, 0 %
2026/03/27 11:39:52.962, 7, NVIDIA RTX 6000 Ada Generation, 49140 MiB, 21460 MiB, 100 %
2026/03/27 11:39:53.962, 0, NVIDIA RTX 6000 Ada Generation, 49140 MiB, 15890 MiB, 0 %
2026/03/27 11:39:53.962, 1, NVIDIA RTX 6000 Ada Generation, 49140 MiB, 28983 MiB, 100 %
2026/03/27 11:39:53.962, 2, NVIDIA RTX 6000 Ada Generation, 49140 MiB, 21991 MiB, 100 %
2026/03/27 11:39:53.963, 3, NVIDIA RTX 6000 Ada Generation, 49140 MiB, 17248 MiB, 100 %
2026/03/27 11:39:53.963, 4, NVIDIA RTX 6000 Ada Generation, 49140 MiB, 17260 MiB, 100 %
2026/03/27 11:39:53.963, 5, NVIDIA RTX 6000 Ada Generation, 49140 MiB, 2 MiB, 0 %
2026/03/27 11:39:53.963, 6, NVIDIA RTX 6000 Ada Generation, 49140 MiB, 16254 MiB, 0 %
2026/03/27 11:39:53.963, 7, NVIDIA RTX 6000 Ada Generation, 49140 MiB, 21460 MiB, 100 %
2026/03/27 11:39:55.121, 0, NVIDIA RTX 6000 Ada Generation, 49140 MiB, 15890 MiB, 59 %
2026/03/27 11:39:55.121, 1, NVIDIA RTX 6000 Ada Generation, 49140 MiB, 28983 MiB, 100 %
2026/03/27 11:39:55.121, 2, NVIDIA RTX 6000 Ada Generation, 49140 MiB, 21991 MiB, 98 %
2026/03/27 11:39:55.121, 3, NVIDIA RTX 6000 Ada Generation, 49140 MiB, 17248 MiB, 100 %
2026/03/27 11:39:55.121, 4, NVIDIA RTX 6000 Ada Generation, 49140 MiB, 17260 MiB, 100 %
2026/03/27 11:39:55.121, 5, NVIDIA RTX 6000 Ada Generation, 49140 MiB, 2 MiB, 0 %
2026/03/27 11:39:55.121, 6, NVIDIA RTX 6000 Ada Generation, 49140 MiB, 16254 MiB, 0 %
2026/03/27 11:39:55.121, 7, NVIDIA RTX 6000 Ada Generation, 49140 MiB, 21460 MiB, 100 %
2026/03/27 11:39:56.122, 0, NVIDIA RTX 6000 Ada Generation, 49140 MiB, 15890 MiB, 92 %
2026/03/27 11:39:56.122, 1, NVIDIA RTX 6000 Ada Generation, 49140 MiB, 28983 MiB, 100 %
2026/03/27 11:39:56.122, 2, NVIDIA RTX 6000 Ada Generation, 49140 MiB, 21991 MiB, 99 %
2026/03/27 11:39:56.132, 3, NVIDIA RTX 6000 Ada Generation, 49140 MiB, 17248 MiB, 100 %
2026/03/27 11:39:56.132, 4, NVIDIA RTX 6000 Ada Generation, 49140 MiB, 17260 MiB, 99 %
2026/03/27 11:39:56.132, 5, NVIDIA RTX 6000 Ada Generation, 49140 MiB, 2 MiB, 0 %
2026/03/27 11:39:56.133, 6, NVIDIA RTX 6000 Ada Generation, 49140 MiB, 16254 MiB, 0 %
2026/03/27 11:39:56.133, 7, NVIDIA RTX 6000 Ada Generation, 49140 MiB, 21460 MiB, 100 %
2026/03/27 11:39:57.133, 0, NVIDIA RTX 6000 Ada Generation, 49140 MiB, 15890 MiB, 90 %
2026/03/27 11:39:57.133, 1, NVIDIA RTX 6000 Ada Generation, 49140 MiB, 28983 MiB, 100 %
2026/03/27 11:39:57.133, 2, NVIDIA RTX 6000 Ada Generation, 49140 MiB, 21991 MiB, 99 %
2026/03/27 11:39:57.133, 3, NVIDIA RTX 6000 Ada Generation, 49140 MiB, 17248 MiB, 100 %
2026/03/27 11:39:57.133, 4, NVIDIA RTX 6000 Ada Generation, 49140 MiB, 17260 MiB, 100 %
2026/03/27 11:39:57.133, 5, NVIDIA RTX 6000 Ada Generation, 49140 MiB, 2 MiB, 0 %
2026/03/27 11:39:57.133, 6, NVIDIA RTX 6000 Ada Generation, 49140 MiB, 16254 MiB, 0 %
2026/03/27 11:39:57.133, 7, NVIDIA RTX 6000 Ada Generation, 49140 MiB, 21460 MiB, 100 %
2026/03/27 11:39:58.133, 0, NVIDIA RTX 6000 Ada Generation, 49140 MiB, 15890 MiB, 0 %
2026/03/27 11:39:58.134, 1, NVIDIA RTX 6000 Ada Generation, 49140 MiB, 28983 MiB, 100 %
2026/03/27 11:39:58.134, 2, NVIDIA RTX 6000 Ada Generation, 49140 MiB, 21991 MiB, 100 %
2026/03/27 11:39:58.134, 3, NVIDIA RTX 6000 Ada Generation, 49140 MiB, 17248 MiB, 100 %
2026/03/27 11:39:58.134, 4, NVIDIA RTX 6000 Ada Generation, 49140 MiB, 17260 MiB, 100 %
2026/03/27 11:39:58.134, 5, NVIDIA RTX 6000 Ada Generation, 49140 MiB, 2 MiB, 0 %
2026/03/27 11:39:58.134, 6, NVIDIA RTX 6000 Ada Generation, 49140 MiB, 16254 MiB, 0 %
2026/03/27 11:39:58.134, 7, NVIDIA RTX 6000 Ada Generation, 49140 MiB, 21460 MiB, 100 %
2026/03/27 11:39:59.134, 0, NVIDIA RTX 6000 Ada Generation, 49140 MiB, 15890 MiB, 6 %
2026/03/27 11:39:59.141, 1, NVIDIA RTX 6000 Ada Generation, 49140 MiB, 28983 MiB, 100 %
2026/03/27 11:39:59.142, 2, NVIDIA RTX 6000 Ada Generation, 49140 MiB, 21991 MiB, 99 %
2026/03/27 11:39:59.142, 3, NVIDIA RTX 6000 Ada Generation, 49140 MiB, 17248 MiB, 100 %
2026/03/27 11:39:59.142, 4, NVIDIA RTX 6000 Ada Generation, 49140 MiB, 17260 MiB, 100 %
2026/03/27 11:39:59.142, 5, NVIDIA RTX 6000 Ada Generation, 49140 MiB, 2 MiB, 0 %
2026/03/27 11:39:59.142, 6, NVIDIA RTX 6000 Ada Generation, 49140 MiB, 18988 MiB, 0 %
2026/03/27 11:39:59.142, 7, NVIDIA RTX 6000 Ada Generation, 49140 MiB, 21460 MiB, 100 %
2026/03/27 11:40:00.142, 0, NVIDIA RTX 6000 Ada Generation, 49140 MiB, 15890 MiB, 6 %
2026/03/27 11:40:00.142, 1, NVIDIA RTX 6000 Ada Generation, 49140 MiB, 28983 MiB, 100 %
2026/03/27 11:40:00.143, 2, NVIDIA RTX 6000 Ada Generation, 49140 MiB, 21991 MiB, 98 %
2026/03/27 11:40:00.143, 3, NVIDIA RTX 6000 Ada Generation, 49140 MiB, 17248 MiB, 100 %
2026/03/27 11:40:00.143, 4, NVIDIA RTX 6000 Ada Generation, 49140 MiB, 17260 MiB, 100 %
2026/03/27 11:40:00.143, 5, NVIDIA RTX 6000 Ada Generation, 49140 MiB, 2 MiB, 0 %
2026/03/27 11:40:00.143, 6, NVIDIA RTX 6000 Ada Generation, 49140 MiB, 26558 MiB, 44 %
2026/03/27 11:40:00.143, 7, NVIDIA RTX 6000 Ada Generation, 49140 MiB, 21460 MiB, 100 %
2026/03/27 11:40:01.143, 0, NVIDIA RTX 6000 Ada Generation, 49140 MiB, 15890 MiB, 6 %
2026/03/27 11:40:01.225, 1, NVIDIA RTX 6000 Ada Generation, 49140 MiB, 28983 MiB, 100 %
2026/03/27 11:40:01.226, 2, NVIDIA RTX 6000 Ada Generation, 49140 MiB, 21991 MiB, 100 %
2026/03/27 11:40:01.226, 3, NVIDIA RTX 6000 Ada Generation, 49140 MiB, 17248 MiB, 100 %
2026/03/27 11:40:01.226, 4, NVIDIA RTX 6000 Ada Generation, 49140 MiB, 17260 MiB, 100 %
2026/03/27 11:40:01.226, 5, NVIDIA RTX 6000 Ada Generation, 49140 MiB, 2 MiB, 0 %
2026/03/27 11:40:01.226, 6, NVIDIA RTX 6000 Ada Generation, 49140 MiB, 45774 MiB, 50 %
2026/03/27 11:40:01.226, 7, NVIDIA RTX 6000 Ada Generation, 49140 MiB, 21460 MiB, 100 %
2026/03/27 11:40:02.226, 0, NVIDIA RTX 6000 Ada Generation, 49140 MiB, 15890 MiB, 6 %
2026/03/27 11:40:02.328, 1, NVIDIA RTX 6000 Ada Generation, 49140 MiB, 28983 MiB, 100 %
2026/03/27 11:40:02.330, 2, NVIDIA RTX 6000 Ada Generation, 49140 MiB, 21991 MiB, 100 %
2026/03/27 11:40:02.330, 3, NVIDIA RTX 6000 Ada Generation, 49140 MiB, 17248 MiB, 100 %
2026/03/27 11:40:02.330, 4, NVIDIA RTX 6000 Ada Generation, 49140 MiB, 17260 MiB, 100 %
2026/03/27 11:40:02.330, 5, NVIDIA RTX 6000 Ada Generation, 49140 MiB, 2 MiB, 0 %
2026/03/27 11:40:02.330, 6, NVIDIA RTX 6000 Ada Generation, 49140 MiB, 45774 MiB, 0 %
2026/03/27 11:40:02.482, 7, NVIDIA RTX 6000 Ada Generation, 49140 MiB, 21460 MiB, 100 %
2026/03/27 11:40:03.484, 0, NVIDIA RTX 6000 Ada Generation, 49140 MiB, 15890 MiB, 6 %
2026/03/27 11:40:03.484, 1, NVIDIA RTX 6000 Ada Generation, 49140 MiB, 28983 MiB, 100 %
2026/03/27 11:40:03.484, 2, NVIDIA RTX 6000 Ada Generation, 49140 MiB, 21991 MiB, 100 %
2026/03/27 11:40:03.485, 3, NVIDIA RTX 6000 Ada Generation, 49140 MiB, 17248 MiB, 100 %
2026/03/27 11:40:03.485, 4, NVIDIA RTX 6000 Ada Generation, 49140 MiB, 17260 MiB, 100 %
2026/03/27 11:40:03.485, 5, NVIDIA RTX 6000 Ada Generation, 49140 MiB, 2 MiB, 0 %
2026/03/27 11:40:03.485, 6, NVIDIA RTX 6000 Ada Generation, 49140 MiB, 2 MiB, 100 %
2026/03/27 11:40:03.485, 7, NVIDIA RTX 6000 Ada Generation, 49140 MiB, 21460 MiB, 100 %
2026/03/27 11:40:04.485, 0, NVIDIA RTX 6000 Ada Generation, 49140 MiB, 15890 MiB, 6 %
2026/03/27 11:40:04.485, 1, NVIDIA RTX 6000 Ada Generation, 49140 MiB, 28983 MiB, 100 %
2026/03/27 11:40:04.485, 2, NVIDIA RTX 6000 Ada Generation, 49140 MiB, 21991 MiB, 100 %
2026/03/27 11:40:04.540, 3, NVIDIA RTX 6000 Ada Generation, 49140 MiB, 17248 MiB, 100 %
2026/03/27 11:40:04.541, 4, NVIDIA RTX 6000 Ada Generation, 49140 MiB, 17260 MiB, 100 %
2026/03/27 11:40:04.541, 5, NVIDIA RTX 6000 Ada Generation, 49140 MiB, 2 MiB, 0 %
2026/03/27 11:40:04.541, 6, NVIDIA RTX 6000 Ada Generation, 49140 MiB, 2 MiB, 0 %
2026/03/27 11:40:04.541, 7, NVIDIA RTX 6000 Ada Generation, 49140 MiB, 21460 MiB, 100 %
2026/03/27 11:40:05.541, 0, NVIDIA RTX 6000 Ada Generation, 49140 MiB, 15890 MiB, 0 %
2026/03/27 11:40:05.541, 1, NVIDIA RTX 6000 Ada Generation, 49140 MiB, 28983 MiB, 100 %
2026/03/27 11:40:05.541, 2, NVIDIA RTX 6000 Ada Generation, 49140 MiB, 21991 MiB, 100 %
2026/03/27 11:40:05.541, 3, NVIDIA RTX 6000 Ada Generation, 49140 MiB, 17248 MiB, 100 %
2026/03/27 11:40:05.541, 4, NVIDIA RTX 6000 Ada Generation, 49140 MiB, 17260 MiB, 100 %
2026/03/27 11:40:05.541, 5, NVIDIA RTX 6000 Ada Generation, 49140 MiB, 2 MiB, 0 %
2026/03/27 11:40:05.542, 6, NVIDIA RTX 6000 Ada Generation, 49140 MiB, 2 MiB, 0 %
2026/03/27 11:40:05.542, 7, NVIDIA RTX 6000 Ada Generation, 49140 MiB, 21460 MiB, 100 %
2026/03/27 11:40:06.542, 0, NVIDIA RTX 6000 Ada Generation, 49140 MiB, 15890 MiB, 6 %
2026/03/27 11:40:06.542, 1, NVIDIA RTX 6000 Ada Generation, 49140 MiB, 28983 MiB, 100 %
2026/03/27 11:40:06.542, 2, NVIDIA RTX 6000 Ada Generation, 49140 MiB, 21991 MiB, 100 %
2026/03/27 11:40:06.542, 3, NVIDIA RTX 6000 Ada Generation, 49140 MiB, 17248 MiB, 100 %
2026/03/27 11:40:06.542, 4, NVIDIA RTX 6000 Ada Generation, 49140 MiB, 17260 MiB, 100 %
2026/03/27 11:40:06.542, 5, NVIDIA RTX 6000 Ada Generation, 49140 MiB, 2 MiB, 0 %
2026/03/27 11:40:06.542, 6, NVIDIA RTX 6000 Ada Generation, 49140 MiB, 16254 MiB, 7 %
2026/03/27 11:40:06.542, 7, NVIDIA RTX 6000 Ada Generation, 49140 MiB, 21460 MiB, 100 %
2026/03/27 11:40:07.542, 0, NVIDIA RTX 6000 Ada Generation, 49140 MiB, 15890 MiB, 6 %
2026/03/27 11:40:07.543, 1, NVIDIA RTX 6000 Ada Generation, 49140 MiB, 28983 MiB, 100 %
2026/03/27 11:40:07.543, 2, NVIDIA RTX 6000 Ada Generation, 49140 MiB, 21991 MiB, 100 %
2026/03/27 11:40:07.543, 3, NVIDIA RTX 6000 Ada Generation, 49140 MiB, 17248 MiB, 100 %
2026/03/27 11:40:07.543, 4, NVIDIA RTX 6000 Ada Generation, 49140 MiB, 17260 MiB, 100 %
2026/03/27 11:40:07.762, 5, NVIDIA RTX 6000 Ada Generation, 49140 MiB, 2 MiB, 0 %
2026/03/27 11:40:07.763, 6, NVIDIA RTX 6000 Ada Generation, 49140 MiB, 16254 MiB, 13 %
2026/03/27 11:40:07.763, 7, NVIDIA RTX 6000 Ada Generation, 49140 MiB, 21460 MiB, 100 %
2026/03/27 11:40:08.763, 0, NVIDIA RTX 6000 Ada Generation, 49140 MiB, 15890 MiB, 0 %
2026/03/27 11:40:08.763, 1, NVIDIA RTX 6000 Ada Generation, 49140 MiB, 28983 MiB, 100 %
2026/03/27 11:40:08.763, 2, NVIDIA RTX 6000 Ada Generation, 49140 MiB, 21991 MiB, 100 %
2026/03/27 11:40:08.763, 3, NVIDIA RTX 6000 Ada Generation, 49140 MiB, 17248 MiB, 100 %
2026/03/27 11:40:08.763, 4, NVIDIA RTX 6000 Ada Generation, 49140 MiB, 17260 MiB, 100 %
2026/03/27 11:40:08.763, 5, NVIDIA RTX 6000 Ada Generation, 49140 MiB, 2 MiB, 0 %
2026/03/27 11:40:08.763, 6, NVIDIA RTX 6000 Ada Generation, 49140 MiB, 16254 MiB, 14 %
2026/03/27 11:40:08.763, 7, NVIDIA RTX 6000 Ada Generation, 49140 MiB, 21460 MiB, 100 %
2026/03/27 11:40:09.764, 0, NVIDIA RTX 6000 Ada Generation, 49140 MiB, 15890 MiB, 6 %
2026/03/27 11:40:09.764, 1, NVIDIA RTX 6000 Ada Generation, 49140 MiB, 28983 MiB, 100 %
2026/03/27 11:40:09.915, 2, NVIDIA RTX 6000 Ada Generation, 49140 MiB, 21991 MiB, 100 %
2026/03/27 11:40:09.915, 3, NVIDIA RTX 6000 Ada Generation, 49140 MiB, 17248 MiB, 100 %
2026/03/27 11:40:09.915, 4, NVIDIA RTX 6000 Ada Generation, 49140 MiB, 17260 MiB, 100 %
2026/03/27 11:40:09.915, 5, NVIDIA RTX 6000 Ada Generation, 49140 MiB, 2 MiB, 0 %
2026/03/27 11:40:09.915, 6, NVIDIA RTX 6000 Ada Generation, 49140 MiB, 16254 MiB, 14 %
2026/03/27 11:40:09.916, 7, NVIDIA RTX 6000 Ada Generation, 49140 MiB, 21460 MiB, 100 %
2026/03/27 11:40:10.916, 0, NVIDIA RTX 6000 Ada Generation, 49140 MiB, 15890 MiB, 0 %
2026/03/27 11:40:10.916, 1, NVIDIA RTX 6000 Ada Generation, 49140 MiB, 28983 MiB, 100 %
2026/03/27 11:40:10.916, 2, NVIDIA RTX 6000 Ada Generation, 49140 MiB, 21991 MiB, 100 %
2026/03/27 11:40:10.916, 3, NVIDIA RTX 6000 Ada Generation, 49140 MiB, 17248 MiB, 100 %
2026/03/27 11:40:10.916, 4, NVIDIA RTX 6000 Ada Generation, 49140 MiB, 17260 MiB, 100 %
2026/03/27 11:40:10.916, 5, NVIDIA RTX 6000 Ada Generation, 49140 MiB, 2 MiB, 0 %
2026/03/27 11:40:10.916, 6, NVIDIA RTX 6000 Ada Generation, 49140 MiB, 16254 MiB, 14 %
2026/03/27 11:40:10.916, 7, NVIDIA RTX 6000 Ada Generation, 49140 MiB, 21460 MiB, 100 %
2026/03/27 11:40:12.092, 0, NVIDIA RTX 6000 Ada Generation, 49140 MiB, 15890 MiB, 92 %
2026/03/27 11:40:12.092, 1, NVIDIA RTX 6000 Ada Generation, 49140 MiB, 28983 MiB, 100 %
2026/03/27 11:40:12.092, 2, NVIDIA RTX 6000 Ada Generation, 49140 MiB, 21991 MiB, 100 %
2026/03/27 11:40:12.092, 3, NVIDIA RTX 6000 Ada Generation, 49140 MiB, 17248 MiB, 100 %
2026/03/27 11:40:12.093, 4, NVIDIA RTX 6000 Ada Generation, 49140 MiB, 17260 MiB, 100 %
2026/03/27 11:40:12.093, 5, NVIDIA RTX 6000 Ada Generation, 49140 MiB, 2 MiB, 0 %
2026/03/27 11:40:12.093, 6, NVIDIA RTX 6000 Ada Generation, 49140 MiB, 16254 MiB, 0 %
2026/03/27 11:40:12.093, 7, NVIDIA RTX 6000 Ada Generation, 49140 MiB, 21460 MiB, 100 %
2026/03/27 11:40:13.093, 0, NVIDIA RTX 6000 Ada Generation, 49140 MiB, 15890 MiB, 92 %
2026/03/27 11:40:13.093, 1, NVIDIA RTX 6000 Ada Generation, 49140 MiB, 28983 MiB, 100 %
2026/03/27 11:40:13.093, 2, NVIDIA RTX 6000 Ada Generation, 49140 MiB, 21991 MiB, 100 %
2026/03/27 11:40:13.107, 3, NVIDIA RTX 6000 Ada Generation, 49140 MiB, 17248 MiB, 100 %
2026/03/27 11:40:13.108, 4, NVIDIA RTX 6000 Ada Generation, 49140 MiB, 17260 MiB, 100 %
2026/03/27 11:40:13.108, 5, NVIDIA RTX 6000 Ada Generation, 49140 MiB, 2 MiB, 0 %
2026/03/27 11:40:13.108, 6, NVIDIA RTX 6000 Ada Generation, 49140 MiB, 16254 MiB, 0 %
2026/03/27 11:40:13.108, 7, NVIDIA RTX 6000 Ada Generation, 49140 MiB, 21460 MiB, 100 %
2026/03/27 11:40:14.108, 0, NVIDIA RTX 6000 Ada Generation, 49140 MiB, 15890 MiB, 90 %
2026/03/27 11:40:14.108, 1, NVIDIA RTX 6000 Ada Generation, 49140 MiB, 28983 MiB, 100 %
2026/03/27 11:40:14.108, 2, NVIDIA RTX 6000 Ada Generation, 49140 MiB, 21991 MiB, 100 %
2026/03/27 11:40:14.109, 3, NVIDIA RTX 6000 Ada Generation, 49140 MiB, 17248 MiB, 100 %
2026/03/27 11:40:14.109, 4, NVIDIA RTX 6000 Ada Generation, 49140 MiB, 17260 MiB, 100 %
2026/03/27 11:40:14.109, 5, NVIDIA RTX 6000 Ada Generation, 49140 MiB, 2 MiB, 0 %
2026/03/27 11:40:14.109, 6, NVIDIA RTX 6000 Ada Generation, 49140 MiB, 16254 MiB, 0 %
2026/03/27 11:40:14.109, 7, NVIDIA RTX 6000 Ada Generation, 49140 MiB, 21460 MiB, 100 %
2026/03/27 11:40:15.109, 0, NVIDIA RTX 6000 Ada Generation, 49140 MiB, 15890 MiB, 77 %
2026/03/27 11:40:15.109, 1, NVIDIA RTX 6000 Ada Generation, 49140 MiB, 28983 MiB, 100 %
2026/03/27 11:40:15.109, 2, NVIDIA RTX 6000 Ada Generation, 49140 MiB, 21991 MiB, 100 %
2026/03/27 11:40:15.109, 3, NVIDIA RTX 6000 Ada Generation, 49140 MiB, 17248 MiB, 100 %
2026/03/27 11:40:15.109, 4, NVIDIA RTX 6000 Ada Generation, 49140 MiB, 17260 MiB, 99 %
2026/03/27 11:40:15.109, 5, NVIDIA RTX 6000 Ada Generation, 49140 MiB, 2 MiB, 0 %
2026/03/27 11:40:15.109, 6, NVIDIA RTX 6000 Ada Generation, 49140 MiB, 16254 MiB, 0 %
2026/03/27 11:40:15.110, 7, NVIDIA RTX 6000 Ada Generation, 49140 MiB, 21460 MiB, 100 %
2026/03/27 11:40:16.110, 0, NVIDIA RTX 6000 Ada Generation, 49140 MiB, 15890 MiB, 6 %
2026/03/27 11:40:16.110, 1, NVIDIA RTX 6000 Ada Generation, 49140 MiB, 28983 MiB, 100 %
2026/03/27 11:40:16.110, 2, NVIDIA RTX 6000 Ada Generation, 49140 MiB, 21991 MiB, 100 %
2026/03/27 11:40:16.110, 3, NVIDIA RTX 6000 Ada Generation, 49140 MiB, 17248 MiB, 99 %
2026/03/27 11:40:16.110, 4, NVIDIA RTX 6000 Ada Generation, 49140 MiB, 17260 MiB, 100 %
2026/03/27 11:40:16.322, 5, NVIDIA RTX 6000 Ada Generation, 49140 MiB, 2 MiB, 0 %
2026/03/27 11:40:16.322, 6, NVIDIA RTX 6000 Ada Generation, 49140 MiB, 16254 MiB, 0 %
2026/03/27 11:40:16.323, 7, NVIDIA RTX 6000 Ada Generation, 49140 MiB, 21460 MiB, 100 %
2026/03/27 11:40:17.323, 0, NVIDIA RTX 6000 Ada Generation, 49140 MiB, 15890 MiB, 6 %
2026/03/27 11:40:17.323, 1, NVIDIA RTX 6000 Ada Generation, 49140 MiB, 28983 MiB, 100 %
2026/03/27 11:40:17.323, 2, NVIDIA RTX 6000 Ada Generation, 49140 MiB, 21991 MiB, 100 %
2026/03/27 11:40:17.323, 3, NVIDIA RTX 6000 Ada Generation, 49140 MiB, 17248 MiB, 100 %
2026/03/27 11:40:17.323, 4, NVIDIA RTX 6000 Ada Generation, 49140 MiB, 17260 MiB, 100 %
2026/03/27 11:40:17.323, 5, NVIDIA RTX 6000 Ada Generation, 49140 MiB, 2 MiB, 0 %
2026/03/27 11:40:17.323, 6, NVIDIA RTX 6000 Ada Generation, 49140 MiB, 16254 MiB, 0 %
2026/03/27 11:40:17.323, 7, NVIDIA RTX 6000 Ada Generation, 49140 MiB, 21460 MiB, 100 %
2026/03/27 11:40:18.323, 0, NVIDIA RTX 6000 Ada Generation, 49140 MiB, 15890 MiB, 0 %
2026/03/27 11:40:18.324, 1, NVIDIA RTX 6000 Ada Generation, 49140 MiB, 28983 MiB, 100 %
2026/03/27 11:40:18.415, 2, NVIDIA RTX 6000 Ada Generation, 49140 MiB, 21991 MiB, 100 %
2026/03/27 11:40:18.416, 3, NVIDIA RTX 6000 Ada Generation, 49140 MiB, 17248 MiB, 100 %
2026/03/27 11:40:18.416, 4, NVIDIA RTX 6000 Ada Generation, 49140 MiB, 17260 MiB, 100 %
2026/03/27 11:40:18.416, 5, NVIDIA RTX 6000 Ada Generation, 49140 MiB, 2 MiB, 0 %
2026/03/27 11:40:18.416, 6, NVIDIA RTX 6000 Ada Generation, 49140 MiB, 16254 MiB, 0 %
2026/03/27 11:40:18.416, 7, NVIDIA RTX 6000 Ada Generation, 49140 MiB, 21460 MiB, 100 %
2026/03/27 11:40:19.416, 0, NVIDIA RTX 6000 Ada Generation, 49140 MiB, 15890 MiB, 0 %
2026/03/27 11:40:19.416, 1, NVIDIA RTX 6000 Ada Generation, 49140 MiB, 28983 MiB, 100 %
2026/03/27 11:40:19.416, 2, NVIDIA RTX 6000 Ada Generation, 49140 MiB, 21991 MiB, 100 %
2026/03/27 11:40:19.416, 3, NVIDIA RTX 6000 Ada Generation, 49140 MiB, 17248 MiB, 99 %
2026/03/27 11:40:19.416, 4, NVIDIA RTX 6000 Ada Generation, 49140 MiB, 17260 MiB, 100 %
2026/03/27 11:40:19.417, 5, NVIDIA RTX 6000 Ada Generation, 49140 MiB, 2 MiB, 0 %
2026/03/27 11:40:19.417, 6, NVIDIA RTX 6000 Ada Generation, 49140 MiB, 16254 MiB, 0 %
2026/03/27 11:40:19.417, 7, NVIDIA RTX 6000 Ada Generation, 49140 MiB, 21460 MiB, 100 %
2026/03/27 11:40:20.571, 0, NVIDIA RTX 6000 Ada Generation, 49140 MiB, 15890 MiB, 95 %
2026/03/27 11:40:20.571, 1, NVIDIA RTX 6000 Ada Generation, 49140 MiB, 28983 MiB, 99 %
2026/03/27 11:40:20.571, 2, NVIDIA RTX 6000 Ada Generation, 49140 MiB, 21991 MiB, 100 %
2026/03/27 11:40:20.571, 3, NVIDIA RTX 6000 Ada Generation, 49140 MiB, 17248 MiB, 100 %
2026/03/27 11:40:20.571, 4, NVIDIA RTX 6000 Ada Generation, 49140 MiB, 17260 MiB, 100 %
2026/03/27 11:40:20.571, 5, NVIDIA RTX 6000 Ada Generation, 49140 MiB, 2 MiB, 0 %
2026/03/27 11:40:20.571, 6, NVIDIA RTX 6000 Ada Generation, 49140 MiB, 16254 MiB, 0 %
2026/03/27 11:40:20.572, 7, NVIDIA RTX 6000 Ada Generation, 49140 MiB, 21460 MiB, 100 %
2026/03/27 11:40:21.572, 0, NVIDIA RTX 6000 Ada Generation, 49140 MiB, 15890 MiB, 90 %
2026/03/27 11:40:21.572, 1, NVIDIA RTX 6000 Ada Generation, 49140 MiB, 28983 MiB, 100 %
2026/03/27 11:40:21.572, 2, NVIDIA RTX 6000 Ada Generation, 49140 MiB, 21991 MiB, 100 %
2026/03/27 11:40:21.610, 3, NVIDIA RTX 6000 Ada Generation, 49140 MiB, 17248 MiB, 100 %
2026/03/27 11:40:21.610, 4, NVIDIA RTX 6000 Ada Generation, 49140 MiB, 17260 MiB, 100 %
2026/03/27 11:40:21.610, 5, NVIDIA RTX 6000 Ada Generation, 49140 MiB, 2 MiB, 0 %
2026/03/27 11:40:21.611, 6, NVIDIA RTX 6000 Ada Generation, 49140 MiB, 16254 MiB, 0 %
2026/03/27 11:40:21.611, 7, NVIDIA RTX 6000 Ada Generation, 49140 MiB, 21460 MiB, 100 %
2026/03/27 11:40:22.611, 0, NVIDIA RTX 6000 Ada Generation, 49140 MiB, 15890 MiB, 0 %
2026/03/27 11:40:22.611, 1, NVIDIA RTX 6000 Ada Generation, 49140 MiB, 28983 MiB, 100 %
2026/03/27 11:40:22.611, 2, NVIDIA RTX 6000 Ada Generation, 49140 MiB, 21991 MiB, 100 %
2026/03/27 11:40:22.611, 3, NVIDIA RTX 6000 Ada Generation, 49140 MiB, 17248 MiB, 100 %
2026/03/27 11:40:22.611, 4, NVIDIA RTX 6000 Ada Generation, 49140 MiB, 17260 MiB, 100 %
2026/03/27 11:40:22.611, 5, NVIDIA RTX 6000 Ada Generation, 49140 MiB, 2 MiB, 0 %
2026/03/27 11:40:22.611, 6, NVIDIA RTX 6000 Ada Generation, 49140 MiB, 16254 MiB, 0 %
2026/03/27 11:40:22.611, 7, NVIDIA RTX 6000 Ada Generation, 49140 MiB, 21460 MiB, 100 %
2026/03/27 11:40:23.612, 0, NVIDIA RTX 6000 Ada Generation, 49140 MiB, 15890 MiB, 6 %
2026/03/27 11:40:23.612, 1, NVIDIA RTX 6000 Ada Generation, 49140 MiB, 28983 MiB, 100 %
2026/03/27 11:40:23.613, 2, NVIDIA RTX 6000 Ada Generation, 49140 MiB, 21991 MiB, 100 %
2026/03/27 11:40:23.613, 3, NVIDIA RTX 6000 Ada Generation, 49140 MiB, 17248 MiB, 100 %
2026/03/27 11:40:23.614, 4, NVIDIA RTX 6000 Ada Generation, 49140 MiB, 17260 MiB, 100 %
2026/03/27 11:40:23.614, 5, NVIDIA RTX 6000 Ada Generation, 49140 MiB, 2 MiB, 0 %
2026/03/27 11:40:23.614, 6, NVIDIA RTX 6000 Ada Generation, 49140 MiB, 16254 MiB, 0 %
2026/03/27 11:40:23.614, 7, NVIDIA RTX 6000 Ada Generation, 49140 MiB, 21460 MiB, 100 %
2026/03/27 11:40:24.614, 0, NVIDIA RTX 6000 Ada Generation, 49140 MiB, 15890 MiB, 6 %
2026/03/27 11:40:24.614, 1, NVIDIA RTX 6000 Ada Generation, 49140 MiB, 28983 MiB, 100 %
2026/03/27 11:40:24.614, 2, NVIDIA RTX 6000 Ada Generation, 49140 MiB, 21991 MiB, 100 %
2026/03/27 11:40:24.614, 3, NVIDIA RTX 6000 Ada Generation, 49140 MiB, 17248 MiB, 100 %
2026/03/27 11:40:24.630, 4, NVIDIA RTX 6000 Ada Generation, 49140 MiB, 17260 MiB, 100 %
2026/03/27 11:40:24.630, 5, NVIDIA RTX 6000 Ada Generation, 49140 MiB, 2 MiB, 0 %
2026/03/27 11:40:24.630, 6, NVIDIA RTX 6000 Ada Generation, 49140 MiB, 16254 MiB, 0 %
2026/03/27 11:40:24.630, 7, NVIDIA RTX 6000 Ada Generation, 49140 MiB, 21460 MiB, 100 %
2026/03/27 11:40:25.630, 0, NVIDIA RTX 6000 Ada Generation, 49140 MiB, 15890 MiB, 1 %
2026/03/27 11:40:25.631, 1, NVIDIA RTX 6000 Ada Generation, 49140 MiB, 28983 MiB, 100 %
2026/03/27 11:40:25.631, 2, NVIDIA RTX 6000 Ada Generation, 49140 MiB, 21991 MiB, 100 %
2026/03/27 11:40:25.631, 3, NVIDIA RTX 6000 Ada Generation, 49140 MiB, 17248 MiB, 100 %
2026/03/27 11:40:25.631, 4, NVIDIA RTX 6000 Ada Generation, 49140 MiB, 17260 MiB, 100 %
2026/03/27 11:40:25.631, 5, NVIDIA RTX 6000 Ada Generation, 49140 MiB, 2 MiB, 0 %
2026/03/27 11:40:25.631, 6, NVIDIA RTX 6000 Ada Generation, 49140 MiB, 16254 MiB, 0 %
2026/03/27 11:40:25.631, 7, NVIDIA RTX 6000 Ada Generation, 49140 MiB, 21460 MiB, 100 %
2026/03/27 11:40:26.631, 0, NVIDIA RTX 6000 Ada Generation, 49140 MiB, 15890 MiB, 6 %
2026/03/27 11:40:26.693, 1, NVIDIA RTX 6000 Ada Generation, 49140 MiB, 28983 MiB, 100 %
2026/03/27 11:40:26.693, 2, NVIDIA RTX 6000 Ada Generation, 49140 MiB, 21991 MiB, 100 %
2026/03/27 11:40:26.693, 3, NVIDIA RTX 6000 Ada Generation, 49140 MiB, 17248 MiB, 98 %
2026/03/27 11:40:26.693, 4, NVIDIA RTX 6000 Ada Generation, 49140 MiB, 17260 MiB, 100 %
2026/03/27 11:40:26.693, 5, NVIDIA RTX 6000 Ada Generation, 49140 MiB, 2 MiB, 0 %
2026/03/27 11:40:26.693, 6, NVIDIA RTX 6000 Ada Generation, 49140 MiB, 16254 MiB, 0 %
2026/03/27 11:40:26.693, 7, NVIDIA RTX 6000 Ada Generation, 49140 MiB, 21460 MiB, 100 %
2026/03/27 11:40:27.694, 0, NVIDIA RTX 6000 Ada Generation, 49140 MiB, 15890 MiB, 6 %
2026/03/27 11:40:27.694, 1, NVIDIA RTX 6000 Ada Generation, 49140 MiB, 28983 MiB, 100 %
2026/03/27 11:40:27.694, 2, NVIDIA RTX 6000 Ada Generation, 49140 MiB, 21991 MiB, 100 %
2026/03/27 11:40:27.694, 3, NVIDIA RTX 6000 Ada Generation, 49140 MiB, 17248 MiB, 100 %
2026/03/27 11:40:27.694, 4, NVIDIA RTX 6000 Ada Generation, 49140 MiB, 17260 MiB, 100 %
2026/03/27 11:40:27.694, 5, NVIDIA RTX 6000 Ada Generation, 49140 MiB, 2 MiB, 0 %
2026/03/27 11:40:27.786, 6, NVIDIA RTX 6000 Ada Generation, 49140 MiB, 16254 MiB, 0 %
2026/03/27 11:40:27.786, 7, NVIDIA RTX 6000 Ada Generation, 49140 MiB, 21460 MiB, 100 %
2026/03/27 11:40:28.786, 0, NVIDIA RTX 6000 Ada Generation, 49140 MiB, 15890 MiB, 0 %
2026/03/27 11:40:28.786, 1, NVIDIA RTX 6000 Ada Generation, 49140 MiB, 28983 MiB, 100 %
2026/03/27 11:40:28.786, 2, NVIDIA RTX 6000 Ada Generation, 49140 MiB, 21991 MiB, 100 %
2026/03/27 11:40:28.786, 3, NVIDIA RTX 6000 Ada Generation, 49140 MiB, 17248 MiB, 100 %
2026/03/27 11:40:28.787, 4, NVIDIA RTX 6000 Ada Generation, 49140 MiB, 17260 MiB, 100 %
2026/03/27 11:40:28.787, 5, NVIDIA RTX 6000 Ada Generation, 49140 MiB, 2 MiB, 0 %
2026/03/27 11:40:28.787, 6, NVIDIA RTX 6000 Ada Generation, 49140 MiB, 16254 MiB, 0 %
2026/03/27 11:40:28.787, 7, NVIDIA RTX 6000 Ada Generation, 49140 MiB, 21460 MiB, 100 %
2026/03/27 11:40:29.787, 0, NVIDIA RTX 6000 Ada Generation, 49140 MiB, 15890 MiB, 6 %
2026/03/27 11:40:29.787, 1, NVIDIA RTX 6000 Ada Generation, 49140 MiB, 28983 MiB, 100 %
2026/03/27 11:40:29.787, 2, NVIDIA RTX 6000 Ada Generation, 49140 MiB, 21991 MiB, 100 %
2026/03/27 11:40:29.998, 3, NVIDIA RTX 6000 Ada Generation, 49140 MiB, 17248 MiB, 100 %
2026/03/27 11:40:29.998, 4, NVIDIA RTX 6000 Ada Generation, 49140 MiB, 17260 MiB, 100 %
2026/03/27 11:40:29.998, 5, NVIDIA RTX 6000 Ada Generation, 49140 MiB, 2 MiB, 0 %
2026/03/27 11:40:29.998, 6, NVIDIA RTX 6000 Ada Generation, 49140 MiB, 16254 MiB, 0 %
2026/03/27 11:40:29.998, 7, NVIDIA RTX 6000 Ada Generation, 49140 MiB, 21460 MiB, 100 %
2026/03/27 11:40:30.998, 0, NVIDIA RTX 6000 Ada Generation, 49140 MiB, 15890 MiB, 6 %
2026/03/27 11:40:30.999, 1, NVIDIA RTX 6000 Ada Generation, 49140 MiB, 28983 MiB, 100 %
2026/03/27 11:40:30.999, 2, NVIDIA RTX 6000 Ada Generation, 49140 MiB, 21991 MiB, 100 %
2026/03/27 11:40:30.999, 3, NVIDIA RTX 6000 Ada Generation, 49140 MiB, 17248 MiB, 99 %
2026/03/27 11:40:30.999, 4, NVIDIA RTX 6000 Ada Generation, 49140 MiB, 17260 MiB, 100 %
2026/03/27 11:40:30.999, 5, NVIDIA RTX 6000 Ada Generation, 49140 MiB, 2 MiB, 0 %
2026/03/27 11:40:30.999, 6, NVIDIA RTX 6000 Ada Generation, 49140 MiB, 18988 MiB, 0 %
2026/03/27 11:40:30.999, 7, NVIDIA RTX 6000 Ada Generation, 49140 MiB, 21460 MiB, 100 %
2026/03/27 11:40:31.999, 0, NVIDIA RTX 6000 Ada Generation, 49140 MiB, 15890 MiB, 0 %
2026/03/27 11:40:31.999, 1, NVIDIA RTX 6000 Ada Generation, 49140 MiB, 28983 MiB, 100 %
2026/03/27 11:40:31.999, 2, NVIDIA RTX 6000 Ada Generation, 49140 MiB, 21991 MiB, 100 %
2026/03/27 11:40:32.000, 3, NVIDIA RTX 6000 Ada Generation, 49140 MiB, 17248 MiB, 100 %
2026/03/27 11:40:32.000, 4, NVIDIA RTX 6000 Ada Generation, 49140 MiB, 17260 MiB, 100 %
2026/03/27 11:40:32.000, 5, NVIDIA RTX 6000 Ada Generation, 49140 MiB, 2 MiB, 0 %
2026/03/27 11:40:32.000, 6, NVIDIA RTX 6000 Ada Generation, 49140 MiB, 45774 MiB, 100 %
2026/03/27 11:40:32.000, 7, NVIDIA RTX 6000 Ada Generation, 49140 MiB, 21460 MiB, 100 %
2026/03/27 11:40:33.000, 0, NVIDIA RTX 6000 Ada Generation, 49140 MiB, 15890 MiB, 0 %
2026/03/27 11:40:33.202, 1, NVIDIA RTX 6000 Ada Generation, 49140 MiB, 28983 MiB, 100 %
2026/03/27 11:40:33.364, 2, NVIDIA RTX 6000 Ada Generation, 49140 MiB, 21991 MiB, 100 %
2026/03/27 11:40:33.366, 3, NVIDIA RTX 6000 Ada Generation, 49140 MiB, 17248 MiB, 100 %
2026/03/27 11:40:33.509, 4, NVIDIA RTX 6000 Ada Generation, 49140 MiB, 17260 MiB, 100 %
2026/03/27 11:40:33.700, 5, NVIDIA RTX 6000 Ada Generation, 49140 MiB, 2 MiB, 0 %
2026/03/27 11:40:33.707, 6, NVIDIA RTX 6000 Ada Generation, 49140 MiB, 45774 MiB, 0 %
2026/03/27 11:40:33.711, 7, NVIDIA RTX 6000 Ada Generation, 49140 MiB, 21460 MiB, 100 %
2026/03/27 11:40:34.718, 0, NVIDIA RTX 6000 Ada Generation, 49140 MiB, 15890 MiB, 90 %
2026/03/27 11:40:34.718, 1, NVIDIA RTX 6000 Ada Generation, 49140 MiB, 28983 MiB, 100 %
2026/03/27 11:40:34.718, 2, NVIDIA RTX 6000 Ada Generation, 49140 MiB, 21991 MiB, 100 %
2026/03/27 11:40:34.718, 3, NVIDIA RTX 6000 Ada Generation, 49140 MiB, 17248 MiB, 99 %
2026/03/27 11:40:34.718, 4, NVIDIA RTX 6000 Ada Generation, 49140 MiB, 17260 MiB, 100 %
2026/03/27 11:40:34.718, 5, NVIDIA RTX 6000 Ada Generation, 49140 MiB, 2 MiB, 0 %
2026/03/27 11:40:34.718, 6, NVIDIA RTX 6000 Ada Generation, 49140 MiB, 2 MiB, 0 %
2026/03/27 11:40:34.718, 7, NVIDIA RTX 6000 Ada Generation, 49140 MiB, 21460 MiB, 100 %
2026/03/27 11:40:35.718, 0, NVIDIA RTX 6000 Ada Generation, 49140 MiB, 15890 MiB, 0 %
2026/03/27 11:40:35.719, 1, NVIDIA RTX 6000 Ada Generation, 49140 MiB, 28983 MiB, 100 %
2026/03/27 11:40:35.719, 2, NVIDIA RTX 6000 Ada Generation, 49140 MiB, 21991 MiB, 100 %
2026/03/27 11:40:35.719, 3, NVIDIA RTX 6000 Ada Generation, 49140 MiB, 17248 MiB, 100 %
2026/03/27 11:40:35.848, 4, NVIDIA RTX 6000 Ada Generation, 49140 MiB, 17260 MiB, 100 %
2026/03/27 11:40:35.848, 5, NVIDIA RTX 6000 Ada Generation, 49140 MiB, 2 MiB, 0 %
2026/03/27 11:40:35.849, 6, NVIDIA RTX 6000 Ada Generation, 49140 MiB, 2 MiB, 0 %
2026/03/27 11:40:35.849, 7, NVIDIA RTX 6000 Ada Generation, 49140 MiB, 21460 MiB, 100 %
2026/03/27 11:40:36.849, 0, NVIDIA RTX 6000 Ada Generation, 49140 MiB, 15890 MiB, 6 %
2026/03/27 11:40:36.849, 1, NVIDIA RTX 6000 Ada Generation, 49140 MiB, 28983 MiB, 100 %
2026/03/27 11:40:36.849, 2, NVIDIA RTX 6000 Ada Generation, 49140 MiB, 21991 MiB, 100 %
2026/03/27 11:40:36.849, 3, NVIDIA RTX 6000 Ada Generation, 49140 MiB, 17248 MiB, 100 %
2026/03/27 11:40:36.849, 4, NVIDIA RTX 6000 Ada Generation, 49140 MiB, 17260 MiB, 100 %
2026/03/27 11:40:36.849, 5, NVIDIA RTX 6000 Ada Generation, 49140 MiB, 2 MiB, 0 %
2026/03/27 11:40:36.849, 6, NVIDIA RTX 6000 Ada Generation, 49140 MiB, 2 MiB, 0 %
2026/03/27 11:40:36.849, 7, NVIDIA RTX 6000 Ada Generation, 49140 MiB, 21460 MiB, 100 %
2026/03/27 11:40:37.850, 0, NVIDIA RTX 6000 Ada Generation, 49140 MiB, 15890 MiB, 0 %
2026/03/27 11:40:37.909, 1, NVIDIA RTX 6000 Ada Generation, 49140 MiB, 28983 MiB, 100 %
2026/03/27 11:40:37.909, 2, NVIDIA RTX 6000 Ada Generation, 49140 MiB, 21991 MiB, 100 %
2026/03/27 11:40:37.909, 3, NVIDIA RTX 6000 Ada Generation, 49140 MiB, 17248 MiB, 100 %
2026/03/27 11:40:37.910, 4, NVIDIA RTX 6000 Ada Generation, 49140 MiB, 17260 MiB, 100 %
2026/03/27 11:40:37.910, 5, NVIDIA RTX 6000 Ada Generation, 49140 MiB, 2 MiB, 0 %
2026/03/27 11:40:37.910, 6, NVIDIA RTX 6000 Ada Generation, 49140 MiB, 4 MiB, 0 %
2026/03/27 11:40:37.910, 7, NVIDIA RTX 6000 Ada Generation, 49140 MiB, 21460 MiB, 100 %
2026/03/27 11:40:38.910, 0, NVIDIA RTX 6000 Ada Generation, 49140 MiB, 15890 MiB, 6 %
2026/03/27 11:40:39.014, 1, NVIDIA RTX 6000 Ada Generation, 49140 MiB, 28983 MiB, 100 %
2026/03/27 11:40:39.017, 2, NVIDIA RTX 6000 Ada Generation, 49140 MiB, 21991 MiB, 100 %
2026/03/27 11:40:39.174, 3, NVIDIA RTX 6000 Ada Generation, 49140 MiB, 17248 MiB, 100 %
2026/03/27 11:40:39.369, 4, NVIDIA RTX 6000 Ada Generation, 49140 MiB, 17260 MiB, 100 %
2026/03/27 11:40:39.371, 5, NVIDIA RTX 6000 Ada Generation, 49140 MiB, 2 MiB, 0 %
2026/03/27 11:40:39.372, 6, NVIDIA RTX 6000 Ada Generation, 49140 MiB, 4 MiB, 0 %
2026/03/27 11:40:39.374, 7, NVIDIA RTX 6000 Ada Generation, 49140 MiB, 21460 MiB, 100 %
2026/03/27 11:40:40.375, 0, NVIDIA RTX 6000 Ada Generation, 49140 MiB, 15890 MiB, 0 %
2026/03/27 11:40:40.375, 1, NVIDIA RTX 6000 Ada Generation, 49140 MiB, 28983 MiB, 100 %
2026/03/27 11:40:40.375, 2, NVIDIA RTX 6000 Ada Generation, 49140 MiB, 21991 MiB, 100 %
2026/03/27 11:40:40.375, 3, NVIDIA RTX 6000 Ada Generation, 49140 MiB, 17248 MiB, 100 %
2026/03/27 11:40:40.375, 4, NVIDIA RTX 6000 Ada Generation, 49140 MiB, 17260 MiB, 100 %
2026/03/27 11:40:40.375, 5, NVIDIA RTX 6000 Ada Generation, 49140 MiB, 2 MiB, 0 %
2026/03/27 11:40:40.375, 6, NVIDIA RTX 6000 Ada Generation, 49140 MiB, 16254 MiB, 23 %
2026/03/27 11:40:40.375, 7, NVIDIA RTX 6000 Ada Generation, 49140 MiB, 21460 MiB, 100 %
2026/03/27 11:40:41.376, 0, NVIDIA RTX 6000 Ada Generation, 49140 MiB, 15890 MiB, 0 %
2026/03/27 11:40:41.376, 1, NVIDIA RTX 6000 Ada Generation, 49140 MiB, 28983 MiB, 100 %
2026/03/27 11:40:41.376, 2, NVIDIA RTX 6000 Ada Generation, 49140 MiB, 21991 MiB, 100 %
2026/03/27 11:40:41.427, 3, NVIDIA RTX 6000 Ada Generation, 49140 MiB, 17248 MiB, 100 %
2026/03/27 11:40:41.427, 4, NVIDIA RTX 6000 Ada Generation, 49140 MiB, 17260 MiB, 100 %
2026/03/27 11:40:41.427, 5, NVIDIA RTX 6000 Ada Generation, 49140 MiB, 2 MiB, 0 %
2026/03/27 11:40:41.427, 6, NVIDIA RTX 6000 Ada Generation, 49140 MiB, 16254 MiB, 13 %
2026/03/27 11:40:41.428, 7, NVIDIA RTX 6000 Ada Generation, 49140 MiB, 21460 MiB, 100 %
2026/03/27 11:40:42.428, 0, NVIDIA RTX 6000 Ada Generation, 49140 MiB, 15890 MiB, 95 %
2026/03/27 11:40:42.428, 1, NVIDIA RTX 6000 Ada Generation, 49140 MiB, 28983 MiB, 100 %
2026/03/27 11:40:42.428, 2, NVIDIA RTX 6000 Ada Generation, 49140 MiB, 21991 MiB, 100 %
2026/03/27 11:40:42.428, 3, NVIDIA RTX 6000 Ada Generation, 49140 MiB, 17248 MiB, 100 %
2026/03/27 11:40:42.428, 4, NVIDIA RTX 6000 Ada Generation, 49140 MiB, 17260 MiB, 100 %
2026/03/27 11:40:42.428, 5, NVIDIA RTX 6000 Ada Generation, 49140 MiB, 2 MiB, 0 %
2026/03/27 11:40:42.428, 6, NVIDIA RTX 6000 Ada Generation, 49140 MiB, 16254 MiB, 13 %
2026/03/27 11:40:42.428, 7, NVIDIA RTX 6000 Ada Generation, 49140 MiB, 21460 MiB, 100 %
2026/03/27 11:40:43.428, 0, NVIDIA RTX 6000 Ada Generation, 49140 MiB, 15890 MiB, 90 %
2026/03/27 11:40:43.429, 1, NVIDIA RTX 6000 Ada Generation, 49140 MiB, 28983 MiB, 100 %
2026/03/27 11:40:43.429, 2, NVIDIA RTX 6000 Ada Generation, 49140 MiB, 21991 MiB, 100 %
2026/03/27 11:40:43.429, 3, NVIDIA RTX 6000 Ada Generation, 49140 MiB, 17248 MiB, 100 %
2026/03/27 11:40:43.429, 4, NVIDIA RTX 6000 Ada Generation, 49140 MiB, 17260 MiB, 100 %
2026/03/27 11:40:43.429, 5, NVIDIA RTX 6000 Ada Generation, 49140 MiB, 2 MiB, 0 %
2026/03/27 11:40:43.429, 6, NVIDIA RTX 6000 Ada Generation, 49140 MiB, 16254 MiB, 14 %
2026/03/27 11:40:43.429, 7, NVIDIA RTX 6000 Ada Generation, 49140 MiB, 21460 MiB, 100 %
2026/03/27 11:40:44.429, 0, NVIDIA RTX 6000 Ada Generation, 49140 MiB, 15890 MiB, 0 %
2026/03/27 11:40:44.429, 1, NVIDIA RTX 6000 Ada Generation, 49140 MiB, 28983 MiB, 100 %
2026/03/27 11:40:44.429, 2, NVIDIA RTX 6000 Ada Generation, 49140 MiB, 21991 MiB, 99 %
2026/03/27 11:40:44.430, 3, NVIDIA RTX 6000 Ada Generation, 49140 MiB, 17248 MiB, 100 %
2026/03/27 11:40:44.477, 4, NVIDIA RTX 6000 Ada Generation, 49140 MiB, 17260 MiB, 100 %
2026/03/27 11:40:44.477, 5, NVIDIA RTX 6000 Ada Generation, 49140 MiB, 2 MiB, 0 %
2026/03/27 11:40:44.478, 6, NVIDIA RTX 6000 Ada Generation, 49140 MiB, 16254 MiB, 13 %
2026/03/27 11:40:44.478, 7, NVIDIA RTX 6000 Ada Generation, 49140 MiB, 21460 MiB, 100 %
2026/03/27 11:40:45.478, 0, NVIDIA RTX 6000 Ada Generation, 49140 MiB, 15890 MiB, 6 %
2026/03/27 11:40:45.478, 1, NVIDIA RTX 6000 Ada Generation, 49140 MiB, 28983 MiB, 100 %
2026/03/27 11:40:45.478, 2, NVIDIA RTX 6000 Ada Generation, 49140 MiB, 21991 MiB, 100 %
2026/03/27 11:40:45.478, 3, NVIDIA RTX 6000 Ada Generation, 49140 MiB, 17248 MiB, 100 %
2026/03/27 11:40:45.478, 4, NVIDIA RTX 6000 Ada Generation, 49140 MiB, 17260 MiB, 100 %
2026/03/27 11:40:45.478, 5, NVIDIA RTX 6000 Ada Generation, 49140 MiB, 2 MiB, 0 %
2026/03/27 11:40:45.478, 6, NVIDIA RTX 6000 Ada Generation, 49140 MiB, 16254 MiB, 0 %
2026/03/27 11:40:45.478, 7, NVIDIA RTX 6000 Ada Generation, 49140 MiB, 21460 MiB, 100 %
2026/03/27 11:40:46.478, 0, NVIDIA RTX 6000 Ada Generation, 49140 MiB, 15890 MiB, 6 %
2026/03/27 11:40:46.589, 1, NVIDIA RTX 6000 Ada Generation, 49140 MiB, 28983 MiB, 100 %
2026/03/27 11:40:46.589, 2, NVIDIA RTX 6000 Ada Generation, 49140 MiB, 21991 MiB, 100 %
2026/03/27 11:40:46.589, 3, NVIDIA RTX 6000 Ada Generation, 49140 MiB, 17248 MiB, 100 %
2026/03/27 11:40:46.589, 4, NVIDIA RTX 6000 Ada Generation, 49140 MiB, 17260 MiB, 100 %
2026/03/27 11:40:46.589, 5, NVIDIA RTX 6000 Ada Generation, 49140 MiB, 2 MiB, 0 %
2026/03/27 11:40:46.589, 6, NVIDIA RTX 6000 Ada Generation, 49140 MiB, 16254 MiB, 0 %
2026/03/27 11:40:46.589, 7, NVIDIA RTX 6000 Ada Generation, 49140 MiB, 21460 MiB, 100 %
2026/03/27 11:40:47.590, 0, NVIDIA RTX 6000 Ada Generation, 49140 MiB, 15890 MiB, 6 %
2026/03/27 11:40:47.590, 1, NVIDIA RTX 6000 Ada Generation, 49140 MiB, 28983 MiB, 100 %
2026/03/27 11:40:47.590, 2, NVIDIA RTX 6000 Ada Generation, 49140 MiB, 21991 MiB, 100 %
2026/03/27 11:40:47.590, 3, NVIDIA RTX 6000 Ada Generation, 49140 MiB, 17248 MiB, 100 %
2026/03/27 11:40:47.590, 4, NVIDIA RTX 6000 Ada Generation, 49140 MiB, 17260 MiB, 100 %
2026/03/27 11:40:47.590, 5, NVIDIA RTX 6000 Ada Generation, 49140 MiB, 2 MiB, 0 %
2026/03/27 11:40:47.674, 6, NVIDIA RTX 6000 Ada Generation, 49140 MiB, 16254 MiB, 0 %
2026/03/27 11:40:47.674, 7, NVIDIA RTX 6000 Ada Generation, 49140 MiB, 21460 MiB, 100 %
2026/03/27 11:40:48.674, 0, NVIDIA RTX 6000 Ada Generation, 49140 MiB, 15890 MiB, 0 %
2026/03/27 11:40:48.675, 1, NVIDIA RTX 6000 Ada Generation, 49140 MiB, 28983 MiB, 100 %
2026/03/27 11:40:48.675, 2, NVIDIA RTX 6000 Ada Generation, 49140 MiB, 21991 MiB, 99 %
2026/03/27 11:40:48.675, 3, NVIDIA RTX 6000 Ada Generation, 49140 MiB, 17248 MiB, 100 %
2026/03/27 11:40:48.675, 4, NVIDIA RTX 6000 Ada Generation, 49140 MiB, 17260 MiB, 100 %
2026/03/27 11:40:48.675, 5, NVIDIA RTX 6000 Ada Generation, 49140 MiB, 2 MiB, 0 %
2026/03/27 11:40:48.675, 6, NVIDIA RTX 6000 Ada Generation, 49140 MiB, 16254 MiB, 0 %
2026/03/27 11:40:48.675, 7, NVIDIA RTX 6000 Ada Generation, 49140 MiB, 21460 MiB, 100 %
2026/03/27 11:40:49.675, 0, NVIDIA RTX 6000 Ada Generation, 49140 MiB, 15890 MiB, 92 %
2026/03/27 11:40:49.676, 1, NVIDIA RTX 6000 Ada Generation, 49140 MiB, 28983 MiB, 100 %
2026/03/27 11:40:49.721, 2, NVIDIA RTX 6000 Ada Generation, 49140 MiB, 21991 MiB, 100 %
2026/03/27 11:40:49.721, 3, NVIDIA RTX 6000 Ada Generation, 49140 MiB, 17248 MiB, 100 %
2026/03/27 11:40:49.721, 4, NVIDIA RTX 6000 Ada Generation, 49140 MiB, 17260 MiB, 100 %
2026/03/27 11:40:49.721, 5, NVIDIA RTX 6000 Ada Generation, 49140 MiB, 2 MiB, 0 %
2026/03/27 11:40:49.721, 6, NVIDIA RTX 6000 Ada Generation, 49140 MiB, 16254 MiB, 0 %
2026/03/27 11:40:49.721, 7, NVIDIA RTX 6000 Ada Generation, 49140 MiB, 21460 MiB, 100 %
2026/03/27 11:40:50.722, 0, NVIDIA RTX 6000 Ada Generation, 49140 MiB, 15890 MiB, 95 %
2026/03/27 11:40:50.722, 1, NVIDIA RTX 6000 Ada Generation, 49140 MiB, 28983 MiB, 100 %
2026/03/27 11:40:50.722, 2, NVIDIA RTX 6000 Ada Generation, 49140 MiB, 21991 MiB, 100 %
2026/03/27 11:40:50.722, 3, NVIDIA RTX 6000 Ada Generation, 49140 MiB, 17248 MiB, 100 %
2026/03/27 11:40:50.722, 4, NVIDIA RTX 6000 Ada Generation, 49140 MiB, 17260 MiB, 100 %
2026/03/27 11:40:50.722, 5, NVIDIA RTX 6000 Ada Generation, 49140 MiB, 2 MiB, 0 %
2026/03/27 11:40:50.722, 6, NVIDIA RTX 6000 Ada Generation, 49140 MiB, 16254 MiB, 0 %
2026/03/27 11:40:50.722, 7, NVIDIA RTX 6000 Ada Generation, 49140 MiB, 21460 MiB, 100 %
2026/03/27 11:40:51.861, 0, NVIDIA RTX 6000 Ada Generation, 49140 MiB, 15890 MiB, 80 %
2026/03/27 11:40:51.861, 1, NVIDIA RTX 6000 Ada Generation, 49140 MiB, 28983 MiB, 100 %
2026/03/27 11:40:51.861, 2, NVIDIA RTX 6000 Ada Generation, 49140 MiB, 21991 MiB, 100 %
2026/03/27 11:40:51.862, 3, NVIDIA RTX 6000 Ada Generation, 49140 MiB, 17248 MiB, 100 %
2026/03/27 11:40:51.862, 4, NVIDIA RTX 6000 Ada Generation, 49140 MiB, 17260 MiB, 100 %
2026/03/27 11:40:51.862, 5, NVIDIA RTX 6000 Ada Generation, 49140 MiB, 2 MiB, 0 %
2026/03/27 11:40:51.862, 6, NVIDIA RTX 6000 Ada Generation, 49140 MiB, 16254 MiB, 0 %
2026/03/27 11:40:51.862, 7, NVIDIA RTX 6000 Ada Generation, 49140 MiB, 21460 MiB, 100 %
2026/03/27 11:40:52.862, 0, NVIDIA RTX 6000 Ada Generation, 49140 MiB, 15890 MiB, 6 %
2026/03/27 11:40:52.862, 1, NVIDIA RTX 6000 Ada Generation, 49140 MiB, 28983 MiB, 100 %
2026/03/27 11:40:52.862, 2, NVIDIA RTX 6000 Ada Generation, 49140 MiB, 21991 MiB, 100 %
2026/03/27 11:40:52.862, 3, NVIDIA RTX 6000 Ada Generation, 49140 MiB, 17248 MiB, 100 %
2026/03/27 11:40:52.922, 4, NVIDIA RTX 6000 Ada Generation, 49140 MiB, 17260 MiB, 100 %
2026/03/27 11:40:52.922, 5, NVIDIA RTX 6000 Ada Generation, 49140 MiB, 2 MiB, 0 %
2026/03/27 11:40:52.922, 6, NVIDIA RTX 6000 Ada Generation, 49140 MiB, 16254 MiB, 0 %
2026/03/27 11:40:52.922, 7, NVIDIA RTX 6000 Ada Generation, 49140 MiB, 21460 MiB, 100 %
2026/03/27 11:40:53.922, 0, NVIDIA RTX 6000 Ada Generation, 49140 MiB, 15890 MiB, 6 %
2026/03/27 11:40:53.923, 1, NVIDIA RTX 6000 Ada Generation, 49140 MiB, 28983 MiB, 100 %
2026/03/27 11:40:53.923, 2, NVIDIA RTX 6000 Ada Generation, 49140 MiB, 21991 MiB, 100 %
2026/03/27 11:40:53.923, 3, NVIDIA RTX 6000 Ada Generation, 49140 MiB, 17248 MiB, 100 %
2026/03/27 11:40:53.923, 4, NVIDIA RTX 6000 Ada Generation, 49140 MiB, 17260 MiB, 100 %
2026/03/27 11:40:53.923, 5, NVIDIA RTX 6000 Ada Generation, 49140 MiB, 2 MiB, 0 %
2026/03/27 11:40:53.923, 6, NVIDIA RTX 6000 Ada Generation, 49140 MiB, 16254 MiB, 0 %
2026/03/27 11:40:53.923, 7, NVIDIA RTX 6000 Ada Generation, 49140 MiB, 21460 MiB, 100 %
2026/03/27 11:40:54.923, 0, NVIDIA RTX 6000 Ada Generation, 49140 MiB, 15890 MiB, 6 %
2026/03/27 11:40:54.989, 1, NVIDIA RTX 6000 Ada Generation, 49140 MiB, 28983 MiB, 100 %
2026/03/27 11:40:54.990, 2, NVIDIA RTX 6000 Ada Generation, 49140 MiB, 21991 MiB, 100 %
2026/03/27 11:40:54.990, 3, NVIDIA RTX 6000 Ada Generation, 49140 MiB, 17248 MiB, 100 %
2026/03/27 11:40:54.990, 4, NVIDIA RTX 6000 Ada Generation, 49140 MiB, 17260 MiB, 100 %
2026/03/27 11:40:54.990, 5, NVIDIA RTX 6000 Ada Generation, 49140 MiB, 2 MiB, 0 %
2026/03/27 11:40:54.990, 6, NVIDIA RTX 6000 Ada Generation, 49140 MiB, 16254 MiB, 0 %
2026/03/27 11:40:54.990, 7, NVIDIA RTX 6000 Ada Generation, 49140 MiB, 21460 MiB, 100 %
2026/03/27 11:40:55.990, 0, NVIDIA RTX 6000 Ada Generation, 49140 MiB, 15890 MiB, 1 %
2026/03/27 11:40:55.990, 1, NVIDIA RTX 6000 Ada Generation, 49140 MiB, 28983 MiB, 100 %
2026/03/27 11:40:55.991, 2, NVIDIA RTX 6000 Ada Generation, 49140 MiB, 21991 MiB, 100 %
2026/03/27 11:40:55.991, 3, NVIDIA RTX 6000 Ada Generation, 49140 MiB, 17248 MiB, 100 %
2026/03/27 11:40:55.991, 4, NVIDIA RTX 6000 Ada Generation, 49140 MiB, 17260 MiB, 100 %
2026/03/27 11:40:55.991, 5, NVIDIA RTX 6000 Ada Generation, 49140 MiB, 2 MiB, 0 %
2026/03/27 11:40:56.082, 6, NVIDIA RTX 6000 Ada Generation, 49140 MiB, 16254 MiB, 0 %
2026/03/27 11:40:56.083, 7, NVIDIA RTX 6000 Ada Generation, 49140 MiB, 21460 MiB, 100 %
2026/03/27 11:40:57.083, 0, NVIDIA RTX 6000 Ada Generation, 49140 MiB, 15890 MiB, 6 %
2026/03/27 11:40:57.083, 1, NVIDIA RTX 6000 Ada Generation, 49140 MiB, 28983 MiB, 100 %
2026/03/27 11:40:57.083, 2, NVIDIA RTX 6000 Ada Generation, 49140 MiB, 21991 MiB, 100 %
2026/03/27 11:40:57.083, 3, NVIDIA RTX 6000 Ada Generation, 49140 MiB, 17248 MiB, 100 %
2026/03/27 11:40:57.083, 4, NVIDIA RTX 6000 Ada Generation, 49140 MiB, 17260 MiB, 100 %
2026/03/27 11:40:57.083, 5, NVIDIA RTX 6000 Ada Generation, 49140 MiB, 2 MiB, 0 %
2026/03/27 11:40:57.083, 6, NVIDIA RTX 6000 Ada Generation, 49140 MiB, 16254 MiB, 0 %
2026/03/27 11:40:57.084, 7, NVIDIA RTX 6000 Ada Generation, 49140 MiB, 21460 MiB, 100 %
2026/03/27 11:40:58.084, 0, NVIDIA RTX 6000 Ada Generation, 49140 MiB, 15890 MiB, 6 %
2026/03/27 11:40:58.084, 1, NVIDIA RTX 6000 Ada Generation, 49140 MiB, 28983 MiB, 100 %
2026/03/27 11:40:58.084, 2, NVIDIA RTX 6000 Ada Generation, 49140 MiB, 21991 MiB, 99 %
2026/03/27 11:40:58.230, 3, NVIDIA RTX 6000 Ada Generation, 49140 MiB, 17248 MiB, 99 %
2026/03/27 11:40:58.231, 4, NVIDIA RTX 6000 Ada Generation, 49140 MiB, 17260 MiB, 100 %
2026/03/27 11:40:58.231, 5, NVIDIA RTX 6000 Ada Generation, 49140 MiB, 2 MiB, 0 %
2026/03/27 11:40:58.231, 6, NVIDIA RTX 6000 Ada Generation, 49140 MiB, 16254 MiB, 0 %
2026/03/27 11:40:58.231, 7, NVIDIA RTX 6000 Ada Generation, 49140 MiB, 21460 MiB, 100 %
2026/03/27 11:40:59.231, 0, NVIDIA RTX 6000 Ada Generation, 49140 MiB, 15890 MiB, 6 %
2026/03/27 11:40:59.231, 1, NVIDIA RTX 6000 Ada Generation, 49140 MiB, 28983 MiB, 100 %
2026/03/27 11:40:59.231, 2, NVIDIA RTX 6000 Ada Generation, 49140 MiB, 21991 MiB, 100 %
2026/03/27 11:40:59.231, 3, NVIDIA RTX 6000 Ada Generation, 49140 MiB, 17248 MiB, 100 %
2026/03/27 11:40:59.231, 4, NVIDIA RTX 6000 Ada Generation, 49140 MiB, 17260 MiB, 100 %
2026/03/27 11:40:59.231, 5, NVIDIA RTX 6000 Ada Generation, 49140 MiB, 2 MiB, 0 %
2026/03/27 11:40:59.232, 6, NVIDIA RTX 6000 Ada Generation, 49140 MiB, 16254 MiB, 0 %
2026/03/27 11:40:59.232, 7, NVIDIA RTX 6000 Ada Generation, 49140 MiB, 21460 MiB, 100 %
2026/03/27 11:41:00.232, 0, NVIDIA RTX 6000 Ada Generation, 49140 MiB, 15890 MiB, 0 %
2026/03/27 11:41:00.232, 1, NVIDIA RTX 6000 Ada Generation, 49140 MiB, 28983 MiB, 100 %
2026/03/27 11:41:00.232, 2, NVIDIA RTX 6000 Ada Generation, 49140 MiB, 21991 MiB, 98 %
2026/03/27 11:41:00.232, 3, NVIDIA RTX 6000 Ada Generation, 49140 MiB, 17248 MiB, 100 %
2026/03/27 11:41:00.232, 4, NVIDIA RTX 6000 Ada Generation, 49140 MiB, 17260 MiB, 99 %
2026/03/27 11:41:00.232, 5, NVIDIA RTX 6000 Ada Generation, 49140 MiB, 2 MiB, 0 %
2026/03/27 11:41:00.232, 6, NVIDIA RTX 6000 Ada Generation, 49140 MiB, 16254 MiB, 0 %
2026/03/27 11:41:00.232, 7, NVIDIA RTX 6000 Ada Generation, 49140 MiB, 21460 MiB, 100 %
2026/03/27 11:41:01.233, 0, NVIDIA RTX 6000 Ada Generation, 49140 MiB, 15890 MiB, 0 %
2026/03/27 11:41:01.233, 1, NVIDIA RTX 6000 Ada Generation, 49140 MiB, 28983 MiB, 100 %
2026/03/27 11:41:01.233, 2, NVIDIA RTX 6000 Ada Generation, 49140 MiB, 21991 MiB, 100 %
2026/03/27 11:41:01.233, 3, NVIDIA RTX 6000 Ada Generation, 49140 MiB, 17248 MiB, 100 %
2026/03/27 11:41:01.233, 4, NVIDIA RTX 6000 Ada Generation, 49140 MiB, 17260 MiB, 100 %
2026/03/27 11:41:01.409, 5, NVIDIA RTX 6000 Ada Generation, 49140 MiB, 2 MiB, 0 %
2026/03/27 11:41:01.410, 6, NVIDIA RTX 6000 Ada Generation, 49140 MiB, 16254 MiB, 0 %
2026/03/27 11:41:01.410, 7, NVIDIA RTX 6000 Ada Generation, 49140 MiB, 21460 MiB, 100 %
2026/03/27 11:41:02.410, 0, NVIDIA RTX 6000 Ada Generation, 49140 MiB, 15890 MiB, 87 %
2026/03/27 11:41:02.410, 1, NVIDIA RTX 6000 Ada Generation, 49140 MiB, 28983 MiB, 100 %
2026/03/27 11:41:02.410, 2, NVIDIA RTX 6000 Ada Generation, 49140 MiB, 21991 MiB, 100 %
2026/03/27 11:41:02.410, 3, NVIDIA RTX 6000 Ada Generation, 49140 MiB, 17248 MiB, 100 %
2026/03/27 11:41:02.410, 4, NVIDIA RTX 6000 Ada Generation, 49140 MiB, 17260 MiB, 100 %
2026/03/27 11:41:02.411, 5, NVIDIA RTX 6000 Ada Generation, 49140 MiB, 2 MiB, 0 %
2026/03/27 11:41:02.411, 6, NVIDIA RTX 6000 Ada Generation, 49140 MiB, 16254 MiB, 0 %
2026/03/27 11:41:02.411, 7, NVIDIA RTX 6000 Ada Generation, 49140 MiB, 21460 MiB, 100 %
2026/03/27 11:41:03.411, 0, NVIDIA RTX 6000 Ada Generation, 49140 MiB, 15890 MiB, 90 %
2026/03/27 11:41:03.468, 1, NVIDIA RTX 6000 Ada Generation, 49140 MiB, 28983 MiB, 100 %
2026/03/27 11:41:03.469, 2, NVIDIA RTX 6000 Ada Generation, 49140 MiB, 21991 MiB, 100 %
2026/03/27 11:41:03.469, 3, NVIDIA RTX 6000 Ada Generation, 49140 MiB, 17248 MiB, 100 %
2026/03/27 11:41:03.469, 4, NVIDIA RTX 6000 Ada Generation, 49140 MiB, 17260 MiB, 100 %
2026/03/27 11:41:03.469, 5, NVIDIA RTX 6000 Ada Generation, 49140 MiB, 2 MiB, 0 %
2026/03/27 11:41:03.469, 6, NVIDIA RTX 6000 Ada Generation, 49140 MiB, 16254 MiB, 0 %
2026/03/27 11:41:03.469, 7, NVIDIA RTX 6000 Ada Generation, 49140 MiB, 21460 MiB, 100 %
2026/03/27 11:41:04.469, 0, NVIDIA RTX 6000 Ada Generation, 49140 MiB, 15890 MiB, 62 %
2026/03/27 11:41:04.557, 1, NVIDIA RTX 6000 Ada Generation, 49140 MiB, 28983 MiB, 100 %
2026/03/27 11:41:04.557, 2, NVIDIA RTX 6000 Ada Generation, 49140 MiB, 21991 MiB, 100 %
2026/03/27 11:41:04.891, 3, NVIDIA RTX 6000 Ada Generation, 49140 MiB, 17248 MiB, 100 %
2026/03/27 11:41:04.891, 4, NVIDIA RTX 6000 Ada Generation, 49140 MiB, 17260 MiB, 100 %
2026/03/27 11:41:04.893, 5, NVIDIA RTX 6000 Ada Generation, 49140 MiB, 2 MiB, 0 %
2026/03/27 11:41:04.895, 6, NVIDIA RTX 6000 Ada Generation, 49140 MiB, 19056 MiB, 0 %
2026/03/27 11:41:04.898, 7, NVIDIA RTX 6000 Ada Generation, 49140 MiB, 21460 MiB, 100 %
2026/03/27 11:41:05.898, 0, NVIDIA RTX 6000 Ada Generation, 49140 MiB, 15890 MiB, 0 %
2026/03/27 11:41:05.899, 1, NVIDIA RTX 6000 Ada Generation, 49140 MiB, 28983 MiB, 100 %
2026/03/27 11:41:05.899, 2, NVIDIA RTX 6000 Ada Generation, 49140 MiB, 21991 MiB, 100 %
2026/03/27 11:41:05.899, 3, NVIDIA RTX 6000 Ada Generation, 49140 MiB, 17248 MiB, 100 %
2026/03/27 11:41:05.899, 4, NVIDIA RTX 6000 Ada Generation, 49140 MiB, 17260 MiB, 100 %
2026/03/27 11:41:05.899, 5, NVIDIA RTX 6000 Ada Generation, 49140 MiB, 2 MiB, 0 %
2026/03/27 11:41:05.899, 6, NVIDIA RTX 6000 Ada Generation, 49140 MiB, 45774 MiB, 0 %
2026/03/27 11:41:05.899, 7, NVIDIA RTX 6000 Ada Generation, 49140 MiB, 21460 MiB, 100 %
2026/03/27 11:41:06.899, 0, NVIDIA RTX 6000 Ada Generation, 49140 MiB, 15890 MiB, 6 %
2026/03/27 11:41:06.966, 1, NVIDIA RTX 6000 Ada Generation, 49140 MiB, 28983 MiB, 100 %
2026/03/27 11:41:07.189, 2, NVIDIA RTX 6000 Ada Generation, 49140 MiB, 21991 MiB, 100 %
2026/03/27 11:41:07.189, 3, NVIDIA RTX 6000 Ada Generation, 49140 MiB, 17248 MiB, 100 %
2026/03/27 11:41:07.189, 4, NVIDIA RTX 6000 Ada Generation, 49140 MiB, 17260 MiB, 100 %
2026/03/27 11:41:07.189, 5, NVIDIA RTX 6000 Ada Generation, 49140 MiB, 2 MiB, 0 %
2026/03/27 11:41:07.190, 6, NVIDIA RTX 6000 Ada Generation, 49140 MiB, 45774 MiB, 0 %
2026/03/27 11:41:07.352, 7, NVIDIA RTX 6000 Ada Generation, 49140 MiB, 21460 MiB, 100 %
2026/03/27 11:41:08.353, 0, NVIDIA RTX 6000 Ada Generation, 49140 MiB, 15890 MiB, 6 %
2026/03/27 11:41:08.353, 1, NVIDIA RTX 6000 Ada Generation, 49140 MiB, 28983 MiB, 99 %
2026/03/27 11:41:08.353, 2, NVIDIA RTX 6000 Ada Generation, 49140 MiB, 21991 MiB, 100 %
2026/03/27 11:41:08.353, 3, NVIDIA RTX 6000 Ada Generation, 49140 MiB, 17248 MiB, 100 %
2026/03/27 11:41:08.353, 4, NVIDIA RTX 6000 Ada Generation, 49140 MiB, 17260 MiB, 100 %
2026/03/27 11:41:08.354, 5, NVIDIA RTX 6000 Ada Generation, 49140 MiB, 2 MiB, 0 %
2026/03/27 11:41:08.354, 6, NVIDIA RTX 6000 Ada Generation, 49140 MiB, 2 MiB, 100 %
2026/03/27 11:41:08.354, 7, NVIDIA RTX 6000 Ada Generation, 49140 MiB, 21460 MiB, 100 %
2026/03/27 11:41:09.354, 0, NVIDIA RTX 6000 Ada Generation, 49140 MiB, 15890 MiB, 6 %
2026/03/27 11:41:09.354, 1, NVIDIA RTX 6000 Ada Generation, 49140 MiB, 28983 MiB, 100 %
2026/03/27 11:41:09.354, 2, NVIDIA RTX 6000 Ada Generation, 49140 MiB, 21991 MiB, 100 %
2026/03/27 11:41:09.579, 3, NVIDIA RTX 6000 Ada Generation, 49140 MiB, 17248 MiB, 100 %
2026/03/27 11:41:09.580, 4, NVIDIA RTX 6000 Ada Generation, 49140 MiB, 17260 MiB, 100 %
2026/03/27 11:41:09.580, 5, NVIDIA RTX 6000 Ada Generation, 49140 MiB, 2 MiB, 0 %
2026/03/27 11:41:09.580, 6, NVIDIA RTX 6000 Ada Generation, 49140 MiB, 2 MiB, 0 %
2026/03/27 11:41:09.580, 7, NVIDIA RTX 6000 Ada Generation, 49140 MiB, 21460 MiB, 100 %
2026/03/27 11:41:10.580, 0, NVIDIA RTX 6000 Ada Generation, 49140 MiB, 15890 MiB, 6 %
2026/03/27 11:41:10.581, 1, NVIDIA RTX 6000 Ada Generation, 49140 MiB, 28983 MiB, 100 %
2026/03/27 11:41:10.581, 2, NVIDIA RTX 6000 Ada Generation, 49140 MiB, 21991 MiB, 100 %
2026/03/27 11:41:10.581, 3, NVIDIA RTX 6000 Ada Generation, 49140 MiB, 17248 MiB, 100 %
2026/03/27 11:41:10.581, 4, NVIDIA RTX 6000 Ada Generation, 49140 MiB, 17260 MiB, 100 %
2026/03/27 11:41:10.581, 5, NVIDIA RTX 6000 Ada Generation, 49140 MiB, 2 MiB, 0 %
2026/03/27 11:41:10.581, 6, NVIDIA RTX 6000 Ada Generation, 49140 MiB, 2 MiB, 0 %
2026/03/27 11:41:10.581, 7, NVIDIA RTX 6000 Ada Generation, 49140 MiB, 21460 MiB, 100 %
2026/03/27 11:41:11.583, 0, NVIDIA RTX 6000 Ada Generation, 49140 MiB, 15890 MiB, 6 %
2026/03/27 11:41:11.583, 1, NVIDIA RTX 6000 Ada Generation, 49140 MiB, 28983 MiB, 100 %
2026/03/27 11:41:11.583, 2, NVIDIA RTX 6000 Ada Generation, 49140 MiB, 21991 MiB, 100 %
2026/03/27 11:41:11.583, 3, NVIDIA RTX 6000 Ada Generation, 49140 MiB, 17248 MiB, 100 %
2026/03/27 11:41:11.583, 4, NVIDIA RTX 6000 Ada Generation, 49140 MiB, 17260 MiB, 100 %
2026/03/27 11:41:11.583, 5, NVIDIA RTX 6000 Ada Generation, 49140 MiB, 2 MiB, 0 %
2026/03/27 11:41:11.583, 6, NVIDIA RTX 6000 Ada Generation, 49140 MiB, 16254 MiB, 0 %
2026/03/27 11:41:11.583, 7, NVIDIA RTX 6000 Ada Generation, 49140 MiB, 21460 MiB, 100 %
2026/03/27 11:41:12.583, 0, NVIDIA RTX 6000 Ada Generation, 49140 MiB, 15890 MiB, 6 %
2026/03/27 11:41:12.583, 1, NVIDIA RTX 6000 Ada Generation, 49140 MiB, 28983 MiB, 100 %
2026/03/27 11:41:12.584, 2, NVIDIA RTX 6000 Ada Generation, 49140 MiB, 21991 MiB, 100 %
2026/03/27 11:41:12.584, 3, NVIDIA RTX 6000 Ada Generation, 49140 MiB, 17248 MiB, 100 %
2026/03/27 11:41:12.600, 4, NVIDIA RTX 6000 Ada Generation, 49140 MiB, 17260 MiB, 100 %
2026/03/27 11:41:12.601, 5, NVIDIA RTX 6000 Ada Generation, 49140 MiB, 2 MiB, 0 %
2026/03/27 11:41:12.601, 6, NVIDIA RTX 6000 Ada Generation, 49140 MiB, 16254 MiB, 20 %
2026/03/27 11:41:12.601, 7, NVIDIA RTX 6000 Ada Generation, 49140 MiB, 21460 MiB, 100 %
2026/03/27 11:41:13.601, 0, NVIDIA RTX 6000 Ada Generation, 49140 MiB, 15890 MiB, 3 %
2026/03/27 11:41:13.601, 1, NVIDIA RTX 6000 Ada Generation, 49140 MiB, 28983 MiB, 100 %
2026/03/27 11:41:13.601, 2, NVIDIA RTX 6000 Ada Generation, 49140 MiB, 21991 MiB, 100 %
2026/03/27 11:41:13.602, 3, NVIDIA RTX 6000 Ada Generation, 49140 MiB, 17248 MiB, 100 %
2026/03/27 11:41:13.602, 4, NVIDIA RTX 6000 Ada Generation, 49140 MiB, 17260 MiB, 100 %
2026/03/27 11:41:13.602, 5, NVIDIA RTX 6000 Ada Generation, 49140 MiB, 2 MiB, 0 %
2026/03/27 11:41:13.602, 6, NVIDIA RTX 6000 Ada Generation, 49140 MiB, 16254 MiB, 13 %
2026/03/27 11:41:13.602, 7, NVIDIA RTX 6000 Ada Generation, 49140 MiB, 21460 MiB, 100 %
2026/03/27 11:41:14.602, 0, NVIDIA RTX 6000 Ada Generation, 49140 MiB, 15890 MiB, 6 %
2026/03/27 11:41:14.698, 1, NVIDIA RTX 6000 Ada Generation, 49140 MiB, 28983 MiB, 100 %
2026/03/27 11:41:14.698, 2, NVIDIA RTX 6000 Ada Generation, 49140 MiB, 21991 MiB, 100 %
2026/03/27 11:41:14.698, 3, NVIDIA RTX 6000 Ada Generation, 49140 MiB, 17248 MiB, 100 %
2026/03/27 11:41:14.698, 4, NVIDIA RTX 6000 Ada Generation, 49140 MiB, 17260 MiB, 100 %
2026/03/27 11:41:14.698, 5, NVIDIA RTX 6000 Ada Generation, 49140 MiB, 2 MiB, 0 %
2026/03/27 11:41:14.698, 6, NVIDIA RTX 6000 Ada Generation, 49140 MiB, 16254 MiB, 14 %
2026/03/27 11:41:14.698, 7, NVIDIA RTX 6000 Ada Generation, 49140 MiB, 21460 MiB, 100 %
2026/03/27 11:41:15.699, 0, NVIDIA RTX 6000 Ada Generation, 49140 MiB, 15890 MiB, 6 %
2026/03/27 11:41:15.699, 1, NVIDIA RTX 6000 Ada Generation, 49140 MiB, 28983 MiB, 100 %
2026/03/27 11:41:15.699, 2, NVIDIA RTX 6000 Ada Generation, 49140 MiB, 21991 MiB, 100 %
2026/03/27 11:41:15.699, 3, NVIDIA RTX 6000 Ada Generation, 49140 MiB, 17248 MiB, 100 %
2026/03/27 11:41:15.699, 4, NVIDIA RTX 6000 Ada Generation, 49140 MiB, 17260 MiB, 100 %
2026/03/27 11:41:15.699, 5, NVIDIA RTX 6000 Ada Generation, 49140 MiB, 2 MiB, 0 %
2026/03/27 11:41:15.807, 6, NVIDIA RTX 6000 Ada Generation, 49140 MiB, 16254 MiB, 11 %
2026/03/27 11:41:15.808, 7, NVIDIA RTX 6000 Ada Generation, 49140 MiB, 21460 MiB, 100 %
2026/03/27 11:41:16.808, 0, NVIDIA RTX 6000 Ada Generation, 49140 MiB, 15890 MiB, 0 %
2026/03/27 11:41:16.808, 1, NVIDIA RTX 6000 Ada Generation, 49140 MiB, 28983 MiB, 100 %
2026/03/27 11:41:16.808, 2, NVIDIA RTX 6000 Ada Generation, 49140 MiB, 21991 MiB, 100 %
2026/03/27 11:41:16.808, 3, NVIDIA RTX 6000 Ada Generation, 49140 MiB, 17248 MiB, 100 %
2026/03/27 11:41:16.809, 4, NVIDIA RTX 6000 Ada Generation, 49140 MiB, 17260 MiB, 100 %
2026/03/27 11:41:16.809, 5, NVIDIA RTX 6000 Ada Generation, 49140 MiB, 2 MiB, 0 %
2026/03/27 11:41:16.809, 6, NVIDIA RTX 6000 Ada Generation, 49140 MiB, 16254 MiB, 12 %
2026/03/27 11:41:16.809, 7, NVIDIA RTX 6000 Ada Generation, 49140 MiB, 21460 MiB, 100 %
2026/03/27 11:41:17.809, 0, NVIDIA RTX 6000 Ada Generation, 49140 MiB, 15890 MiB, 6 %
2026/03/27 11:41:17.809, 1, NVIDIA RTX 6000 Ada Generation, 49140 MiB, 28983 MiB, 100 %
2026/03/27 11:41:17.809, 2, NVIDIA RTX 6000 Ada Generation, 49140 MiB, 21991 MiB, 100 %
2026/03/27 11:41:18.002, 3, NVIDIA RTX 6000 Ada Generation, 49140 MiB, 17248 MiB, 100 %
2026/03/27 11:41:18.002, 4, NVIDIA RTX 6000 Ada Generation, 49140 MiB, 17260 MiB, 100 %
2026/03/27 11:41:18.002, 5, NVIDIA RTX 6000 Ada Generation, 49140 MiB, 2 MiB, 0 %
2026/03/27 11:41:18.002, 6, NVIDIA RTX 6000 Ada Generation, 49140 MiB, 16254 MiB, 0 %
2026/03/27 11:41:18.002, 7, NVIDIA RTX 6000 Ada Generation, 49140 MiB, 21460 MiB, 100 %
2026/03/27 11:41:19.002, 0, NVIDIA RTX 6000 Ada Generation, 49140 MiB, 15890 MiB, 6 %
2026/03/27 11:41:19.002, 1, NVIDIA RTX 6000 Ada Generation, 49140 MiB, 28983 MiB, 100 %
2026/03/27 11:41:19.003, 2, NVIDIA RTX 6000 Ada Generation, 49140 MiB, 21991 MiB, 100 %
2026/03/27 11:41:19.003, 3, NVIDIA RTX 6000 Ada Generation, 49140 MiB, 17248 MiB, 100 %
2026/03/27 11:41:19.003, 4, NVIDIA RTX 6000 Ada Generation, 49140 MiB, 17260 MiB, 100 %
2026/03/27 11:41:19.003, 5, NVIDIA RTX 6000 Ada Generation, 49140 MiB, 2 MiB, 0 %
2026/03/27 11:41:19.003, 6, NVIDIA RTX 6000 Ada Generation, 49140 MiB, 16254 MiB, 0 %
2026/03/27 11:41:19.003, 7, NVIDIA RTX 6000 Ada Generation, 49140 MiB, 21460 MiB, 100 %
2026/03/27 11:41:20.015, 0, NVIDIA RTX 6000 Ada Generation, 49140 MiB, 15890 MiB, 1 %
2026/03/27 11:41:20.015, 1, NVIDIA RTX 6000 Ada Generation, 49140 MiB, 28983 MiB, 100 %
2026/03/27 11:41:20.015, 2, NVIDIA RTX 6000 Ada Generation, 49140 MiB, 21991 MiB, 99 %
2026/03/27 11:41:20.016, 3, NVIDIA RTX 6000 Ada Generation, 49140 MiB, 17248 MiB, 100 %
2026/03/27 11:41:20.016, 4, NVIDIA RTX 6000 Ada Generation, 49140 MiB, 17260 MiB, 100 %
2026/03/27 11:41:20.016, 5, NVIDIA RTX 6000 Ada Generation, 49140 MiB, 2 MiB, 0 %
2026/03/27 11:41:20.016, 6, NVIDIA RTX 6000 Ada Generation, 49140 MiB, 16254 MiB, 0 %
2026/03/27 11:41:20.016, 7, NVIDIA RTX 6000 Ada Generation, 49140 MiB, 21460 MiB, 100 %
2026/03/27 11:41:21.016, 0, NVIDIA RTX 6000 Ada Generation, 49140 MiB, 15890 MiB, 6 %
2026/03/27 11:41:21.016, 1, NVIDIA RTX 6000 Ada Generation, 49140 MiB, 28983 MiB, 100 %
2026/03/27 11:41:21.016, 2, NVIDIA RTX 6000 Ada Generation, 49140 MiB, 21991 MiB, 100 %
2026/03/27 11:41:21.016, 3, NVIDIA RTX 6000 Ada Generation, 49140 MiB, 17248 MiB, 100 %
2026/03/27 11:41:21.062, 4, NVIDIA RTX 6000 Ada Generation, 49140 MiB, 17260 MiB, 100 %
2026/03/27 11:41:21.063, 5, NVIDIA RTX 6000 Ada Generation, 49140 MiB, 2 MiB, 0 %
2026/03/27 11:41:21.063, 6, NVIDIA RTX 6000 Ada Generation, 49140 MiB, 16254 MiB, 0 %
2026/03/27 11:41:21.063, 7, NVIDIA RTX 6000 Ada Generation, 49140 MiB, 21460 MiB, 37 %
2026/03/27 11:41:22.063, 0, NVIDIA RTX 6000 Ada Generation, 49140 MiB, 15890 MiB, 0 %
2026/03/27 11:41:22.063, 1, NVIDIA RTX 6000 Ada Generation, 49140 MiB, 28983 MiB, 100 %
2026/03/27 11:41:22.064, 2, NVIDIA RTX 6000 Ada Generation, 49140 MiB, 21991 MiB, 100 %
2026/03/27 11:41:22.064, 3, NVIDIA RTX 6000 Ada Generation, 49140 MiB, 17248 MiB, 100 %
2026/03/27 11:41:22.064, 4, NVIDIA RTX 6000 Ada Generation, 49140 MiB, 17260 MiB, 100 %
2026/03/27 11:41:22.064, 5, NVIDIA RTX 6000 Ada Generation, 49140 MiB, 2 MiB, 0 %
2026/03/27 11:41:22.064, 6, NVIDIA RTX 6000 Ada Generation, 49140 MiB, 16254 MiB, 0 %
2026/03/27 11:41:22.064, 7, NVIDIA RTX 6000 Ada Generation, 49140 MiB, 21460 MiB, 0 %
2026/03/27 11:41:23.064, 0, NVIDIA RTX 6000 Ada Generation, 49140 MiB, 15890 MiB, 91 %
2026/03/27 11:41:23.267, 1, NVIDIA RTX 6000 Ada Generation, 49140 MiB, 28983 MiB, 100 %
2026/03/27 11:41:23.267, 2, NVIDIA RTX 6000 Ada Generation, 49140 MiB, 21991 MiB, 100 %
2026/03/27 11:41:23.268, 3, NVIDIA RTX 6000 Ada Generation, 49140 MiB, 17248 MiB, 100 %
2026/03/27 11:41:23.268, 4, NVIDIA RTX 6000 Ada Generation, 49140 MiB, 17260 MiB, 100 %
2026/03/27 11:41:23.268, 5, NVIDIA RTX 6000 Ada Generation, 49140 MiB, 2 MiB, 0 %
2026/03/27 11:41:23.268, 6, NVIDIA RTX 6000 Ada Generation, 49140 MiB, 16254 MiB, 0 %
2026/03/27 11:41:23.268, 7, NVIDIA RTX 6000 Ada Generation, 49140 MiB, 21460 MiB, 0 %
2026/03/27 11:41:24.268, 0, NVIDIA RTX 6000 Ada Generation, 49140 MiB, 15890 MiB, 95 %
2026/03/27 11:41:24.268, 1, NVIDIA RTX 6000 Ada Generation, 49140 MiB, 28983 MiB, 100 %
2026/03/27 11:41:24.268, 2, NVIDIA RTX 6000 Ada Generation, 49140 MiB, 21991 MiB, 99 %
2026/03/27 11:41:24.268, 3, NVIDIA RTX 6000 Ada Generation, 49140 MiB, 17248 MiB, 100 %
2026/03/27 11:41:24.268, 4, NVIDIA RTX 6000 Ada Generation, 49140 MiB, 17260 MiB, 100 %
2026/03/27 11:41:24.268, 5, NVIDIA RTX 6000 Ada Generation, 49140 MiB, 2 MiB, 0 %
2026/03/27 11:41:24.367, 6, NVIDIA RTX 6000 Ada Generation, 49140 MiB, 16254 MiB, 0 %
2026/03/27 11:41:24.367, 7, NVIDIA RTX 6000 Ada Generation, 49140 MiB, 21460 MiB, 100 %
2026/03/27 11:41:25.367, 0, NVIDIA RTX 6000 Ada Generation, 49140 MiB, 15890 MiB, 0 %
2026/03/27 11:41:25.368, 1, NVIDIA RTX 6000 Ada Generation, 49140 MiB, 28983 MiB, 100 %
2026/03/27 11:41:25.368, 2, NVIDIA RTX 6000 Ada Generation, 49140 MiB, 21991 MiB, 99 %
2026/03/27 11:41:25.368, 3, NVIDIA RTX 6000 Ada Generation, 49140 MiB, 17248 MiB, 100 %
2026/03/27 11:41:25.368, 4, NVIDIA RTX 6000 Ada Generation, 49140 MiB, 17260 MiB, 100 %
2026/03/27 11:41:25.368, 5, NVIDIA RTX 6000 Ada Generation, 49140 MiB, 2 MiB, 0 %
2026/03/27 11:41:25.368, 6, NVIDIA RTX 6000 Ada Generation, 49140 MiB, 16254 MiB, 0 %
2026/03/27 11:41:25.368, 7, NVIDIA RTX 6000 Ada Generation, 49140 MiB, 21460 MiB, 100 %
2026/03/27 11:41:26.368, 0, NVIDIA RTX 6000 Ada Generation, 49140 MiB, 15890 MiB, 6 %
2026/03/27 11:41:26.368, 1, NVIDIA RTX 6000 Ada Generation, 49140 MiB, 28983 MiB, 100 %
2026/03/27 11:41:26.368, 2, NVIDIA RTX 6000 Ada Generation, 49140 MiB, 21991 MiB, 99 %
2026/03/27 11:41:26.529, 3, NVIDIA RTX 6000 Ada Generation, 49140 MiB, 17248 MiB, 100 %
2026/03/27 11:41:26.529, 4, NVIDIA RTX 6000 Ada Generation, 49140 MiB, 17260 MiB, 100 %
2026/03/27 11:41:26.529, 5, NVIDIA RTX 6000 Ada Generation, 49140 MiB, 2 MiB, 0 %
2026/03/27 11:41:26.529, 6, NVIDIA RTX 6000 Ada Generation, 49140 MiB, 16254 MiB, 0 %
2026/03/27 11:41:26.529, 7, NVIDIA RTX 6000 Ada Generation, 49140 MiB, 21460 MiB, 100 %
2026/03/27 11:41:27.529, 0, NVIDIA RTX 6000 Ada Generation, 49140 MiB, 15890 MiB, 6 %
2026/03/27 11:41:27.530, 1, NVIDIA RTX 6000 Ada Generation, 49140 MiB, 28983 MiB, 100 %
2026/03/27 11:41:27.530, 2, NVIDIA RTX 6000 Ada Generation, 49140 MiB, 21991 MiB, 100 %
2026/03/27 11:41:27.530, 3, NVIDIA RTX 6000 Ada Generation, 49140 MiB, 17248 MiB, 100 %
2026/03/27 11:41:27.530, 4, NVIDIA RTX 6000 Ada Generation, 49140 MiB, 17260 MiB, 100 %
2026/03/27 11:41:27.530, 5, NVIDIA RTX 6000 Ada Generation, 49140 MiB, 2 MiB, 0 %
2026/03/27 11:41:27.530, 6, NVIDIA RTX 6000 Ada Generation, 49140 MiB, 16254 MiB, 0 %
2026/03/27 11:41:27.530, 7, NVIDIA RTX 6000 Ada Generation, 49140 MiB, 21460 MiB, 100 %
2026/03/27 11:41:28.530, 0, NVIDIA RTX 6000 Ada Generation, 49140 MiB, 15890 MiB, 6 %
2026/03/27 11:41:28.530, 1, NVIDIA RTX 6000 Ada Generation, 49140 MiB, 28983 MiB, 100 %
2026/03/27 11:41:28.530, 2, NVIDIA RTX 6000 Ada Generation, 49140 MiB, 21991 MiB, 100 %
2026/03/27 11:41:28.531, 3, NVIDIA RTX 6000 Ada Generation, 49140 MiB, 17248 MiB, 100 %
2026/03/27 11:41:28.531, 4, NVIDIA RTX 6000 Ada Generation, 49140 MiB, 17260 MiB, 100 %
2026/03/27 11:41:28.531, 5, NVIDIA RTX 6000 Ada Generation, 49140 MiB, 2 MiB, 0 %
2026/03/27 11:41:28.531, 6, NVIDIA RTX 6000 Ada Generation, 49140 MiB, 16254 MiB, 0 %
2026/03/27 11:41:28.531, 7, NVIDIA RTX 6000 Ada Generation, 49140 MiB, 21460 MiB, 100 %
2026/03/27 11:41:29.531, 0, NVIDIA RTX 6000 Ada Generation, 49140 MiB, 15890 MiB, 6 %
2026/03/27 11:41:29.531, 1, NVIDIA RTX 6000 Ada Generation, 49140 MiB, 28983 MiB, 100 %
2026/03/27 11:41:29.531, 2, NVIDIA RTX 6000 Ada Generation, 49140 MiB, 21991 MiB, 99 %
2026/03/27 11:41:29.531, 3, NVIDIA RTX 6000 Ada Generation, 49140 MiB, 17248 MiB, 100 %
2026/03/27 11:41:29.567, 4, NVIDIA RTX 6000 Ada Generation, 49140 MiB, 17260 MiB, 100 %
2026/03/27 11:41:29.567, 5, NVIDIA RTX 6000 Ada Generation, 49140 MiB, 2 MiB, 0 %
2026/03/27 11:41:29.568, 6, NVIDIA RTX 6000 Ada Generation, 49140 MiB, 16254 MiB, 0 %
2026/03/27 11:41:29.568, 7, NVIDIA RTX 6000 Ada Generation, 49140 MiB, 21460 MiB, 100 %
2026/03/27 11:41:30.568, 0, NVIDIA RTX 6000 Ada Generation, 49140 MiB, 15890 MiB, 0 %
2026/03/27 11:41:30.568, 1, NVIDIA RTX 6000 Ada Generation, 49140 MiB, 28983 MiB, 100 %
2026/03/27 11:41:30.568, 2, NVIDIA RTX 6000 Ada Generation, 49140 MiB, 21991 MiB, 100 %
2026/03/27 11:41:30.568, 3, NVIDIA RTX 6000 Ada Generation, 49140 MiB, 17248 MiB, 100 %
2026/03/27 11:41:30.568, 4, NVIDIA RTX 6000 Ada Generation, 49140 MiB, 17260 MiB, 100 %
2026/03/27 11:41:30.568, 5, NVIDIA RTX 6000 Ada Generation, 49140 MiB, 2 MiB, 0 %
2026/03/27 11:41:30.568, 6, NVIDIA RTX 6000 Ada Generation, 49140 MiB, 16254 MiB, 0 %
2026/03/27 11:41:30.568, 7, NVIDIA RTX 6000 Ada Generation, 49140 MiB, 21460 MiB, 100 %
2026/03/27 11:41:31.569, 0, NVIDIA RTX 6000 Ada Generation, 49140 MiB, 15890 MiB, 0 %
2026/03/27 11:41:31.603, 1, NVIDIA RTX 6000 Ada Generation, 49140 MiB, 28983 MiB, 100 %
2026/03/27 11:41:31.604, 2, NVIDIA RTX 6000 Ada Generation, 49140 MiB, 21991 MiB, 99 %
2026/03/27 11:41:31.604, 3, NVIDIA RTX 6000 Ada Generation, 49140 MiB, 17248 MiB, 100 %
2026/03/27 11:41:31.604, 4, NVIDIA RTX 6000 Ada Generation, 49140 MiB, 17260 MiB, 100 %
2026/03/27 11:41:31.604, 5, NVIDIA RTX 6000 Ada Generation, 49140 MiB, 2 MiB, 0 %
2026/03/27 11:41:31.604, 6, NVIDIA RTX 6000 Ada Generation, 49140 MiB, 16254 MiB, 0 %
2026/03/27 11:41:31.604, 7, NVIDIA RTX 6000 Ada Generation, 49140 MiB, 21460 MiB, 100 %
2026/03/27 11:41:32.604, 0, NVIDIA RTX 6000 Ada Generation, 49140 MiB, 15890 MiB, 88 %
2026/03/27 11:41:32.605, 1, NVIDIA RTX 6000 Ada Generation, 49140 MiB, 28983 MiB, 100 %
2026/03/27 11:41:32.605, 2, NVIDIA RTX 6000 Ada Generation, 49140 MiB, 21991 MiB, 100 %
2026/03/27 11:41:32.605, 3, NVIDIA RTX 6000 Ada Generation, 49140 MiB, 17248 MiB, 100 %
2026/03/27 11:41:32.605, 4, NVIDIA RTX 6000 Ada Generation, 49140 MiB, 17260 MiB, 100 %
2026/03/27 11:41:32.605, 5, NVIDIA RTX 6000 Ada Generation, 49140 MiB, 2 MiB, 0 %
2026/03/27 11:41:32.697, 6, NVIDIA RTX 6000 Ada Generation, 49140 MiB, 16254 MiB, 0 %
2026/03/27 11:41:32.697, 7, NVIDIA RTX 6000 Ada Generation, 49140 MiB, 21460 MiB, 100 %
2026/03/27 11:41:33.697, 0, NVIDIA RTX 6000 Ada Generation, 49140 MiB, 15890 MiB, 92 %
2026/03/27 11:41:33.698, 1, NVIDIA RTX 6000 Ada Generation, 49140 MiB, 28983 MiB, 100 %
2026/03/27 11:41:33.698, 2, NVIDIA RTX 6000 Ada Generation, 49140 MiB, 21991 MiB, 99 %
2026/03/27 11:41:33.698, 3, NVIDIA RTX 6000 Ada Generation, 49140 MiB, 17248 MiB, 100 %
2026/03/27 11:41:33.698, 4, NVIDIA RTX 6000 Ada Generation, 49140 MiB, 17260 MiB, 100 %
2026/03/27 11:41:33.698, 5, NVIDIA RTX 6000 Ada Generation, 49140 MiB, 2 MiB, 0 %
2026/03/27 11:41:33.698, 6, NVIDIA RTX 6000 Ada Generation, 49140 MiB, 16254 MiB, 0 %
2026/03/27 11:41:33.698, 7, NVIDIA RTX 6000 Ada Generation, 49140 MiB, 21460 MiB, 100 %
2026/03/27 11:41:34.698, 0, NVIDIA RTX 6000 Ada Generation, 49140 MiB, 15890 MiB, 12 %
2026/03/27 11:41:34.698, 1, NVIDIA RTX 6000 Ada Generation, 49140 MiB, 28983 MiB, 100 %
2026/03/27 11:41:34.698, 2, NVIDIA RTX 6000 Ada Generation, 49140 MiB, 21991 MiB, 100 %
2026/03/27 11:41:34.882, 3, NVIDIA RTX 6000 Ada Generation, 49140 MiB, 17248 MiB, 100 %
2026/03/27 11:41:34.882, 4, NVIDIA RTX 6000 Ada Generation, 49140 MiB, 17260 MiB, 100 %
2026/03/27 11:41:34.882, 5, NVIDIA RTX 6000 Ada Generation, 49140 MiB, 2 MiB, 0 %
2026/03/27 11:41:34.882, 6, NVIDIA RTX 6000 Ada Generation, 49140 MiB, 16254 MiB, 0 %
2026/03/27 11:41:34.883, 7, NVIDIA RTX 6000 Ada Generation, 49140 MiB, 21460 MiB, 100 %
2026/03/27 11:41:35.883, 0, NVIDIA RTX 6000 Ada Generation, 49140 MiB, 15890 MiB, 5 %
2026/03/27 11:41:35.884, 1, NVIDIA RTX 6000 Ada Generation, 49140 MiB, 28983 MiB, 100 %
2026/03/27 11:41:35.885, 2, NVIDIA RTX 6000 Ada Generation, 49140 MiB, 21991 MiB, 99 %
2026/03/27 11:41:35.887, 3, NVIDIA RTX 6000 Ada Generation, 49140 MiB, 17248 MiB, 100 %
2026/03/27 11:41:35.888, 4, NVIDIA RTX 6000 Ada Generation, 49140 MiB, 17260 MiB, 100 %
2026/03/27 11:41:35.889, 5, NVIDIA RTX 6000 Ada Generation, 49140 MiB, 2 MiB, 0 %
2026/03/27 11:41:35.890, 6, NVIDIA RTX 6000 Ada Generation, 49140 MiB, 16254 MiB, 0 %
2026/03/27 11:41:35.892, 7, NVIDIA RTX 6000 Ada Generation, 49140 MiB, 21460 MiB, 100 %
2026/03/27 11:41:36.893, 0, NVIDIA RTX 6000 Ada Generation, 49140 MiB, 15890 MiB, 6 %
2026/03/27 11:41:36.893, 1, NVIDIA RTX 6000 Ada Generation, 49140 MiB, 28983 MiB, 100 %
2026/03/27 11:41:36.893, 2, NVIDIA RTX 6000 Ada Generation, 49140 MiB, 21991 MiB, 100 %
2026/03/27 11:41:36.893, 3, NVIDIA RTX 6000 Ada Generation, 49140 MiB, 17248 MiB, 100 %
2026/03/27 11:41:36.893, 4, NVIDIA RTX 6000 Ada Generation, 49140 MiB, 17260 MiB, 100 %
2026/03/27 11:41:36.893, 5, NVIDIA RTX 6000 Ada Generation, 49140 MiB, 2 MiB, 0 %
2026/03/27 11:41:36.893, 6, NVIDIA RTX 6000 Ada Generation, 49140 MiB, 16254 MiB, 0 %
2026/03/27 11:41:36.893, 7, NVIDIA RTX 6000 Ada Generation, 49140 MiB, 21460 MiB, 100 %
2026/03/27 11:41:37.894, 0, NVIDIA RTX 6000 Ada Generation, 49140 MiB, 15890 MiB, 6 %
2026/03/27 11:41:37.894, 1, NVIDIA RTX 6000 Ada Generation, 49140 MiB, 28983 MiB, 100 %
2026/03/27 11:41:37.894, 2, NVIDIA RTX 6000 Ada Generation, 49140 MiB, 21991 MiB, 99 %
2026/03/27 11:41:37.894, 3, NVIDIA RTX 6000 Ada Generation, 49140 MiB, 17248 MiB, 100 %
2026/03/27 11:41:37.987, 4, NVIDIA RTX 6000 Ada Generation, 49140 MiB, 17260 MiB, 100 %
2026/03/27 11:41:37.988, 5, NVIDIA RTX 6000 Ada Generation, 49140 MiB, 2 MiB, 0 %
2026/03/27 11:41:37.988, 6, NVIDIA RTX 6000 Ada Generation, 49140 MiB, 16254 MiB, 0 %
2026/03/27 11:41:37.988, 7, NVIDIA RTX 6000 Ada Generation, 49140 MiB, 21460 MiB, 100 %
2026/03/27 11:41:38.988, 0, NVIDIA RTX 6000 Ada Generation, 49140 MiB, 15890 MiB, 6 %
2026/03/27 11:41:38.988, 1, NVIDIA RTX 6000 Ada Generation, 49140 MiB, 28983 MiB, 100 %
2026/03/27 11:41:38.989, 2, NVIDIA RTX 6000 Ada Generation, 49140 MiB, 21991 MiB, 100 %
2026/03/27 11:41:38.989, 3, NVIDIA RTX 6000 Ada Generation, 49140 MiB, 17248 MiB, 100 %
2026/03/27 11:41:38.989, 4, NVIDIA RTX 6000 Ada Generation, 49140 MiB, 17260 MiB, 99 %
2026/03/27 11:41:38.989, 5, NVIDIA RTX 6000 Ada Generation, 49140 MiB, 2 MiB, 0 %
2026/03/27 11:41:38.989, 6, NVIDIA RTX 6000 Ada Generation, 49140 MiB, 16254 MiB, 0 %
2026/03/27 11:41:38.989, 7, NVIDIA RTX 6000 Ada Generation, 49140 MiB, 21460 MiB, 100 %
2026/03/27 11:41:39.989, 0, NVIDIA RTX 6000 Ada Generation, 49140 MiB, 15890 MiB, 6 %
2026/03/27 11:41:40.111, 1, NVIDIA RTX 6000 Ada Generation, 49140 MiB, 28983 MiB, 100 %
2026/03/27 11:41:40.111, 2, NVIDIA RTX 6000 Ada Generation, 49140 MiB, 21991 MiB, 100 %
2026/03/27 11:41:40.111, 3, NVIDIA RTX 6000 Ada Generation, 49140 MiB, 17248 MiB, 100 %
2026/03/27 11:41:40.112, 4, NVIDIA RTX 6000 Ada Generation, 49140 MiB, 17260 MiB, 100 %
2026/03/27 11:41:40.112, 5, NVIDIA RTX 6000 Ada Generation, 49140 MiB, 2 MiB, 0 %
2026/03/27 11:41:40.112, 6, NVIDIA RTX 6000 Ada Generation, 49140 MiB, 16254 MiB, 0 %
2026/03/27 11:41:40.112, 7, NVIDIA RTX 6000 Ada Generation, 49140 MiB, 21460 MiB, 100 %
2026/03/27 11:41:41.112, 0, NVIDIA RTX 6000 Ada Generation, 49140 MiB, 15890 MiB, 6 %
2026/03/27 11:41:41.112, 1, NVIDIA RTX 6000 Ada Generation, 49140 MiB, 28983 MiB, 100 %
2026/03/27 11:41:41.112, 2, NVIDIA RTX 6000 Ada Generation, 49140 MiB, 21991 MiB, 100 %
2026/03/27 11:41:41.112, 3, NVIDIA RTX 6000 Ada Generation, 49140 MiB, 17248 MiB, 100 %
2026/03/27 11:41:41.112, 4, NVIDIA RTX 6000 Ada Generation, 49140 MiB, 17260 MiB, 100 %
2026/03/27 11:41:41.112, 5, NVIDIA RTX 6000 Ada Generation, 49140 MiB, 2 MiB, 0 %
2026/03/27 11:41:41.225, 6, NVIDIA RTX 6000 Ada Generation, 49140 MiB, 16254 MiB, 0 %
2026/03/27 11:41:41.225, 7, NVIDIA RTX 6000 Ada Generation, 49140 MiB, 21460 MiB, 100 %
2026/03/27 11:41:42.225, 0, NVIDIA RTX 6000 Ada Generation, 49140 MiB, 15890 MiB, 0 %
2026/03/27 11:41:42.226, 1, NVIDIA RTX 6000 Ada Generation, 49140 MiB, 28983 MiB, 100 %
2026/03/27 11:41:42.226, 2, NVIDIA RTX 6000 Ada Generation, 49140 MiB, 21991 MiB, 100 %
2026/03/27 11:41:42.226, 3, NVIDIA RTX 6000 Ada Generation, 49140 MiB, 17248 MiB, 99 %
2026/03/27 11:41:42.226, 4, NVIDIA RTX 6000 Ada Generation, 49140 MiB, 17260 MiB, 100 %
2026/03/27 11:41:42.226, 5, NVIDIA RTX 6000 Ada Generation, 49140 MiB, 2 MiB, 0 %
2026/03/27 11:41:42.226, 6, NVIDIA RTX 6000 Ada Generation, 49140 MiB, 16254 MiB, 0 %
2026/03/27 11:41:42.226, 7, NVIDIA RTX 6000 Ada Generation, 49140 MiB, 21460 MiB, 100 %
2026/03/27 11:41:43.226, 0, NVIDIA RTX 6000 Ada Generation, 49140 MiB, 15890 MiB, 0 %
2026/03/27 11:41:43.227, 1, NVIDIA RTX 6000 Ada Generation, 49140 MiB, 28983 MiB, 100 %
2026/03/27 11:41:43.341, 2, NVIDIA RTX 6000 Ada Generation, 49140 MiB, 21991 MiB, 100 %
2026/03/27 11:41:43.341, 3, NVIDIA RTX 6000 Ada Generation, 49140 MiB, 17248 MiB, 100 %
2026/03/27 11:41:43.342, 4, NVIDIA RTX 6000 Ada Generation, 49140 MiB, 17260 MiB, 100 %
2026/03/27 11:41:43.342, 5, NVIDIA RTX 6000 Ada Generation, 49140 MiB, 2 MiB, 0 %
2026/03/27 11:41:43.342, 6, NVIDIA RTX 6000 Ada Generation, 49140 MiB, 16254 MiB, 0 %
2026/03/27 11:41:43.342, 7, NVIDIA RTX 6000 Ada Generation, 49140 MiB, 21460 MiB, 100 %
2026/03/27 11:41:44.342, 0, NVIDIA RTX 6000 Ada Generation, 49140 MiB, 15890 MiB, 95 %
2026/03/27 11:41:44.342, 1, NVIDIA RTX 6000 Ada Generation, 49140 MiB, 28983 MiB, 100 %
2026/03/27 11:41:44.342, 2, NVIDIA RTX 6000 Ada Generation, 49140 MiB, 21991 MiB, 100 %
2026/03/27 11:41:44.342, 3, NVIDIA RTX 6000 Ada Generation, 49140 MiB, 17248 MiB, 100 %
2026/03/27 11:41:44.342, 4, NVIDIA RTX 6000 Ada Generation, 49140 MiB, 17260 MiB, 100 %
2026/03/27 11:41:44.342, 5, NVIDIA RTX 6000 Ada Generation, 49140 MiB, 2 MiB, 0 %
2026/03/27 11:41:44.342, 6, NVIDIA RTX 6000 Ada Generation, 49140 MiB, 16254 MiB, 0 %
2026/03/27 11:41:44.399, 7, NVIDIA RTX 6000 Ada Generation, 49140 MiB, 21460 MiB, 100 %
2026/03/27 11:41:45.399, 0, NVIDIA RTX 6000 Ada Generation, 49140 MiB, 15890 MiB, 97 %
2026/03/27 11:41:45.399, 1, NVIDIA RTX 6000 Ada Generation, 49140 MiB, 28983 MiB, 100 %
2026/03/27 11:41:45.400, 2, NVIDIA RTX 6000 Ada Generation, 49140 MiB, 21991 MiB, 100 %
2026/03/27 11:41:45.400, 3, NVIDIA RTX 6000 Ada Generation, 49140 MiB, 17248 MiB, 100 %
2026/03/27 11:41:45.400, 4, NVIDIA RTX 6000 Ada Generation, 49140 MiB, 17260 MiB, 100 %
2026/03/27 11:41:45.400, 5, NVIDIA RTX 6000 Ada Generation, 49140 MiB, 2 MiB, 0 %
2026/03/27 11:41:45.400, 6, NVIDIA RTX 6000 Ada Generation, 49140 MiB, 16254 MiB, 0 %
2026/03/27 11:41:45.400, 7, NVIDIA RTX 6000 Ada Generation, 49140 MiB, 21460 MiB, 100 %
2026/03/27 11:41:46.400, 0, NVIDIA RTX 6000 Ada Generation, 49140 MiB, 15890 MiB, 0 %
2026/03/27 11:41:46.400, 1, NVIDIA RTX 6000 Ada Generation, 49140 MiB, 28983 MiB, 100 %
2026/03/27 11:41:46.400, 2, NVIDIA RTX 6000 Ada Generation, 49140 MiB, 21991 MiB, 100 %
2026/03/27 11:41:46.463, 3, NVIDIA RTX 6000 Ada Generation, 49140 MiB, 17248 MiB, 99 %
2026/03/27 11:41:46.464, 4, NVIDIA RTX 6000 Ada Generation, 49140 MiB, 17260 MiB, 100 %
2026/03/27 11:41:46.464, 5, NVIDIA RTX 6000 Ada Generation, 49140 MiB, 2 MiB, 0 %
2026/03/27 11:41:46.464, 6, NVIDIA RTX 6000 Ada Generation, 49140 MiB, 16254 MiB, 0 %
2026/03/27 11:41:46.464, 7, NVIDIA RTX 6000 Ada Generation, 49140 MiB, 21460 MiB, 100 %
2026/03/27 11:41:47.464, 0, NVIDIA RTX 6000 Ada Generation, 49140 MiB, 15890 MiB, 6 %
2026/03/27 11:41:47.467, 1, NVIDIA RTX 6000 Ada Generation, 49140 MiB, 28983 MiB, 100 %
2026/03/27 11:41:47.467, 2, NVIDIA RTX 6000 Ada Generation, 49140 MiB, 21991 MiB, 100 %
2026/03/27 11:41:47.467, 3, NVIDIA RTX 6000 Ada Generation, 49140 MiB, 17248 MiB, 100 %
2026/03/27 11:41:47.467, 4, NVIDIA RTX 6000 Ada Generation, 49140 MiB, 17260 MiB, 99 %
2026/03/27 11:41:47.467, 5, NVIDIA RTX 6000 Ada Generation, 49140 MiB, 2 MiB, 0 %
2026/03/27 11:41:47.467, 6, NVIDIA RTX 6000 Ada Generation, 49140 MiB, 16254 MiB, 0 %
2026/03/27 11:41:47.467, 7, NVIDIA RTX 6000 Ada Generation, 49140 MiB, 21460 MiB, 100 %
2026/03/27 11:41:48.467, 0, NVIDIA RTX 6000 Ada Generation, 49140 MiB, 15890 MiB, 5 %
2026/03/27 11:41:48.468, 1, NVIDIA RTX 6000 Ada Generation, 49140 MiB, 28983 MiB, 100 %
2026/03/27 11:41:48.468, 2, NVIDIA RTX 6000 Ada Generation, 49140 MiB, 21991 MiB, 100 %
2026/03/27 11:41:48.468, 3, NVIDIA RTX 6000 Ada Generation, 49140 MiB, 17248 MiB, 100 %
2026/03/27 11:41:48.468, 4, NVIDIA RTX 6000 Ada Generation, 49140 MiB, 17260 MiB, 100 %
2026/03/27 11:41:48.468, 5, NVIDIA RTX 6000 Ada Generation, 49140 MiB, 2 MiB, 0 %
2026/03/27 11:41:48.468, 6, NVIDIA RTX 6000 Ada Generation, 49140 MiB, 16254 MiB, 0 %
2026/03/27 11:41:48.468, 7, NVIDIA RTX 6000 Ada Generation, 49140 MiB, 21460 MiB, 100 %
2026/03/27 11:41:49.468, 0, NVIDIA RTX 6000 Ada Generation, 49140 MiB, 15890 MiB, 6 %
2026/03/27 11:41:49.468, 1, NVIDIA RTX 6000 Ada Generation, 49140 MiB, 28983 MiB, 100 %
2026/03/27 11:41:49.468, 2, NVIDIA RTX 6000 Ada Generation, 49140 MiB, 21991 MiB, 100 %
2026/03/27 11:41:49.469, 3, NVIDIA RTX 6000 Ada Generation, 49140 MiB, 17248 MiB, 100 %
2026/03/27 11:41:49.556, 4, NVIDIA RTX 6000 Ada Generation, 49140 MiB, 17260 MiB, 100 %
2026/03/27 11:41:49.556, 5, NVIDIA RTX 6000 Ada Generation, 49140 MiB, 2 MiB, 0 %
2026/03/27 11:41:49.556, 6, NVIDIA RTX 6000 Ada Generation, 49140 MiB, 16254 MiB, 0 %
2026/03/27 11:41:49.556, 7, NVIDIA RTX 6000 Ada Generation, 49140 MiB, 21460 MiB, 100 %
2026/03/27 11:41:50.557, 0, NVIDIA RTX 6000 Ada Generation, 49140 MiB, 15890 MiB, 6 %
2026/03/27 11:41:50.557, 1, NVIDIA RTX 6000 Ada Generation, 49140 MiB, 28983 MiB, 100 %
2026/03/27 11:41:50.557, 2, NVIDIA RTX 6000 Ada Generation, 49140 MiB, 21991 MiB, 100 %
2026/03/27 11:41:50.557, 3, NVIDIA RTX 6000 Ada Generation, 49140 MiB, 17248 MiB, 100 %
2026/03/27 11:41:50.557, 4, NVIDIA RTX 6000 Ada Generation, 49140 MiB, 17260 MiB, 100 %
2026/03/27 11:41:50.557, 5, NVIDIA RTX 6000 Ada Generation, 49140 MiB, 2 MiB, 0 %
2026/03/27 11:41:50.557, 6, NVIDIA RTX 6000 Ada Generation, 49140 MiB, 16254 MiB, 0 %
2026/03/27 11:41:50.557, 7, NVIDIA RTX 6000 Ada Generation, 49140 MiB, 21460 MiB, 100 %
2026/03/27 11:41:51.557, 0, NVIDIA RTX 6000 Ada Generation, 49140 MiB, 15890 MiB, 6 %
2026/03/27 11:41:51.694, 1, NVIDIA RTX 6000 Ada Generation, 49140 MiB, 28983 MiB, 100 %
2026/03/27 11:41:51.695, 2, NVIDIA RTX 6000 Ada Generation, 49140 MiB, 21991 MiB, 100 %
2026/03/27 11:41:51.695, 3, NVIDIA RTX 6000 Ada Generation, 49140 MiB, 17248 MiB, 100 %
2026/03/27 11:41:51.695, 4, NVIDIA RTX 6000 Ada Generation, 49140 MiB, 17260 MiB, 100 %
2026/03/27 11:41:51.695, 5, NVIDIA RTX 6000 Ada Generation, 49140 MiB, 2 MiB, 0 %
2026/03/27 11:41:51.695, 6, NVIDIA RTX 6000 Ada Generation, 49140 MiB, 16254 MiB, 0 %
2026/03/27 11:41:51.695, 7, NVIDIA RTX 6000 Ada Generation, 49140 MiB, 21460 MiB, 100 %
2026/03/27 11:41:52.695, 0, NVIDIA RTX 6000 Ada Generation, 49140 MiB, 15890 MiB, 6 %
2026/03/27 11:41:52.696, 1, NVIDIA RTX 6000 Ada Generation, 49140 MiB, 28983 MiB, 100 %
2026/03/27 11:41:52.696, 2, NVIDIA RTX 6000 Ada Generation, 49140 MiB, 21991 MiB, 100 %
2026/03/27 11:41:52.696, 3, NVIDIA RTX 6000 Ada Generation, 49140 MiB, 17248 MiB, 100 %
2026/03/27 11:41:52.696, 4, NVIDIA RTX 6000 Ada Generation, 49140 MiB, 17260 MiB, 100 %
2026/03/27 11:41:52.696, 5, NVIDIA RTX 6000 Ada Generation, 49140 MiB, 2 MiB, 0 %
2026/03/27 11:41:52.834, 6, NVIDIA RTX 6000 Ada Generation, 49140 MiB, 16254 MiB, 0 %
2026/03/27 11:41:52.834, 7, NVIDIA RTX 6000 Ada Generation, 49140 MiB, 21460 MiB, 100 %
2026/03/27 11:41:53.834, 0, NVIDIA RTX 6000 Ada Generation, 49140 MiB, 15890 MiB, 6 %
2026/03/27 11:41:53.834, 1, NVIDIA RTX 6000 Ada Generation, 49140 MiB, 28983 MiB, 100 %
2026/03/27 11:41:53.834, 2, NVIDIA RTX 6000 Ada Generation, 49140 MiB, 21991 MiB, 100 %
2026/03/27 11:41:53.835, 3, NVIDIA RTX 6000 Ada Generation, 49140 MiB, 17248 MiB, 100 %
2026/03/27 11:41:53.835, 4, NVIDIA RTX 6000 Ada Generation, 49140 MiB, 17260 MiB, 100 %
2026/03/27 11:41:53.835, 5, NVIDIA RTX 6000 Ada Generation, 49140 MiB, 2 MiB, 0 %
2026/03/27 11:41:53.835, 6, NVIDIA RTX 6000 Ada Generation, 49140 MiB, 16254 MiB, 0 %
2026/03/27 11:41:53.835, 7, NVIDIA RTX 6000 Ada Generation, 49140 MiB, 21460 MiB, 100 %
2026/03/27 11:41:54.835, 0, NVIDIA RTX 6000 Ada Generation, 49140 MiB, 15890 MiB, 6 %
2026/03/27 11:41:54.835, 1, NVIDIA RTX 6000 Ada Generation, 49140 MiB, 28983 MiB, 100 %
2026/03/27 11:41:54.835, 2, NVIDIA RTX 6000 Ada Generation, 49140 MiB, 21991 MiB, 100 %
2026/03/27 11:41:55.071, 3, NVIDIA RTX 6000 Ada Generation, 49140 MiB, 17248 MiB, 100 %
2026/03/27 11:41:55.072, 4, NVIDIA RTX 6000 Ada Generation, 49140 MiB, 17260 MiB, 100 %
2026/03/27 11:41:55.072, 5, NVIDIA RTX 6000 Ada Generation, 49140 MiB, 2 MiB, 0 %
2026/03/27 11:41:55.072, 6, NVIDIA RTX 6000 Ada Generation, 49140 MiB, 16254 MiB, 0 %
2026/03/27 11:41:55.072, 7, NVIDIA RTX 6000 Ada Generation, 49140 MiB, 21460 MiB, 100 %
2026/03/27 11:41:56.072, 0, NVIDIA RTX 6000 Ada Generation, 49140 MiB, 15890 MiB, 6 %
2026/03/27 11:41:56.073, 1, NVIDIA RTX 6000 Ada Generation, 49140 MiB, 28983 MiB, 100 %
2026/03/27 11:41:56.073, 2, NVIDIA RTX 6000 Ada Generation, 49140 MiB, 21991 MiB, 100 %
2026/03/27 11:41:56.073, 3, NVIDIA RTX 6000 Ada Generation, 49140 MiB, 17248 MiB, 100 %
2026/03/27 11:41:56.073, 4, NVIDIA RTX 6000 Ada Generation, 49140 MiB, 17260 MiB, 100 %
2026/03/27 11:41:56.073, 5, NVIDIA RTX 6000 Ada Generation, 49140 MiB, 2 MiB, 0 %
2026/03/27 11:41:56.073, 6, NVIDIA RTX 6000 Ada Generation, 49140 MiB, 16254 MiB, 0 %
2026/03/27 11:41:56.073, 7, NVIDIA RTX 6000 Ada Generation, 49140 MiB, 21460 MiB, 100 %
2026/03/27 11:41:57.073, 0, NVIDIA RTX 6000 Ada Generation, 49140 MiB, 15890 MiB, 6 %
2026/03/27 11:41:57.073, 1, NVIDIA RTX 6000 Ada Generation, 49140 MiB, 28983 MiB, 100 %
2026/03/27 11:41:57.073, 2, NVIDIA RTX 6000 Ada Generation, 49140 MiB, 21991 MiB, 100 %
2026/03/27 11:41:57.073, 3, NVIDIA RTX 6000 Ada Generation, 49140 MiB, 17248 MiB, 100 %
2026/03/27 11:41:57.073, 4, NVIDIA RTX 6000 Ada Generation, 49140 MiB, 17260 MiB, 100 %
2026/03/27 11:41:57.074, 5, NVIDIA RTX 6000 Ada Generation, 49140 MiB, 2 MiB, 0 %
2026/03/27 11:41:57.074, 6, NVIDIA RTX 6000 Ada Generation, 49140 MiB, 20012 MiB, 0 %
2026/03/27 11:41:57.074, 7, NVIDIA RTX 6000 Ada Generation, 49140 MiB, 21460 MiB, 100 %
2026/03/27 11:41:58.074, 0, NVIDIA RTX 6000 Ada Generation, 49140 MiB, 15890 MiB, 2 %
2026/03/27 11:41:58.160, 1, NVIDIA RTX 6000 Ada Generation, 49140 MiB, 28983 MiB, 100 %
2026/03/27 11:41:58.161, 2, NVIDIA RTX 6000 Ada Generation, 49140 MiB, 21991 MiB, 100 %
2026/03/27 11:41:58.161, 3, NVIDIA RTX 6000 Ada Generation, 49140 MiB, 17248 MiB, 100 %
2026/03/27 11:41:58.161, 4, NVIDIA RTX 6000 Ada Generation, 49140 MiB, 17260 MiB, 99 %
2026/03/27 11:41:58.161, 5, NVIDIA RTX 6000 Ada Generation, 49140 MiB, 2 MiB, 0 %
2026/03/27 11:41:58.161, 6, NVIDIA RTX 6000 Ada Generation, 49140 MiB, 37366 MiB, 61 %
2026/03/27 11:41:58.162, 7, NVIDIA RTX 6000 Ada Generation, 49140 MiB, 21460 MiB, 100 %
2026/03/27 11:41:59.162, 0, NVIDIA RTX 6000 Ada Generation, 49140 MiB, 15890 MiB, 0 %
2026/03/27 11:41:59.162, 1, NVIDIA RTX 6000 Ada Generation, 49140 MiB, 28983 MiB, 100 %
2026/03/27 11:41:59.162, 2, NVIDIA RTX 6000 Ada Generation, 49140 MiB, 21991 MiB, 100 %
2026/03/27 11:41:59.162, 3, NVIDIA RTX 6000 Ada Generation, 49140 MiB, 17248 MiB, 100 %
2026/03/27 11:41:59.162, 4, NVIDIA RTX 6000 Ada Generation, 49140 MiB, 17260 MiB, 100 %
2026/03/27 11:41:59.162, 5, NVIDIA RTX 6000 Ada Generation, 49140 MiB, 2 MiB, 0 %
2026/03/27 11:41:59.162, 6, NVIDIA RTX 6000 Ada Generation, 49140 MiB, 45372 MiB, 0 %
2026/03/27 11:41:59.162, 7, NVIDIA RTX 6000 Ada Generation, 49140 MiB, 21460 MiB, 100 %
2026/03/27 11:42:00.163, 0, NVIDIA RTX 6000 Ada Generation, 49140 MiB, 15890 MiB, 0 %
2026/03/27 11:42:00.196, 1, NVIDIA RTX 6000 Ada Generation, 49140 MiB, 28983 MiB, 100 %
2026/03/27 11:42:00.196, 2, NVIDIA RTX 6000 Ada Generation, 49140 MiB, 21991 MiB, 100 %
2026/03/27 11:42:00.196, 3, NVIDIA RTX 6000 Ada Generation, 49140 MiB, 17248 MiB, 100 %
2026/03/27 11:42:00.197, 4, NVIDIA RTX 6000 Ada Generation, 49140 MiB, 17260 MiB, 100 %
2026/03/27 11:42:00.197, 5, NVIDIA RTX 6000 Ada Generation, 49140 MiB, 2 MiB, 0 %
2026/03/27 11:42:00.197, 6, NVIDIA RTX 6000 Ada Generation, 49140 MiB, 2 MiB, 0 %
2026/03/27 11:42:00.197, 7, NVIDIA RTX 6000 Ada Generation, 49140 MiB, 21460 MiB, 100 %
2026/03/27 11:42:01.198, 0, NVIDIA RTX 6000 Ada Generation, 49140 MiB, 15890 MiB, 92 %
2026/03/27 11:42:01.198, 1, NVIDIA RTX 6000 Ada Generation, 49140 MiB, 28983 MiB, 100 %
2026/03/27 11:42:01.199, 2, NVIDIA RTX 6000 Ada Generation, 49140 MiB, 21991 MiB, 100 %
2026/03/27 11:42:01.199, 3, NVIDIA RTX 6000 Ada Generation, 49140 MiB, 17248 MiB, 100 %
2026/03/27 11:42:01.268, 4, NVIDIA RTX 6000 Ada Generation, 49140 MiB, 17260 MiB, 100 %
2026/03/27 11:42:01.270, 5, NVIDIA RTX 6000 Ada Generation, 49140 MiB, 2 MiB, 0 %
2026/03/27 11:42:01.270, 6, NVIDIA RTX 6000 Ada Generation, 49140 MiB, 2 MiB, 100 %
2026/03/27 11:42:01.270, 7, NVIDIA RTX 6000 Ada Generation, 49140 MiB, 21460 MiB, 100 %
2026/03/27 11:42:02.270, 0, NVIDIA RTX 6000 Ada Generation, 49140 MiB, 15890 MiB, 95 %
2026/03/27 11:42:02.270, 1, NVIDIA RTX 6000 Ada Generation, 49140 MiB, 28983 MiB, 100 %
2026/03/27 11:42:02.270, 2, NVIDIA RTX 6000 Ada Generation, 49140 MiB, 21991 MiB, 100 %
2026/03/27 11:42:02.270, 3, NVIDIA RTX 6000 Ada Generation, 49140 MiB, 17248 MiB, 100 %
2026/03/27 11:42:02.270, 4, NVIDIA RTX 6000 Ada Generation, 49140 MiB, 17260 MiB, 100 %
2026/03/27 11:42:02.270, 5, NVIDIA RTX 6000 Ada Generation, 49140 MiB, 2 MiB, 0 %
2026/03/27 11:42:02.271, 6, NVIDIA RTX 6000 Ada Generation, 49140 MiB, 2 MiB, 0 %
2026/03/27 11:42:02.271, 7, NVIDIA RTX 6000 Ada Generation, 49140 MiB, 21460 MiB, 100 %
2026/03/27 11:42:03.271, 0, NVIDIA RTX 6000 Ada Generation, 49140 MiB, 15890 MiB, 0 %
2026/03/27 11:42:03.392, 1, NVIDIA RTX 6000 Ada Generation, 49140 MiB, 28983 MiB, 100 %
2026/03/27 11:42:03.393, 2, NVIDIA RTX 6000 Ada Generation, 49140 MiB, 21991 MiB, 100 %
2026/03/27 11:42:03.393, 3, NVIDIA RTX 6000 Ada Generation, 49140 MiB, 17248 MiB, 100 %
2026/03/27 11:42:03.393, 4, NVIDIA RTX 6000 Ada Generation, 49140 MiB, 17260 MiB, 100 %
2026/03/27 11:42:03.393, 5, NVIDIA RTX 6000 Ada Generation, 49140 MiB, 2 MiB, 0 %
2026/03/27 11:42:03.393, 6, NVIDIA RTX 6000 Ada Generation, 49140 MiB, 2 MiB, 0 %
2026/03/27 11:42:03.393, 7, NVIDIA RTX 6000 Ada Generation, 49140 MiB, 21460 MiB, 100 %
2026/03/27 11:42:04.393, 0, NVIDIA RTX 6000 Ada Generation, 49140 MiB, 15890 MiB, 5 %
2026/03/27 11:42:04.548, 1, NVIDIA RTX 6000 Ada Generation, 49140 MiB, 28983 MiB, 100 %
2026/03/27 11:42:04.549, 2, NVIDIA RTX 6000 Ada Generation, 49140 MiB, 21991 MiB, 100 %
2026/03/27 11:42:04.708, 3, NVIDIA RTX 6000 Ada Generation, 49140 MiB, 17248 MiB, 100 %
2026/03/27 11:42:04.709, 4, NVIDIA RTX 6000 Ada Generation, 49140 MiB, 17260 MiB, 100 %
2026/03/27 11:42:04.709, 5, NVIDIA RTX 6000 Ada Generation, 49140 MiB, 2 MiB, 0 %
2026/03/27 11:42:04.709, 6, NVIDIA RTX 6000 Ada Generation, 49140 MiB, 2 MiB, 0 %
2026/03/27 11:42:04.709, 7, NVIDIA RTX 6000 Ada Generation, 49140 MiB, 21460 MiB, 100 %
2026/03/27 11:42:05.709, 0, NVIDIA RTX 6000 Ada Generation, 49140 MiB, 15890 MiB, 6 %
2026/03/27 11:42:05.709, 1, NVIDIA RTX 6000 Ada Generation, 49140 MiB, 28983 MiB, 100 %
2026/03/27 11:42:05.710, 2, NVIDIA RTX 6000 Ada Generation, 49140 MiB, 21991 MiB, 100 %
2026/03/27 11:42:05.710, 3, NVIDIA RTX 6000 Ada Generation, 49140 MiB, 17248 MiB, 100 %
2026/03/27 11:42:05.710, 4, NVIDIA RTX 6000 Ada Generation, 49140 MiB, 17260 MiB, 100 %
2026/03/27 11:42:05.710, 5, NVIDIA RTX 6000 Ada Generation, 49140 MiB, 2 MiB, 0 %
2026/03/27 11:42:05.710, 6, NVIDIA RTX 6000 Ada Generation, 49140 MiB, 4 MiB, 0 %
2026/03/27 11:42:05.710, 7, NVIDIA RTX 6000 Ada Generation, 49140 MiB, 21460 MiB, 100 %
2026/03/27 11:42:06.710, 0, NVIDIA RTX 6000 Ada Generation, 49140 MiB, 15890 MiB, 6 %
2026/03/27 11:42:06.710, 1, NVIDIA RTX 6000 Ada Generation, 49140 MiB, 28983 MiB, 100 %
2026/03/27 11:42:06.710, 2, NVIDIA RTX 6000 Ada Generation, 49140 MiB, 21991 MiB, 100 %
2026/03/27 11:42:06.776, 3, NVIDIA RTX 6000 Ada Generation, 49140 MiB, 17248 MiB, 100 %
2026/03/27 11:42:06.777, 4, NVIDIA RTX 6000 Ada Generation, 49140 MiB, 17260 MiB, 100 %
2026/03/27 11:42:06.777, 5, NVIDIA RTX 6000 Ada Generation, 49140 MiB, 2 MiB, 0 %
2026/03/27 11:42:06.777, 6, NVIDIA RTX 6000 Ada Generation, 49140 MiB, 4 MiB, 0 %
2026/03/27 11:42:06.777, 7, NVIDIA RTX 6000 Ada Generation, 49140 MiB, 21460 MiB, 100 %
2026/03/27 11:42:07.777, 0, NVIDIA RTX 6000 Ada Generation, 49140 MiB, 15890 MiB, 6 %
2026/03/27 11:42:07.777, 1, NVIDIA RTX 6000 Ada Generation, 49140 MiB, 28983 MiB, 100 %
2026/03/27 11:42:07.777, 2, NVIDIA RTX 6000 Ada Generation, 49140 MiB, 21991 MiB, 99 %
2026/03/27 11:42:07.777, 3, NVIDIA RTX 6000 Ada Generation, 49140 MiB, 17248 MiB, 100 %
2026/03/27 11:42:07.777, 4, NVIDIA RTX 6000 Ada Generation, 49140 MiB, 17260 MiB, 100 %
2026/03/27 11:42:07.777, 5, NVIDIA RTX 6000 Ada Generation, 49140 MiB, 2 MiB, 0 %
2026/03/27 11:42:07.777, 6, NVIDIA RTX 6000 Ada Generation, 49140 MiB, 4 MiB, 0 %
2026/03/27 11:42:07.778, 7, NVIDIA RTX 6000 Ada Generation, 49140 MiB, 21460 MiB, 100 %
2026/03/27 11:42:08.784, 0, NVIDIA RTX 6000 Ada Generation, 49140 MiB, 15890 MiB, 6 %
2026/03/27 11:42:08.784, 1, NVIDIA RTX 6000 Ada Generation, 49140 MiB, 28983 MiB, 100 %
2026/03/27 11:42:08.784, 2, NVIDIA RTX 6000 Ada Generation, 49140 MiB, 21991 MiB, 100 %
2026/03/27 11:42:08.784, 3, NVIDIA RTX 6000 Ada Generation, 49140 MiB, 17248 MiB, 100 %
2026/03/27 11:42:08.784, 4, NVIDIA RTX 6000 Ada Generation, 49140 MiB, 17260 MiB, 100 %
2026/03/27 11:42:08.784, 5, NVIDIA RTX 6000 Ada Generation, 49140 MiB, 2 MiB, 0 %
2026/03/27 11:42:08.784, 6, NVIDIA RTX 6000 Ada Generation, 49140 MiB, 4 MiB, 0 %
2026/03/27 11:42:08.784, 7, NVIDIA RTX 6000 Ada Generation, 49140 MiB, 21460 MiB, 100 %
2026/03/27 11:42:09.784, 0, NVIDIA RTX 6000 Ada Generation, 49140 MiB, 15890 MiB, 6 %
2026/03/27 11:42:09.785, 1, NVIDIA RTX 6000 Ada Generation, 49140 MiB, 28983 MiB, 100 %
2026/03/27 11:42:09.785, 2, NVIDIA RTX 6000 Ada Generation, 49140 MiB, 21991 MiB, 100 %
2026/03/27 11:42:09.785, 3, NVIDIA RTX 6000 Ada Generation, 49140 MiB, 17248 MiB, 100 %
2026/03/27 11:42:09.938, 4, NVIDIA RTX 6000 Ada Generation, 49140 MiB, 17260 MiB, 100 %
2026/03/27 11:42:09.938, 5, NVIDIA RTX 6000 Ada Generation, 49140 MiB, 2 MiB, 0 %
2026/03/27 11:42:09.938, 6, NVIDIA RTX 6000 Ada Generation, 49140 MiB, 4 MiB, 0 %
2026/03/27 11:42:09.938, 7, NVIDIA RTX 6000 Ada Generation, 49140 MiB, 21460 MiB, 100 %
2026/03/27 11:42:10.938, 0, NVIDIA RTX 6000 Ada Generation, 49140 MiB, 15890 MiB, 0 %
2026/03/27 11:42:10.939, 1, NVIDIA RTX 6000 Ada Generation, 49140 MiB, 28983 MiB, 100 %
2026/03/27 11:42:10.939, 2, NVIDIA RTX 6000 Ada Generation, 49140 MiB, 21991 MiB, 100 %
2026/03/27 11:42:10.939, 3, NVIDIA RTX 6000 Ada Generation, 49140 MiB, 17248 MiB, 100 %
2026/03/27 11:42:10.939, 4, NVIDIA RTX 6000 Ada Generation, 49140 MiB, 17260 MiB, 100 %
2026/03/27 11:42:10.939, 5, NVIDIA RTX 6000 Ada Generation, 49140 MiB, 2 MiB, 0 %
2026/03/27 11:42:10.939, 6, NVIDIA RTX 6000 Ada Generation, 49140 MiB, 4 MiB, 0 %
2026/03/27 11:42:10.939, 7, NVIDIA RTX 6000 Ada Generation, 49140 MiB, 21460 MiB, 100 %
2026/03/27 11:42:11.939, 0, NVIDIA RTX 6000 Ada Generation, 49140 MiB, 15890 MiB, 0 %
2026/03/27 11:42:12.046, 1, NVIDIA RTX 6000 Ada Generation, 49140 MiB, 28983 MiB, 100 %
2026/03/27 11:42:12.046, 2, NVIDIA RTX 6000 Ada Generation, 49140 MiB, 21991 MiB, 100 %
2026/03/27 11:42:12.047, 3, NVIDIA RTX 6000 Ada Generation, 49140 MiB, 17248 MiB, 100 %
2026/03/27 11:42:12.047, 4, NVIDIA RTX 6000 Ada Generation, 49140 MiB, 17260 MiB, 100 %
2026/03/27 11:42:12.047, 5, NVIDIA RTX 6000 Ada Generation, 49140 MiB, 2 MiB, 0 %
2026/03/27 11:42:12.047, 6, NVIDIA RTX 6000 Ada Generation, 49140 MiB, 4 MiB, 0 %
2026/03/27 11:42:12.047, 7, NVIDIA RTX 6000 Ada Generation, 49140 MiB, 21460 MiB, 100 %
2026/03/27 11:42:13.047, 0, NVIDIA RTX 6000 Ada Generation, 49140 MiB, 15890 MiB, 95 %
2026/03/27 11:42:13.047, 1, NVIDIA RTX 6000 Ada Generation, 49140 MiB, 28983 MiB, 98 %
2026/03/27 11:42:13.047, 2, NVIDIA RTX 6000 Ada Generation, 49140 MiB, 21991 MiB, 100 %
2026/03/27 11:42:13.047, 3, NVIDIA RTX 6000 Ada Generation, 49140 MiB, 17248 MiB, 100 %
2026/03/27 11:42:13.047, 4, NVIDIA RTX 6000 Ada Generation, 49140 MiB, 17260 MiB, 100 %
2026/03/27 11:42:13.048, 5, NVIDIA RTX 6000 Ada Generation, 49140 MiB, 2 MiB, 0 %
2026/03/27 11:42:13.153, 6, NVIDIA RTX 6000 Ada Generation, 49140 MiB, 4 MiB, 0 %
2026/03/27 11:42:13.153, 7, NVIDIA RTX 6000 Ada Generation, 49140 MiB, 21460 MiB, 100 %
2026/03/27 11:42:14.153, 0, NVIDIA RTX 6000 Ada Generation, 49140 MiB, 15890 MiB, 92 %
2026/03/27 11:42:14.153, 1, NVIDIA RTX 6000 Ada Generation, 49140 MiB, 28983 MiB, 100 %
2026/03/27 11:42:14.153, 2, NVIDIA RTX 6000 Ada Generation, 49140 MiB, 21991 MiB, 100 %
2026/03/27 11:42:14.153, 3, NVIDIA RTX 6000 Ada Generation, 49140 MiB, 17248 MiB, 100 %
2026/03/27 11:42:14.153, 4, NVIDIA RTX 6000 Ada Generation, 49140 MiB, 17260 MiB, 100 %
2026/03/27 11:42:14.154, 5, NVIDIA RTX 6000 Ada Generation, 49140 MiB, 2 MiB, 0 %
2026/03/27 11:42:14.154, 6, NVIDIA RTX 6000 Ada Generation, 49140 MiB, 4 MiB, 0 %
2026/03/27 11:42:14.154, 7, NVIDIA RTX 6000 Ada Generation, 49140 MiB, 21460 MiB, 100 %
2026/03/27 11:42:15.154, 0, NVIDIA RTX 6000 Ada Generation, 49140 MiB, 15890 MiB, 0 %
2026/03/27 11:42:15.154, 1, NVIDIA RTX 6000 Ada Generation, 49140 MiB, 28983 MiB, 100 %
2026/03/27 11:42:15.154, 2, NVIDIA RTX 6000 Ada Generation, 49140 MiB, 21991 MiB, 100 %
2026/03/27 11:42:15.354, 3, NVIDIA RTX 6000 Ada Generation, 49140 MiB, 17248 MiB, 100 %
2026/03/27 11:42:15.354, 4, NVIDIA RTX 6000 Ada Generation, 49140 MiB, 17260 MiB, 100 %
2026/03/27 11:42:15.354, 5, NVIDIA RTX 6000 Ada Generation, 49140 MiB, 2 MiB, 0 %
2026/03/27 11:42:15.354, 6, NVIDIA RTX 6000 Ada Generation, 49140 MiB, 4 MiB, 0 %
2026/03/27 11:42:15.354, 7, NVIDIA RTX 6000 Ada Generation, 49140 MiB, 21460 MiB, 100 %
2026/03/27 11:42:16.355, 0, NVIDIA RTX 6000 Ada Generation, 49140 MiB, 15890 MiB, 6 %
2026/03/27 11:42:16.355, 1, NVIDIA RTX 6000 Ada Generation, 49140 MiB, 28983 MiB, 100 %
2026/03/27 11:42:16.357, 2, NVIDIA RTX 6000 Ada Generation, 49140 MiB, 21991 MiB, 100 %
2026/03/27 11:42:16.358, 3, NVIDIA RTX 6000 Ada Generation, 49140 MiB, 17248 MiB, 100 %
2026/03/27 11:42:16.361, 4, NVIDIA RTX 6000 Ada Generation, 49140 MiB, 17260 MiB, 100 %
2026/03/27 11:42:16.363, 5, NVIDIA RTX 6000 Ada Generation, 49140 MiB, 2 MiB, 0 %
2026/03/27 11:42:16.364, 6, NVIDIA RTX 6000 Ada Generation, 49140 MiB, 4 MiB, 0 %
2026/03/27 11:42:16.365, 7, NVIDIA RTX 6000 Ada Generation, 49140 MiB, 21460 MiB, 100 %
2026/03/27 11:42:17.366, 0, NVIDIA RTX 6000 Ada Generation, 49140 MiB, 15890 MiB, 6 %
2026/03/27 11:42:17.367, 1, NVIDIA RTX 6000 Ada Generation, 49140 MiB, 28983 MiB, 100 %
2026/03/27 11:42:17.367, 2, NVIDIA RTX 6000 Ada Generation, 49140 MiB, 21991 MiB, 100 %
2026/03/27 11:42:17.367, 3, NVIDIA RTX 6000 Ada Generation, 49140 MiB, 17248 MiB, 100 %
2026/03/27 11:42:17.367, 4, NVIDIA RTX 6000 Ada Generation, 49140 MiB, 17260 MiB, 100 %
2026/03/27 11:42:17.367, 5, NVIDIA RTX 6000 Ada Generation, 49140 MiB, 2 MiB, 0 %
2026/03/27 11:42:17.367, 6, NVIDIA RTX 6000 Ada Generation, 49140 MiB, 4 MiB, 0 %
2026/03/27 11:42:17.367, 7, NVIDIA RTX 6000 Ada Generation, 49140 MiB, 21460 MiB, 100 %
2026/03/27 11:42:18.367, 0, NVIDIA RTX 6000 Ada Generation, 49140 MiB, 15890 MiB, 6 %
2026/03/27 11:42:18.367, 1, NVIDIA RTX 6000 Ada Generation, 49140 MiB, 28983 MiB, 100 %
2026/03/27 11:42:18.367, 2, NVIDIA RTX 6000 Ada Generation, 49140 MiB, 21991 MiB, 100 %
2026/03/27 11:42:18.368, 3, NVIDIA RTX 6000 Ada Generation, 49140 MiB, 17248 MiB, 100 %
2026/03/27 11:42:18.462, 4, NVIDIA RTX 6000 Ada Generation, 49140 MiB, 17260 MiB, 100 %
2026/03/27 11:42:18.462, 5, NVIDIA RTX 6000 Ada Generation, 49140 MiB, 2 MiB, 0 %
2026/03/27 11:42:18.462, 6, NVIDIA RTX 6000 Ada Generation, 49140 MiB, 4 MiB, 0 %
2026/03/27 11:42:18.462, 7, NVIDIA RTX 6000 Ada Generation, 49140 MiB, 21460 MiB, 100 %
2026/03/27 11:42:19.463, 0, NVIDIA RTX 6000 Ada Generation, 49140 MiB, 15890 MiB, 6 %
2026/03/27 11:42:19.463, 1, NVIDIA RTX 6000 Ada Generation, 49140 MiB, 28983 MiB, 100 %
2026/03/27 11:42:19.463, 2, NVIDIA RTX 6000 Ada Generation, 49140 MiB, 21991 MiB, 100 %
2026/03/27 11:42:19.463, 3, NVIDIA RTX 6000 Ada Generation, 49140 MiB, 17248 MiB, 100 %
2026/03/27 11:42:19.463, 4, NVIDIA RTX 6000 Ada Generation, 49140 MiB, 17260 MiB, 100 %
2026/03/27 11:42:19.463, 5, NVIDIA RTX 6000 Ada Generation, 49140 MiB, 2 MiB, 0 %
2026/03/27 11:42:19.463, 6, NVIDIA RTX 6000 Ada Generation, 49140 MiB, 4 MiB, 0 %
2026/03/27 11:42:19.463, 7, NVIDIA RTX 6000 Ada Generation, 49140 MiB, 21460 MiB, 100 %
2026/03/27 11:42:20.463, 0, NVIDIA RTX 6000 Ada Generation, 49140 MiB, 15890 MiB, 0 %
2026/03/27 11:42:20.583, 1, NVIDIA RTX 6000 Ada Generation, 49140 MiB, 28983 MiB, 100 %
2026/03/27 11:42:20.584, 2, NVIDIA RTX 6000 Ada Generation, 49140 MiB, 21991 MiB, 100 %
2026/03/27 11:42:20.584, 3, NVIDIA RTX 6000 Ada Generation, 49140 MiB, 17248 MiB, 100 %
2026/03/27 11:42:20.584, 4, NVIDIA RTX 6000 Ada Generation, 49140 MiB, 17260 MiB, 100 %
2026/03/27 11:42:20.584, 5, NVIDIA RTX 6000 Ada Generation, 49140 MiB, 2 MiB, 0 %
2026/03/27 11:42:20.584, 6, NVIDIA RTX 6000 Ada Generation, 49140 MiB, 4 MiB, 0 %
2026/03/27 11:42:20.585, 7, NVIDIA RTX 6000 Ada Generation, 49140 MiB, 21460 MiB, 100 %
2026/03/27 11:42:21.585, 0, NVIDIA RTX 6000 Ada Generation, 49140 MiB, 15890 MiB, 6 %
2026/03/27 11:42:21.585, 1, NVIDIA RTX 6000 Ada Generation, 49140 MiB, 28983 MiB, 100 %
2026/03/27 11:42:21.585, 2, NVIDIA RTX 6000 Ada Generation, 49140 MiB, 21991 MiB, 100 %
2026/03/27 11:42:21.585, 3, NVIDIA RTX 6000 Ada Generation, 49140 MiB, 17248 MiB, 100 %
2026/03/27 11:42:21.585, 4, NVIDIA RTX 6000 Ada Generation, 49140 MiB, 17260 MiB, 100 %
2026/03/27 11:42:21.585, 5, NVIDIA RTX 6000 Ada Generation, 49140 MiB, 2 MiB, 0 %
2026/03/27 11:42:21.706, 6, NVIDIA RTX 6000 Ada Generation, 49140 MiB, 4 MiB, 0 %
2026/03/27 11:42:21.706, 7, NVIDIA RTX 6000 Ada Generation, 49140 MiB, 21460 MiB, 100 %
2026/03/27 11:42:22.706, 0, NVIDIA RTX 6000 Ada Generation, 49140 MiB, 15890 MiB, 6 %
2026/03/27 11:42:22.706, 1, NVIDIA RTX 6000 Ada Generation, 49140 MiB, 28983 MiB, 100 %
2026/03/27 11:42:22.706, 2, NVIDIA RTX 6000 Ada Generation, 49140 MiB, 21991 MiB, 100 %
2026/03/27 11:42:22.707, 3, NVIDIA RTX 6000 Ada Generation, 49140 MiB, 17248 MiB, 100 %
2026/03/27 11:42:22.707, 4, NVIDIA RTX 6000 Ada Generation, 49140 MiB, 17260 MiB, 100 %
2026/03/27 11:42:22.707, 5, NVIDIA RTX 6000 Ada Generation, 49140 MiB, 2 MiB, 0 %
2026/03/27 11:42:22.707, 6, NVIDIA RTX 6000 Ada Generation, 49140 MiB, 4 MiB, 0 %
2026/03/27 11:42:22.707, 7, NVIDIA RTX 6000 Ada Generation, 49140 MiB, 21460 MiB, 100 %
2026/03/27 11:42:23.707, 0, NVIDIA RTX 6000 Ada Generation, 49140 MiB, 15890 MiB, 0 %
2026/03/27 11:42:23.707, 1, NVIDIA RTX 6000 Ada Generation, 49140 MiB, 28983 MiB, 100 %
2026/03/27 11:42:23.707, 2, NVIDIA RTX 6000 Ada Generation, 49140 MiB, 21991 MiB, 100 %
2026/03/27 11:42:23.914, 3, NVIDIA RTX 6000 Ada Generation, 49140 MiB, 17248 MiB, 100 %
2026/03/27 11:42:23.915, 4, NVIDIA RTX 6000 Ada Generation, 49140 MiB, 17260 MiB, 100 %
2026/03/27 11:42:23.915, 5, NVIDIA RTX 6000 Ada Generation, 49140 MiB, 2 MiB, 0 %
2026/03/27 11:42:23.915, 6, NVIDIA RTX 6000 Ada Generation, 49140 MiB, 4 MiB, 0 %
2026/03/27 11:42:23.915, 7, NVIDIA RTX 6000 Ada Generation, 49140 MiB, 21460 MiB, 100 %
2026/03/27 11:42:24.915, 0, NVIDIA RTX 6000 Ada Generation, 49140 MiB, 15890 MiB, 0 %
2026/03/27 11:42:24.917, 1, NVIDIA RTX 6000 Ada Generation, 49140 MiB, 28983 MiB, 100 %
2026/03/27 11:42:24.917, 2, NVIDIA RTX 6000 Ada Generation, 49140 MiB, 21991 MiB, 99 %
2026/03/27 11:42:24.919, 3, NVIDIA RTX 6000 Ada Generation, 49140 MiB, 17248 MiB, 100 %
2026/03/27 11:42:24.920, 4, NVIDIA RTX 6000 Ada Generation, 49140 MiB, 17260 MiB, 100 %
2026/03/27 11:42:24.922, 5, NVIDIA RTX 6000 Ada Generation, 49140 MiB, 2 MiB, 0 %
2026/03/27 11:42:24.923, 6, NVIDIA RTX 6000 Ada Generation, 49140 MiB, 4 MiB, 0 %
2026/03/27 11:42:24.926, 7, NVIDIA RTX 6000 Ada Generation, 49140 MiB, 21460 MiB, 100 %
2026/03/27 11:42:25.927, 0, NVIDIA RTX 6000 Ada Generation, 49140 MiB, 15890 MiB, 90 %
2026/03/27 11:42:25.927, 1, NVIDIA RTX 6000 Ada Generation, 49140 MiB, 28983 MiB, 100 %
2026/03/27 11:42:25.927, 2, NVIDIA RTX 6000 Ada Generation, 49140 MiB, 21991 MiB, 100 %
2026/03/27 11:42:25.927, 3, NVIDIA RTX 6000 Ada Generation, 49140 MiB, 17248 MiB, 100 %
2026/03/27 11:42:25.927, 4, NVIDIA RTX 6000 Ada Generation, 49140 MiB, 17260 MiB, 100 %
2026/03/27 11:42:25.927, 5, NVIDIA RTX 6000 Ada Generation, 49140 MiB, 2 MiB, 0 %
2026/03/27 11:42:25.927, 6, NVIDIA RTX 6000 Ada Generation, 49140 MiB, 16254 MiB, 0 %
2026/03/27 11:42:25.927, 7, NVIDIA RTX 6000 Ada Generation, 49140 MiB, 21460 MiB, 100 %
2026/03/27 11:42:26.928, 0, NVIDIA RTX 6000 Ada Generation, 49140 MiB, 15890 MiB, 90 %
2026/03/27 11:42:26.928, 1, NVIDIA RTX 6000 Ada Generation, 49140 MiB, 28983 MiB, 100 %
2026/03/27 11:42:26.928, 2, NVIDIA RTX 6000 Ada Generation, 49140 MiB, 21991 MiB, 100 %
2026/03/27 11:42:26.928, 3, NVIDIA RTX 6000 Ada Generation, 49140 MiB, 17248 MiB, 100 %
2026/03/27 11:42:27.175, 4, NVIDIA RTX 6000 Ada Generation, 49140 MiB, 17260 MiB, 100 %
2026/03/27 11:42:27.176, 5, NVIDIA RTX 6000 Ada Generation, 49140 MiB, 2 MiB, 0 %
2026/03/27 11:42:27.176, 6, NVIDIA RTX 6000 Ada Generation, 49140 MiB, 16254 MiB, 13 %
2026/03/27 11:42:27.176, 7, NVIDIA RTX 6000 Ada Generation, 49140 MiB, 21460 MiB, 100 %
2026/03/27 11:42:28.176, 0, NVIDIA RTX 6000 Ada Generation, 49140 MiB, 15890 MiB, 6 %
2026/03/27 11:42:28.176, 1, NVIDIA RTX 6000 Ada Generation, 49140 MiB, 28983 MiB, 100 %
2026/03/27 11:42:28.176, 2, NVIDIA RTX 6000 Ada Generation, 49140 MiB, 21991 MiB, 100 %
2026/03/27 11:42:28.177, 3, NVIDIA RTX 6000 Ada Generation, 49140 MiB, 17248 MiB, 100 %
2026/03/27 11:42:28.177, 4, NVIDIA RTX 6000 Ada Generation, 49140 MiB, 17260 MiB, 100 %
2026/03/27 11:42:28.177, 5, NVIDIA RTX 6000 Ada Generation, 49140 MiB, 2 MiB, 0 %
2026/03/27 11:42:28.177, 6, NVIDIA RTX 6000 Ada Generation, 49140 MiB, 16254 MiB, 13 %
2026/03/27 11:42:28.177, 7, NVIDIA RTX 6000 Ada Generation, 49140 MiB, 21460 MiB, 100 %
2026/03/27 11:42:29.177, 0, NVIDIA RTX 6000 Ada Generation, 49140 MiB, 15890 MiB, 6 %
2026/03/27 11:42:29.266, 1, NVIDIA RTX 6000 Ada Generation, 49140 MiB, 28983 MiB, 100 %
2026/03/27 11:42:29.267, 2, NVIDIA RTX 6000 Ada Generation, 49140 MiB, 21991 MiB, 100 %
2026/03/27 11:42:29.267, 3, NVIDIA RTX 6000 Ada Generation, 49140 MiB, 17248 MiB, 100 %
2026/03/27 11:42:29.267, 4, NVIDIA RTX 6000 Ada Generation, 49140 MiB, 17260 MiB, 100 %
2026/03/27 11:42:29.267, 5, NVIDIA RTX 6000 Ada Generation, 49140 MiB, 2 MiB, 0 %
2026/03/27 11:42:29.267, 6, NVIDIA RTX 6000 Ada Generation, 49140 MiB, 16254 MiB, 13 %
2026/03/27 11:42:29.267, 7, NVIDIA RTX 6000 Ada Generation, 49140 MiB, 21460 MiB, 100 %
2026/03/27 11:42:30.267, 0, NVIDIA RTX 6000 Ada Generation, 49140 MiB, 15890 MiB, 6 %
2026/03/27 11:42:30.267, 1, NVIDIA RTX 6000 Ada Generation, 49140 MiB, 28983 MiB, 100 %
2026/03/27 11:42:30.268, 2, NVIDIA RTX 6000 Ada Generation, 49140 MiB, 21991 MiB, 100 %
2026/03/27 11:42:30.268, 3, NVIDIA RTX 6000 Ada Generation, 49140 MiB, 17248 MiB, 100 %
2026/03/27 11:42:30.268, 4, NVIDIA RTX 6000 Ada Generation, 49140 MiB, 17260 MiB, 100 %
2026/03/27 11:42:30.270, 5, NVIDIA RTX 6000 Ada Generation, 49140 MiB, 2 MiB, 0 %
2026/03/27 11:42:30.271, 6, NVIDIA RTX 6000 Ada Generation, 49140 MiB, 16254 MiB, 14 %
2026/03/27 11:42:30.271, 7, NVIDIA RTX 6000 Ada Generation, 49140 MiB, 21460 MiB, 100 %
2026/03/27 11:42:31.271, 0, NVIDIA RTX 6000 Ada Generation, 49140 MiB, 15890 MiB, 6 %
2026/03/27 11:42:31.271, 1, NVIDIA RTX 6000 Ada Generation, 49140 MiB, 28983 MiB, 100 %
2026/03/27 11:42:31.271, 2, NVIDIA RTX 6000 Ada Generation, 49140 MiB, 21991 MiB, 100 %
2026/03/27 11:42:31.271, 3, NVIDIA RTX 6000 Ada Generation, 49140 MiB, 17248 MiB, 100 %
2026/03/27 11:42:31.271, 4, NVIDIA RTX 6000 Ada Generation, 49140 MiB, 17260 MiB, 100 %
2026/03/27 11:42:31.271, 5, NVIDIA RTX 6000 Ada Generation, 49140 MiB, 2 MiB, 0 %
2026/03/27 11:42:31.271, 6, NVIDIA RTX 6000 Ada Generation, 49140 MiB, 16254 MiB, 0 %
2026/03/27 11:42:31.271, 7, NVIDIA RTX 6000 Ada Generation, 49140 MiB, 21460 MiB, 100 %
2026/03/27 11:42:32.272, 0, NVIDIA RTX 6000 Ada Generation, 49140 MiB, 15890 MiB, 0 %
2026/03/27 11:42:32.272, 1, NVIDIA RTX 6000 Ada Generation, 49140 MiB, 28983 MiB, 100 %
2026/03/27 11:42:32.350, 2, NVIDIA RTX 6000 Ada Generation, 49140 MiB, 21991 MiB, 100 %
2026/03/27 11:42:32.350, 3, NVIDIA RTX 6000 Ada Generation, 49140 MiB, 17248 MiB, 100 %
2026/03/27 11:42:32.350, 4, NVIDIA RTX 6000 Ada Generation, 49140 MiB, 17260 MiB, 100 %
2026/03/27 11:42:32.350, 5, NVIDIA RTX 6000 Ada Generation, 49140 MiB, 2 MiB, 0 %
2026/03/27 11:42:32.350, 6, NVIDIA RTX 6000 Ada Generation, 49140 MiB, 16254 MiB, 0 %
2026/03/27 11:42:32.350, 7, NVIDIA RTX 6000 Ada Generation, 49140 MiB, 21460 MiB, 100 %
2026/03/27 11:42:33.351, 0, NVIDIA RTX 6000 Ada Generation, 49140 MiB, 15890 MiB, 90 %
2026/03/27 11:42:33.351, 1, NVIDIA RTX 6000 Ada Generation, 49140 MiB, 28983 MiB, 100 %
2026/03/27 11:42:33.351, 2, NVIDIA RTX 6000 Ada Generation, 49140 MiB, 21991 MiB, 100 %
2026/03/27 11:42:33.351, 3, NVIDIA RTX 6000 Ada Generation, 49140 MiB, 17248 MiB, 100 %
2026/03/27 11:42:33.351, 4, NVIDIA RTX 6000 Ada Generation, 49140 MiB, 17260 MiB, 100 %
2026/03/27 11:42:33.351, 5, NVIDIA RTX 6000 Ada Generation, 49140 MiB, 2 MiB, 0 %
2026/03/27 11:42:33.351, 6, NVIDIA RTX 6000 Ada Generation, 49140 MiB, 16254 MiB, 0 %
2026/03/27 11:42:33.363, 7, NVIDIA RTX 6000 Ada Generation, 49140 MiB, 21460 MiB, 100 %
2026/03/27 11:42:34.364, 0, NVIDIA RTX 6000 Ada Generation, 49140 MiB, 15890 MiB, 90 %
2026/03/27 11:42:34.364, 1, NVIDIA RTX 6000 Ada Generation, 49140 MiB, 28983 MiB, 100 %
2026/03/27 11:42:34.364, 2, NVIDIA RTX 6000 Ada Generation, 49140 MiB, 21991 MiB, 100 %
2026/03/27 11:42:34.364, 3, NVIDIA RTX 6000 Ada Generation, 49140 MiB, 17248 MiB, 100 %
2026/03/27 11:42:34.364, 4, NVIDIA RTX 6000 Ada Generation, 49140 MiB, 17260 MiB, 100 %
2026/03/27 11:42:34.364, 5, NVIDIA RTX 6000 Ada Generation, 49140 MiB, 2 MiB, 0 %
2026/03/27 11:42:34.364, 6, NVIDIA RTX 6000 Ada Generation, 49140 MiB, 16254 MiB, 0 %
2026/03/27 11:42:34.364, 7, NVIDIA RTX 6000 Ada Generation, 49140 MiB, 21460 MiB, 100 %
2026/03/27 11:42:35.365, 0, NVIDIA RTX 6000 Ada Generation, 49140 MiB, 15890 MiB, 91 %
2026/03/27 11:42:35.386, 1, NVIDIA RTX 6000 Ada Generation, 49140 MiB, 29003 MiB, 100 %
2026/03/27 11:42:35.387, 2, NVIDIA RTX 6000 Ada Generation, 49140 MiB, 21991 MiB, 100 %
2026/03/27 11:42:35.612, 3, NVIDIA RTX 6000 Ada Generation, 49140 MiB, 17248 MiB, 100 %
2026/03/27 11:42:35.612, 4, NVIDIA RTX 6000 Ada Generation, 49140 MiB, 17260 MiB, 100 %
2026/03/27 11:42:35.612, 5, NVIDIA RTX 6000 Ada Generation, 49140 MiB, 2 MiB, 0 %
2026/03/27 11:42:35.612, 6, NVIDIA RTX 6000 Ada Generation, 49140 MiB, 16254 MiB, 0 %
2026/03/27 11:42:35.613, 7, NVIDIA RTX 6000 Ada Generation, 49140 MiB, 21460 MiB, 100 %
2026/03/27 11:42:36.613, 0, NVIDIA RTX 6000 Ada Generation, 49140 MiB, 15890 MiB, 0 %
2026/03/27 11:42:36.613, 1, NVIDIA RTX 6000 Ada Generation, 49140 MiB, 29003 MiB, 100 %
2026/03/27 11:42:36.613, 2, NVIDIA RTX 6000 Ada Generation, 49140 MiB, 21991 MiB, 100 %
2026/03/27 11:42:36.613, 3, NVIDIA RTX 6000 Ada Generation, 49140 MiB, 17248 MiB, 100 %
2026/03/27 11:42:36.613, 4, NVIDIA RTX 6000 Ada Generation, 49140 MiB, 17260 MiB, 100 %
2026/03/27 11:42:36.613, 5, NVIDIA RTX 6000 Ada Generation, 49140 MiB, 2 MiB, 0 %
2026/03/27 11:42:36.613, 6, NVIDIA RTX 6000 Ada Generation, 49140 MiB, 16254 MiB, 0 %
2026/03/27 11:42:36.613, 7, NVIDIA RTX 6000 Ada Generation, 49140 MiB, 21460 MiB, 100 %
2026/03/27 11:42:37.613, 0, NVIDIA RTX 6000 Ada Generation, 49140 MiB, 15890 MiB, 6 %
2026/03/27 11:42:37.616, 1, NVIDIA RTX 6000 Ada Generation, 49140 MiB, 29003 MiB, 100 %
2026/03/27 11:42:37.617, 2, NVIDIA RTX 6000 Ada Generation, 49140 MiB, 21991 MiB, 100 %
2026/03/27 11:42:37.619, 3, NVIDIA RTX 6000 Ada Generation, 49140 MiB, 17248 MiB, 100 %
2026/03/27 11:42:37.619, 4, NVIDIA RTX 6000 Ada Generation, 49140 MiB, 17260 MiB, 100 %
2026/03/27 11:42:37.619, 5, NVIDIA RTX 6000 Ada Generation, 49140 MiB, 2 MiB, 0 %
2026/03/27 11:42:37.619, 6, NVIDIA RTX 6000 Ada Generation, 49140 MiB, 16254 MiB, 0 %
2026/03/27 11:42:37.619, 7, NVIDIA RTX 6000 Ada Generation, 49140 MiB, 21460 MiB, 100 %
2026/03/27 11:42:38.620, 0, NVIDIA RTX 6000 Ada Generation, 49140 MiB, 15890 MiB, 0 %
2026/03/27 11:42:38.620, 1, NVIDIA RTX 6000 Ada Generation, 49140 MiB, 29003 MiB, 100 %
2026/03/27 11:42:38.620, 2, NVIDIA RTX 6000 Ada Generation, 49140 MiB, 21991 MiB, 100 %
2026/03/27 11:42:38.620, 3, NVIDIA RTX 6000 Ada Generation, 49140 MiB, 17248 MiB, 100 %
2026/03/27 11:42:38.620, 4, NVIDIA RTX 6000 Ada Generation, 49140 MiB, 17260 MiB, 100 %
2026/03/27 11:42:38.808, 5, NVIDIA RTX 6000 Ada Generation, 49140 MiB, 2 MiB, 0 %
2026/03/27 11:42:38.808, 6, NVIDIA RTX 6000 Ada Generation, 49140 MiB, 16254 MiB, 0 %
2026/03/27 11:42:38.808, 7, NVIDIA RTX 6000 Ada Generation, 49140 MiB, 21460 MiB, 100 %
2026/03/27 11:42:39.808, 0, NVIDIA RTX 6000 Ada Generation, 49140 MiB, 15890 MiB, 6 %
2026/03/27 11:42:39.809, 1, NVIDIA RTX 6000 Ada Generation, 49140 MiB, 29003 MiB, 100 %
2026/03/27 11:42:39.809, 2, NVIDIA RTX 6000 Ada Generation, 49140 MiB, 21991 MiB, 100 %
2026/03/27 11:42:39.809, 3, NVIDIA RTX 6000 Ada Generation, 49140 MiB, 17248 MiB, 100 %
2026/03/27 11:42:39.809, 4, NVIDIA RTX 6000 Ada Generation, 49140 MiB, 17260 MiB, 99 %
2026/03/27 11:42:39.809, 5, NVIDIA RTX 6000 Ada Generation, 49140 MiB, 2 MiB, 0 %
2026/03/27 11:42:39.809, 6, NVIDIA RTX 6000 Ada Generation, 49140 MiB, 16254 MiB, 0 %
2026/03/27 11:42:39.809, 7, NVIDIA RTX 6000 Ada Generation, 49140 MiB, 21460 MiB, 100 %
2026/03/27 11:42:40.809, 0, NVIDIA RTX 6000 Ada Generation, 49140 MiB, 15890 MiB, 6 %
2026/03/27 11:42:40.809, 1, NVIDIA RTX 6000 Ada Generation, 49140 MiB, 29003 MiB, 99 %
2026/03/27 11:42:40.911, 2, NVIDIA RTX 6000 Ada Generation, 49140 MiB, 21991 MiB, 100 %
2026/03/27 11:42:40.911, 3, NVIDIA RTX 6000 Ada Generation, 49140 MiB, 17248 MiB, 100 %
2026/03/27 11:42:40.911, 4, NVIDIA RTX 6000 Ada Generation, 49140 MiB, 17260 MiB, 100 %
2026/03/27 11:42:40.911, 5, NVIDIA RTX 6000 Ada Generation, 49140 MiB, 2 MiB, 0 %
2026/03/27 11:42:40.911, 6, NVIDIA RTX 6000 Ada Generation, 49140 MiB, 16254 MiB, 0 %
2026/03/27 11:42:40.912, 7, NVIDIA RTX 6000 Ada Generation, 49140 MiB, 21460 MiB, 100 %
2026/03/27 11:42:41.912, 0, NVIDIA RTX 6000 Ada Generation, 49140 MiB, 15890 MiB, 6 %
2026/03/27 11:42:41.912, 1, NVIDIA RTX 6000 Ada Generation, 49140 MiB, 29003 MiB, 100 %
2026/03/27 11:42:41.912, 2, NVIDIA RTX 6000 Ada Generation, 49140 MiB, 21991 MiB, 100 %
2026/03/27 11:42:41.912, 3, NVIDIA RTX 6000 Ada Generation, 49140 MiB, 17248 MiB, 100 %
2026/03/27 11:42:41.912, 4, NVIDIA RTX 6000 Ada Generation, 49140 MiB, 17260 MiB, 100 %
2026/03/27 11:42:41.912, 5, NVIDIA RTX 6000 Ada Generation, 49140 MiB, 2 MiB, 0 %
2026/03/27 11:42:41.912, 6, NVIDIA RTX 6000 Ada Generation, 49140 MiB, 19944 MiB, 44 %
2026/03/27 11:42:41.912, 7, NVIDIA RTX 6000 Ada Generation, 49140 MiB, 21460 MiB, 100 %
2026/03/27 11:42:43.099, 0, NVIDIA RTX 6000 Ada Generation, 49140 MiB, 15890 MiB, 6 %
2026/03/27 11:42:43.099, 1, NVIDIA RTX 6000 Ada Generation, 49140 MiB, 29003 MiB, 100 %
2026/03/27 11:42:43.099, 2, NVIDIA RTX 6000 Ada Generation, 49140 MiB, 21991 MiB, 100 %
2026/03/27 11:42:43.099, 3, NVIDIA RTX 6000 Ada Generation, 49140 MiB, 17248 MiB, 100 %
2026/03/27 11:42:43.099, 4, NVIDIA RTX 6000 Ada Generation, 49140 MiB, 17260 MiB, 100 %
2026/03/27 11:42:43.100, 5, NVIDIA RTX 6000 Ada Generation, 49140 MiB, 2 MiB, 0 %
2026/03/27 11:42:43.100, 6, NVIDIA RTX 6000 Ada Generation, 49140 MiB, 45372 MiB, 69 %
2026/03/27 11:42:43.100, 7, NVIDIA RTX 6000 Ada Generation, 49140 MiB, 21460 MiB, 100 %
2026/03/27 11:42:44.100, 0, NVIDIA RTX 6000 Ada Generation, 49140 MiB, 15890 MiB, 6 %
2026/03/27 11:42:44.198, 1, NVIDIA RTX 6000 Ada Generation, 49140 MiB, 29003 MiB, 100 %
2026/03/27 11:42:44.200, 2, NVIDIA RTX 6000 Ada Generation, 49140 MiB, 21991 MiB, 100 %
2026/03/27 11:42:44.424, 3, NVIDIA RTX 6000 Ada Generation, 49140 MiB, 17248 MiB, 100 %
2026/03/27 11:42:44.426, 4, NVIDIA RTX 6000 Ada Generation, 49140 MiB, 17260 MiB, 100 %
2026/03/27 11:42:44.427, 5, NVIDIA RTX 6000 Ada Generation, 49140 MiB, 2 MiB, 0 %
2026/03/27 11:42:44.589, 6, NVIDIA RTX 6000 Ada Generation, 49140 MiB, 45372 MiB, 0 %
2026/03/27 11:42:44.591, 7, NVIDIA RTX 6000 Ada Generation, 49140 MiB, 21460 MiB, 100 %
2026/03/27 11:42:45.592, 0, NVIDIA RTX 6000 Ada Generation, 49140 MiB, 15890 MiB, 1 %
2026/03/27 11:42:45.592, 1, NVIDIA RTX 6000 Ada Generation, 49140 MiB, 29003 MiB, 100 %
2026/03/27 11:42:45.592, 2, NVIDIA RTX 6000 Ada Generation, 49140 MiB, 21991 MiB, 100 %
2026/03/27 11:42:45.592, 3, NVIDIA RTX 6000 Ada Generation, 49140 MiB, 17248 MiB, 100 %
2026/03/27 11:42:45.592, 4, NVIDIA RTX 6000 Ada Generation, 49140 MiB, 17260 MiB, 100 %
2026/03/27 11:42:45.592, 5, NVIDIA RTX 6000 Ada Generation, 49140 MiB, 2 MiB, 0 %
2026/03/27 11:42:45.592, 6, NVIDIA RTX 6000 Ada Generation, 49140 MiB, 2 MiB, 0 %
2026/03/27 11:42:45.592, 7, NVIDIA RTX 6000 Ada Generation, 49140 MiB, 21460 MiB, 100 %
2026/03/27 11:42:46.592, 0, NVIDIA RTX 6000 Ada Generation, 49140 MiB, 15890 MiB, 6 %
2026/03/27 11:42:46.592, 1, NVIDIA RTX 6000 Ada Generation, 49140 MiB, 29003 MiB, 100 %
2026/03/27 11:42:46.592, 2, NVIDIA RTX 6000 Ada Generation, 49140 MiB, 21991 MiB, 100 %
2026/03/27 11:42:46.816, 3, NVIDIA RTX 6000 Ada Generation, 49140 MiB, 17248 MiB, 100 %
2026/03/27 11:42:46.816, 4, NVIDIA RTX 6000 Ada Generation, 49140 MiB, 17260 MiB, 100 %
2026/03/27 11:42:46.817, 5, NVIDIA RTX 6000 Ada Generation, 49140 MiB, 2 MiB, 0 %
2026/03/27 11:42:46.817, 6, NVIDIA RTX 6000 Ada Generation, 49140 MiB, 2 MiB, 66 %
2026/03/27 11:42:46.817, 7, NVIDIA RTX 6000 Ada Generation, 49140 MiB, 21460 MiB, 100 %
2026/03/27 11:42:47.817, 0, NVIDIA RTX 6000 Ada Generation, 49140 MiB, 15890 MiB, 6 %
2026/03/27 11:42:47.817, 1, NVIDIA RTX 6000 Ada Generation, 49140 MiB, 29003 MiB, 100 %
2026/03/27 11:42:47.817, 2, NVIDIA RTX 6000 Ada Generation, 49140 MiB, 21991 MiB, 100 %
2026/03/27 11:42:47.817, 3, NVIDIA RTX 6000 Ada Generation, 49140 MiB, 17248 MiB, 100 %
2026/03/27 11:42:47.817, 4, NVIDIA RTX 6000 Ada Generation, 49140 MiB, 17260 MiB, 100 %
2026/03/27 11:42:47.817, 5, NVIDIA RTX 6000 Ada Generation, 49140 MiB, 2 MiB, 0 %
2026/03/27 11:42:47.817, 6, NVIDIA RTX 6000 Ada Generation, 49140 MiB, 2 MiB, 0 %
2026/03/27 11:42:47.817, 7, NVIDIA RTX 6000 Ada Generation, 49140 MiB, 21460 MiB, 100 %
2026/03/27 11:42:48.818, 0, NVIDIA RTX 6000 Ada Generation, 49140 MiB, 15890 MiB, 0 %
2026/03/27 11:42:48.818, 1, NVIDIA RTX 6000 Ada Generation, 49140 MiB, 29003 MiB, 100 %
2026/03/27 11:42:48.818, 2, NVIDIA RTX 6000 Ada Generation, 49140 MiB, 21991 MiB, 100 %
2026/03/27 11:42:48.818, 3, NVIDIA RTX 6000 Ada Generation, 49140 MiB, 17248 MiB, 100 %
2026/03/27 11:42:48.818, 4, NVIDIA RTX 6000 Ada Generation, 49140 MiB, 17260 MiB, 100 %
2026/03/27 11:42:48.818, 5, NVIDIA RTX 6000 Ada Generation, 49140 MiB, 2 MiB, 0 %
2026/03/27 11:42:48.818, 6, NVIDIA RTX 6000 Ada Generation, 49140 MiB, 4 MiB, 0 %
2026/03/27 11:42:48.818, 7, NVIDIA RTX 6000 Ada Generation, 49140 MiB, 21460 MiB, 100 %
2026/03/27 11:42:49.818, 0, NVIDIA RTX 6000 Ada Generation, 49140 MiB, 15890 MiB, 6 %
2026/03/27 11:42:49.819, 1, NVIDIA RTX 6000 Ada Generation, 49140 MiB, 29003 MiB, 100 %
2026/03/27 11:42:49.819, 2, NVIDIA RTX 6000 Ada Generation, 49140 MiB, 21991 MiB, 100 %
2026/03/27 11:42:49.819, 3, NVIDIA RTX 6000 Ada Generation, 49140 MiB, 17248 MiB, 100 %
2026/03/27 11:42:49.819, 4, NVIDIA RTX 6000 Ada Generation, 49140 MiB, 17260 MiB, 100 %
2026/03/27 11:42:50.013, 5, NVIDIA RTX 6000 Ada Generation, 49140 MiB, 2 MiB, 0 %
2026/03/27 11:42:50.013, 6, NVIDIA RTX 6000 Ada Generation, 49140 MiB, 4 MiB, 0 %
2026/03/27 11:42:50.013, 7, NVIDIA RTX 6000 Ada Generation, 49140 MiB, 21460 MiB, 100 %
2026/03/27 11:42:51.014, 0, NVIDIA RTX 6000 Ada Generation, 49140 MiB, 15890 MiB, 0 %
2026/03/27 11:42:51.014, 1, NVIDIA RTX 6000 Ada Generation, 49140 MiB, 29003 MiB, 100 %
2026/03/27 11:42:51.014, 2, NVIDIA RTX 6000 Ada Generation, 49140 MiB, 21991 MiB, 100 %
2026/03/27 11:42:51.014, 3, NVIDIA RTX 6000 Ada Generation, 49140 MiB, 17248 MiB, 100 %
2026/03/27 11:42:51.014, 4, NVIDIA RTX 6000 Ada Generation, 49140 MiB, 17260 MiB, 100 %
2026/03/27 11:42:51.014, 5, NVIDIA RTX 6000 Ada Generation, 49140 MiB, 2 MiB, 0 %
2026/03/27 11:42:51.014, 6, NVIDIA RTX 6000 Ada Generation, 49140 MiB, 4 MiB, 0 %
2026/03/27 11:42:51.014, 7, NVIDIA RTX 6000 Ada Generation, 49140 MiB, 21460 MiB, 100 %
2026/03/27 11:42:52.014, 0, NVIDIA RTX 6000 Ada Generation, 49140 MiB, 15890 MiB, 61 %
2026/03/27 11:42:52.080, 1, NVIDIA RTX 6000 Ada Generation, 49140 MiB, 29003 MiB, 100 %
2026/03/27 11:42:52.081, 2, NVIDIA RTX 6000 Ada Generation, 49140 MiB, 21991 MiB, 100 %
2026/03/27 11:42:52.081, 3, NVIDIA RTX 6000 Ada Generation, 49140 MiB, 17248 MiB, 100 %
2026/03/27 11:42:52.081, 4, NVIDIA RTX 6000 Ada Generation, 49140 MiB, 17260 MiB, 100 %
2026/03/27 11:42:52.081, 5, NVIDIA RTX 6000 Ada Generation, 49140 MiB, 2 MiB, 0 %
2026/03/27 11:42:52.081, 6, NVIDIA RTX 6000 Ada Generation, 49140 MiB, 4 MiB, 0 %
2026/03/27 11:42:52.081, 7, NVIDIA RTX 6000 Ada Generation, 49140 MiB, 21460 MiB, 100 %
2026/03/27 11:42:53.081, 0, NVIDIA RTX 6000 Ada Generation, 49140 MiB, 15890 MiB, 85 %
2026/03/27 11:42:53.081, 1, NVIDIA RTX 6000 Ada Generation, 49140 MiB, 29003 MiB, 100 %
2026/03/27 11:42:53.081, 2, NVIDIA RTX 6000 Ada Generation, 49140 MiB, 21991 MiB, 100 %
2026/03/27 11:42:53.081, 3, NVIDIA RTX 6000 Ada Generation, 49140 MiB, 17248 MiB, 100 %
2026/03/27 11:42:53.081, 4, NVIDIA RTX 6000 Ada Generation, 49140 MiB, 17260 MiB, 100 %
2026/03/27 11:42:53.082, 5, NVIDIA RTX 6000 Ada Generation, 49140 MiB, 2 MiB, 0 %
2026/03/27 11:42:53.164, 6, NVIDIA RTX 6000 Ada Generation, 49140 MiB, 4 MiB, 0 %
2026/03/27 11:42:53.164, 7, NVIDIA RTX 6000 Ada Generation, 49140 MiB, 21460 MiB, 100 %
2026/03/27 11:42:54.164, 0, NVIDIA RTX 6000 Ada Generation, 49140 MiB, 15890 MiB, 0 %
2026/03/27 11:42:54.165, 1, NVIDIA RTX 6000 Ada Generation, 49140 MiB, 29003 MiB, 100 %
2026/03/27 11:42:54.165, 2, NVIDIA RTX 6000 Ada Generation, 49140 MiB, 21991 MiB, 100 %
2026/03/27 11:42:54.165, 3, NVIDIA RTX 6000 Ada Generation, 49140 MiB, 17248 MiB, 100 %
2026/03/27 11:42:54.165, 4, NVIDIA RTX 6000 Ada Generation, 49140 MiB, 17260 MiB, 100 %
2026/03/27 11:42:54.165, 5, NVIDIA RTX 6000 Ada Generation, 49140 MiB, 2 MiB, 0 %
2026/03/27 11:42:54.165, 6, NVIDIA RTX 6000 Ada Generation, 49140 MiB, 4 MiB, 0 %
2026/03/27 11:42:54.165, 7, NVIDIA RTX 6000 Ada Generation, 49140 MiB, 21460 MiB, 100 %
2026/03/27 11:42:55.165, 0, NVIDIA RTX 6000 Ada Generation, 49140 MiB, 15890 MiB, 6 %
2026/03/27 11:42:55.165, 1, NVIDIA RTX 6000 Ada Generation, 49140 MiB, 29003 MiB, 100 %
2026/03/27 11:42:55.165, 2, NVIDIA RTX 6000 Ada Generation, 49140 MiB, 21991 MiB, 100 %
2026/03/27 11:42:55.381, 3, NVIDIA RTX 6000 Ada Generation, 49140 MiB, 17248 MiB, 100 %
2026/03/27 11:42:55.382, 4, NVIDIA RTX 6000 Ada Generation, 49140 MiB, 17260 MiB, 100 %
2026/03/27 11:42:55.382, 5, NVIDIA RTX 6000 Ada Generation, 49140 MiB, 2 MiB, 0 %
2026/03/27 11:42:55.382, 6, NVIDIA RTX 6000 Ada Generation, 49140 MiB, 4 MiB, 0 %
2026/03/27 11:42:55.382, 7, NVIDIA RTX 6000 Ada Generation, 49140 MiB, 21460 MiB, 100 %
2026/03/27 11:42:56.382, 0, NVIDIA RTX 6000 Ada Generation, 49140 MiB, 15890 MiB, 6 %
2026/03/27 11:42:56.382, 1, NVIDIA RTX 6000 Ada Generation, 49140 MiB, 29003 MiB, 100 %
2026/03/27 11:42:56.382, 2, NVIDIA RTX 6000 Ada Generation, 49140 MiB, 21991 MiB, 100 %
2026/03/27 11:42:56.382, 3, NVIDIA RTX 6000 Ada Generation, 49140 MiB, 17248 MiB, 100 %
2026/03/27 11:42:56.383, 4, NVIDIA RTX 6000 Ada Generation, 49140 MiB, 17260 MiB, 100 %
2026/03/27 11:42:56.383, 5, NVIDIA RTX 6000 Ada Generation, 49140 MiB, 2 MiB, 0 %
2026/03/27 11:42:56.383, 6, NVIDIA RTX 6000 Ada Generation, 49140 MiB, 4 MiB, 0 %
2026/03/27 11:42:56.383, 7, NVIDIA RTX 6000 Ada Generation, 49140 MiB, 21460 MiB, 100 %
2026/03/27 11:42:57.383, 0, NVIDIA RTX 6000 Ada Generation, 49140 MiB, 15890 MiB, 0 %
2026/03/27 11:42:57.383, 1, NVIDIA RTX 6000 Ada Generation, 49140 MiB, 29003 MiB, 100 %
2026/03/27 11:42:57.383, 2, NVIDIA RTX 6000 Ada Generation, 49140 MiB, 21991 MiB, 100 %
2026/03/27 11:42:57.383, 3, NVIDIA RTX 6000 Ada Generation, 49140 MiB, 17248 MiB, 100 %
2026/03/27 11:42:57.383, 4, NVIDIA RTX 6000 Ada Generation, 49140 MiB, 17260 MiB, 100 %
2026/03/27 11:42:57.383, 5, NVIDIA RTX 6000 Ada Generation, 49140 MiB, 2 MiB, 0 %
2026/03/27 11:42:57.384, 6, NVIDIA RTX 6000 Ada Generation, 49140 MiB, 4 MiB, 0 %
2026/03/27 11:42:57.384, 7, NVIDIA RTX 6000 Ada Generation, 49140 MiB, 21460 MiB, 100 %
2026/03/27 11:42:58.384, 0, NVIDIA RTX 6000 Ada Generation, 49140 MiB, 15890 MiB, 6 %
2026/03/27 11:42:58.384, 1, NVIDIA RTX 6000 Ada Generation, 49140 MiB, 29003 MiB, 100 %
2026/03/27 11:42:58.384, 2, NVIDIA RTX 6000 Ada Generation, 49140 MiB, 21991 MiB, 100 %
2026/03/27 11:42:58.384, 3, NVIDIA RTX 6000 Ada Generation, 49140 MiB, 17248 MiB, 100 %
2026/03/27 11:42:58.428, 4, NVIDIA RTX 6000 Ada Generation, 49140 MiB, 17260 MiB, 100 %
2026/03/27 11:42:58.429, 5, NVIDIA RTX 6000 Ada Generation, 49140 MiB, 2 MiB, 0 %
2026/03/27 11:42:58.429, 6, NVIDIA RTX 6000 Ada Generation, 49140 MiB, 4 MiB, 0 %
2026/03/27 11:42:58.429, 7, NVIDIA RTX 6000 Ada Generation, 49140 MiB, 21460 MiB, 100 %
2026/03/27 11:42:59.429, 0, NVIDIA RTX 6000 Ada Generation, 49140 MiB, 15890 MiB, 6 %
2026/03/27 11:42:59.429, 1, NVIDIA RTX 6000 Ada Generation, 49140 MiB, 29003 MiB, 100 %
2026/03/27 11:42:59.429, 2, NVIDIA RTX 6000 Ada Generation, 49140 MiB, 21991 MiB, 99 %
2026/03/27 11:42:59.429, 3, NVIDIA RTX 6000 Ada Generation, 49140 MiB, 17248 MiB, 100 %
2026/03/27 11:42:59.429, 4, NVIDIA RTX 6000 Ada Generation, 49140 MiB, 17260 MiB, 100 %
2026/03/27 11:42:59.429, 5, NVIDIA RTX 6000 Ada Generation, 49140 MiB, 2 MiB, 0 %
2026/03/27 11:42:59.429, 6, NVIDIA RTX 6000 Ada Generation, 49140 MiB, 4 MiB, 0 %
2026/03/27 11:42:59.429, 7, NVIDIA RTX 6000 Ada Generation, 49140 MiB, 21460 MiB, 100 %
2026/03/27 11:43:00.430, 0, NVIDIA RTX 6000 Ada Generation, 49140 MiB, 15890 MiB, 5 %
2026/03/27 11:43:00.544, 1, NVIDIA RTX 6000 Ada Generation, 49140 MiB, 29003 MiB, 100 %
2026/03/27 11:43:00.545, 2, NVIDIA RTX 6000 Ada Generation, 49140 MiB, 21991 MiB, 100 %
2026/03/27 11:43:00.545, 3, NVIDIA RTX 6000 Ada Generation, 49140 MiB, 17248 MiB, 100 %
2026/03/27 11:43:00.545, 4, NVIDIA RTX 6000 Ada Generation, 49140 MiB, 17260 MiB, 100 %
2026/03/27 11:43:00.546, 5, NVIDIA RTX 6000 Ada Generation, 49140 MiB, 2 MiB, 0 %
2026/03/27 11:43:00.546, 6, NVIDIA RTX 6000 Ada Generation, 49140 MiB, 4 MiB, 0 %
2026/03/27 11:43:00.546, 7, NVIDIA RTX 6000 Ada Generation, 49140 MiB, 21460 MiB, 100 %
2026/03/27 11:43:01.546, 0, NVIDIA RTX 6000 Ada Generation, 49140 MiB, 15890 MiB, 6 %
2026/03/27 11:43:01.546, 1, NVIDIA RTX 6000 Ada Generation, 49140 MiB, 29003 MiB, 100 %
2026/03/27 11:43:01.546, 2, NVIDIA RTX 6000 Ada Generation, 49140 MiB, 21991 MiB, 100 %
2026/03/27 11:43:01.546, 3, NVIDIA RTX 6000 Ada Generation, 49140 MiB, 17248 MiB, 100 %
2026/03/27 11:43:01.546, 4, NVIDIA RTX 6000 Ada Generation, 49140 MiB, 17260 MiB, 100 %
2026/03/27 11:43:01.546, 5, NVIDIA RTX 6000 Ada Generation, 49140 MiB, 2 MiB, 0 %
2026/03/27 11:43:01.679, 6, NVIDIA RTX 6000 Ada Generation, 49140 MiB, 4 MiB, 0 %
2026/03/27 11:43:01.680, 7, NVIDIA RTX 6000 Ada Generation, 49140 MiB, 21460 MiB, 100 %
2026/03/27 11:43:02.680, 0, NVIDIA RTX 6000 Ada Generation, 49140 MiB, 15890 MiB, 6 %
2026/03/27 11:43:02.680, 1, NVIDIA RTX 6000 Ada Generation, 49140 MiB, 29003 MiB, 100 %
2026/03/27 11:43:02.680, 2, NVIDIA RTX 6000 Ada Generation, 49140 MiB, 21991 MiB, 100 %
2026/03/27 11:43:02.680, 3, NVIDIA RTX 6000 Ada Generation, 49140 MiB, 17248 MiB, 100 %
2026/03/27 11:43:02.681, 4, NVIDIA RTX 6000 Ada Generation, 49140 MiB, 17260 MiB, 100 %
2026/03/27 11:43:02.681, 5, NVIDIA RTX 6000 Ada Generation, 49140 MiB, 2 MiB, 0 %
2026/03/27 11:43:02.681, 6, NVIDIA RTX 6000 Ada Generation, 49140 MiB, 4 MiB, 0 %
2026/03/27 11:43:02.681, 7, NVIDIA RTX 6000 Ada Generation, 49140 MiB, 21460 MiB, 100 %
2026/03/27 11:43:03.681, 0, NVIDIA RTX 6000 Ada Generation, 49140 MiB, 15890 MiB, 0 %
2026/03/27 11:43:03.681, 1, NVIDIA RTX 6000 Ada Generation, 49140 MiB, 29003 MiB, 100 %
2026/03/27 11:43:03.681, 2, NVIDIA RTX 6000 Ada Generation, 49140 MiB, 21991 MiB, 100 %
2026/03/27 11:43:03.901, 3, NVIDIA RTX 6000 Ada Generation, 49140 MiB, 17248 MiB, 100 %
2026/03/27 11:43:03.901, 4, NVIDIA RTX 6000 Ada Generation, 49140 MiB, 17260 MiB, 100 %
2026/03/27 11:43:03.901, 5, NVIDIA RTX 6000 Ada Generation, 49140 MiB, 2 MiB, 0 %
2026/03/27 11:43:03.901, 6, NVIDIA RTX 6000 Ada Generation, 49140 MiB, 4 MiB, 0 %
2026/03/27 11:43:03.901, 7, NVIDIA RTX 6000 Ada Generation, 49140 MiB, 21460 MiB, 100 %
2026/03/27 11:43:04.902, 0, NVIDIA RTX 6000 Ada Generation, 49140 MiB, 15890 MiB, 6 %
2026/03/27 11:43:04.902, 1, NVIDIA RTX 6000 Ada Generation, 49140 MiB, 29003 MiB, 100 %
2026/03/27 11:43:04.902, 2, NVIDIA RTX 6000 Ada Generation, 49140 MiB, 21991 MiB, 100 %
2026/03/27 11:43:04.902, 3, NVIDIA RTX 6000 Ada Generation, 49140 MiB, 17248 MiB, 100 %
2026/03/27 11:43:04.902, 4, NVIDIA RTX 6000 Ada Generation, 49140 MiB, 17260 MiB, 100 %
2026/03/27 11:43:04.902, 5, NVIDIA RTX 6000 Ada Generation, 49140 MiB, 2 MiB, 0 %
2026/03/27 11:43:04.902, 6, NVIDIA RTX 6000 Ada Generation, 49140 MiB, 4 MiB, 0 %
2026/03/27 11:43:04.902, 7, NVIDIA RTX 6000 Ada Generation, 49140 MiB, 21460 MiB, 100 %
2026/03/27 11:43:05.902, 0, NVIDIA RTX 6000 Ada Generation, 49140 MiB, 15890 MiB, 6 %
2026/03/27 11:43:05.902, 1, NVIDIA RTX 6000 Ada Generation, 49140 MiB, 29003 MiB, 100 %
2026/03/27 11:43:05.903, 2, NVIDIA RTX 6000 Ada Generation, 49140 MiB, 21991 MiB, 100 %
2026/03/27 11:43:05.903, 3, NVIDIA RTX 6000 Ada Generation, 49140 MiB, 17248 MiB, 99 %
2026/03/27 11:43:05.903, 4, NVIDIA RTX 6000 Ada Generation, 49140 MiB, 17260 MiB, 100 %
2026/03/27 11:43:05.903, 5, NVIDIA RTX 6000 Ada Generation, 49140 MiB, 2 MiB, 0 %
2026/03/27 11:43:05.903, 6, NVIDIA RTX 6000 Ada Generation, 49140 MiB, 4 MiB, 0 %
2026/03/27 11:43:05.903, 7, NVIDIA RTX 6000 Ada Generation, 49140 MiB, 21460 MiB, 100 %
2026/03/27 11:43:06.903, 0, NVIDIA RTX 6000 Ada Generation, 49140 MiB, 15890 MiB, 0 %
2026/03/27 11:43:06.903, 1, NVIDIA RTX 6000 Ada Generation, 49140 MiB, 29003 MiB, 100 %
2026/03/27 11:43:06.903, 2, NVIDIA RTX 6000 Ada Generation, 49140 MiB, 21991 MiB, 99 %
2026/03/27 11:43:06.903, 3, NVIDIA RTX 6000 Ada Generation, 49140 MiB, 17248 MiB, 100 %
2026/03/27 11:43:06.937, 4, NVIDIA RTX 6000 Ada Generation, 49140 MiB, 17260 MiB, 100 %
2026/03/27 11:43:06.938, 5, NVIDIA RTX 6000 Ada Generation, 49140 MiB, 2 MiB, 0 %
2026/03/27 11:43:06.938, 6, NVIDIA RTX 6000 Ada Generation, 49140 MiB, 4 MiB, 0 %
2026/03/27 11:43:06.938, 7, NVIDIA RTX 6000 Ada Generation, 49140 MiB, 21460 MiB, 100 %
2026/03/27 11:43:07.938, 0, NVIDIA RTX 6000 Ada Generation, 49140 MiB, 15890 MiB, 0 %
2026/03/27 11:43:07.938, 1, NVIDIA RTX 6000 Ada Generation, 49140 MiB, 29003 MiB, 100 %
2026/03/27 11:43:07.938, 2, NVIDIA RTX 6000 Ada Generation, 49140 MiB, 21991 MiB, 100 %
2026/03/27 11:43:07.938, 3, NVIDIA RTX 6000 Ada Generation, 49140 MiB, 17248 MiB, 100 %
2026/03/27 11:43:07.938, 4, NVIDIA RTX 6000 Ada Generation, 49140 MiB, 17260 MiB, 99 %
2026/03/27 11:43:07.939, 5, NVIDIA RTX 6000 Ada Generation, 49140 MiB, 2 MiB, 0 %
2026/03/27 11:43:07.939, 6, NVIDIA RTX 6000 Ada Generation, 49140 MiB, 4 MiB, 0 %
2026/03/27 11:43:07.939, 7, NVIDIA RTX 6000 Ada Generation, 49140 MiB, 21460 MiB, 100 %
2026/03/27 11:43:08.939, 0, NVIDIA RTX 6000 Ada Generation, 49140 MiB, 15890 MiB, 90 %
2026/03/27 11:43:08.940, 1, NVIDIA RTX 6000 Ada Generation, 49140 MiB, 29003 MiB, 100 %
2026/03/27 11:43:08.942, 2, NVIDIA RTX 6000 Ada Generation, 49140 MiB, 21991 MiB, 100 %
2026/03/27 11:43:08.945, 3, NVIDIA RTX 6000 Ada Generation, 49140 MiB, 17248 MiB, 100 %
2026/03/27 11:43:08.947, 4, NVIDIA RTX 6000 Ada Generation, 49140 MiB, 17260 MiB, 100 %
2026/03/27 11:43:08.950, 5, NVIDIA RTX 6000 Ada Generation, 49140 MiB, 2 MiB, 0 %
2026/03/27 11:43:08.951, 6, NVIDIA RTX 6000 Ada Generation, 49140 MiB, 22 MiB, 0 %
2026/03/27 11:43:08.952, 7, NVIDIA RTX 6000 Ada Generation, 49140 MiB, 21460 MiB, 100 %
2026/03/27 11:43:09.952, 0, NVIDIA RTX 6000 Ada Generation, 49140 MiB, 15890 MiB, 91 %
2026/03/27 11:43:10.092, 1, NVIDIA RTX 6000 Ada Generation, 49140 MiB, 29003 MiB, 100 %
2026/03/27 11:43:10.093, 2, NVIDIA RTX 6000 Ada Generation, 49140 MiB, 21991 MiB, 100 %
2026/03/27 11:43:10.093, 3, NVIDIA RTX 6000 Ada Generation, 49140 MiB, 17248 MiB, 100 %
2026/03/27 11:43:10.093, 4, NVIDIA RTX 6000 Ada Generation, 49140 MiB, 17260 MiB, 100 %
2026/03/27 11:43:10.321, 5, NVIDIA RTX 6000 Ada Generation, 49140 MiB, 2 MiB, 0 %
2026/03/27 11:43:10.321, 6, NVIDIA RTX 6000 Ada Generation, 49140 MiB, 16254 MiB, 0 %
2026/03/27 11:43:10.321, 7, NVIDIA RTX 6000 Ada Generation, 49140 MiB, 21460 MiB, 100 %
2026/03/27 11:43:11.322, 0, NVIDIA RTX 6000 Ada Generation, 49140 MiB, 15890 MiB, 0 %
2026/03/27 11:43:11.322, 1, NVIDIA RTX 6000 Ada Generation, 49140 MiB, 29003 MiB, 100 %
2026/03/27 11:43:11.322, 2, NVIDIA RTX 6000 Ada Generation, 49140 MiB, 21991 MiB, 100 %
2026/03/27 11:43:11.322, 3, NVIDIA RTX 6000 Ada Generation, 49140 MiB, 17248 MiB, 100 %
2026/03/27 11:43:11.322, 4, NVIDIA RTX 6000 Ada Generation, 49140 MiB, 17260 MiB, 100 %
2026/03/27 11:43:11.322, 5, NVIDIA RTX 6000 Ada Generation, 49140 MiB, 2 MiB, 0 %
2026/03/27 11:43:11.322, 6, NVIDIA RTX 6000 Ada Generation, 49140 MiB, 16254 MiB, 13 %
2026/03/27 11:43:11.322, 7, NVIDIA RTX 6000 Ada Generation, 49140 MiB, 21460 MiB, 100 %
2026/03/27 11:43:12.322, 0, NVIDIA RTX 6000 Ada Generation, 49140 MiB, 15890 MiB, 6 %
2026/03/27 11:43:12.323, 1, NVIDIA RTX 6000 Ada Generation, 49140 MiB, 29003 MiB, 100 %
2026/03/27 11:43:12.439, 2, NVIDIA RTX 6000 Ada Generation, 49140 MiB, 21991 MiB, 100 %
2026/03/27 11:43:12.440, 3, NVIDIA RTX 6000 Ada Generation, 49140 MiB, 17248 MiB, 100 %
2026/03/27 11:43:12.440, 4, NVIDIA RTX 6000 Ada Generation, 49140 MiB, 17260 MiB, 100 %
2026/03/27 11:43:12.440, 5, NVIDIA RTX 6000 Ada Generation, 49140 MiB, 2 MiB, 0 %
2026/03/27 11:43:12.440, 6, NVIDIA RTX 6000 Ada Generation, 49140 MiB, 16254 MiB, 14 %
2026/03/27 11:43:12.440, 7, NVIDIA RTX 6000 Ada Generation, 49140 MiB, 21460 MiB, 100 %
2026/03/27 11:43:13.440, 0, NVIDIA RTX 6000 Ada Generation, 49140 MiB, 15890 MiB, 6 %
2026/03/27 11:43:13.440, 1, NVIDIA RTX 6000 Ada Generation, 49140 MiB, 29003 MiB, 100 %
2026/03/27 11:43:13.440, 2, NVIDIA RTX 6000 Ada Generation, 49140 MiB, 21991 MiB, 100 %
2026/03/27 11:43:13.440, 3, NVIDIA RTX 6000 Ada Generation, 49140 MiB, 17248 MiB, 100 %
2026/03/27 11:43:13.440, 4, NVIDIA RTX 6000 Ada Generation, 49140 MiB, 17260 MiB, 100 %
2026/03/27 11:43:13.440, 5, NVIDIA RTX 6000 Ada Generation, 49140 MiB, 2 MiB, 0 %
2026/03/27 11:43:13.441, 6, NVIDIA RTX 6000 Ada Generation, 49140 MiB, 16254 MiB, 14 %
2026/03/27 11:43:13.456, 7, NVIDIA RTX 6000 Ada Generation, 49140 MiB, 21460 MiB, 100 %
2026/03/27 11:43:14.457, 0, NVIDIA RTX 6000 Ada Generation, 49140 MiB, 15890 MiB, 6 %
2026/03/27 11:43:14.457, 1, NVIDIA RTX 6000 Ada Generation, 49140 MiB, 29003 MiB, 100 %
2026/03/27 11:43:14.457, 2, NVIDIA RTX 6000 Ada Generation, 49140 MiB, 21991 MiB, 99 %
2026/03/27 11:43:14.457, 3, NVIDIA RTX 6000 Ada Generation, 49140 MiB, 17248 MiB, 100 %
2026/03/27 11:43:14.457, 4, NVIDIA RTX 6000 Ada Generation, 49140 MiB, 17260 MiB, 100 %
2026/03/27 11:43:14.457, 5, NVIDIA RTX 6000 Ada Generation, 49140 MiB, 2 MiB, 0 %
2026/03/27 11:43:14.457, 6, NVIDIA RTX 6000 Ada Generation, 49140 MiB, 16254 MiB, 14 %
2026/03/27 11:43:14.457, 7, NVIDIA RTX 6000 Ada Generation, 49140 MiB, 21460 MiB, 100 %
2026/03/27 11:43:15.457, 0, NVIDIA RTX 6000 Ada Generation, 49140 MiB, 15890 MiB, 3 %
2026/03/27 11:43:15.458, 1, NVIDIA RTX 6000 Ada Generation, 49140 MiB, 29003 MiB, 100 %
2026/03/27 11:43:15.458, 2, NVIDIA RTX 6000 Ada Generation, 49140 MiB, 21991 MiB, 100 %
2026/03/27 11:43:15.548, 3, NVIDIA RTX 6000 Ada Generation, 49140 MiB, 17248 MiB, 100 %
2026/03/27 11:43:15.549, 4, NVIDIA RTX 6000 Ada Generation, 49140 MiB, 17260 MiB, 100 %
2026/03/27 11:43:15.549, 5, NVIDIA RTX 6000 Ada Generation, 49140 MiB, 2 MiB, 0 %
2026/03/27 11:43:15.549, 6, NVIDIA RTX 6000 Ada Generation, 49140 MiB, 16254 MiB, 0 %
2026/03/27 11:43:15.549, 7, NVIDIA RTX 6000 Ada Generation, 49140 MiB, 21460 MiB, 100 %
2026/03/27 11:43:16.549, 0, NVIDIA RTX 6000 Ada Generation, 49140 MiB, 15890 MiB, 6 %
2026/03/27 11:43:16.549, 1, NVIDIA RTX 6000 Ada Generation, 49140 MiB, 29003 MiB, 100 %
2026/03/27 11:43:16.550, 2, NVIDIA RTX 6000 Ada Generation, 49140 MiB, 21991 MiB, 100 %
2026/03/27 11:43:16.550, 3, NVIDIA RTX 6000 Ada Generation, 49140 MiB, 17248 MiB, 100 %
2026/03/27 11:43:16.550, 4, NVIDIA RTX 6000 Ada Generation, 49140 MiB, 17260 MiB, 100 %
2026/03/27 11:43:16.550, 5, NVIDIA RTX 6000 Ada Generation, 49140 MiB, 2 MiB, 0 %
2026/03/27 11:43:16.550, 6, NVIDIA RTX 6000 Ada Generation, 49140 MiB, 16254 MiB, 0 %
2026/03/27 11:43:16.550, 7, NVIDIA RTX 6000 Ada Generation, 49140 MiB, 21460 MiB, 100 %
2026/03/27 11:43:17.550, 0, NVIDIA RTX 6000 Ada Generation, 49140 MiB, 15890 MiB, 6 %
2026/03/27 11:43:17.550, 1, NVIDIA RTX 6000 Ada Generation, 49140 MiB, 29003 MiB, 100 %
2026/03/27 11:43:17.550, 2, NVIDIA RTX 6000 Ada Generation, 49140 MiB, 21991 MiB, 100 %
2026/03/27 11:43:17.550, 3, NVIDIA RTX 6000 Ada Generation, 49140 MiB, 17248 MiB, 100 %
2026/03/27 11:43:17.550, 4, NVIDIA RTX 6000 Ada Generation, 49140 MiB, 17260 MiB, 100 %
2026/03/27 11:43:17.550, 5, NVIDIA RTX 6000 Ada Generation, 49140 MiB, 2 MiB, 0 %
2026/03/27 11:43:17.551, 6, NVIDIA RTX 6000 Ada Generation, 49140 MiB, 16254 MiB, 0 %
2026/03/27 11:43:17.551, 7, NVIDIA RTX 6000 Ada Generation, 49140 MiB, 21460 MiB, 100 %
2026/03/27 11:43:18.551, 0, NVIDIA RTX 6000 Ada Generation, 49140 MiB, 15890 MiB, 0 %
2026/03/27 11:43:18.551, 1, NVIDIA RTX 6000 Ada Generation, 49140 MiB, 29003 MiB, 100 %
2026/03/27 11:43:18.551, 2, NVIDIA RTX 6000 Ada Generation, 49140 MiB, 21991 MiB, 100 %
2026/03/27 11:43:18.551, 3, NVIDIA RTX 6000 Ada Generation, 49140 MiB, 17248 MiB, 100 %
2026/03/27 11:43:18.586, 4, NVIDIA RTX 6000 Ada Generation, 49140 MiB, 17260 MiB, 100 %
2026/03/27 11:43:18.586, 5, NVIDIA RTX 6000 Ada Generation, 49140 MiB, 2 MiB, 0 %
2026/03/27 11:43:18.586, 6, NVIDIA RTX 6000 Ada Generation, 49140 MiB, 16254 MiB, 0 %
2026/03/27 11:43:18.586, 7, NVIDIA RTX 6000 Ada Generation, 49140 MiB, 21460 MiB, 100 %
2026/03/27 11:43:19.586, 0, NVIDIA RTX 6000 Ada Generation, 49140 MiB, 15890 MiB, 6 %
2026/03/27 11:43:19.587, 1, NVIDIA RTX 6000 Ada Generation, 49140 MiB, 29003 MiB, 100 %
2026/03/27 11:43:19.587, 2, NVIDIA RTX 6000 Ada Generation, 49140 MiB, 21991 MiB, 100 %
2026/03/27 11:43:19.587, 3, NVIDIA RTX 6000 Ada Generation, 49140 MiB, 17248 MiB, 100 %
2026/03/27 11:43:19.587, 4, NVIDIA RTX 6000 Ada Generation, 49140 MiB, 17260 MiB, 100 %
2026/03/27 11:43:19.587, 5, NVIDIA RTX 6000 Ada Generation, 49140 MiB, 2 MiB, 0 %
2026/03/27 11:43:19.587, 6, NVIDIA RTX 6000 Ada Generation, 49140 MiB, 16254 MiB, 0 %
2026/03/27 11:43:19.587, 7, NVIDIA RTX 6000 Ada Generation, 49140 MiB, 21460 MiB, 100 %
2026/03/27 11:43:20.587, 0, NVIDIA RTX 6000 Ada Generation, 49140 MiB, 15890 MiB, 6 %
2026/03/27 11:43:20.732, 1, NVIDIA RTX 6000 Ada Generation, 49140 MiB, 29003 MiB, 100 %
2026/03/27 11:43:20.733, 2, NVIDIA RTX 6000 Ada Generation, 49140 MiB, 21991 MiB, 100 %
2026/03/27 11:43:20.733, 3, NVIDIA RTX 6000 Ada Generation, 49140 MiB, 17248 MiB, 100 %
2026/03/27 11:43:20.733, 4, NVIDIA RTX 6000 Ada Generation, 49140 MiB, 17260 MiB, 100 %
2026/03/27 11:43:20.733, 5, NVIDIA RTX 6000 Ada Generation, 49140 MiB, 2 MiB, 0 %
2026/03/27 11:43:20.733, 6, NVIDIA RTX 6000 Ada Generation, 49140 MiB, 16254 MiB, 0 %
2026/03/27 11:43:20.733, 7, NVIDIA RTX 6000 Ada Generation, 49140 MiB, 21460 MiB, 100 %
2026/03/27 11:43:21.733, 0, NVIDIA RTX 6000 Ada Generation, 49140 MiB, 15890 MiB, 5 %
2026/03/27 11:43:21.733, 1, NVIDIA RTX 6000 Ada Generation, 49140 MiB, 29003 MiB, 100 %
2026/03/27 11:43:21.734, 2, NVIDIA RTX 6000 Ada Generation, 49140 MiB, 21991 MiB, 100 %
2026/03/27 11:43:21.734, 3, NVIDIA RTX 6000 Ada Generation, 49140 MiB, 17248 MiB, 100 %
2026/03/27 11:43:21.734, 4, NVIDIA RTX 6000 Ada Generation, 49140 MiB, 17260 MiB, 100 %
2026/03/27 11:43:21.734, 5, NVIDIA RTX 6000 Ada Generation, 49140 MiB, 2 MiB, 0 %
2026/03/27 11:43:21.879, 6, NVIDIA RTX 6000 Ada Generation, 49140 MiB, 16254 MiB, 0 %
2026/03/27 11:43:21.880, 7, NVIDIA RTX 6000 Ada Generation, 49140 MiB, 21460 MiB, 0 %
2026/03/27 11:43:22.880, 0, NVIDIA RTX 6000 Ada Generation, 49140 MiB, 15890 MiB, 6 %
2026/03/27 11:43:22.880, 1, NVIDIA RTX 6000 Ada Generation, 49140 MiB, 29003 MiB, 100 %
2026/03/27 11:43:22.880, 2, NVIDIA RTX 6000 Ada Generation, 49140 MiB, 21991 MiB, 100 %
2026/03/27 11:43:22.880, 3, NVIDIA RTX 6000 Ada Generation, 49140 MiB, 17248 MiB, 100 %
2026/03/27 11:43:22.880, 4, NVIDIA RTX 6000 Ada Generation, 49140 MiB, 17260 MiB, 100 %
2026/03/27 11:43:22.880, 5, NVIDIA RTX 6000 Ada Generation, 49140 MiB, 2 MiB, 0 %
2026/03/27 11:43:22.880, 6, NVIDIA RTX 6000 Ada Generation, 49140 MiB, 16254 MiB, 0 %
2026/03/27 11:43:22.880, 7, NVIDIA RTX 6000 Ada Generation, 49140 MiB, 21460 MiB, 0 %
2026/03/27 11:43:23.880, 0, NVIDIA RTX 6000 Ada Generation, 49140 MiB, 15890 MiB, 6 %
2026/03/27 11:43:23.881, 1, NVIDIA RTX 6000 Ada Generation, 49140 MiB, 29003 MiB, 100 %
2026/03/27 11:43:23.881, 2, NVIDIA RTX 6000 Ada Generation, 49140 MiB, 21991 MiB, 100 %
2026/03/27 11:43:24.010, 3, NVIDIA RTX 6000 Ada Generation, 49140 MiB, 17248 MiB, 100 %
2026/03/27 11:43:24.011, 4, NVIDIA RTX 6000 Ada Generation, 49140 MiB, 17260 MiB, 100 %
2026/03/27 11:43:24.011, 5, NVIDIA RTX 6000 Ada Generation, 49140 MiB, 2 MiB, 0 %
2026/03/27 11:43:24.011, 6, NVIDIA RTX 6000 Ada Generation, 49140 MiB, 16254 MiB, 0 %
2026/03/27 11:43:24.011, 7, NVIDIA RTX 6000 Ada Generation, 49140 MiB, 21460 MiB, 100 %
2026/03/27 11:43:25.011, 0, NVIDIA RTX 6000 Ada Generation, 49140 MiB, 15890 MiB, 0 %
2026/03/27 11:43:25.012, 1, NVIDIA RTX 6000 Ada Generation, 49140 MiB, 29003 MiB, 100 %
2026/03/27 11:43:25.012, 2, NVIDIA RTX 6000 Ada Generation, 49140 MiB, 21991 MiB, 100 %
2026/03/27 11:43:25.012, 3, NVIDIA RTX 6000 Ada Generation, 49140 MiB, 17248 MiB, 100 %
2026/03/27 11:43:25.012, 4, NVIDIA RTX 6000 Ada Generation, 49140 MiB, 17260 MiB, 100 %
2026/03/27 11:43:25.012, 5, NVIDIA RTX 6000 Ada Generation, 49140 MiB, 2 MiB, 0 %
2026/03/27 11:43:25.012, 6, NVIDIA RTX 6000 Ada Generation, 49140 MiB, 16254 MiB, 0 %
2026/03/27 11:43:25.012, 7, NVIDIA RTX 6000 Ada Generation, 49140 MiB, 21460 MiB, 100 %
2026/03/27 11:43:26.012, 0, NVIDIA RTX 6000 Ada Generation, 49140 MiB, 15890 MiB, 0 %
2026/03/27 11:43:26.012, 1, NVIDIA RTX 6000 Ada Generation, 49140 MiB, 29003 MiB, 99 %
2026/03/27 11:43:26.012, 2, NVIDIA RTX 6000 Ada Generation, 49140 MiB, 21991 MiB, 100 %
2026/03/27 11:43:26.013, 3, NVIDIA RTX 6000 Ada Generation, 49140 MiB, 17248 MiB, 100 %
2026/03/27 11:43:26.013, 4, NVIDIA RTX 6000 Ada Generation, 49140 MiB, 17260 MiB, 100 %
2026/03/27 11:43:26.013, 5, NVIDIA RTX 6000 Ada Generation, 49140 MiB, 2 MiB, 0 %
2026/03/27 11:43:26.013, 6, NVIDIA RTX 6000 Ada Generation, 49140 MiB, 16254 MiB, 0 %
2026/03/27 11:43:26.013, 7, NVIDIA RTX 6000 Ada Generation, 49140 MiB, 21460 MiB, 100 %
2026/03/27 11:43:27.013, 0, NVIDIA RTX 6000 Ada Generation, 49140 MiB, 15890 MiB, 91 %
2026/03/27 11:43:27.013, 1, NVIDIA RTX 6000 Ada Generation, 49140 MiB, 29003 MiB, 100 %
2026/03/27 11:43:27.013, 2, NVIDIA RTX 6000 Ada Generation, 49140 MiB, 21991 MiB, 100 %
2026/03/27 11:43:27.029, 3, NVIDIA RTX 6000 Ada Generation, 49140 MiB, 17248 MiB, 99 %
2026/03/27 11:43:27.030, 4, NVIDIA RTX 6000 Ada Generation, 49140 MiB, 17260 MiB, 100 %
2026/03/27 11:43:27.030, 5, NVIDIA RTX 6000 Ada Generation, 49140 MiB, 2 MiB, 0 %
2026/03/27 11:43:27.030, 6, NVIDIA RTX 6000 Ada Generation, 49140 MiB, 16254 MiB, 0 %
2026/03/27 11:43:27.030, 7, NVIDIA RTX 6000 Ada Generation, 49140 MiB, 21460 MiB, 100 %
2026/03/27 11:43:28.030, 0, NVIDIA RTX 6000 Ada Generation, 49140 MiB, 15890 MiB, 95 %
2026/03/27 11:43:28.030, 1, NVIDIA RTX 6000 Ada Generation, 49140 MiB, 29003 MiB, 100 %
2026/03/27 11:43:28.030, 2, NVIDIA RTX 6000 Ada Generation, 49140 MiB, 21991 MiB, 100 %
2026/03/27 11:43:28.030, 3, NVIDIA RTX 6000 Ada Generation, 49140 MiB, 17248 MiB, 100 %
2026/03/27 11:43:28.030, 4, NVIDIA RTX 6000 Ada Generation, 49140 MiB, 17260 MiB, 100 %
2026/03/27 11:43:28.030, 5, NVIDIA RTX 6000 Ada Generation, 49140 MiB, 2 MiB, 0 %
2026/03/27 11:43:28.031, 6, NVIDIA RTX 6000 Ada Generation, 49140 MiB, 16254 MiB, 0 %
2026/03/27 11:43:28.031, 7, NVIDIA RTX 6000 Ada Generation, 49140 MiB, 21460 MiB, 100 %
2026/03/27 11:43:29.031, 0, NVIDIA RTX 6000 Ada Generation, 49140 MiB, 15890 MiB, 0 %
2026/03/27 11:43:29.031, 1, NVIDIA RTX 6000 Ada Generation, 49140 MiB, 29003 MiB, 100 %
2026/03/27 11:43:29.031, 2, NVIDIA RTX 6000 Ada Generation, 49140 MiB, 21991 MiB, 100 %
2026/03/27 11:43:29.031, 3, NVIDIA RTX 6000 Ada Generation, 49140 MiB, 17248 MiB, 100 %
2026/03/27 11:43:29.031, 4, NVIDIA RTX 6000 Ada Generation, 49140 MiB, 17260 MiB, 100 %
2026/03/27 11:43:29.031, 5, NVIDIA RTX 6000 Ada Generation, 49140 MiB, 2 MiB, 0 %
2026/03/27 11:43:29.031, 6, NVIDIA RTX 6000 Ada Generation, 49140 MiB, 16254 MiB, 0 %
2026/03/27 11:43:29.031, 7, NVIDIA RTX 6000 Ada Generation, 49140 MiB, 21460 MiB, 100 %
2026/03/27 11:43:30.032, 0, NVIDIA RTX 6000 Ada Generation, 49140 MiB, 15890 MiB, 1 %
2026/03/27 11:43:30.032, 1, NVIDIA RTX 6000 Ada Generation, 49140 MiB, 29003 MiB, 100 %
2026/03/27 11:43:30.032, 2, NVIDIA RTX 6000 Ada Generation, 49140 MiB, 21991 MiB, 100 %
2026/03/27 11:43:30.032, 3, NVIDIA RTX 6000 Ada Generation, 49140 MiB, 17248 MiB, 100 %
2026/03/27 11:43:30.088, 4, NVIDIA RTX 6000 Ada Generation, 49140 MiB, 17260 MiB, 100 %
2026/03/27 11:43:30.090, 5, NVIDIA RTX 6000 Ada Generation, 49140 MiB, 2 MiB, 0 %
2026/03/27 11:43:30.090, 6, NVIDIA RTX 6000 Ada Generation, 49140 MiB, 16254 MiB, 0 %
2026/03/27 11:43:30.090, 7, NVIDIA RTX 6000 Ada Generation, 49140 MiB, 21460 MiB, 100 %
2026/03/27 11:43:31.090, 0, NVIDIA RTX 6000 Ada Generation, 49140 MiB, 15890 MiB, 6 %
2026/03/27 11:43:31.090, 1, NVIDIA RTX 6000 Ada Generation, 49140 MiB, 29003 MiB, 100 %
2026/03/27 11:43:31.090, 2, NVIDIA RTX 6000 Ada Generation, 49140 MiB, 21991 MiB, 100 %
2026/03/27 11:43:31.090, 3, NVIDIA RTX 6000 Ada Generation, 49140 MiB, 17248 MiB, 100 %
2026/03/27 11:43:31.090, 4, NVIDIA RTX 6000 Ada Generation, 49140 MiB, 17260 MiB, 100 %
2026/03/27 11:43:31.090, 5, NVIDIA RTX 6000 Ada Generation, 49140 MiB, 2 MiB, 0 %
2026/03/27 11:43:31.090, 6, NVIDIA RTX 6000 Ada Generation, 49140 MiB, 16254 MiB, 0 %
2026/03/27 11:43:31.090, 7, NVIDIA RTX 6000 Ada Generation, 49140 MiB, 21460 MiB, 100 %
2026/03/27 11:43:32.091, 0, NVIDIA RTX 6000 Ada Generation, 49140 MiB, 15890 MiB, 6 %
2026/03/27 11:43:32.204, 1, NVIDIA RTX 6000 Ada Generation, 49140 MiB, 29003 MiB, 100 %
2026/03/27 11:43:32.204, 2, NVIDIA RTX 6000 Ada Generation, 49140 MiB, 21991 MiB, 100 %
2026/03/27 11:43:32.204, 3, NVIDIA RTX 6000 Ada Generation, 49140 MiB, 17248 MiB, 100 %
2026/03/27 11:43:32.205, 4, NVIDIA RTX 6000 Ada Generation, 49140 MiB, 17260 MiB, 100 %
2026/03/27 11:43:32.205, 5, NVIDIA RTX 6000 Ada Generation, 49140 MiB, 2 MiB, 0 %
2026/03/27 11:43:32.205, 6, NVIDIA RTX 6000 Ada Generation, 49140 MiB, 16254 MiB, 0 %
2026/03/27 11:43:32.205, 7, NVIDIA RTX 6000 Ada Generation, 49140 MiB, 21460 MiB, 100 %
2026/03/27 11:43:33.205, 0, NVIDIA RTX 6000 Ada Generation, 49140 MiB, 15890 MiB, 0 %
2026/03/27 11:43:33.205, 1, NVIDIA RTX 6000 Ada Generation, 49140 MiB, 29003 MiB, 100 %
2026/03/27 11:43:33.205, 2, NVIDIA RTX 6000 Ada Generation, 49140 MiB, 21991 MiB, 100 %
2026/03/27 11:43:33.205, 3, NVIDIA RTX 6000 Ada Generation, 49140 MiB, 17248 MiB, 100 %
2026/03/27 11:43:33.205, 4, NVIDIA RTX 6000 Ada Generation, 49140 MiB, 17260 MiB, 100 %
2026/03/27 11:43:33.205, 5, NVIDIA RTX 6000 Ada Generation, 49140 MiB, 2 MiB, 0 %
2026/03/27 11:43:33.324, 6, NVIDIA RTX 6000 Ada Generation, 49140 MiB, 16254 MiB, 0 %
2026/03/27 11:43:33.324, 7, NVIDIA RTX 6000 Ada Generation, 49140 MiB, 21460 MiB, 100 %
2026/03/27 11:43:34.325, 0, NVIDIA RTX 6000 Ada Generation, 49140 MiB, 15890 MiB, 6 %
2026/03/27 11:43:34.325, 1, NVIDIA RTX 6000 Ada Generation, 49140 MiB, 29003 MiB, 100 %
2026/03/27 11:43:34.325, 2, NVIDIA RTX 6000 Ada Generation, 49140 MiB, 21991 MiB, 100 %
2026/03/27 11:43:34.325, 3, NVIDIA RTX 6000 Ada Generation, 49140 MiB, 17248 MiB, 100 %
2026/03/27 11:43:34.325, 4, NVIDIA RTX 6000 Ada Generation, 49140 MiB, 17260 MiB, 100 %
2026/03/27 11:43:34.325, 5, NVIDIA RTX 6000 Ada Generation, 49140 MiB, 2 MiB, 0 %
2026/03/27 11:43:34.325, 6, NVIDIA RTX 6000 Ada Generation, 49140 MiB, 16254 MiB, 0 %
2026/03/27 11:43:34.325, 7, NVIDIA RTX 6000 Ada Generation, 49140 MiB, 21460 MiB, 100 %
2026/03/27 11:43:35.325, 0, NVIDIA RTX 6000 Ada Generation, 49140 MiB, 15890 MiB, 6 %
2026/03/27 11:43:35.325, 1, NVIDIA RTX 6000 Ada Generation, 49140 MiB, 29003 MiB, 100 %
2026/03/27 11:43:35.325, 2, NVIDIA RTX 6000 Ada Generation, 49140 MiB, 21991 MiB, 100 %
2026/03/27 11:43:35.497, 3, NVIDIA RTX 6000 Ada Generation, 49140 MiB, 17248 MiB, 100 %
2026/03/27 11:43:35.498, 4, NVIDIA RTX 6000 Ada Generation, 49140 MiB, 17260 MiB, 100 %
2026/03/27 11:43:35.498, 5, NVIDIA RTX 6000 Ada Generation, 49140 MiB, 2 MiB, 0 %
2026/03/27 11:43:35.498, 6, NVIDIA RTX 6000 Ada Generation, 49140 MiB, 16254 MiB, 0 %
2026/03/27 11:43:35.498, 7, NVIDIA RTX 6000 Ada Generation, 49140 MiB, 21460 MiB, 100 %
2026/03/27 11:43:36.498, 0, NVIDIA RTX 6000 Ada Generation, 49140 MiB, 15890 MiB, 0 %
2026/03/27 11:43:36.500, 1, NVIDIA RTX 6000 Ada Generation, 49140 MiB, 29003 MiB, 100 %
2026/03/27 11:43:36.501, 2, NVIDIA RTX 6000 Ada Generation, 49140 MiB, 21991 MiB, 100 %
2026/03/27 11:43:36.503, 3, NVIDIA RTX 6000 Ada Generation, 49140 MiB, 17248 MiB, 100 %
2026/03/27 11:43:36.504, 4, NVIDIA RTX 6000 Ada Generation, 49140 MiB, 17260 MiB, 100 %
2026/03/27 11:43:36.506, 5, NVIDIA RTX 6000 Ada Generation, 49140 MiB, 2 MiB, 0 %
2026/03/27 11:43:36.507, 6, NVIDIA RTX 6000 Ada Generation, 49140 MiB, 16254 MiB, 0 %
2026/03/27 11:43:36.509, 7, NVIDIA RTX 6000 Ada Generation, 49140 MiB, 21460 MiB, 100 %
2026/03/27 11:43:37.510, 0, NVIDIA RTX 6000 Ada Generation, 49140 MiB, 15890 MiB, 0 %
2026/03/27 11:43:37.510, 1, NVIDIA RTX 6000 Ada Generation, 49140 MiB, 29003 MiB, 100 %
2026/03/27 11:43:37.510, 2, NVIDIA RTX 6000 Ada Generation, 49140 MiB, 21991 MiB, 98 %
2026/03/27 11:43:37.510, 3, NVIDIA RTX 6000 Ada Generation, 49140 MiB, 17248 MiB, 100 %
2026/03/27 11:43:37.510, 4, NVIDIA RTX 6000 Ada Generation, 49140 MiB, 17260 MiB, 100 %
2026/03/27 11:43:37.510, 5, NVIDIA RTX 6000 Ada Generation, 49140 MiB, 2 MiB, 0 %
2026/03/27 11:43:37.510, 6, NVIDIA RTX 6000 Ada Generation, 49140 MiB, 19944 MiB, 0 %
2026/03/27 11:43:37.510, 7, NVIDIA RTX 6000 Ada Generation, 49140 MiB, 21460 MiB, 100 %
2026/03/27 11:43:38.510, 0, NVIDIA RTX 6000 Ada Generation, 49140 MiB, 15890 MiB, 92 %
2026/03/27 11:43:38.724, 1, NVIDIA RTX 6000 Ada Generation, 49140 MiB, 29003 MiB, 100 %
2026/03/27 11:43:38.991, 2, NVIDIA RTX 6000 Ada Generation, 49140 MiB, 21991 MiB, 100 %
2026/03/27 11:43:38.991, 3, NVIDIA RTX 6000 Ada Generation, 49140 MiB, 17248 MiB, 100 %
2026/03/27 11:43:38.991, 4, NVIDIA RTX 6000 Ada Generation, 49140 MiB, 17260 MiB, 100 %
2026/03/27 11:43:38.991, 5, NVIDIA RTX 6000 Ada Generation, 49140 MiB, 2 MiB, 0 %
2026/03/27 11:43:38.991, 6, NVIDIA RTX 6000 Ada Generation, 49140 MiB, 20012 MiB, 26 %
2026/03/27 11:43:38.991, 7, NVIDIA RTX 6000 Ada Generation, 49140 MiB, 21460 MiB, 100 %
2026/03/27 11:43:40.153, 0, NVIDIA RTX 6000 Ada Generation, 49140 MiB, 15890 MiB, 0 %
2026/03/27 11:43:40.153, 1, NVIDIA RTX 6000 Ada Generation, 49140 MiB, 29003 MiB, 100 %
2026/03/27 11:43:40.153, 2, NVIDIA RTX 6000 Ada Generation, 49140 MiB, 21991 MiB, 100 %
2026/03/27 11:43:40.153, 3, NVIDIA RTX 6000 Ada Generation, 49140 MiB, 17248 MiB, 98 %
2026/03/27 11:43:40.153, 4, NVIDIA RTX 6000 Ada Generation, 49140 MiB, 17260 MiB, 100 %
2026/03/27 11:43:40.153, 5, NVIDIA RTX 6000 Ada Generation, 49140 MiB, 2 MiB, 0 %
2026/03/27 11:43:40.153, 6, NVIDIA RTX 6000 Ada Generation, 49140 MiB, 43374 MiB, 39 %
2026/03/27 11:43:40.153, 7, NVIDIA RTX 6000 Ada Generation, 49140 MiB, 21460 MiB, 100 %
2026/03/27 11:43:41.153, 0, NVIDIA RTX 6000 Ada Generation, 49140 MiB, 15890 MiB, 0 %
2026/03/27 11:43:41.153, 1, NVIDIA RTX 6000 Ada Generation, 49140 MiB, 29003 MiB, 100 %
2026/03/27 11:43:41.153, 2, NVIDIA RTX 6000 Ada Generation, 49140 MiB, 21991 MiB, 100 %
2026/03/27 11:43:41.369, 3, NVIDIA RTX 6000 Ada Generation, 49140 MiB, 17248 MiB, 100 %
2026/03/27 11:43:41.599, 4, NVIDIA RTX 6000 Ada Generation, 49140 MiB, 17260 MiB, 100 %
2026/03/27 11:43:41.853, 5, NVIDIA RTX 6000 Ada Generation, 49140 MiB, 2 MiB, 0 %
2026/03/27 11:43:41.854, 6, NVIDIA RTX 6000 Ada Generation, 49140 MiB, 45372 MiB, 0 %
2026/03/27 11:43:41.854, 7, NVIDIA RTX 6000 Ada Generation, 49140 MiB, 21460 MiB, 100 %
2026/03/27 11:43:42.854, 0, NVIDIA RTX 6000 Ada Generation, 49140 MiB, 15890 MiB, 6 %
2026/03/27 11:43:42.854, 1, NVIDIA RTX 6000 Ada Generation, 49140 MiB, 29003 MiB, 100 %
2026/03/27 11:43:42.854, 2, NVIDIA RTX 6000 Ada Generation, 49140 MiB, 21991 MiB, 100 %
2026/03/27 11:43:42.854, 3, NVIDIA RTX 6000 Ada Generation, 49140 MiB, 17248 MiB, 100 %
2026/03/27 11:43:42.855, 4, NVIDIA RTX 6000 Ada Generation, 49140 MiB, 17260 MiB, 100 %
2026/03/27 11:43:42.855, 5, NVIDIA RTX 6000 Ada Generation, 49140 MiB, 2 MiB, 0 %
2026/03/27 11:43:42.855, 6, NVIDIA RTX 6000 Ada Generation, 49140 MiB, 2 MiB, 0 %
2026/03/27 11:43:42.855, 7, NVIDIA RTX 6000 Ada Generation, 49140 MiB, 21460 MiB, 100 %
2026/03/27 11:43:43.855, 0, NVIDIA RTX 6000 Ada Generation, 49140 MiB, 15890 MiB, 6 %
2026/03/27 11:43:43.855, 1, NVIDIA RTX 6000 Ada Generation, 49140 MiB, 29003 MiB, 100 %
2026/03/27 11:43:44.009, 2, NVIDIA RTX 6000 Ada Generation, 49140 MiB, 21991 MiB, 100 %
2026/03/27 11:43:44.010, 3, NVIDIA RTX 6000 Ada Generation, 49140 MiB, 17248 MiB, 100 %
2026/03/27 11:43:44.010, 4, NVIDIA RTX 6000 Ada Generation, 49140 MiB, 17260 MiB, 100 %
2026/03/27 11:43:44.010, 5, NVIDIA RTX 6000 Ada Generation, 49140 MiB, 2 MiB, 0 %
2026/03/27 11:43:44.010, 6, NVIDIA RTX 6000 Ada Generation, 49140 MiB, 2 MiB, 100 %
2026/03/27 11:43:44.010, 7, NVIDIA RTX 6000 Ada Generation, 49140 MiB, 21460 MiB, 100 %
2026/03/27 11:43:45.011, 0, NVIDIA RTX 6000 Ada Generation, 49140 MiB, 15890 MiB, 0 %
2026/03/27 11:43:45.011, 1, NVIDIA RTX 6000 Ada Generation, 49140 MiB, 29003 MiB, 100 %
2026/03/27 11:43:45.011, 2, NVIDIA RTX 6000 Ada Generation, 49140 MiB, 21991 MiB, 100 %
2026/03/27 11:43:45.011, 3, NVIDIA RTX 6000 Ada Generation, 49140 MiB, 17248 MiB, 100 %
2026/03/27 11:43:45.011, 4, NVIDIA RTX 6000 Ada Generation, 49140 MiB, 17260 MiB, 100 %
2026/03/27 11:43:45.011, 5, NVIDIA RTX 6000 Ada Generation, 49140 MiB, 2 MiB, 0 %
2026/03/27 11:43:45.011, 6, NVIDIA RTX 6000 Ada Generation, 49140 MiB, 2 MiB, 0 %
2026/03/27 11:43:45.011, 7, NVIDIA RTX 6000 Ada Generation, 49140 MiB, 21460 MiB, 100 %
2026/03/27 11:43:46.193, 0, NVIDIA RTX 6000 Ada Generation, 49140 MiB, 15890 MiB, 0 %
2026/03/27 11:43:46.193, 1, NVIDIA RTX 6000 Ada Generation, 49140 MiB, 29003 MiB, 100 %
2026/03/27 11:43:46.193, 2, NVIDIA RTX 6000 Ada Generation, 49140 MiB, 21991 MiB, 100 %
2026/03/27 11:43:46.193, 3, NVIDIA RTX 6000 Ada Generation, 49140 MiB, 17248 MiB, 100 %
2026/03/27 11:43:46.193, 4, NVIDIA RTX 6000 Ada Generation, 49140 MiB, 17260 MiB, 100 %
2026/03/27 11:43:46.193, 5, NVIDIA RTX 6000 Ada Generation, 49140 MiB, 2 MiB, 0 %
2026/03/27 11:43:46.193, 6, NVIDIA RTX 6000 Ada Generation, 49140 MiB, 4 MiB, 0 %
2026/03/27 11:43:46.193, 7, NVIDIA RTX 6000 Ada Generation, 49140 MiB, 21460 MiB, 100 %
2026/03/27 11:43:47.193, 0, NVIDIA RTX 6000 Ada Generation, 49140 MiB, 15890 MiB, 95 %
2026/03/27 11:43:47.233, 1, NVIDIA RTX 6000 Ada Generation, 49140 MiB, 29003 MiB, 100 %
2026/03/27 11:43:47.234, 2, NVIDIA RTX 6000 Ada Generation, 49140 MiB, 21991 MiB, 100 %
2026/03/27 11:43:47.234, 3, NVIDIA RTX 6000 Ada Generation, 49140 MiB, 17248 MiB, 100 %
2026/03/27 11:43:47.475, 4, NVIDIA RTX 6000 Ada Generation, 49140 MiB, 17260 MiB, 100 %
2026/03/27 11:43:47.475, 5, NVIDIA RTX 6000 Ada Generation, 49140 MiB, 2 MiB, 0 %
2026/03/27 11:43:47.475, 6, NVIDIA RTX 6000 Ada Generation, 49140 MiB, 4 MiB, 0 %
2026/03/27 11:43:47.475, 7, NVIDIA RTX 6000 Ada Generation, 49140 MiB, 21460 MiB, 100 %
2026/03/27 11:43:48.476, 0, NVIDIA RTX 6000 Ada Generation, 49140 MiB, 15890 MiB, 99 %
2026/03/27 11:43:48.476, 1, NVIDIA RTX 6000 Ada Generation, 49140 MiB, 29003 MiB, 100 %
2026/03/27 11:43:48.476, 2, NVIDIA RTX 6000 Ada Generation, 49140 MiB, 21991 MiB, 100 %
2026/03/27 11:43:48.476, 3, NVIDIA RTX 6000 Ada Generation, 49140 MiB, 17248 MiB, 99 %
2026/03/27 11:43:48.476, 4, NVIDIA RTX 6000 Ada Generation, 49140 MiB, 17260 MiB, 100 %
2026/03/27 11:43:48.476, 5, NVIDIA RTX 6000 Ada Generation, 49140 MiB, 2 MiB, 0 %
2026/03/27 11:43:48.476, 6, NVIDIA RTX 6000 Ada Generation, 49140 MiB, 102 MiB, 0 %
2026/03/27 11:43:48.476, 7, NVIDIA RTX 6000 Ada Generation, 49140 MiB, 21460 MiB, 100 %
2026/03/27 11:43:49.477, 0, NVIDIA RTX 6000 Ada Generation, 49140 MiB, 15890 MiB, 0 %
2026/03/27 11:43:49.608, 1, NVIDIA RTX 6000 Ada Generation, 49140 MiB, 29003 MiB, 100 %
2026/03/27 11:43:49.608, 2, NVIDIA RTX 6000 Ada Generation, 49140 MiB, 21991 MiB, 100 %
2026/03/27 11:43:49.609, 3, NVIDIA RTX 6000 Ada Generation, 49140 MiB, 17248 MiB, 100 %
2026/03/27 11:43:49.609, 4, NVIDIA RTX 6000 Ada Generation, 49140 MiB, 17260 MiB, 100 %
2026/03/27 11:43:49.609, 5, NVIDIA RTX 6000 Ada Generation, 49140 MiB, 2 MiB, 0 %
2026/03/27 11:43:49.609, 6, NVIDIA RTX 6000 Ada Generation, 49140 MiB, 16254 MiB, 17 %
2026/03/27 11:43:49.609, 7, NVIDIA RTX 6000 Ada Generation, 49140 MiB, 21460 MiB, 100 %
2026/03/27 11:43:50.609, 0, NVIDIA RTX 6000 Ada Generation, 49140 MiB, 15890 MiB, 6 %
2026/03/27 11:43:50.609, 1, NVIDIA RTX 6000 Ada Generation, 49140 MiB, 29003 MiB, 100 %
2026/03/27 11:43:50.609, 2, NVIDIA RTX 6000 Ada Generation, 49140 MiB, 21991 MiB, 100 %
2026/03/27 11:43:50.609, 3, NVIDIA RTX 6000 Ada Generation, 49140 MiB, 17248 MiB, 100 %
2026/03/27 11:43:50.609, 4, NVIDIA RTX 6000 Ada Generation, 49140 MiB, 17260 MiB, 100 %
2026/03/27 11:43:50.613, 5, NVIDIA RTX 6000 Ada Generation, 49140 MiB, 2 MiB, 0 %
2026/03/27 11:43:50.614, 6, NVIDIA RTX 6000 Ada Generation, 49140 MiB, 16254 MiB, 15 %
2026/03/27 11:43:50.614, 7, NVIDIA RTX 6000 Ada Generation, 49140 MiB, 21460 MiB, 100 %
2026/03/27 11:43:51.614, 0, NVIDIA RTX 6000 Ada Generation, 49140 MiB, 15890 MiB, 6 %
2026/03/27 11:43:51.614, 1, NVIDIA RTX 6000 Ada Generation, 49140 MiB, 29003 MiB, 100 %
2026/03/27 11:43:51.614, 2, NVIDIA RTX 6000 Ada Generation, 49140 MiB, 21991 MiB, 100 %
2026/03/27 11:43:51.614, 3, NVIDIA RTX 6000 Ada Generation, 49140 MiB, 17248 MiB, 100 %
2026/03/27 11:43:51.614, 4, NVIDIA RTX 6000 Ada Generation, 49140 MiB, 17260 MiB, 100 %
2026/03/27 11:43:51.614, 5, NVIDIA RTX 6000 Ada Generation, 49140 MiB, 2 MiB, 0 %
2026/03/27 11:43:51.614, 6, NVIDIA RTX 6000 Ada Generation, 49140 MiB, 16254 MiB, 14 %
2026/03/27 11:43:51.614, 7, NVIDIA RTX 6000 Ada Generation, 49140 MiB, 21460 MiB, 100 %
2026/03/27 11:43:52.615, 0, NVIDIA RTX 6000 Ada Generation, 49140 MiB, 15890 MiB, 6 %
2026/03/27 11:43:52.615, 1, NVIDIA RTX 6000 Ada Generation, 49140 MiB, 29003 MiB, 100 %
2026/03/27 11:43:52.731, 2, NVIDIA RTX 6000 Ada Generation, 49140 MiB, 21991 MiB, 100 %
2026/03/27 11:43:52.731, 3, NVIDIA RTX 6000 Ada Generation, 49140 MiB, 17248 MiB, 100 %
2026/03/27 11:43:52.731, 4, NVIDIA RTX 6000 Ada Generation, 49140 MiB, 17260 MiB, 100 %
2026/03/27 11:43:52.732, 5, NVIDIA RTX 6000 Ada Generation, 49140 MiB, 2 MiB, 0 %
2026/03/27 11:43:52.732, 6, NVIDIA RTX 6000 Ada Generation, 49140 MiB, 16254 MiB, 14 %
2026/03/27 11:43:52.732, 7, NVIDIA RTX 6000 Ada Generation, 49140 MiB, 21460 MiB, 100 %
2026/03/27 11:43:53.732, 0, NVIDIA RTX 6000 Ada Generation, 49140 MiB, 15890 MiB, 6 %
2026/03/27 11:43:53.732, 1, NVIDIA RTX 6000 Ada Generation, 49140 MiB, 29003 MiB, 100 %
2026/03/27 11:43:53.732, 2, NVIDIA RTX 6000 Ada Generation, 49140 MiB, 21991 MiB, 100 %
2026/03/27 11:43:53.732, 3, NVIDIA RTX 6000 Ada Generation, 49140 MiB, 17248 MiB, 100 %
2026/03/27 11:43:53.732, 4, NVIDIA RTX 6000 Ada Generation, 49140 MiB, 17260 MiB, 100 %
2026/03/27 11:43:53.732, 5, NVIDIA RTX 6000 Ada Generation, 49140 MiB, 2 MiB, 0 %
2026/03/27 11:43:53.732, 6, NVIDIA RTX 6000 Ada Generation, 49140 MiB, 16254 MiB, 12 %
2026/03/27 11:43:53.781, 7, NVIDIA RTX 6000 Ada Generation, 49140 MiB, 21460 MiB, 100 %
2026/03/27 11:43:54.782, 0, NVIDIA RTX 6000 Ada Generation, 49140 MiB, 15890 MiB, 6 %
2026/03/27 11:43:54.782, 1, NVIDIA RTX 6000 Ada Generation, 49140 MiB, 29003 MiB, 100 %
2026/03/27 11:43:54.782, 2, NVIDIA RTX 6000 Ada Generation, 49140 MiB, 21991 MiB, 100 %
2026/03/27 11:43:54.782, 3, NVIDIA RTX 6000 Ada Generation, 49140 MiB, 17248 MiB, 100 %
2026/03/27 11:43:54.782, 4, NVIDIA RTX 6000 Ada Generation, 49140 MiB, 17260 MiB, 100 %
2026/03/27 11:43:54.782, 5, NVIDIA RTX 6000 Ada Generation, 49140 MiB, 2 MiB, 0 %
2026/03/27 11:43:54.782, 6, NVIDIA RTX 6000 Ada Generation, 49140 MiB, 16254 MiB, 0 %
2026/03/27 11:43:54.782, 7, NVIDIA RTX 6000 Ada Generation, 49140 MiB, 21460 MiB, 100 %
2026/03/27 11:43:55.782, 0, NVIDIA RTX 6000 Ada Generation, 49140 MiB, 15890 MiB, 6 %
2026/03/27 11:43:55.783, 1, NVIDIA RTX 6000 Ada Generation, 49140 MiB, 29003 MiB, 100 %
2026/03/27 11:43:55.783, 2, NVIDIA RTX 6000 Ada Generation, 49140 MiB, 21991 MiB, 100 %
2026/03/27 11:43:55.802, 3, NVIDIA RTX 6000 Ada Generation, 49140 MiB, 17248 MiB, 100 %
2026/03/27 11:43:55.803, 4, NVIDIA RTX 6000 Ada Generation, 49140 MiB, 17260 MiB, 100 %
2026/03/27 11:43:55.803, 5, NVIDIA RTX 6000 Ada Generation, 49140 MiB, 2 MiB, 0 %
2026/03/27 11:43:55.803, 6, NVIDIA RTX 6000 Ada Generation, 49140 MiB, 16254 MiB, 0 %
2026/03/27 11:43:55.803, 7, NVIDIA RTX 6000 Ada Generation, 49140 MiB, 21460 MiB, 100 %
2026/03/27 11:43:56.803, 0, NVIDIA RTX 6000 Ada Generation, 49140 MiB, 15890 MiB, 6 %
2026/03/27 11:43:56.803, 1, NVIDIA RTX 6000 Ada Generation, 49140 MiB, 29003 MiB, 100 %
2026/03/27 11:43:56.803, 2, NVIDIA RTX 6000 Ada Generation, 49140 MiB, 21991 MiB, 100 %
2026/03/27 11:43:56.804, 3, NVIDIA RTX 6000 Ada Generation, 49140 MiB, 17248 MiB, 100 %
2026/03/27 11:43:56.804, 4, NVIDIA RTX 6000 Ada Generation, 49140 MiB, 17260 MiB, 100 %
2026/03/27 11:43:56.804, 5, NVIDIA RTX 6000 Ada Generation, 49140 MiB, 2 MiB, 0 %
2026/03/27 11:43:56.804, 6, NVIDIA RTX 6000 Ada Generation, 49140 MiB, 16254 MiB, 0 %
2026/03/27 11:43:56.804, 7, NVIDIA RTX 6000 Ada Generation, 49140 MiB, 21460 MiB, 100 %
2026/03/27 11:43:57.804, 0, NVIDIA RTX 6000 Ada Generation, 49140 MiB, 15890 MiB, 6 %
2026/03/27 11:43:57.804, 1, NVIDIA RTX 6000 Ada Generation, 49140 MiB, 29003 MiB, 100 %
2026/03/27 11:43:57.804, 2, NVIDIA RTX 6000 Ada Generation, 49140 MiB, 21991 MiB, 100 %
2026/03/27 11:43:57.804, 3, NVIDIA RTX 6000 Ada Generation, 49140 MiB, 17248 MiB, 100 %
2026/03/27 11:43:57.804, 4, NVIDIA RTX 6000 Ada Generation, 49140 MiB, 17260 MiB, 100 %
2026/03/27 11:43:57.804, 5, NVIDIA RTX 6000 Ada Generation, 49140 MiB, 2 MiB, 0 %
2026/03/27 11:43:57.804, 6, NVIDIA RTX 6000 Ada Generation, 49140 MiB, 16254 MiB, 0 %
2026/03/27 11:43:57.805, 7, NVIDIA RTX 6000 Ada Generation, 49140 MiB, 21460 MiB, 100 %
2026/03/27 11:43:58.805, 0, NVIDIA RTX 6000 Ada Generation, 49140 MiB, 15890 MiB, 6 %
2026/03/27 11:43:58.805, 1, NVIDIA RTX 6000 Ada Generation, 49140 MiB, 29003 MiB, 100 %
2026/03/27 11:43:58.805, 2, NVIDIA RTX 6000 Ada Generation, 49140 MiB, 21991 MiB, 100 %
2026/03/27 11:43:58.805, 3, NVIDIA RTX 6000 Ada Generation, 49140 MiB, 17248 MiB, 100 %
2026/03/27 11:43:58.857, 4, NVIDIA RTX 6000 Ada Generation, 49140 MiB, 17260 MiB, 100 %
2026/03/27 11:43:58.858, 5, NVIDIA RTX 6000 Ada Generation, 49140 MiB, 2 MiB, 0 %
2026/03/27 11:43:58.858, 6, NVIDIA RTX 6000 Ada Generation, 49140 MiB, 16254 MiB, 0 %
2026/03/27 11:43:58.858, 7, NVIDIA RTX 6000 Ada Generation, 49140 MiB, 21460 MiB, 100 %
2026/03/27 11:43:59.858, 0, NVIDIA RTX 6000 Ada Generation, 49140 MiB, 15890 MiB, 6 %
2026/03/27 11:43:59.858, 1, NVIDIA RTX 6000 Ada Generation, 49140 MiB, 29003 MiB, 100 %
2026/03/27 11:43:59.858, 2, NVIDIA RTX 6000 Ada Generation, 49140 MiB, 21991 MiB, 100 %
2026/03/27 11:43:59.858, 3, NVIDIA RTX 6000 Ada Generation, 49140 MiB, 17248 MiB, 100 %
2026/03/27 11:43:59.858, 4, NVIDIA RTX 6000 Ada Generation, 49140 MiB, 17260 MiB, 100 %
2026/03/27 11:43:59.858, 5, NVIDIA RTX 6000 Ada Generation, 49140 MiB, 2 MiB, 0 %
2026/03/27 11:43:59.858, 6, NVIDIA RTX 6000 Ada Generation, 49140 MiB, 16254 MiB, 0 %
2026/03/27 11:43:59.858, 7, NVIDIA RTX 6000 Ada Generation, 49140 MiB, 21460 MiB, 100 %
2026/03/27 11:44:00.859, 0, NVIDIA RTX 6000 Ada Generation, 49140 MiB, 15890 MiB, 6 %
2026/03/27 11:44:00.974, 1, NVIDIA RTX 6000 Ada Generation, 49140 MiB, 29003 MiB, 100 %
2026/03/27 11:44:00.974, 2, NVIDIA RTX 6000 Ada Generation, 49140 MiB, 21991 MiB, 100 %
2026/03/27 11:44:00.975, 3, NVIDIA RTX 6000 Ada Generation, 49140 MiB, 17248 MiB, 100 %
2026/03/27 11:44:00.975, 4, NVIDIA RTX 6000 Ada Generation, 49140 MiB, 17260 MiB, 100 %
2026/03/27 11:44:00.975, 5, NVIDIA RTX 6000 Ada Generation, 49140 MiB, 2 MiB, 0 %
2026/03/27 11:44:00.975, 6, NVIDIA RTX 6000 Ada Generation, 49140 MiB, 16254 MiB, 0 %
2026/03/27 11:44:00.975, 7, NVIDIA RTX 6000 Ada Generation, 49140 MiB, 21460 MiB, 100 %
2026/03/27 11:44:01.975, 0, NVIDIA RTX 6000 Ada Generation, 49140 MiB, 15890 MiB, 6 %
2026/03/27 11:44:01.975, 1, NVIDIA RTX 6000 Ada Generation, 49140 MiB, 29003 MiB, 100 %
2026/03/27 11:44:01.975, 2, NVIDIA RTX 6000 Ada Generation, 49140 MiB, 21991 MiB, 100 %
2026/03/27 11:44:01.975, 3, NVIDIA RTX 6000 Ada Generation, 49140 MiB, 17248 MiB, 98 %
2026/03/27 11:44:01.975, 4, NVIDIA RTX 6000 Ada Generation, 49140 MiB, 17260 MiB, 100 %
2026/03/27 11:44:01.975, 5, NVIDIA RTX 6000 Ada Generation, 49140 MiB, 2 MiB, 0 %
2026/03/27 11:44:02.129, 6, NVIDIA RTX 6000 Ada Generation, 49140 MiB, 16254 MiB, 0 %
2026/03/27 11:44:02.129, 7, NVIDIA RTX 6000 Ada Generation, 49140 MiB, 21460 MiB, 100 %
2026/03/27 11:44:03.129, 0, NVIDIA RTX 6000 Ada Generation, 49140 MiB, 15890 MiB, 6 %
2026/03/27 11:44:03.130, 1, NVIDIA RTX 6000 Ada Generation, 49140 MiB, 29003 MiB, 100 %
2026/03/27 11:44:03.130, 2, NVIDIA RTX 6000 Ada Generation, 49140 MiB, 21991 MiB, 100 %
2026/03/27 11:44:03.130, 3, NVIDIA RTX 6000 Ada Generation, 49140 MiB, 17248 MiB, 100 %
2026/03/27 11:44:03.130, 4, NVIDIA RTX 6000 Ada Generation, 49140 MiB, 17260 MiB, 100 %
2026/03/27 11:44:03.130, 5, NVIDIA RTX 6000 Ada Generation, 49140 MiB, 2 MiB, 0 %
2026/03/27 11:44:03.130, 6, NVIDIA RTX 6000 Ada Generation, 49140 MiB, 16254 MiB, 0 %
2026/03/27 11:44:03.130, 7, NVIDIA RTX 6000 Ada Generation, 49140 MiB, 21460 MiB, 100 %
2026/03/27 11:44:04.130, 0, NVIDIA RTX 6000 Ada Generation, 49140 MiB, 15890 MiB, 0 %
2026/03/27 11:44:04.130, 1, NVIDIA RTX 6000 Ada Generation, 49140 MiB, 29003 MiB, 100 %
2026/03/27 11:44:04.130, 2, NVIDIA RTX 6000 Ada Generation, 49140 MiB, 21991 MiB, 100 %
2026/03/27 11:44:04.283, 3, NVIDIA RTX 6000 Ada Generation, 49140 MiB, 17248 MiB, 100 %
2026/03/27 11:44:04.283, 4, NVIDIA RTX 6000 Ada Generation, 49140 MiB, 17260 MiB, 100 %
2026/03/27 11:44:04.283, 5, NVIDIA RTX 6000 Ada Generation, 49140 MiB, 2 MiB, 0 %
2026/03/27 11:44:04.283, 6, NVIDIA RTX 6000 Ada Generation, 49140 MiB, 16254 MiB, 0 %
2026/03/27 11:44:04.283, 7, NVIDIA RTX 6000 Ada Generation, 49140 MiB, 21460 MiB, 100 %
2026/03/27 11:44:05.284, 0, NVIDIA RTX 6000 Ada Generation, 49140 MiB, 15890 MiB, 0 %
2026/03/27 11:44:05.285, 1, NVIDIA RTX 6000 Ada Generation, 49140 MiB, 29003 MiB, 100 %
2026/03/27 11:44:05.287, 2, NVIDIA RTX 6000 Ada Generation, 49140 MiB, 21991 MiB, 100 %
2026/03/27 11:44:05.289, 3, NVIDIA RTX 6000 Ada Generation, 49140 MiB, 17248 MiB, 100 %
2026/03/27 11:44:05.289, 4, NVIDIA RTX 6000 Ada Generation, 49140 MiB, 17260 MiB, 100 %
2026/03/27 11:44:05.291, 5, NVIDIA RTX 6000 Ada Generation, 49140 MiB, 2 MiB, 0 %
2026/03/27 11:44:05.291, 6, NVIDIA RTX 6000 Ada Generation, 49140 MiB, 19944 MiB, 0 %
2026/03/27 11:44:05.293, 7, NVIDIA RTX 6000 Ada Generation, 49140 MiB, 21460 MiB, 100 %
2026/03/27 11:44:06.294, 0, NVIDIA RTX 6000 Ada Generation, 49140 MiB, 15890 MiB, 95 %
2026/03/27 11:44:06.294, 1, NVIDIA RTX 6000 Ada Generation, 49140 MiB, 29003 MiB, 100 %
2026/03/27 11:44:06.294, 2, NVIDIA RTX 6000 Ada Generation, 49140 MiB, 21991 MiB, 100 %
2026/03/27 11:44:06.294, 3, NVIDIA RTX 6000 Ada Generation, 49140 MiB, 17248 MiB, 99 %
2026/03/27 11:44:06.294, 4, NVIDIA RTX 6000 Ada Generation, 49140 MiB, 17260 MiB, 100 %
2026/03/27 11:44:06.294, 5, NVIDIA RTX 6000 Ada Generation, 49140 MiB, 2 MiB, 0 %
2026/03/27 11:44:06.295, 6, NVIDIA RTX 6000 Ada Generation, 49140 MiB, 29374 MiB, 19 %
2026/03/27 11:44:06.295, 7, NVIDIA RTX 6000 Ada Generation, 49140 MiB, 21460 MiB, 100 %
2026/03/27 11:44:07.295, 0, NVIDIA RTX 6000 Ada Generation, 49140 MiB, 15890 MiB, 93 %
2026/03/27 11:44:07.314, 1, NVIDIA RTX 6000 Ada Generation, 49140 MiB, 29003 MiB, 100 %
2026/03/27 11:44:07.543, 2, NVIDIA RTX 6000 Ada Generation, 49140 MiB, 21991 MiB, 100 %
2026/03/27 11:44:07.544, 3, NVIDIA RTX 6000 Ada Generation, 49140 MiB, 17248 MiB, 100 %
2026/03/27 11:44:07.545, 4, NVIDIA RTX 6000 Ada Generation, 49140 MiB, 17260 MiB, 100 %
2026/03/27 11:44:07.545, 5, NVIDIA RTX 6000 Ada Generation, 49140 MiB, 2 MiB, 0 %
2026/03/27 11:44:07.546, 6, NVIDIA RTX 6000 Ada Generation, 49140 MiB, 47370 MiB, 0 %
2026/03/27 11:44:07.546, 7, NVIDIA RTX 6000 Ada Generation, 49140 MiB, 21460 MiB, 100 %
2026/03/27 11:44:08.546, 0, NVIDIA RTX 6000 Ada Generation, 49140 MiB, 15890 MiB, 0 %
2026/03/27 11:44:08.546, 1, NVIDIA RTX 6000 Ada Generation, 49140 MiB, 29003 MiB, 100 %
2026/03/27 11:44:08.546, 2, NVIDIA RTX 6000 Ada Generation, 49140 MiB, 21991 MiB, 100 %
2026/03/27 11:44:08.546, 3, NVIDIA RTX 6000 Ada Generation, 49140 MiB, 17248 MiB, 100 %
2026/03/27 11:44:08.546, 4, NVIDIA RTX 6000 Ada Generation, 49140 MiB, 17260 MiB, 100 %
2026/03/27 11:44:08.546, 5, NVIDIA RTX 6000 Ada Generation, 49140 MiB, 2 MiB, 0 %
2026/03/27 11:44:08.546, 6, NVIDIA RTX 6000 Ada Generation, 49140 MiB, 45372 MiB, 0 %
2026/03/27 11:44:08.546, 7, NVIDIA RTX 6000 Ada Generation, 49140 MiB, 21460 MiB, 100 %
2026/03/27 11:44:09.546, 0, NVIDIA RTX 6000 Ada Generation, 49140 MiB, 15890 MiB, 6 %
2026/03/27 11:44:09.548, 1, NVIDIA RTX 6000 Ada Generation, 49140 MiB, 29003 MiB, 100 %
2026/03/27 11:44:09.548, 2, NVIDIA RTX 6000 Ada Generation, 49140 MiB, 21991 MiB, 100 %
2026/03/27 11:44:09.548, 3, NVIDIA RTX 6000 Ada Generation, 49140 MiB, 17248 MiB, 100 %
2026/03/27 11:44:09.548, 4, NVIDIA RTX 6000 Ada Generation, 49140 MiB, 17260 MiB, 100 %
2026/03/27 11:44:09.548, 5, NVIDIA RTX 6000 Ada Generation, 49140 MiB, 2 MiB, 0 %
2026/03/27 11:44:09.548, 6, NVIDIA RTX 6000 Ada Generation, 49140 MiB, 2 MiB, 30 %
2026/03/27 11:44:09.548, 7, NVIDIA RTX 6000 Ada Generation, 49140 MiB, 21460 MiB, 100 %
2026/03/27 11:44:10.548, 0, NVIDIA RTX 6000 Ada Generation, 49140 MiB, 15890 MiB, 6 %
2026/03/27 11:44:10.548, 1, NVIDIA RTX 6000 Ada Generation, 49140 MiB, 29003 MiB, 100 %
2026/03/27 11:44:10.548, 2, NVIDIA RTX 6000 Ada Generation, 49140 MiB, 21991 MiB, 100 %
2026/03/27 11:44:10.548, 3, NVIDIA RTX 6000 Ada Generation, 49140 MiB, 17248 MiB, 100 %
2026/03/27 11:44:10.549, 4, NVIDIA RTX 6000 Ada Generation, 49140 MiB, 17260 MiB, 100 %
2026/03/27 11:44:10.690, 5, NVIDIA RTX 6000 Ada Generation, 49140 MiB, 2 MiB, 0 %
2026/03/27 11:44:10.691, 6, NVIDIA RTX 6000 Ada Generation, 49140 MiB, 2 MiB, 0 %
2026/03/27 11:44:10.691, 7, NVIDIA RTX 6000 Ada Generation, 49140 MiB, 21460 MiB, 100 %
2026/03/27 11:44:11.691, 0, NVIDIA RTX 6000 Ada Generation, 49140 MiB, 15890 MiB, 6 %
2026/03/27 11:44:11.691, 1, NVIDIA RTX 6000 Ada Generation, 49140 MiB, 29003 MiB, 100 %
2026/03/27 11:44:11.691, 2, NVIDIA RTX 6000 Ada Generation, 49140 MiB, 21991 MiB, 100 %
2026/03/27 11:44:11.691, 3, NVIDIA RTX 6000 Ada Generation, 49140 MiB, 17248 MiB, 100 %
2026/03/27 11:44:11.692, 4, NVIDIA RTX 6000 Ada Generation, 49140 MiB, 17260 MiB, 100 %
2026/03/27 11:44:11.692, 5, NVIDIA RTX 6000 Ada Generation, 49140 MiB, 2 MiB, 0 %
2026/03/27 11:44:11.692, 6, NVIDIA RTX 6000 Ada Generation, 49140 MiB, 2 MiB, 0 %
2026/03/27 11:44:11.692, 7, NVIDIA RTX 6000 Ada Generation, 49140 MiB, 21460 MiB, 100 %
2026/03/27 11:44:12.692, 0, NVIDIA RTX 6000 Ada Generation, 49140 MiB, 15890 MiB, 6 %
2026/03/27 11:44:12.692, 1, NVIDIA RTX 6000 Ada Generation, 49140 MiB, 29003 MiB, 100 %
2026/03/27 11:44:12.813, 2, NVIDIA RTX 6000 Ada Generation, 49140 MiB, 21991 MiB, 100 %
2026/03/27 11:44:12.813, 3, NVIDIA RTX 6000 Ada Generation, 49140 MiB, 17248 MiB, 100 %
2026/03/27 11:44:12.813, 4, NVIDIA RTX 6000 Ada Generation, 49140 MiB, 17260 MiB, 100 %
2026/03/27 11:44:12.814, 5, NVIDIA RTX 6000 Ada Generation, 49140 MiB, 2 MiB, 0 %
2026/03/27 11:44:12.814, 6, NVIDIA RTX 6000 Ada Generation, 49140 MiB, 2 MiB, 0 %
2026/03/27 11:44:12.814, 7, NVIDIA RTX 6000 Ada Generation, 49140 MiB, 21460 MiB, 100 %
2026/03/27 11:44:13.814, 0, NVIDIA RTX 6000 Ada Generation, 49140 MiB, 15890 MiB, 6 %
2026/03/27 11:44:14.050, 1, NVIDIA RTX 6000 Ada Generation, 49140 MiB, 29003 MiB, 100 %
2026/03/27 11:44:14.051, 2, NVIDIA RTX 6000 Ada Generation, 49140 MiB, 21991 MiB, 99 %
2026/03/27 11:44:14.054, 3, NVIDIA RTX 6000 Ada Generation, 49140 MiB, 17248 MiB, 100 %
2026/03/27 11:44:14.055, 4, NVIDIA RTX 6000 Ada Generation, 49140 MiB, 17260 MiB, 100 %
2026/03/27 11:44:14.057, 5, NVIDIA RTX 6000 Ada Generation, 49140 MiB, 2 MiB, 0 %
2026/03/27 11:44:14.058, 6, NVIDIA RTX 6000 Ada Generation, 49140 MiB, 2 MiB, 0 %
2026/03/27 11:44:14.060, 7, NVIDIA RTX 6000 Ada Generation, 49140 MiB, 21460 MiB, 100 %
2026/03/27 11:44:15.061, 0, NVIDIA RTX 6000 Ada Generation, 49140 MiB, 15890 MiB, 90 %
2026/03/27 11:44:15.062, 1, NVIDIA RTX 6000 Ada Generation, 49140 MiB, 29003 MiB, 99 %
2026/03/27 11:44:15.062, 2, NVIDIA RTX 6000 Ada Generation, 49140 MiB, 21991 MiB, 100 %
2026/03/27 11:44:15.062, 3, NVIDIA RTX 6000 Ada Generation, 49140 MiB, 17248 MiB, 98 %
2026/03/27 11:44:15.062, 4, NVIDIA RTX 6000 Ada Generation, 49140 MiB, 17260 MiB, 100 %
2026/03/27 11:44:15.062, 5, NVIDIA RTX 6000 Ada Generation, 49140 MiB, 2 MiB, 0 %
2026/03/27 11:44:15.062, 6, NVIDIA RTX 6000 Ada Generation, 49140 MiB, 34 MiB, 0 %
2026/03/27 11:44:15.062, 7, NVIDIA RTX 6000 Ada Generation, 49140 MiB, 21460 MiB, 100 %
2026/03/27 11:44:16.062, 0, NVIDIA RTX 6000 Ada Generation, 49140 MiB, 15890 MiB, 90 %
2026/03/27 11:44:16.062, 1, NVIDIA RTX 6000 Ada Generation, 49140 MiB, 29003 MiB, 100 %
2026/03/27 11:44:16.063, 2, NVIDIA RTX 6000 Ada Generation, 49140 MiB, 21991 MiB, 100 %
2026/03/27 11:44:16.093, 3, NVIDIA RTX 6000 Ada Generation, 49140 MiB, 17248 MiB, 100 %
2026/03/27 11:44:16.094, 4, NVIDIA RTX 6000 Ada Generation, 49140 MiB, 17260 MiB, 100 %
2026/03/27 11:44:16.094, 5, NVIDIA RTX 6000 Ada Generation, 49140 MiB, 2 MiB, 0 %
2026/03/27 11:44:16.094, 6, NVIDIA RTX 6000 Ada Generation, 49140 MiB, 16254 MiB, 19 %
2026/03/27 11:44:16.094, 7, NVIDIA RTX 6000 Ada Generation, 49140 MiB, 21460 MiB, 100 %
2026/03/27 11:44:17.094, 0, NVIDIA RTX 6000 Ada Generation, 49140 MiB, 15890 MiB, 89 %
2026/03/27 11:44:17.096, 1, NVIDIA RTX 6000 Ada Generation, 49140 MiB, 29003 MiB, 100 %
2026/03/27 11:44:17.097, 2, NVIDIA RTX 6000 Ada Generation, 49140 MiB, 21991 MiB, 100 %
2026/03/27 11:44:17.098, 3, NVIDIA RTX 6000 Ada Generation, 49140 MiB, 17248 MiB, 100 %
2026/03/27 11:44:17.099, 4, NVIDIA RTX 6000 Ada Generation, 49140 MiB, 17260 MiB, 100 %
2026/03/27 11:44:17.100, 5, NVIDIA RTX 6000 Ada Generation, 49140 MiB, 2 MiB, 0 %
2026/03/27 11:44:17.101, 6, NVIDIA RTX 6000 Ada Generation, 49140 MiB, 16254 MiB, 13 %
2026/03/27 11:44:17.102, 7, NVIDIA RTX 6000 Ada Generation, 49140 MiB, 21460 MiB, 100 %
2026/03/27 11:44:18.103, 0, NVIDIA RTX 6000 Ada Generation, 49140 MiB, 15890 MiB, 0 %
2026/03/27 11:44:18.103, 1, NVIDIA RTX 6000 Ada Generation, 49140 MiB, 29003 MiB, 100 %
2026/03/27 11:44:18.103, 2, NVIDIA RTX 6000 Ada Generation, 49140 MiB, 21991 MiB, 100 %
2026/03/27 11:44:18.103, 3, NVIDIA RTX 6000 Ada Generation, 49140 MiB, 17248 MiB, 100 %
2026/03/27 11:44:18.103, 4, NVIDIA RTX 6000 Ada Generation, 49140 MiB, 17260 MiB, 100 %
2026/03/27 11:44:18.103, 5, NVIDIA RTX 6000 Ada Generation, 49140 MiB, 2 MiB, 0 %
2026/03/27 11:44:18.103, 6, NVIDIA RTX 6000 Ada Generation, 49140 MiB, 16254 MiB, 13 %
2026/03/27 11:44:18.103, 7, NVIDIA RTX 6000 Ada Generation, 49140 MiB, 21460 MiB, 100 %
2026/03/27 11:44:19.103, 0, NVIDIA RTX 6000 Ada Generation, 49140 MiB, 15890 MiB, 6 %
2026/03/27 11:44:19.104, 1, NVIDIA RTX 6000 Ada Generation, 49140 MiB, 29003 MiB, 100 %
2026/03/27 11:44:19.104, 2, NVIDIA RTX 6000 Ada Generation, 49140 MiB, 21991 MiB, 100 %
2026/03/27 11:44:19.104, 3, NVIDIA RTX 6000 Ada Generation, 49140 MiB, 17248 MiB, 100 %
2026/03/27 11:44:19.194, 4, NVIDIA RTX 6000 Ada Generation, 49140 MiB, 17260 MiB, 100 %
2026/03/27 11:44:19.195, 5, NVIDIA RTX 6000 Ada Generation, 49140 MiB, 2 MiB, 0 %
2026/03/27 11:44:19.195, 6, NVIDIA RTX 6000 Ada Generation, 49140 MiB, 16254 MiB, 14 %
2026/03/27 11:44:19.195, 7, NVIDIA RTX 6000 Ada Generation, 49140 MiB, 21460 MiB, 100 %
2026/03/27 11:44:20.195, 0, NVIDIA RTX 6000 Ada Generation, 49140 MiB, 15890 MiB, 6 %
2026/03/27 11:44:20.196, 1, NVIDIA RTX 6000 Ada Generation, 49140 MiB, 29003 MiB, 100 %
2026/03/27 11:44:20.196, 2, NVIDIA RTX 6000 Ada Generation, 49140 MiB, 21991 MiB, 100 %
2026/03/27 11:44:20.196, 3, NVIDIA RTX 6000 Ada Generation, 49140 MiB, 17248 MiB, 100 %
2026/03/27 11:44:20.196, 4, NVIDIA RTX 6000 Ada Generation, 49140 MiB, 17260 MiB, 100 %
2026/03/27 11:44:20.196, 5, NVIDIA RTX 6000 Ada Generation, 49140 MiB, 2 MiB, 0 %
2026/03/27 11:44:20.196, 6, NVIDIA RTX 6000 Ada Generation, 49140 MiB, 16254 MiB, 13 %
2026/03/27 11:44:20.196, 7, NVIDIA RTX 6000 Ada Generation, 49140 MiB, 21460 MiB, 100 %
2026/03/27 11:44:21.196, 0, NVIDIA RTX 6000 Ada Generation, 49140 MiB, 15890 MiB, 6 %
2026/03/27 11:44:21.326, 1, NVIDIA RTX 6000 Ada Generation, 49140 MiB, 29003 MiB, 100 %
2026/03/27 11:44:21.326, 2, NVIDIA RTX 6000 Ada Generation, 49140 MiB, 21991 MiB, 100 %
2026/03/27 11:44:21.327, 3, NVIDIA RTX 6000 Ada Generation, 49140 MiB, 17248 MiB, 100 %
2026/03/27 11:44:21.327, 4, NVIDIA RTX 6000 Ada Generation, 49140 MiB, 17260 MiB, 100 %
2026/03/27 11:44:21.327, 5, NVIDIA RTX 6000 Ada Generation, 49140 MiB, 2 MiB, 0 %
2026/03/27 11:44:21.327, 6, NVIDIA RTX 6000 Ada Generation, 49140 MiB, 16254 MiB, 0 %
2026/03/27 11:44:21.327, 7, NVIDIA RTX 6000 Ada Generation, 49140 MiB, 21460 MiB, 100 %
2026/03/27 11:44:22.327, 0, NVIDIA RTX 6000 Ada Generation, 49140 MiB, 15890 MiB, 1 %
2026/03/27 11:44:22.327, 1, NVIDIA RTX 6000 Ada Generation, 49140 MiB, 29003 MiB, 100 %
2026/03/27 11:44:22.327, 2, NVIDIA RTX 6000 Ada Generation, 49140 MiB, 21991 MiB, 100 %
2026/03/27 11:44:22.327, 3, NVIDIA RTX 6000 Ada Generation, 49140 MiB, 17248 MiB, 98 %
2026/03/27 11:44:22.327, 4, NVIDIA RTX 6000 Ada Generation, 49140 MiB, 17260 MiB, 100 %
2026/03/27 11:44:22.328, 5, NVIDIA RTX 6000 Ada Generation, 49140 MiB, 2 MiB, 0 %
2026/03/27 11:44:22.481, 6, NVIDIA RTX 6000 Ada Generation, 49140 MiB, 16254 MiB, 0 %
2026/03/27 11:44:22.482, 7, NVIDIA RTX 6000 Ada Generation, 49140 MiB, 21460 MiB, 100 %
2026/03/27 11:44:23.482, 0, NVIDIA RTX 6000 Ada Generation, 49140 MiB, 15890 MiB, 0 %
2026/03/27 11:44:23.482, 1, NVIDIA RTX 6000 Ada Generation, 49140 MiB, 29003 MiB, 100 %
2026/03/27 11:44:23.482, 2, NVIDIA RTX 6000 Ada Generation, 49140 MiB, 21991 MiB, 100 %
2026/03/27 11:44:23.482, 3, NVIDIA RTX 6000 Ada Generation, 49140 MiB, 17248 MiB, 100 %
2026/03/27 11:44:23.482, 4, NVIDIA RTX 6000 Ada Generation, 49140 MiB, 17260 MiB, 100 %
2026/03/27 11:44:23.482, 5, NVIDIA RTX 6000 Ada Generation, 49140 MiB, 2 MiB, 0 %
2026/03/27 11:44:23.482, 6, NVIDIA RTX 6000 Ada Generation, 49140 MiB, 16254 MiB, 0 %
2026/03/27 11:44:23.482, 7, NVIDIA RTX 6000 Ada Generation, 49140 MiB, 21460 MiB, 100 %
2026/03/27 11:44:24.483, 0, NVIDIA RTX 6000 Ada Generation, 49140 MiB, 15890 MiB, 6 %
2026/03/27 11:44:24.483, 1, NVIDIA RTX 6000 Ada Generation, 49140 MiB, 29003 MiB, 100 %
2026/03/27 11:44:24.483, 2, NVIDIA RTX 6000 Ada Generation, 49140 MiB, 21991 MiB, 100 %
2026/03/27 11:44:24.675, 3, NVIDIA RTX 6000 Ada Generation, 49140 MiB, 17248 MiB, 100 %
2026/03/27 11:44:24.676, 4, NVIDIA RTX 6000 Ada Generation, 49140 MiB, 17260 MiB, 100 %
2026/03/27 11:44:24.676, 5, NVIDIA RTX 6000 Ada Generation, 49140 MiB, 2 MiB, 0 %
2026/03/27 11:44:24.676, 6, NVIDIA RTX 6000 Ada Generation, 49140 MiB, 16254 MiB, 0 %
2026/03/27 11:44:24.676, 7, NVIDIA RTX 6000 Ada Generation, 49140 MiB, 21460 MiB, 100 %
2026/03/27 11:44:25.676, 0, NVIDIA RTX 6000 Ada Generation, 49140 MiB, 15890 MiB, 0 %
2026/03/27 11:44:25.678, 1, NVIDIA RTX 6000 Ada Generation, 49140 MiB, 29003 MiB, 100 %
2026/03/27 11:44:25.679, 2, NVIDIA RTX 6000 Ada Generation, 49140 MiB, 21991 MiB, 100 %
2026/03/27 11:44:25.681, 3, NVIDIA RTX 6000 Ada Generation, 49140 MiB, 17248 MiB, 100 %
2026/03/27 11:44:25.682, 4, NVIDIA RTX 6000 Ada Generation, 49140 MiB, 17260 MiB, 100 %
2026/03/27 11:44:25.684, 5, NVIDIA RTX 6000 Ada Generation, 49140 MiB, 2 MiB, 0 %
2026/03/27 11:44:25.685, 6, NVIDIA RTX 6000 Ada Generation, 49140 MiB, 16254 MiB, 0 %
2026/03/27 11:44:25.687, 7, NVIDIA RTX 6000 Ada Generation, 49140 MiB, 21460 MiB, 100 %
2026/03/27 11:44:26.687, 0, NVIDIA RTX 6000 Ada Generation, 49140 MiB, 15890 MiB, 90 %
2026/03/27 11:44:26.688, 1, NVIDIA RTX 6000 Ada Generation, 49140 MiB, 29003 MiB, 100 %
2026/03/27 11:44:26.688, 2, NVIDIA RTX 6000 Ada Generation, 49140 MiB, 21991 MiB, 100 %
2026/03/27 11:44:26.688, 3, NVIDIA RTX 6000 Ada Generation, 49140 MiB, 17248 MiB, 100 %
2026/03/27 11:44:26.688, 4, NVIDIA RTX 6000 Ada Generation, 49140 MiB, 17260 MiB, 100 %
2026/03/27 11:44:26.688, 5, NVIDIA RTX 6000 Ada Generation, 49140 MiB, 2 MiB, 0 %
2026/03/27 11:44:26.688, 6, NVIDIA RTX 6000 Ada Generation, 49140 MiB, 16254 MiB, 0 %
2026/03/27 11:44:26.688, 7, NVIDIA RTX 6000 Ada Generation, 49140 MiB, 21460 MiB, 100 %
2026/03/27 11:44:27.688, 0, NVIDIA RTX 6000 Ada Generation, 49140 MiB, 15890 MiB, 95 %
2026/03/27 11:44:27.688, 1, NVIDIA RTX 6000 Ada Generation, 49140 MiB, 29003 MiB, 100 %
2026/03/27 11:44:27.688, 2, NVIDIA RTX 6000 Ada Generation, 49140 MiB, 21991 MiB, 100 %
2026/03/27 11:44:27.750, 3, NVIDIA RTX 6000 Ada Generation, 49140 MiB, 17248 MiB, 100 %
2026/03/27 11:44:27.750, 4, NVIDIA RTX 6000 Ada Generation, 49140 MiB, 17260 MiB, 0 %
2026/03/27 11:44:27.750, 5, NVIDIA RTX 6000 Ada Generation, 49140 MiB, 2 MiB, 0 %
2026/03/27 11:44:27.750, 6, NVIDIA RTX 6000 Ada Generation, 49140 MiB, 16254 MiB, 0 %
2026/03/27 11:44:27.750, 7, NVIDIA RTX 6000 Ada Generation, 49140 MiB, 21460 MiB, 100 %
2026/03/27 11:44:28.750, 0, NVIDIA RTX 6000 Ada Generation, 49140 MiB, 15890 MiB, 95 %
2026/03/27 11:44:28.750, 1, NVIDIA RTX 6000 Ada Generation, 49140 MiB, 29003 MiB, 100 %
2026/03/27 11:44:28.751, 2, NVIDIA RTX 6000 Ada Generation, 49140 MiB, 21991 MiB, 100 %
2026/03/27 11:44:28.751, 3, NVIDIA RTX 6000 Ada Generation, 49140 MiB, 17248 MiB, 100 %
2026/03/27 11:44:28.751, 4, NVIDIA RTX 6000 Ada Generation, 49140 MiB, 17260 MiB, 0 %
2026/03/27 11:44:28.751, 5, NVIDIA RTX 6000 Ada Generation, 49140 MiB, 2 MiB, 0 %
2026/03/27 11:44:28.751, 6, NVIDIA RTX 6000 Ada Generation, 49140 MiB, 16254 MiB, 0 %
2026/03/27 11:44:28.751, 7, NVIDIA RTX 6000 Ada Generation, 49140 MiB, 21460 MiB, 100 %
2026/03/27 11:44:29.751, 0, NVIDIA RTX 6000 Ada Generation, 49140 MiB, 15890 MiB, 6 %
2026/03/27 11:44:29.754, 1, NVIDIA RTX 6000 Ada Generation, 49140 MiB, 29003 MiB, 100 %
2026/03/27 11:44:29.754, 2, NVIDIA RTX 6000 Ada Generation, 49140 MiB, 21991 MiB, 100 %
2026/03/27 11:44:29.754, 3, NVIDIA RTX 6000 Ada Generation, 49140 MiB, 17248 MiB, 100 %
2026/03/27 11:44:29.754, 4, NVIDIA RTX 6000 Ada Generation, 49140 MiB, 17260 MiB, 0 %
2026/03/27 11:44:29.754, 5, NVIDIA RTX 6000 Ada Generation, 49140 MiB, 2 MiB, 0 %
2026/03/27 11:44:29.754, 6, NVIDIA RTX 6000 Ada Generation, 49140 MiB, 16254 MiB, 0 %
2026/03/27 11:44:29.755, 7, NVIDIA RTX 6000 Ada Generation, 49140 MiB, 21460 MiB, 100 %
2026/03/27 11:44:30.755, 0, NVIDIA RTX 6000 Ada Generation, 49140 MiB, 15890 MiB, 6 %
2026/03/27 11:44:30.755, 1, NVIDIA RTX 6000 Ada Generation, 49140 MiB, 29003 MiB, 100 %
2026/03/27 11:44:30.755, 2, NVIDIA RTX 6000 Ada Generation, 49140 MiB, 21991 MiB, 100 %
2026/03/27 11:44:30.755, 3, NVIDIA RTX 6000 Ada Generation, 49140 MiB, 17248 MiB, 100 %
2026/03/27 11:44:30.755, 4, NVIDIA RTX 6000 Ada Generation, 49140 MiB, 17260 MiB, 0 %
2026/03/27 11:44:30.864, 5, NVIDIA RTX 6000 Ada Generation, 49140 MiB, 2 MiB, 0 %
2026/03/27 11:44:30.865, 6, NVIDIA RTX 6000 Ada Generation, 49140 MiB, 16254 MiB, 0 %
2026/03/27 11:44:30.865, 7, NVIDIA RTX 6000 Ada Generation, 49140 MiB, 21460 MiB, 100 %
2026/03/27 11:44:31.865, 0, NVIDIA RTX 6000 Ada Generation, 49140 MiB, 15890 MiB, 0 %
2026/03/27 11:44:31.865, 1, NVIDIA RTX 6000 Ada Generation, 49140 MiB, 29003 MiB, 100 %
2026/03/27 11:44:31.865, 2, NVIDIA RTX 6000 Ada Generation, 49140 MiB, 21991 MiB, 100 %
2026/03/27 11:44:31.865, 3, NVIDIA RTX 6000 Ada Generation, 49140 MiB, 17248 MiB, 100 %
2026/03/27 11:44:31.866, 4, NVIDIA RTX 6000 Ada Generation, 49140 MiB, 17260 MiB, 0 %
2026/03/27 11:44:31.866, 5, NVIDIA RTX 6000 Ada Generation, 49140 MiB, 2 MiB, 0 %
2026/03/27 11:44:31.866, 6, NVIDIA RTX 6000 Ada Generation, 49140 MiB, 19944 MiB, 44 %
2026/03/27 11:44:31.866, 7, NVIDIA RTX 6000 Ada Generation, 49140 MiB, 21460 MiB, 100 %
2026/03/27 11:44:32.866, 0, NVIDIA RTX 6000 Ada Generation, 49140 MiB, 15890 MiB, 6 %
2026/03/27 11:44:32.866, 1, NVIDIA RTX 6000 Ada Generation, 49140 MiB, 29003 MiB, 100 %
2026/03/27 11:44:33.085, 2, NVIDIA RTX 6000 Ada Generation, 49140 MiB, 21991 MiB, 98 %
2026/03/27 11:44:33.086, 3, NVIDIA RTX 6000 Ada Generation, 49140 MiB, 17248 MiB, 100 %
2026/03/27 11:44:33.086, 4, NVIDIA RTX 6000 Ada Generation, 49140 MiB, 17260 MiB, 0 %
2026/03/27 11:44:33.086, 5, NVIDIA RTX 6000 Ada Generation, 49140 MiB, 2 MiB, 0 %
2026/03/27 11:44:33.086, 6, NVIDIA RTX 6000 Ada Generation, 49140 MiB, 45372 MiB, 36 %
2026/03/27 11:44:33.086, 7, NVIDIA RTX 6000 Ada Generation, 49140 MiB, 21460 MiB, 100 %
2026/03/27 11:44:34.086, 0, NVIDIA RTX 6000 Ada Generation, 49140 MiB, 15890 MiB, 6 %
2026/03/27 11:44:34.267, 1, NVIDIA RTX 6000 Ada Generation, 49140 MiB, 29003 MiB, 100 %
2026/03/27 11:44:34.271, 2, NVIDIA RTX 6000 Ada Generation, 49140 MiB, 21991 MiB, 100 %
2026/03/27 11:44:34.277, 3, NVIDIA RTX 6000 Ada Generation, 49140 MiB, 17248 MiB, 100 %
2026/03/27 11:44:34.279, 4, NVIDIA RTX 6000 Ada Generation, 49140 MiB, 17260 MiB, 45 %
2026/03/27 11:44:34.281, 5, NVIDIA RTX 6000 Ada Generation, 49140 MiB, 2 MiB, 0 %
2026/03/27 11:44:34.283, 6, NVIDIA RTX 6000 Ada Generation, 49140 MiB, 45372 MiB, 0 %
2026/03/27 11:44:34.284, 7, NVIDIA RTX 6000 Ada Generation, 49140 MiB, 21460 MiB, 100 %
2026/03/27 11:44:35.286, 0, NVIDIA RTX 6000 Ada Generation, 49140 MiB, 15890 MiB, 6 %
2026/03/27 11:44:35.286, 1, NVIDIA RTX 6000 Ada Generation, 49140 MiB, 29003 MiB, 100 %
2026/03/27 11:44:35.286, 2, NVIDIA RTX 6000 Ada Generation, 49140 MiB, 21991 MiB, 100 %
2026/03/27 11:44:35.286, 3, NVIDIA RTX 6000 Ada Generation, 49140 MiB, 17248 MiB, 100 %
2026/03/27 11:44:35.286, 4, NVIDIA RTX 6000 Ada Generation, 49140 MiB, 17260 MiB, 100 %
2026/03/27 11:44:35.286, 5, NVIDIA RTX 6000 Ada Generation, 49140 MiB, 2 MiB, 0 %
2026/03/27 11:44:35.286, 6, NVIDIA RTX 6000 Ada Generation, 49140 MiB, 2 MiB, 100 %
2026/03/27 11:44:35.286, 7, NVIDIA RTX 6000 Ada Generation, 49140 MiB, 21460 MiB, 100 %
2026/03/27 11:44:36.286, 0, NVIDIA RTX 6000 Ada Generation, 49140 MiB, 15890 MiB, 6 %
2026/03/27 11:44:36.287, 1, NVIDIA RTX 6000 Ada Generation, 49140 MiB, 29003 MiB, 100 %
2026/03/27 11:44:36.287, 2, NVIDIA RTX 6000 Ada Generation, 49140 MiB, 21991 MiB, 100 %
2026/03/27 11:44:36.287, 3, NVIDIA RTX 6000 Ada Generation, 49140 MiB, 17248 MiB, 99 %
2026/03/27 11:44:36.386, 4, NVIDIA RTX 6000 Ada Generation, 49140 MiB, 17260 MiB, 100 %
2026/03/27 11:44:36.386, 5, NVIDIA RTX 6000 Ada Generation, 49140 MiB, 2 MiB, 0 %
2026/03/27 11:44:36.386, 6, NVIDIA RTX 6000 Ada Generation, 49140 MiB, 2 MiB, 0 %
2026/03/27 11:44:36.386, 7, NVIDIA RTX 6000 Ada Generation, 49140 MiB, 21460 MiB, 100 %
2026/03/27 11:44:37.386, 0, NVIDIA RTX 6000 Ada Generation, 49140 MiB, 15890 MiB, 6 %
2026/03/27 11:44:37.386, 1, NVIDIA RTX 6000 Ada Generation, 49140 MiB, 29003 MiB, 100 %
2026/03/27 11:44:37.386, 2, NVIDIA RTX 6000 Ada Generation, 49140 MiB, 21991 MiB, 99 %
2026/03/27 11:44:37.386, 3, NVIDIA RTX 6000 Ada Generation, 49140 MiB, 17248 MiB, 100 %
2026/03/27 11:44:37.386, 4, NVIDIA RTX 6000 Ada Generation, 49140 MiB, 17260 MiB, 100 %
2026/03/27 11:44:37.387, 5, NVIDIA RTX 6000 Ada Generation, 49140 MiB, 2 MiB, 0 %
2026/03/27 11:44:37.387, 6, NVIDIA RTX 6000 Ada Generation, 49140 MiB, 2 MiB, 0 %
2026/03/27 11:44:37.387, 7, NVIDIA RTX 6000 Ada Generation, 49140 MiB, 21460 MiB, 100 %
2026/03/27 11:44:38.387, 0, NVIDIA RTX 6000 Ada Generation, 49140 MiB, 15890 MiB, 6 %
2026/03/27 11:44:38.459, 1, NVIDIA RTX 6000 Ada Generation, 49140 MiB, 29003 MiB, 100 %
2026/03/27 11:44:38.460, 2, NVIDIA RTX 6000 Ada Generation, 49140 MiB, 21991 MiB, 100 %
2026/03/27 11:44:38.460, 3, NVIDIA RTX 6000 Ada Generation, 49140 MiB, 17248 MiB, 100 %
2026/03/27 11:44:38.460, 4, NVIDIA RTX 6000 Ada Generation, 49140 MiB, 17260 MiB, 100 %
2026/03/27 11:44:38.461, 5, NVIDIA RTX 6000 Ada Generation, 49140 MiB, 2 MiB, 0 %
2026/03/27 11:44:38.461, 6, NVIDIA RTX 6000 Ada Generation, 49140 MiB, 4 MiB, 0 %
2026/03/27 11:44:38.461, 7, NVIDIA RTX 6000 Ada Generation, 49140 MiB, 21460 MiB, 100 %
2026/03/27 11:44:39.461, 0, NVIDIA RTX 6000 Ada Generation, 49140 MiB, 15890 MiB, 0 %
2026/03/27 11:44:39.569, 1, NVIDIA RTX 6000 Ada Generation, 49140 MiB, 29003 MiB, 100 %
2026/03/27 11:44:39.569, 2, NVIDIA RTX 6000 Ada Generation, 49140 MiB, 21991 MiB, 100 %
2026/03/27 11:44:39.570, 3, NVIDIA RTX 6000 Ada Generation, 49140 MiB, 17248 MiB, 100 %
2026/03/27 11:44:39.730, 4, NVIDIA RTX 6000 Ada Generation, 49140 MiB, 17260 MiB, 100 %
2026/03/27 11:44:39.730, 5, NVIDIA RTX 6000 Ada Generation, 49140 MiB, 2 MiB, 0 %
2026/03/27 11:44:39.730, 6, NVIDIA RTX 6000 Ada Generation, 49140 MiB, 4 MiB, 0 %
2026/03/27 11:44:39.730, 7, NVIDIA RTX 6000 Ada Generation, 49140 MiB, 21460 MiB, 100 %
2026/03/27 11:44:40.730, 0, NVIDIA RTX 6000 Ada Generation, 49140 MiB, 15890 MiB, 6 %
2026/03/27 11:44:40.731, 1, NVIDIA RTX 6000 Ada Generation, 49140 MiB, 29003 MiB, 100 %
2026/03/27 11:44:40.731, 2, NVIDIA RTX 6000 Ada Generation, 49140 MiB, 21991 MiB, 100 %
2026/03/27 11:44:40.731, 3, NVIDIA RTX 6000 Ada Generation, 49140 MiB, 17248 MiB, 100 %
2026/03/27 11:44:40.731, 4, NVIDIA RTX 6000 Ada Generation, 49140 MiB, 17260 MiB, 100 %
2026/03/27 11:44:40.731, 5, NVIDIA RTX 6000 Ada Generation, 49140 MiB, 2 MiB, 0 %
2026/03/27 11:44:40.731, 6, NVIDIA RTX 6000 Ada Generation, 49140 MiB, 16254 MiB, 21 %
2026/03/27 11:44:40.731, 7, NVIDIA RTX 6000 Ada Generation, 49140 MiB, 21460 MiB, 100 %
2026/03/27 11:44:41.731, 0, NVIDIA RTX 6000 Ada Generation, 49140 MiB, 15890 MiB, 4 %
2026/03/27 11:44:41.731, 1, NVIDIA RTX 6000 Ada Generation, 49140 MiB, 29003 MiB, 100 %
2026/03/27 11:44:41.731, 2, NVIDIA RTX 6000 Ada Generation, 49140 MiB, 21991 MiB, 99 %
2026/03/27 11:44:41.828, 3, NVIDIA RTX 6000 Ada Generation, 49140 MiB, 17248 MiB, 100 %
2026/03/27 11:44:41.829, 4, NVIDIA RTX 6000 Ada Generation, 49140 MiB, 17260 MiB, 100 %
2026/03/27 11:44:41.829, 5, NVIDIA RTX 6000 Ada Generation, 49140 MiB, 2 MiB, 0 %
2026/03/27 11:44:41.829, 6, NVIDIA RTX 6000 Ada Generation, 49140 MiB, 16254 MiB, 13 %
2026/03/27 11:44:41.829, 7, NVIDIA RTX 6000 Ada Generation, 49140 MiB, 21460 MiB, 100 %
2026/03/27 11:44:42.829, 0, NVIDIA RTX 6000 Ada Generation, 49140 MiB, 15890 MiB, 6 %
2026/03/27 11:44:42.829, 1, NVIDIA RTX 6000 Ada Generation, 49140 MiB, 29003 MiB, 100 %
2026/03/27 11:44:42.829, 2, NVIDIA RTX 6000 Ada Generation, 49140 MiB, 21991 MiB, 100 %
2026/03/27 11:44:42.829, 3, NVIDIA RTX 6000 Ada Generation, 49140 MiB, 17248 MiB, 100 %
2026/03/27 11:44:42.829, 4, NVIDIA RTX 6000 Ada Generation, 49140 MiB, 17260 MiB, 100 %
2026/03/27 11:44:42.830, 5, NVIDIA RTX 6000 Ada Generation, 49140 MiB, 2 MiB, 0 %
2026/03/27 11:44:42.830, 6, NVIDIA RTX 6000 Ada Generation, 49140 MiB, 16254 MiB, 14 %
2026/03/27 11:44:42.830, 7, NVIDIA RTX 6000 Ada Generation, 49140 MiB, 21460 MiB, 100 %
2026/03/27 11:44:43.830, 0, NVIDIA RTX 6000 Ada Generation, 49140 MiB, 15890 MiB, 6 %
2026/03/27 11:44:43.830, 1, NVIDIA RTX 6000 Ada Generation, 49140 MiB, 29003 MiB, 100 %
2026/03/27 11:44:43.830, 2, NVIDIA RTX 6000 Ada Generation, 49140 MiB, 21991 MiB, 100 %
2026/03/27 11:44:43.830, 3, NVIDIA RTX 6000 Ada Generation, 49140 MiB, 17248 MiB, 100 %
2026/03/27 11:44:43.830, 4, NVIDIA RTX 6000 Ada Generation, 49140 MiB, 17260 MiB, 100 %
2026/03/27 11:44:43.830, 5, NVIDIA RTX 6000 Ada Generation, 49140 MiB, 2 MiB, 0 %
2026/03/27 11:44:43.830, 6, NVIDIA RTX 6000 Ada Generation, 49140 MiB, 16254 MiB, 14 %
2026/03/27 11:44:43.830, 7, NVIDIA RTX 6000 Ada Generation, 49140 MiB, 21460 MiB, 100 %
2026/03/27 11:44:44.831, 0, NVIDIA RTX 6000 Ada Generation, 49140 MiB, 15890 MiB, 2 %
2026/03/27 11:44:44.831, 1, NVIDIA RTX 6000 Ada Generation, 49140 MiB, 29003 MiB, 100 %
2026/03/27 11:44:44.831, 2, NVIDIA RTX 6000 Ada Generation, 49140 MiB, 21991 MiB, 100 %
2026/03/27 11:44:44.831, 3, NVIDIA RTX 6000 Ada Generation, 49140 MiB, 17248 MiB, 100 %
2026/03/27 11:44:44.894, 4, NVIDIA RTX 6000 Ada Generation, 49140 MiB, 17260 MiB, 100 %
2026/03/27 11:44:44.894, 5, NVIDIA RTX 6000 Ada Generation, 49140 MiB, 2 MiB, 0 %
2026/03/27 11:44:44.894, 6, NVIDIA RTX 6000 Ada Generation, 49140 MiB, 16254 MiB, 12 %
2026/03/27 11:44:44.894, 7, NVIDIA RTX 6000 Ada Generation, 49140 MiB, 21460 MiB, 100 %
2026/03/27 11:44:45.894, 0, NVIDIA RTX 6000 Ada Generation, 49140 MiB, 15890 MiB, 6 %
2026/03/27 11:44:45.895, 1, NVIDIA RTX 6000 Ada Generation, 49140 MiB, 29003 MiB, 100 %
2026/03/27 11:44:45.895, 2, NVIDIA RTX 6000 Ada Generation, 49140 MiB, 21991 MiB, 100 %
2026/03/27 11:44:45.895, 3, NVIDIA RTX 6000 Ada Generation, 49140 MiB, 17248 MiB, 100 %
2026/03/27 11:44:45.895, 4, NVIDIA RTX 6000 Ada Generation, 49140 MiB, 17260 MiB, 100 %
2026/03/27 11:44:45.895, 5, NVIDIA RTX 6000 Ada Generation, 49140 MiB, 2 MiB, 0 %
2026/03/27 11:44:45.895, 6, NVIDIA RTX 6000 Ada Generation, 49140 MiB, 16254 MiB, 0 %
2026/03/27 11:44:45.895, 7, NVIDIA RTX 6000 Ada Generation, 49140 MiB, 21460 MiB, 100 %
2026/03/27 11:44:46.895, 0, NVIDIA RTX 6000 Ada Generation, 49140 MiB, 15890 MiB, 0 %
2026/03/27 11:44:46.967, 1, NVIDIA RTX 6000 Ada Generation, 49140 MiB, 29003 MiB, 100 %
2026/03/27 11:44:46.968, 2, NVIDIA RTX 6000 Ada Generation, 49140 MiB, 21991 MiB, 100 %
2026/03/27 11:44:46.968, 3, NVIDIA RTX 6000 Ada Generation, 49140 MiB, 17248 MiB, 100 %
2026/03/27 11:44:46.969, 4, NVIDIA RTX 6000 Ada Generation, 49140 MiB, 17260 MiB, 100 %
2026/03/27 11:44:46.969, 5, NVIDIA RTX 6000 Ada Generation, 49140 MiB, 2 MiB, 0 %
2026/03/27 11:44:46.969, 6, NVIDIA RTX 6000 Ada Generation, 49140 MiB, 16254 MiB, 0 %
2026/03/27 11:44:46.969, 7, NVIDIA RTX 6000 Ada Generation, 49140 MiB, 21460 MiB, 100 %
2026/03/27 11:44:47.969, 0, NVIDIA RTX 6000 Ada Generation, 49140 MiB, 15890 MiB, 0 %
2026/03/27 11:44:47.969, 1, NVIDIA RTX 6000 Ada Generation, 49140 MiB, 29003 MiB, 100 %
2026/03/27 11:44:47.969, 2, NVIDIA RTX 6000 Ada Generation, 49140 MiB, 21991 MiB, 100 %
2026/03/27 11:44:47.969, 3, NVIDIA RTX 6000 Ada Generation, 49140 MiB, 17248 MiB, 100 %
2026/03/27 11:44:47.969, 4, NVIDIA RTX 6000 Ada Generation, 49140 MiB, 17260 MiB, 100 %
2026/03/27 11:44:47.969, 5, NVIDIA RTX 6000 Ada Generation, 49140 MiB, 2 MiB, 0 %
2026/03/27 11:44:48.068, 6, NVIDIA RTX 6000 Ada Generation, 49140 MiB, 16254 MiB, 0 %
2026/03/27 11:44:48.068, 7, NVIDIA RTX 6000 Ada Generation, 49140 MiB, 21460 MiB, 100 %
2026/03/27 11:44:49.068, 0, NVIDIA RTX 6000 Ada Generation, 49140 MiB, 15890 MiB, 95 %
2026/03/27 11:44:49.069, 1, NVIDIA RTX 6000 Ada Generation, 49140 MiB, 29003 MiB, 100 %
2026/03/27 11:44:49.069, 2, NVIDIA RTX 6000 Ada Generation, 49140 MiB, 21991 MiB, 100 %
2026/03/27 11:44:49.069, 3, NVIDIA RTX 6000 Ada Generation, 49140 MiB, 17248 MiB, 100 %
2026/03/27 11:44:49.069, 4, NVIDIA RTX 6000 Ada Generation, 49140 MiB, 17260 MiB, 100 %
2026/03/27 11:44:49.069, 5, NVIDIA RTX 6000 Ada Generation, 49140 MiB, 2 MiB, 0 %
2026/03/27 11:44:49.069, 6, NVIDIA RTX 6000 Ada Generation, 49140 MiB, 16254 MiB, 0 %
2026/03/27 11:44:49.069, 7, NVIDIA RTX 6000 Ada Generation, 49140 MiB, 21460 MiB, 100 %
2026/03/27 11:44:50.069, 0, NVIDIA RTX 6000 Ada Generation, 49140 MiB, 15890 MiB, 90 %
2026/03/27 11:44:50.069, 1, NVIDIA RTX 6000 Ada Generation, 49140 MiB, 29003 MiB, 100 %
2026/03/27 11:44:50.232, 2, NVIDIA RTX 6000 Ada Generation, 49140 MiB, 21991 MiB, 100 %
2026/03/27 11:44:50.232, 3, NVIDIA RTX 6000 Ada Generation, 49140 MiB, 17248 MiB, 100 %
2026/03/27 11:44:50.232, 4, NVIDIA RTX 6000 Ada Generation, 49140 MiB, 17260 MiB, 99 %
2026/03/27 11:44:50.232, 5, NVIDIA RTX 6000 Ada Generation, 49140 MiB, 2 MiB, 0 %
2026/03/27 11:44:50.232, 6, NVIDIA RTX 6000 Ada Generation, 49140 MiB, 16254 MiB, 0 %
2026/03/27 11:44:50.232, 7, NVIDIA RTX 6000 Ada Generation, 49140 MiB, 21460 MiB, 100 %
2026/03/27 11:44:51.233, 0, NVIDIA RTX 6000 Ada Generation, 49140 MiB, 15890 MiB, 0 %
2026/03/27 11:44:51.233, 1, NVIDIA RTX 6000 Ada Generation, 49140 MiB, 29003 MiB, 100 %
2026/03/27 11:44:51.233, 2, NVIDIA RTX 6000 Ada Generation, 49140 MiB, 21991 MiB, 100 %
2026/03/27 11:44:51.233, 3, NVIDIA RTX 6000 Ada Generation, 49140 MiB, 17248 MiB, 100 %
2026/03/27 11:44:51.233, 4, NVIDIA RTX 6000 Ada Generation, 49140 MiB, 17260 MiB, 100 %
2026/03/27 11:44:51.233, 5, NVIDIA RTX 6000 Ada Generation, 49140 MiB, 2 MiB, 0 %
2026/03/27 11:44:51.233, 6, NVIDIA RTX 6000 Ada Generation, 49140 MiB, 16254 MiB, 0 %
2026/03/27 11:44:51.233, 7, NVIDIA RTX 6000 Ada Generation, 49140 MiB, 21460 MiB, 100 %
2026/03/27 11:44:52.387, 0, NVIDIA RTX 6000 Ada Generation, 49140 MiB, 15890 MiB, 6 %
2026/03/27 11:44:52.387, 1, NVIDIA RTX 6000 Ada Generation, 49140 MiB, 29003 MiB, 100 %
2026/03/27 11:44:52.387, 2, NVIDIA RTX 6000 Ada Generation, 49140 MiB, 21991 MiB, 100 %
2026/03/27 11:44:52.388, 3, NVIDIA RTX 6000 Ada Generation, 49140 MiB, 17248 MiB, 100 %
2026/03/27 11:44:52.388, 4, NVIDIA RTX 6000 Ada Generation, 49140 MiB, 17260 MiB, 100 %
2026/03/27 11:44:52.388, 5, NVIDIA RTX 6000 Ada Generation, 49140 MiB, 2 MiB, 0 %
2026/03/27 11:44:52.388, 6, NVIDIA RTX 6000 Ada Generation, 49140 MiB, 16254 MiB, 0 %
2026/03/27 11:44:52.388, 7, NVIDIA RTX 6000 Ada Generation, 49140 MiB, 21460 MiB, 100 %
2026/03/27 11:44:53.388, 0, NVIDIA RTX 6000 Ada Generation, 49140 MiB, 15890 MiB, 6 %
2026/03/27 11:44:53.388, 1, NVIDIA RTX 6000 Ada Generation, 49140 MiB, 29003 MiB, 100 %
2026/03/27 11:44:53.388, 2, NVIDIA RTX 6000 Ada Generation, 49140 MiB, 21991 MiB, 100 %
2026/03/27 11:44:53.388, 3, NVIDIA RTX 6000 Ada Generation, 49140 MiB, 17248 MiB, 100 %
2026/03/27 11:44:53.495, 4, NVIDIA RTX 6000 Ada Generation, 49140 MiB, 17260 MiB, 100 %
2026/03/27 11:44:53.495, 5, NVIDIA RTX 6000 Ada Generation, 49140 MiB, 2 MiB, 0 %
2026/03/27 11:44:53.495, 6, NVIDIA RTX 6000 Ada Generation, 49140 MiB, 16254 MiB, 0 %
2026/03/27 11:44:53.495, 7, NVIDIA RTX 6000 Ada Generation, 49140 MiB, 21460 MiB, 100 %
2026/03/27 11:44:54.496, 0, NVIDIA RTX 6000 Ada Generation, 49140 MiB, 15890 MiB, 6 %
2026/03/27 11:44:54.496, 1, NVIDIA RTX 6000 Ada Generation, 49140 MiB, 29003 MiB, 100 %
2026/03/27 11:44:54.496, 2, NVIDIA RTX 6000 Ada Generation, 49140 MiB, 21991 MiB, 100 %
2026/03/27 11:44:54.496, 3, NVIDIA RTX 6000 Ada Generation, 49140 MiB, 17248 MiB, 100 %
2026/03/27 11:44:54.496, 4, NVIDIA RTX 6000 Ada Generation, 49140 MiB, 17260 MiB, 100 %
2026/03/27 11:44:54.496, 5, NVIDIA RTX 6000 Ada Generation, 49140 MiB, 2 MiB, 0 %
2026/03/27 11:44:54.496, 6, NVIDIA RTX 6000 Ada Generation, 49140 MiB, 16254 MiB, 0 %
2026/03/27 11:44:54.496, 7, NVIDIA RTX 6000 Ada Generation, 49140 MiB, 21460 MiB, 100 %
2026/03/27 11:44:55.496, 0, NVIDIA RTX 6000 Ada Generation, 49140 MiB, 15890 MiB, 2 %
2026/03/27 11:44:55.562, 1, NVIDIA RTX 6000 Ada Generation, 49140 MiB, 29003 MiB, 100 %
2026/03/27 11:44:55.564, 2, NVIDIA RTX 6000 Ada Generation, 49140 MiB, 21991 MiB, 100 %
2026/03/27 11:44:55.564, 3, NVIDIA RTX 6000 Ada Generation, 49140 MiB, 17248 MiB, 100 %
2026/03/27 11:44:55.564, 4, NVIDIA RTX 6000 Ada Generation, 49140 MiB, 17260 MiB, 100 %
2026/03/27 11:44:55.564, 5, NVIDIA RTX 6000 Ada Generation, 49140 MiB, 2 MiB, 0 %
2026/03/27 11:44:55.564, 6, NVIDIA RTX 6000 Ada Generation, 49140 MiB, 16254 MiB, 0 %
2026/03/27 11:44:55.564, 7, NVIDIA RTX 6000 Ada Generation, 49140 MiB, 21460 MiB, 100 %
2026/03/27 11:44:56.564, 0, NVIDIA RTX 6000 Ada Generation, 49140 MiB, 15890 MiB, 6 %
2026/03/27 11:44:56.689, 1, NVIDIA RTX 6000 Ada Generation, 49140 MiB, 29003 MiB, 100 %
2026/03/27 11:44:56.689, 2, NVIDIA RTX 6000 Ada Generation, 49140 MiB, 21991 MiB, 100 %
2026/03/27 11:44:56.689, 3, NVIDIA RTX 6000 Ada Generation, 49140 MiB, 17248 MiB, 100 %
2026/03/27 11:44:56.689, 4, NVIDIA RTX 6000 Ada Generation, 49140 MiB, 17260 MiB, 100 %
2026/03/27 11:44:56.689, 5, NVIDIA RTX 6000 Ada Generation, 49140 MiB, 2 MiB, 0 %
2026/03/27 11:44:56.689, 6, NVIDIA RTX 6000 Ada Generation, 49140 MiB, 19944 MiB, 0 %
2026/03/27 11:44:56.842, 7, NVIDIA RTX 6000 Ada Generation, 49140 MiB, 21460 MiB, 100 %
2026/03/27 11:44:57.843, 0, NVIDIA RTX 6000 Ada Generation, 49140 MiB, 15890 MiB, 6 %
2026/03/27 11:44:57.843, 1, NVIDIA RTX 6000 Ada Generation, 49140 MiB, 29003 MiB, 100 %
2026/03/27 11:44:57.843, 2, NVIDIA RTX 6000 Ada Generation, 49140 MiB, 21991 MiB, 100 %
2026/03/27 11:44:57.843, 3, NVIDIA RTX 6000 Ada Generation, 49140 MiB, 17248 MiB, 100 %
2026/03/27 11:44:57.843, 4, NVIDIA RTX 6000 Ada Generation, 49140 MiB, 17260 MiB, 100 %
2026/03/27 11:44:57.843, 5, NVIDIA RTX 6000 Ada Generation, 49140 MiB, 2 MiB, 0 %
2026/03/27 11:44:57.843, 6, NVIDIA RTX 6000 Ada Generation, 49140 MiB, 47370 MiB, 34 %
2026/03/27 11:44:57.843, 7, NVIDIA RTX 6000 Ada Generation, 49140 MiB, 21460 MiB, 100 %
2026/03/27 11:44:58.843, 0, NVIDIA RTX 6000 Ada Generation, 49140 MiB, 15890 MiB, 2 %
2026/03/27 11:44:58.951, 1, NVIDIA RTX 6000 Ada Generation, 49140 MiB, 29003 MiB, 100 %
2026/03/27 11:44:59.182, 2, NVIDIA RTX 6000 Ada Generation, 49140 MiB, 21991 MiB, 100 %
2026/03/27 11:44:59.182, 3, NVIDIA RTX 6000 Ada Generation, 49140 MiB, 17248 MiB, 100 %
2026/03/27 11:44:59.183, 4, NVIDIA RTX 6000 Ada Generation, 49140 MiB, 17260 MiB, 100 %
2026/03/27 11:44:59.423, 5, NVIDIA RTX 6000 Ada Generation, 49140 MiB, 2 MiB, 0 %
2026/03/27 11:44:59.424, 6, NVIDIA RTX 6000 Ada Generation, 49140 MiB, 45372 MiB, 0 %
2026/03/27 11:44:59.425, 7, NVIDIA RTX 6000 Ada Generation, 49140 MiB, 21460 MiB, 100 %
2026/03/27 11:45:00.590, 0, NVIDIA RTX 6000 Ada Generation, 49140 MiB, 15890 MiB, 0 %
2026/03/27 11:45:00.590, 1, NVIDIA RTX 6000 Ada Generation, 49140 MiB, 29003 MiB, 100 %
2026/03/27 11:45:00.590, 2, NVIDIA RTX 6000 Ada Generation, 49140 MiB, 21991 MiB, 98 %
2026/03/27 11:45:00.590, 3, NVIDIA RTX 6000 Ada Generation, 49140 MiB, 17248 MiB, 100 %
2026/03/27 11:45:00.590, 4, NVIDIA RTX 6000 Ada Generation, 49140 MiB, 17260 MiB, 100 %
2026/03/27 11:45:00.590, 5, NVIDIA RTX 6000 Ada Generation, 49140 MiB, 2 MiB, 0 %
2026/03/27 11:45:00.590, 6, NVIDIA RTX 6000 Ada Generation, 49140 MiB, 2 MiB, 0 %
2026/03/27 11:45:00.590, 7, NVIDIA RTX 6000 Ada Generation, 49140 MiB, 21460 MiB, 100 %
2026/03/27 11:45:01.590, 0, NVIDIA RTX 6000 Ada Generation, 49140 MiB, 15890 MiB, 0 %
2026/03/27 11:45:01.591, 1, NVIDIA RTX 6000 Ada Generation, 49140 MiB, 29003 MiB, 100 %
2026/03/27 11:45:01.591, 2, NVIDIA RTX 6000 Ada Generation, 49140 MiB, 21991 MiB, 100 %
2026/03/27 11:45:01.779, 3, NVIDIA RTX 6000 Ada Generation, 49140 MiB, 17248 MiB, 100 %
2026/03/27 11:45:01.779, 4, NVIDIA RTX 6000 Ada Generation, 49140 MiB, 17260 MiB, 100 %
2026/03/27 11:45:01.779, 5, NVIDIA RTX 6000 Ada Generation, 49140 MiB, 2 MiB, 0 %
2026/03/27 11:45:01.779, 6, NVIDIA RTX 6000 Ada Generation, 49140 MiB, 2 MiB, 100 %
2026/03/27 11:45:01.779, 7, NVIDIA RTX 6000 Ada Generation, 49140 MiB, 21460 MiB, 100 %
2026/03/27 11:45:02.779, 0, NVIDIA RTX 6000 Ada Generation, 49140 MiB, 15890 MiB, 95 %
2026/03/27 11:45:02.780, 1, NVIDIA RTX 6000 Ada Generation, 49140 MiB, 29003 MiB, 100 %
2026/03/27 11:45:02.780, 2, NVIDIA RTX 6000 Ada Generation, 49140 MiB, 21991 MiB, 100 %
2026/03/27 11:45:02.780, 3, NVIDIA RTX 6000 Ada Generation, 49140 MiB, 17248 MiB, 99 %
2026/03/27 11:45:02.780, 4, NVIDIA RTX 6000 Ada Generation, 49140 MiB, 17260 MiB, 100 %
2026/03/27 11:45:02.781, 5, NVIDIA RTX 6000 Ada Generation, 49140 MiB, 2 MiB, 0 %
2026/03/27 11:45:02.781, 6, NVIDIA RTX 6000 Ada Generation, 49140 MiB, 2 MiB, 0 %
2026/03/27 11:45:02.781, 7, NVIDIA RTX 6000 Ada Generation, 49140 MiB, 21460 MiB, 100 %
2026/03/27 11:45:03.782, 0, NVIDIA RTX 6000 Ada Generation, 49140 MiB, 15890 MiB, 95 %
2026/03/27 11:45:03.782, 1, NVIDIA RTX 6000 Ada Generation, 49140 MiB, 29003 MiB, 100 %
2026/03/27 11:45:03.782, 2, NVIDIA RTX 6000 Ada Generation, 49140 MiB, 21991 MiB, 100 %
2026/03/27 11:45:03.782, 3, NVIDIA RTX 6000 Ada Generation, 49140 MiB, 17248 MiB, 100 %
2026/03/27 11:45:03.782, 4, NVIDIA RTX 6000 Ada Generation, 49140 MiB, 17260 MiB, 100 %
2026/03/27 11:45:03.782, 5, NVIDIA RTX 6000 Ada Generation, 49140 MiB, 2 MiB, 0 %
2026/03/27 11:45:03.782, 6, NVIDIA RTX 6000 Ada Generation, 49140 MiB, 16254 MiB, 0 %
2026/03/27 11:45:03.782, 7, NVIDIA RTX 6000 Ada Generation, 49140 MiB, 21460 MiB, 100 %
2026/03/27 11:45:04.782, 0, NVIDIA RTX 6000 Ada Generation, 49140 MiB, 15890 MiB, 0 %
2026/03/27 11:45:04.783, 1, NVIDIA RTX 6000 Ada Generation, 49140 MiB, 29003 MiB, 100 %
2026/03/27 11:45:04.783, 2, NVIDIA RTX 6000 Ada Generation, 49140 MiB, 21991 MiB, 100 %
2026/03/27 11:45:04.783, 3, NVIDIA RTX 6000 Ada Generation, 49140 MiB, 17248 MiB, 100 %
2026/03/27 11:45:04.931, 4, NVIDIA RTX 6000 Ada Generation, 49140 MiB, 17260 MiB, 100 %
2026/03/27 11:45:04.932, 5, NVIDIA RTX 6000 Ada Generation, 49140 MiB, 2 MiB, 0 %
2026/03/27 11:45:04.932, 6, NVIDIA RTX 6000 Ada Generation, 49140 MiB, 16254 MiB, 14 %
2026/03/27 11:45:04.932, 7, NVIDIA RTX 6000 Ada Generation, 49140 MiB, 21460 MiB, 100 %
2026/03/27 11:45:05.932, 0, NVIDIA RTX 6000 Ada Generation, 49140 MiB, 15890 MiB, 6 %
2026/03/27 11:45:05.932, 1, NVIDIA RTX 6000 Ada Generation, 49140 MiB, 29003 MiB, 100 %
2026/03/27 11:45:05.932, 2, NVIDIA RTX 6000 Ada Generation, 49140 MiB, 21991 MiB, 100 %
2026/03/27 11:45:05.932, 3, NVIDIA RTX 6000 Ada Generation, 49140 MiB, 17248 MiB, 100 %
2026/03/27 11:45:05.932, 4, NVIDIA RTX 6000 Ada Generation, 49140 MiB, 17260 MiB, 100 %
2026/03/27 11:45:05.932, 5, NVIDIA RTX 6000 Ada Generation, 49140 MiB, 2 MiB, 0 %
2026/03/27 11:45:05.932, 6, NVIDIA RTX 6000 Ada Generation, 49140 MiB, 16254 MiB, 14 %
2026/03/27 11:45:05.933, 7, NVIDIA RTX 6000 Ada Generation, 49140 MiB, 21460 MiB, 100 %
2026/03/27 11:45:06.933, 0, NVIDIA RTX 6000 Ada Generation, 49140 MiB, 15890 MiB, 6 %
2026/03/27 11:45:07.013, 1, NVIDIA RTX 6000 Ada Generation, 49140 MiB, 29003 MiB, 100 %
2026/03/27 11:45:07.013, 2, NVIDIA RTX 6000 Ada Generation, 49140 MiB, 21991 MiB, 100 %
2026/03/27 11:45:07.013, 3, NVIDIA RTX 6000 Ada Generation, 49140 MiB, 17248 MiB, 100 %
2026/03/27 11:45:07.013, 4, NVIDIA RTX 6000 Ada Generation, 49140 MiB, 17260 MiB, 100 %
2026/03/27 11:45:07.013, 5, NVIDIA RTX 6000 Ada Generation, 49140 MiB, 2 MiB, 0 %
2026/03/27 11:45:07.013, 6, NVIDIA RTX 6000 Ada Generation, 49140 MiB, 16254 MiB, 14 %
2026/03/27 11:45:07.013, 7, NVIDIA RTX 6000 Ada Generation, 49140 MiB, 21460 MiB, 100 %
2026/03/27 11:45:08.014, 0, NVIDIA RTX 6000 Ada Generation, 49140 MiB, 15890 MiB, 6 %
2026/03/27 11:45:08.014, 1, NVIDIA RTX 6000 Ada Generation, 49140 MiB, 29003 MiB, 100 %
2026/03/27 11:45:08.014, 2, NVIDIA RTX 6000 Ada Generation, 49140 MiB, 21991 MiB, 100 %
2026/03/27 11:45:08.014, 3, NVIDIA RTX 6000 Ada Generation, 49140 MiB, 17248 MiB, 100 %
2026/03/27 11:45:08.014, 4, NVIDIA RTX 6000 Ada Generation, 49140 MiB, 17260 MiB, 100 %
2026/03/27 11:45:08.014, 5, NVIDIA RTX 6000 Ada Generation, 49140 MiB, 2 MiB, 0 %
2026/03/27 11:45:08.111, 6, NVIDIA RTX 6000 Ada Generation, 49140 MiB, 16254 MiB, 12 %
2026/03/27 11:45:08.112, 7, NVIDIA RTX 6000 Ada Generation, 49140 MiB, 21460 MiB, 100 %
2026/03/27 11:45:09.112, 0, NVIDIA RTX 6000 Ada Generation, 49140 MiB, 15890 MiB, 6 %
2026/03/27 11:45:09.112, 1, NVIDIA RTX 6000 Ada Generation, 49140 MiB, 29003 MiB, 100 %
2026/03/27 11:45:09.112, 2, NVIDIA RTX 6000 Ada Generation, 49140 MiB, 21991 MiB, 100 %
2026/03/27 11:45:09.112, 3, NVIDIA RTX 6000 Ada Generation, 49140 MiB, 17248 MiB, 100 %
2026/03/27 11:45:09.112, 4, NVIDIA RTX 6000 Ada Generation, 49140 MiB, 17260 MiB, 100 %
2026/03/27 11:45:09.112, 5, NVIDIA RTX 6000 Ada Generation, 49140 MiB, 2 MiB, 0 %
2026/03/27 11:45:09.112, 6, NVIDIA RTX 6000 Ada Generation, 49140 MiB, 16254 MiB, 0 %
2026/03/27 11:45:09.112, 7, NVIDIA RTX 6000 Ada Generation, 49140 MiB, 21460 MiB, 100 %
2026/03/27 11:45:10.113, 0, NVIDIA RTX 6000 Ada Generation, 49140 MiB, 15890 MiB, 0 %
2026/03/27 11:45:10.113, 1, NVIDIA RTX 6000 Ada Generation, 49140 MiB, 29003 MiB, 100 %
2026/03/27 11:45:10.113, 2, NVIDIA RTX 6000 Ada Generation, 49140 MiB, 21991 MiB, 100 %
2026/03/27 11:45:10.304, 3, NVIDIA RTX 6000 Ada Generation, 49140 MiB, 17248 MiB, 100 %
2026/03/27 11:45:10.304, 4, NVIDIA RTX 6000 Ada Generation, 49140 MiB, 17260 MiB, 99 %
2026/03/27 11:45:10.304, 5, NVIDIA RTX 6000 Ada Generation, 49140 MiB, 2 MiB, 0 %
2026/03/27 11:45:10.304, 6, NVIDIA RTX 6000 Ada Generation, 49140 MiB, 16254 MiB, 0 %
2026/03/27 11:45:10.304, 7, NVIDIA RTX 6000 Ada Generation, 49140 MiB, 21460 MiB, 100 %
2026/03/27 11:45:11.305, 0, NVIDIA RTX 6000 Ada Generation, 49140 MiB, 15890 MiB, 6 %
2026/03/27 11:45:11.305, 1, NVIDIA RTX 6000 Ada Generation, 49140 MiB, 29003 MiB, 100 %
2026/03/27 11:45:11.305, 2, NVIDIA RTX 6000 Ada Generation, 49140 MiB, 21991 MiB, 100 %
2026/03/27 11:45:11.305, 3, NVIDIA RTX 6000 Ada Generation, 49140 MiB, 17248 MiB, 100 %
2026/03/27 11:45:11.305, 4, NVIDIA RTX 6000 Ada Generation, 49140 MiB, 17260 MiB, 100 %
2026/03/27 11:45:11.305, 5, NVIDIA RTX 6000 Ada Generation, 49140 MiB, 2 MiB, 0 %
2026/03/27 11:45:11.305, 6, NVIDIA RTX 6000 Ada Generation, 49140 MiB, 16254 MiB, 0 %
2026/03/27 11:45:11.305, 7, NVIDIA RTX 6000 Ada Generation, 49140 MiB, 21460 MiB, 100 %
2026/03/27 11:45:12.305, 0, NVIDIA RTX 6000 Ada Generation, 49140 MiB, 15890 MiB, 6 %
2026/03/27 11:45:12.306, 1, NVIDIA RTX 6000 Ada Generation, 49140 MiB, 29003 MiB, 100 %
2026/03/27 11:45:12.306, 2, NVIDIA RTX 6000 Ada Generation, 49140 MiB, 21991 MiB, 100 %
2026/03/27 11:45:12.306, 3, NVIDIA RTX 6000 Ada Generation, 49140 MiB, 17248 MiB, 100 %
2026/03/27 11:45:12.306, 4, NVIDIA RTX 6000 Ada Generation, 49140 MiB, 17260 MiB, 100 %
2026/03/27 11:45:12.306, 5, NVIDIA RTX 6000 Ada Generation, 49140 MiB, 2 MiB, 0 %
2026/03/27 11:45:12.306, 6, NVIDIA RTX 6000 Ada Generation, 49140 MiB, 16254 MiB, 0 %
2026/03/27 11:45:12.306, 7, NVIDIA RTX 6000 Ada Generation, 49140 MiB, 21460 MiB, 100 %
2026/03/27 11:45:13.306, 0, NVIDIA RTX 6000 Ada Generation, 49140 MiB, 15890 MiB, 0 %
2026/03/27 11:45:13.306, 1, NVIDIA RTX 6000 Ada Generation, 49140 MiB, 29003 MiB, 100 %
2026/03/27 11:45:13.306, 2, NVIDIA RTX 6000 Ada Generation, 49140 MiB, 21991 MiB, 100 %
2026/03/27 11:45:13.306, 3, NVIDIA RTX 6000 Ada Generation, 49140 MiB, 17248 MiB, 100 %
2026/03/27 11:45:13.318, 4, NVIDIA RTX 6000 Ada Generation, 49140 MiB, 17260 MiB, 100 %
2026/03/27 11:45:13.318, 5, NVIDIA RTX 6000 Ada Generation, 49140 MiB, 2 MiB, 0 %
2026/03/27 11:45:13.318, 6, NVIDIA RTX 6000 Ada Generation, 49140 MiB, 16254 MiB, 0 %
2026/03/27 11:45:13.318, 7, NVIDIA RTX 6000 Ada Generation, 49140 MiB, 21460 MiB, 100 %
2026/03/27 11:45:14.319, 0, NVIDIA RTX 6000 Ada Generation, 49140 MiB, 15890 MiB, 0 %
2026/03/27 11:45:14.319, 1, NVIDIA RTX 6000 Ada Generation, 49140 MiB, 29003 MiB, 100 %
2026/03/27 11:45:14.319, 2, NVIDIA RTX 6000 Ada Generation, 49140 MiB, 21991 MiB, 100 %
2026/03/27 11:45:14.319, 3, NVIDIA RTX 6000 Ada Generation, 49140 MiB, 17248 MiB, 100 %
2026/03/27 11:45:14.319, 4, NVIDIA RTX 6000 Ada Generation, 49140 MiB, 17260 MiB, 100 %
2026/03/27 11:45:14.319, 5, NVIDIA RTX 6000 Ada Generation, 49140 MiB, 2 MiB, 0 %
2026/03/27 11:45:14.319, 6, NVIDIA RTX 6000 Ada Generation, 49140 MiB, 16254 MiB, 0 %
2026/03/27 11:45:14.319, 7, NVIDIA RTX 6000 Ada Generation, 49140 MiB, 21460 MiB, 100 %
2026/03/27 11:45:15.319, 0, NVIDIA RTX 6000 Ada Generation, 49140 MiB, 15890 MiB, 84 %
2026/03/27 11:45:15.578, 1, NVIDIA RTX 6000 Ada Generation, 49140 MiB, 29003 MiB, 100 %
2026/03/27 11:45:15.578, 2, NVIDIA RTX 6000 Ada Generation, 49140 MiB, 21991 MiB, 100 %
2026/03/27 11:45:15.579, 3, NVIDIA RTX 6000 Ada Generation, 49140 MiB, 17248 MiB, 100 %
2026/03/27 11:45:15.579, 4, NVIDIA RTX 6000 Ada Generation, 49140 MiB, 17260 MiB, 100 %
2026/03/27 11:45:15.579, 5, NVIDIA RTX 6000 Ada Generation, 49140 MiB, 2 MiB, 0 %
2026/03/27 11:45:15.579, 6, NVIDIA RTX 6000 Ada Generation, 49140 MiB, 16254 MiB, 0 %
2026/03/27 11:45:15.579, 7, NVIDIA RTX 6000 Ada Generation, 49140 MiB, 21460 MiB, 100 %
2026/03/27 11:45:16.579, 0, NVIDIA RTX 6000 Ada Generation, 49140 MiB, 15890 MiB, 92 %
2026/03/27 11:45:16.579, 1, NVIDIA RTX 6000 Ada Generation, 49140 MiB, 29003 MiB, 100 %
2026/03/27 11:45:16.579, 2, NVIDIA RTX 6000 Ada Generation, 49140 MiB, 21991 MiB, 100 %
2026/03/27 11:45:16.579, 3, NVIDIA RTX 6000 Ada Generation, 49140 MiB, 17248 MiB, 100 %
2026/03/27 11:45:16.579, 4, NVIDIA RTX 6000 Ada Generation, 49140 MiB, 17260 MiB, 100 %
2026/03/27 11:45:16.580, 5, NVIDIA RTX 6000 Ada Generation, 49140 MiB, 2 MiB, 0 %
2026/03/27 11:45:16.636, 6, NVIDIA RTX 6000 Ada Generation, 49140 MiB, 16254 MiB, 0 %
2026/03/27 11:45:16.636, 7, NVIDIA RTX 6000 Ada Generation, 49140 MiB, 21460 MiB, 100 %
2026/03/27 11:45:17.636, 0, NVIDIA RTX 6000 Ada Generation, 49140 MiB, 15890 MiB, 69 %
2026/03/27 11:45:17.637, 1, NVIDIA RTX 6000 Ada Generation, 49140 MiB, 29003 MiB, 100 %
2026/03/27 11:45:17.637, 2, NVIDIA RTX 6000 Ada Generation, 49140 MiB, 21991 MiB, 99 %
2026/03/27 11:45:17.637, 3, NVIDIA RTX 6000 Ada Generation, 49140 MiB, 17248 MiB, 100 %
2026/03/27 11:45:17.637, 4, NVIDIA RTX 6000 Ada Generation, 49140 MiB, 17260 MiB, 100 %
2026/03/27 11:45:17.637, 5, NVIDIA RTX 6000 Ada Generation, 49140 MiB, 2 MiB, 0 %
2026/03/27 11:45:17.637, 6, NVIDIA RTX 6000 Ada Generation, 49140 MiB, 16254 MiB, 0 %
2026/03/27 11:45:17.637, 7, NVIDIA RTX 6000 Ada Generation, 49140 MiB, 21460 MiB, 100 %
2026/03/27 11:45:18.637, 0, NVIDIA RTX 6000 Ada Generation, 49140 MiB, 15890 MiB, 6 %
2026/03/27 11:45:18.637, 1, NVIDIA RTX 6000 Ada Generation, 49140 MiB, 29003 MiB, 100 %
2026/03/27 11:45:18.637, 2, NVIDIA RTX 6000 Ada Generation, 49140 MiB, 21991 MiB, 100 %
2026/03/27 11:45:18.803, 3, NVIDIA RTX 6000 Ada Generation, 49140 MiB, 17248 MiB, 100 %
2026/03/27 11:45:18.803, 4, NVIDIA RTX 6000 Ada Generation, 49140 MiB, 17260 MiB, 100 %
2026/03/27 11:45:18.804, 5, NVIDIA RTX 6000 Ada Generation, 49140 MiB, 2 MiB, 0 %
2026/03/27 11:45:18.804, 6, NVIDIA RTX 6000 Ada Generation, 49140 MiB, 16254 MiB, 0 %
2026/03/27 11:45:18.804, 7, NVIDIA RTX 6000 Ada Generation, 49140 MiB, 21460 MiB, 100 %
2026/03/27 11:45:19.804, 0, NVIDIA RTX 6000 Ada Generation, 49140 MiB, 15890 MiB, 6 %
2026/03/27 11:45:19.804, 1, NVIDIA RTX 6000 Ada Generation, 49140 MiB, 29003 MiB, 100 %
2026/03/27 11:45:19.804, 2, NVIDIA RTX 6000 Ada Generation, 49140 MiB, 21991 MiB, 100 %
2026/03/27 11:45:19.804, 3, NVIDIA RTX 6000 Ada Generation, 49140 MiB, 17248 MiB, 100 %
2026/03/27 11:45:19.804, 4, NVIDIA RTX 6000 Ada Generation, 49140 MiB, 17260 MiB, 100 %
2026/03/27 11:45:19.804, 5, NVIDIA RTX 6000 Ada Generation, 49140 MiB, 2 MiB, 0 %
2026/03/27 11:45:19.804, 6, NVIDIA RTX 6000 Ada Generation, 49140 MiB, 19944 MiB, 0 %
2026/03/27 11:45:19.804, 7, NVIDIA RTX 6000 Ada Generation, 49140 MiB, 21460 MiB, 100 %
2026/03/27 11:45:20.825, 0, NVIDIA RTX 6000 Ada Generation, 49140 MiB, 15890 MiB, 6 %
2026/03/27 11:45:20.826, 1, NVIDIA RTX 6000 Ada Generation, 49140 MiB, 29003 MiB, 100 %
2026/03/27 11:45:20.826, 2, NVIDIA RTX 6000 Ada Generation, 49140 MiB, 21991 MiB, 100 %
2026/03/27 11:45:20.826, 3, NVIDIA RTX 6000 Ada Generation, 49140 MiB, 17248 MiB, 100 %
2026/03/27 11:45:20.826, 4, NVIDIA RTX 6000 Ada Generation, 49140 MiB, 17260 MiB, 100 %
2026/03/27 11:45:20.826, 5, NVIDIA RTX 6000 Ada Generation, 49140 MiB, 2 MiB, 0 %
2026/03/27 11:45:20.826, 6, NVIDIA RTX 6000 Ada Generation, 49140 MiB, 45372 MiB, 16 %
2026/03/27 11:45:20.826, 7, NVIDIA RTX 6000 Ada Generation, 49140 MiB, 21460 MiB, 0 %
2026/03/27 11:45:21.826, 0, NVIDIA RTX 6000 Ada Generation, 49140 MiB, 15890 MiB, 0 %
2026/03/27 11:45:21.895, 1, NVIDIA RTX 6000 Ada Generation, 49140 MiB, 29003 MiB, 100 %
2026/03/27 11:45:21.896, 2, NVIDIA RTX 6000 Ada Generation, 49140 MiB, 21991 MiB, 99 %
2026/03/27 11:45:22.116, 3, NVIDIA RTX 6000 Ada Generation, 49140 MiB, 17248 MiB, 100 %
2026/03/27 11:45:22.116, 4, NVIDIA RTX 6000 Ada Generation, 49140 MiB, 17260 MiB, 100 %
2026/03/27 11:45:22.117, 5, NVIDIA RTX 6000 Ada Generation, 49140 MiB, 2 MiB, 0 %
2026/03/27 11:45:22.280, 6, NVIDIA RTX 6000 Ada Generation, 49140 MiB, 45372 MiB, 0 %
2026/03/27 11:45:22.281, 7, NVIDIA RTX 6000 Ada Generation, 49140 MiB, 21460 MiB, 0 %
2026/03/27 11:45:23.283, 0, NVIDIA RTX 6000 Ada Generation, 49140 MiB, 15890 MiB, 6 %
2026/03/27 11:45:23.283, 1, NVIDIA RTX 6000 Ada Generation, 49140 MiB, 29003 MiB, 100 %
2026/03/27 11:45:23.283, 2, NVIDIA RTX 6000 Ada Generation, 49140 MiB, 21991 MiB, 100 %
2026/03/27 11:45:23.283, 3, NVIDIA RTX 6000 Ada Generation, 49140 MiB, 17248 MiB, 100 %
2026/03/27 11:45:23.283, 4, NVIDIA RTX 6000 Ada Generation, 49140 MiB, 17260 MiB, 99 %
2026/03/27 11:45:23.283, 5, NVIDIA RTX 6000 Ada Generation, 49140 MiB, 2 MiB, 0 %
2026/03/27 11:45:23.283, 6, NVIDIA RTX 6000 Ada Generation, 49140 MiB, 2 MiB, 100 %
2026/03/27 11:45:23.284, 7, NVIDIA RTX 6000 Ada Generation, 49140 MiB, 21460 MiB, 0 %
2026/03/27 11:45:24.284, 0, NVIDIA RTX 6000 Ada Generation, 49140 MiB, 15890 MiB, 6 %
2026/03/27 11:45:24.284, 1, NVIDIA RTX 6000 Ada Generation, 49140 MiB, 29003 MiB, 100 %
2026/03/27 11:45:24.284, 2, NVIDIA RTX 6000 Ada Generation, 49140 MiB, 21991 MiB, 100 %
2026/03/27 11:45:24.434, 3, NVIDIA RTX 6000 Ada Generation, 49140 MiB, 17248 MiB, 99 %
2026/03/27 11:45:24.434, 4, NVIDIA RTX 6000 Ada Generation, 49140 MiB, 17260 MiB, 100 %
2026/03/27 11:45:24.434, 5, NVIDIA RTX 6000 Ada Generation, 49140 MiB, 2 MiB, 0 %
2026/03/27 11:45:24.434, 6, NVIDIA RTX 6000 Ada Generation, 49140 MiB, 2 MiB, 0 %
2026/03/27 11:45:24.435, 7, NVIDIA RTX 6000 Ada Generation, 49140 MiB, 21460 MiB, 100 %
2026/03/27 11:45:25.435, 0, NVIDIA RTX 6000 Ada Generation, 49140 MiB, 15890 MiB, 6 %
2026/03/27 11:45:25.435, 1, NVIDIA RTX 6000 Ada Generation, 49140 MiB, 29003 MiB, 100 %
2026/03/27 11:45:25.435, 2, NVIDIA RTX 6000 Ada Generation, 49140 MiB, 21991 MiB, 99 %
2026/03/27 11:45:25.435, 3, NVIDIA RTX 6000 Ada Generation, 49140 MiB, 17248 MiB, 100 %
2026/03/27 11:45:25.435, 4, NVIDIA RTX 6000 Ada Generation, 49140 MiB, 17260 MiB, 99 %
2026/03/27 11:45:25.435, 5, NVIDIA RTX 6000 Ada Generation, 49140 MiB, 2 MiB, 0 %
2026/03/27 11:45:25.435, 6, NVIDIA RTX 6000 Ada Generation, 49140 MiB, 2 MiB, 0 %
2026/03/27 11:45:25.435, 7, NVIDIA RTX 6000 Ada Generation, 49140 MiB, 21460 MiB, 100 %
2026/03/27 11:45:26.436, 0, NVIDIA RTX 6000 Ada Generation, 49140 MiB, 15890 MiB, 0 %
2026/03/27 11:45:26.436, 1, NVIDIA RTX 6000 Ada Generation, 49140 MiB, 29003 MiB, 98 %
2026/03/27 11:45:26.436, 2, NVIDIA RTX 6000 Ada Generation, 49140 MiB, 21991 MiB, 100 %
2026/03/27 11:45:26.436, 3, NVIDIA RTX 6000 Ada Generation, 49140 MiB, 17248 MiB, 100 %
2026/03/27 11:45:26.436, 4, NVIDIA RTX 6000 Ada Generation, 49140 MiB, 17260 MiB, 100 %
2026/03/27 11:45:26.436, 5, NVIDIA RTX 6000 Ada Generation, 49140 MiB, 2 MiB, 0 %
2026/03/27 11:45:26.436, 6, NVIDIA RTX 6000 Ada Generation, 49140 MiB, 16254 MiB, 0 %
2026/03/27 11:45:26.437, 7, NVIDIA RTX 6000 Ada Generation, 49140 MiB, 21460 MiB, 100 %
2026/03/27 11:45:27.437, 0, NVIDIA RTX 6000 Ada Generation, 49140 MiB, 15890 MiB, 90 %
2026/03/27 11:45:27.437, 1, NVIDIA RTX 6000 Ada Generation, 49140 MiB, 29003 MiB, 100 %
2026/03/27 11:45:27.437, 2, NVIDIA RTX 6000 Ada Generation, 49140 MiB, 21991 MiB, 100 %
2026/03/27 11:45:27.437, 3, NVIDIA RTX 6000 Ada Generation, 49140 MiB, 17248 MiB, 100 %
2026/03/27 11:45:27.437, 4, NVIDIA RTX 6000 Ada Generation, 49140 MiB, 17260 MiB, 100 %
2026/03/27 11:45:27.625, 5, NVIDIA RTX 6000 Ada Generation, 49140 MiB, 2 MiB, 0 %
2026/03/27 11:45:27.625, 6, NVIDIA RTX 6000 Ada Generation, 49140 MiB, 16254 MiB, 14 %
2026/03/27 11:45:27.625, 7, NVIDIA RTX 6000 Ada Generation, 49140 MiB, 21460 MiB, 100 %
2026/03/27 11:45:28.625, 0, NVIDIA RTX 6000 Ada Generation, 49140 MiB, 15890 MiB, 90 %
2026/03/27 11:45:28.625, 1, NVIDIA RTX 6000 Ada Generation, 49140 MiB, 29003 MiB, 100 %
2026/03/27 11:45:28.626, 2, NVIDIA RTX 6000 Ada Generation, 49140 MiB, 21991 MiB, 100 %
2026/03/27 11:45:28.626, 3, NVIDIA RTX 6000 Ada Generation, 49140 MiB, 17248 MiB, 100 %
2026/03/27 11:45:28.626, 4, NVIDIA RTX 6000 Ada Generation, 49140 MiB, 17260 MiB, 100 %
2026/03/27 11:45:28.626, 5, NVIDIA RTX 6000 Ada Generation, 49140 MiB, 2 MiB, 0 %
2026/03/27 11:45:28.626, 6, NVIDIA RTX 6000 Ada Generation, 49140 MiB, 16254 MiB, 14 %
2026/03/27 11:45:28.626, 7, NVIDIA RTX 6000 Ada Generation, 49140 MiB, 21460 MiB, 100 %
2026/03/27 11:45:29.626, 0, NVIDIA RTX 6000 Ada Generation, 49140 MiB, 15890 MiB, 51 %
2026/03/27 11:45:29.626, 1, NVIDIA RTX 6000 Ada Generation, 49140 MiB, 29003 MiB, 100 %
2026/03/27 11:45:29.750, 2, NVIDIA RTX 6000 Ada Generation, 49140 MiB, 21991 MiB, 100 %
2026/03/27 11:45:29.751, 3, NVIDIA RTX 6000 Ada Generation, 49140 MiB, 17248 MiB, 100 %
2026/03/27 11:45:29.751, 4, NVIDIA RTX 6000 Ada Generation, 49140 MiB, 17260 MiB, 100 %
2026/03/27 11:45:29.751, 5, NVIDIA RTX 6000 Ada Generation, 49140 MiB, 2 MiB, 0 %
2026/03/27 11:45:29.751, 6, NVIDIA RTX 6000 Ada Generation, 49140 MiB, 16254 MiB, 14 %
2026/03/27 11:45:29.751, 7, NVIDIA RTX 6000 Ada Generation, 49140 MiB, 21460 MiB, 100 %
2026/03/27 11:45:30.751, 0, NVIDIA RTX 6000 Ada Generation, 49140 MiB, 15890 MiB, 6 %
2026/03/27 11:45:30.751, 1, NVIDIA RTX 6000 Ada Generation, 49140 MiB, 29003 MiB, 100 %
2026/03/27 11:45:30.751, 2, NVIDIA RTX 6000 Ada Generation, 49140 MiB, 21991 MiB, 100 %
2026/03/27 11:45:30.751, 3, NVIDIA RTX 6000 Ada Generation, 49140 MiB, 17248 MiB, 100 %
2026/03/27 11:45:30.751, 4, NVIDIA RTX 6000 Ada Generation, 49140 MiB, 17260 MiB, 100 %
2026/03/27 11:45:30.752, 5, NVIDIA RTX 6000 Ada Generation, 49140 MiB, 2 MiB, 0 %
2026/03/27 11:45:30.752, 6, NVIDIA RTX 6000 Ada Generation, 49140 MiB, 16254 MiB, 14 %
2026/03/27 11:45:30.752, 7, NVIDIA RTX 6000 Ada Generation, 49140 MiB, 21460 MiB, 100 %
2026/03/27 11:45:31.936, 0, NVIDIA RTX 6000 Ada Generation, 49140 MiB, 15890 MiB, 6 %
2026/03/27 11:45:31.936, 1, NVIDIA RTX 6000 Ada Generation, 49140 MiB, 29003 MiB, 100 %
2026/03/27 11:45:31.936, 2, NVIDIA RTX 6000 Ada Generation, 49140 MiB, 21991 MiB, 100 %
2026/03/27 11:45:31.936, 3, NVIDIA RTX 6000 Ada Generation, 49140 MiB, 17248 MiB, 100 %
2026/03/27 11:45:31.936, 4, NVIDIA RTX 6000 Ada Generation, 49140 MiB, 17260 MiB, 100 %
2026/03/27 11:45:31.936, 5, NVIDIA RTX 6000 Ada Generation, 49140 MiB, 2 MiB, 0 %
2026/03/27 11:45:31.937, 6, NVIDIA RTX 6000 Ada Generation, 49140 MiB, 16254 MiB, 0 %
2026/03/27 11:45:31.937, 7, NVIDIA RTX 6000 Ada Generation, 49140 MiB, 21460 MiB, 100 %
2026/03/27 11:45:32.937, 0, NVIDIA RTX 6000 Ada Generation, 49140 MiB, 15890 MiB, 2 %
2026/03/27 11:45:32.937, 1, NVIDIA RTX 6000 Ada Generation, 49140 MiB, 29003 MiB, 100 %
2026/03/27 11:45:32.937, 2, NVIDIA RTX 6000 Ada Generation, 49140 MiB, 21991 MiB, 99 %
2026/03/27 11:45:32.937, 3, NVIDIA RTX 6000 Ada Generation, 49140 MiB, 17248 MiB, 100 %
2026/03/27 11:45:33.036, 4, NVIDIA RTX 6000 Ada Generation, 49140 MiB, 17260 MiB, 100 %
2026/03/27 11:45:33.036, 5, NVIDIA RTX 6000 Ada Generation, 49140 MiB, 2 MiB, 0 %
2026/03/27 11:45:33.036, 6, NVIDIA RTX 6000 Ada Generation, 49140 MiB, 16254 MiB, 0 %
2026/03/27 11:45:33.036, 7, NVIDIA RTX 6000 Ada Generation, 49140 MiB, 21460 MiB, 100 %
2026/03/27 11:45:34.037, 0, NVIDIA RTX 6000 Ada Generation, 49140 MiB, 15890 MiB, 6 %
2026/03/27 11:45:34.037, 1, NVIDIA RTX 6000 Ada Generation, 49140 MiB, 29003 MiB, 100 %
2026/03/27 11:45:34.037, 2, NVIDIA RTX 6000 Ada Generation, 49140 MiB, 21991 MiB, 100 %
2026/03/27 11:45:34.037, 3, NVIDIA RTX 6000 Ada Generation, 49140 MiB, 17248 MiB, 100 %
2026/03/27 11:45:34.037, 4, NVIDIA RTX 6000 Ada Generation, 49140 MiB, 17260 MiB, 100 %
2026/03/27 11:45:34.037, 5, NVIDIA RTX 6000 Ada Generation, 49140 MiB, 2 MiB, 0 %
2026/03/27 11:45:34.037, 6, NVIDIA RTX 6000 Ada Generation, 49140 MiB, 16254 MiB, 0 %
2026/03/27 11:45:34.037, 7, NVIDIA RTX 6000 Ada Generation, 49140 MiB, 21460 MiB, 100 %
2026/03/27 11:45:35.037, 0, NVIDIA RTX 6000 Ada Generation, 49140 MiB, 15890 MiB, 6 %
2026/03/27 11:45:35.113, 1, NVIDIA RTX 6000 Ada Generation, 49140 MiB, 29003 MiB, 100 %
2026/03/27 11:45:35.114, 2, NVIDIA RTX 6000 Ada Generation, 49140 MiB, 21991 MiB, 100 %
2026/03/27 11:45:35.114, 3, NVIDIA RTX 6000 Ada Generation, 49140 MiB, 17248 MiB, 100 %
2026/03/27 11:45:35.114, 4, NVIDIA RTX 6000 Ada Generation, 49140 MiB, 17260 MiB, 100 %
2026/03/27 11:45:35.114, 5, NVIDIA RTX 6000 Ada Generation, 49140 MiB, 2 MiB, 0 %
2026/03/27 11:45:35.114, 6, NVIDIA RTX 6000 Ada Generation, 49140 MiB, 16254 MiB, 0 %
2026/03/27 11:45:35.114, 7, NVIDIA RTX 6000 Ada Generation, 49140 MiB, 21460 MiB, 100 %
2026/03/27 11:45:36.115, 0, NVIDIA RTX 6000 Ada Generation, 49140 MiB, 15890 MiB, 1 %
2026/03/27 11:45:36.115, 1, NVIDIA RTX 6000 Ada Generation, 49140 MiB, 29003 MiB, 100 %
2026/03/27 11:45:36.115, 2, NVIDIA RTX 6000 Ada Generation, 49140 MiB, 21991 MiB, 100 %
2026/03/27 11:45:36.115, 3, NVIDIA RTX 6000 Ada Generation, 49140 MiB, 17248 MiB, 100 %
2026/03/27 11:45:36.115, 4, NVIDIA RTX 6000 Ada Generation, 49140 MiB, 17260 MiB, 100 %
2026/03/27 11:45:36.115, 5, NVIDIA RTX 6000 Ada Generation, 49140 MiB, 2 MiB, 0 %
2026/03/27 11:45:36.211, 6, NVIDIA RTX 6000 Ada Generation, 49140 MiB, 16254 MiB, 0 %
2026/03/27 11:45:36.211, 7, NVIDIA RTX 6000 Ada Generation, 49140 MiB, 21460 MiB, 100 %
2026/03/27 11:45:37.211, 0, NVIDIA RTX 6000 Ada Generation, 49140 MiB, 15890 MiB, 6 %
2026/03/27 11:45:37.211, 1, NVIDIA RTX 6000 Ada Generation, 49140 MiB, 29003 MiB, 100 %
2026/03/27 11:45:37.212, 2, NVIDIA RTX 6000 Ada Generation, 49140 MiB, 21991 MiB, 100 %
2026/03/27 11:45:37.212, 3, NVIDIA RTX 6000 Ada Generation, 49140 MiB, 17248 MiB, 98 %
2026/03/27 11:45:37.212, 4, NVIDIA RTX 6000 Ada Generation, 49140 MiB, 17260 MiB, 100 %
2026/03/27 11:45:37.212, 5, NVIDIA RTX 6000 Ada Generation, 49140 MiB, 2 MiB, 0 %
2026/03/27 11:45:37.212, 6, NVIDIA RTX 6000 Ada Generation, 49140 MiB, 16254 MiB, 0 %
2026/03/27 11:45:37.212, 7, NVIDIA RTX 6000 Ada Generation, 49140 MiB, 21460 MiB, 100 %
2026/03/27 11:45:38.212, 0, NVIDIA RTX 6000 Ada Generation, 49140 MiB, 15890 MiB, 0 %
2026/03/27 11:45:38.212, 1, NVIDIA RTX 6000 Ada Generation, 49140 MiB, 29003 MiB, 100 %
2026/03/27 11:45:38.212, 2, NVIDIA RTX 6000 Ada Generation, 49140 MiB, 21991 MiB, 100 %
2026/03/27 11:45:38.373, 3, NVIDIA RTX 6000 Ada Generation, 49140 MiB, 17248 MiB, 100 %
2026/03/27 11:45:38.374, 4, NVIDIA RTX 6000 Ada Generation, 49140 MiB, 17260 MiB, 100 %
2026/03/27 11:45:38.374, 5, NVIDIA RTX 6000 Ada Generation, 49140 MiB, 2 MiB, 0 %
2026/03/27 11:45:38.374, 6, NVIDIA RTX 6000 Ada Generation, 49140 MiB, 16254 MiB, 0 %
2026/03/27 11:45:38.374, 7, NVIDIA RTX 6000 Ada Generation, 49140 MiB, 21460 MiB, 100 %
2026/03/27 11:45:39.374, 0, NVIDIA RTX 6000 Ada Generation, 49140 MiB, 15890 MiB, 0 %
2026/03/27 11:45:39.374, 1, NVIDIA RTX 6000 Ada Generation, 49140 MiB, 29003 MiB, 100 %
2026/03/27 11:45:39.374, 2, NVIDIA RTX 6000 Ada Generation, 49140 MiB, 21991 MiB, 100 %
2026/03/27 11:45:39.374, 3, NVIDIA RTX 6000 Ada Generation, 49140 MiB, 17248 MiB, 100 %
2026/03/27 11:45:39.374, 4, NVIDIA RTX 6000 Ada Generation, 49140 MiB, 17260 MiB, 100 %
2026/03/27 11:45:39.374, 5, NVIDIA RTX 6000 Ada Generation, 49140 MiB, 2 MiB, 0 %
2026/03/27 11:45:39.374, 6, NVIDIA RTX 6000 Ada Generation, 49140 MiB, 16254 MiB, 0 %
2026/03/27 11:45:39.375, 7, NVIDIA RTX 6000 Ada Generation, 49140 MiB, 21460 MiB, 100 %
2026/03/27 11:45:40.375, 0, NVIDIA RTX 6000 Ada Generation, 49140 MiB, 15890 MiB, 84 %
2026/03/27 11:45:40.375, 1, NVIDIA RTX 6000 Ada Generation, 49140 MiB, 29003 MiB, 100 %
2026/03/27 11:45:40.375, 2, NVIDIA RTX 6000 Ada Generation, 49140 MiB, 21991 MiB, 100 %
2026/03/27 11:45:40.375, 3, NVIDIA RTX 6000 Ada Generation, 49140 MiB, 17248 MiB, 100 %
2026/03/27 11:45:40.375, 4, NVIDIA RTX 6000 Ada Generation, 49140 MiB, 17260 MiB, 100 %
2026/03/27 11:45:40.375, 5, NVIDIA RTX 6000 Ada Generation, 49140 MiB, 2 MiB, 0 %
2026/03/27 11:45:40.375, 6, NVIDIA RTX 6000 Ada Generation, 49140 MiB, 16254 MiB, 0 %
2026/03/27 11:45:40.375, 7, NVIDIA RTX 6000 Ada Generation, 49140 MiB, 21460 MiB, 100 %
2026/03/27 11:45:41.375, 0, NVIDIA RTX 6000 Ada Generation, 49140 MiB, 15890 MiB, 87 %
2026/03/27 11:45:41.376, 1, NVIDIA RTX 6000 Ada Generation, 49140 MiB, 29003 MiB, 100 %
2026/03/27 11:45:41.376, 2, NVIDIA RTX 6000 Ada Generation, 49140 MiB, 21991 MiB, 100 %
2026/03/27 11:45:41.376, 3, NVIDIA RTX 6000 Ada Generation, 49140 MiB, 17248 MiB, 100 %
2026/03/27 11:45:41.581, 4, NVIDIA RTX 6000 Ada Generation, 49140 MiB, 17260 MiB, 99 %
2026/03/27 11:45:41.581, 5, NVIDIA RTX 6000 Ada Generation, 49140 MiB, 2 MiB, 0 %
2026/03/27 11:45:41.581, 6, NVIDIA RTX 6000 Ada Generation, 49140 MiB, 16254 MiB, 0 %
2026/03/27 11:45:41.581, 7, NVIDIA RTX 6000 Ada Generation, 49140 MiB, 21460 MiB, 100 %
2026/03/27 11:45:42.582, 0, NVIDIA RTX 6000 Ada Generation, 49140 MiB, 15890 MiB, 6 %
2026/03/27 11:45:42.582, 1, NVIDIA RTX 6000 Ada Generation, 49140 MiB, 29003 MiB, 100 %
2026/03/27 11:45:42.582, 2, NVIDIA RTX 6000 Ada Generation, 49140 MiB, 21991 MiB, 100 %
2026/03/27 11:45:42.582, 3, NVIDIA RTX 6000 Ada Generation, 49140 MiB, 17248 MiB, 100 %
2026/03/27 11:45:42.582, 4, NVIDIA RTX 6000 Ada Generation, 49140 MiB, 17260 MiB, 100 %
2026/03/27 11:45:42.582, 5, NVIDIA RTX 6000 Ada Generation, 49140 MiB, 2 MiB, 0 %
2026/03/27 11:45:42.582, 6, NVIDIA RTX 6000 Ada Generation, 49140 MiB, 19944 MiB, 1 %
2026/03/27 11:45:42.582, 7, NVIDIA RTX 6000 Ada Generation, 49140 MiB, 21460 MiB, 100 %
2026/03/27 11:45:43.582, 0, NVIDIA RTX 6000 Ada Generation, 49140 MiB, 15890 MiB, 2 %
2026/03/27 11:45:43.717, 1, NVIDIA RTX 6000 Ada Generation, 49140 MiB, 29003 MiB, 100 %
2026/03/27 11:45:43.717, 2, NVIDIA RTX 6000 Ada Generation, 49140 MiB, 21991 MiB, 100 %
2026/03/27 11:45:43.718, 3, NVIDIA RTX 6000 Ada Generation, 49140 MiB, 17248 MiB, 100 %
2026/03/27 11:45:43.718, 4, NVIDIA RTX 6000 Ada Generation, 49140 MiB, 17260 MiB, 100 %
2026/03/27 11:45:43.718, 5, NVIDIA RTX 6000 Ada Generation, 49140 MiB, 2 MiB, 0 %
2026/03/27 11:45:43.718, 6, NVIDIA RTX 6000 Ada Generation, 49140 MiB, 45372 MiB, 81 %
2026/03/27 11:45:43.718, 7, NVIDIA RTX 6000 Ada Generation, 49140 MiB, 21460 MiB, 100 %
2026/03/27 11:45:44.718, 0, NVIDIA RTX 6000 Ada Generation, 49140 MiB, 15890 MiB, 6 %
2026/03/27 11:45:44.952, 1, NVIDIA RTX 6000 Ada Generation, 49140 MiB, 29003 MiB, 100 %
2026/03/27 11:45:44.952, 2, NVIDIA RTX 6000 Ada Generation, 49140 MiB, 21991 MiB, 100 %
2026/03/27 11:45:44.952, 3, NVIDIA RTX 6000 Ada Generation, 49140 MiB, 17248 MiB, 100 %
2026/03/27 11:45:44.952, 4, NVIDIA RTX 6000 Ada Generation, 49140 MiB, 17260 MiB, 100 %
2026/03/27 11:45:44.952, 5, NVIDIA RTX 6000 Ada Generation, 49140 MiB, 2 MiB, 0 %
2026/03/27 11:45:44.953, 6, NVIDIA RTX 6000 Ada Generation, 49140 MiB, 45372 MiB, 0 %
2026/03/27 11:45:45.142, 7, NVIDIA RTX 6000 Ada Generation, 49140 MiB, 21460 MiB, 100 %
2026/03/27 11:45:46.148, 0, NVIDIA RTX 6000 Ada Generation, 49140 MiB, 15890 MiB, 6 %
2026/03/27 11:45:46.148, 1, NVIDIA RTX 6000 Ada Generation, 49140 MiB, 29003 MiB, 100 %
2026/03/27 11:45:46.148, 2, NVIDIA RTX 6000 Ada Generation, 49140 MiB, 21991 MiB, 100 %
2026/03/27 11:45:46.148, 3, NVIDIA RTX 6000 Ada Generation, 49140 MiB, 17248 MiB, 100 %
2026/03/27 11:45:46.148, 4, NVIDIA RTX 6000 Ada Generation, 49140 MiB, 17260 MiB, 100 %
2026/03/27 11:45:46.148, 5, NVIDIA RTX 6000 Ada Generation, 49140 MiB, 2 MiB, 0 %
2026/03/27 11:45:46.148, 6, NVIDIA RTX 6000 Ada Generation, 49140 MiB, 2 MiB, 100 %
2026/03/27 11:45:46.148, 7, NVIDIA RTX 6000 Ada Generation, 49140 MiB, 21460 MiB, 100 %
2026/03/27 11:45:47.148, 0, NVIDIA RTX 6000 Ada Generation, 49140 MiB, 15890 MiB, 0 %
2026/03/27 11:45:47.149, 1, NVIDIA RTX 6000 Ada Generation, 49140 MiB, 29003 MiB, 100 %
2026/03/27 11:45:47.149, 2, NVIDIA RTX 6000 Ada Generation, 49140 MiB, 21991 MiB, 100 %
2026/03/27 11:45:47.149, 3, NVIDIA RTX 6000 Ada Generation, 49140 MiB, 17248 MiB, 100 %
2026/03/27 11:45:47.235, 4, NVIDIA RTX 6000 Ada Generation, 49140 MiB, 17260 MiB, 100 %
2026/03/27 11:45:47.235, 5, NVIDIA RTX 6000 Ada Generation, 49140 MiB, 2 MiB, 0 %
2026/03/27 11:45:47.236, 6, NVIDIA RTX 6000 Ada Generation, 49140 MiB, 2 MiB, 0 %
2026/03/27 11:45:47.236, 7, NVIDIA RTX 6000 Ada Generation, 49140 MiB, 21460 MiB, 100 %
2026/03/27 11:45:48.236, 0, NVIDIA RTX 6000 Ada Generation, 49140 MiB, 15890 MiB, 0 %
2026/03/27 11:45:48.236, 1, NVIDIA RTX 6000 Ada Generation, 49140 MiB, 29003 MiB, 100 %
2026/03/27 11:45:48.236, 2, NVIDIA RTX 6000 Ada Generation, 49140 MiB, 21991 MiB, 100 %
2026/03/27 11:45:48.236, 3, NVIDIA RTX 6000 Ada Generation, 49140 MiB, 17248 MiB, 100 %
2026/03/27 11:45:48.236, 4, NVIDIA RTX 6000 Ada Generation, 49140 MiB, 17260 MiB, 100 %
2026/03/27 11:45:48.236, 5, NVIDIA RTX 6000 Ada Generation, 49140 MiB, 2 MiB, 0 %
2026/03/27 11:45:48.236, 6, NVIDIA RTX 6000 Ada Generation, 49140 MiB, 2 MiB, 0 %
2026/03/27 11:45:48.236, 7, NVIDIA RTX 6000 Ada Generation, 49140 MiB, 21460 MiB, 100 %
2026/03/27 11:45:49.237, 0, NVIDIA RTX 6000 Ada Generation, 49140 MiB, 15890 MiB, 93 %
2026/03/27 11:45:49.558, 1, NVIDIA RTX 6000 Ada Generation, 49140 MiB, 29003 MiB, 100 %
2026/03/27 11:45:49.559, 2, NVIDIA RTX 6000 Ada Generation, 49140 MiB, 21991 MiB, 100 %
2026/03/27 11:45:49.559, 3, NVIDIA RTX 6000 Ada Generation, 49140 MiB, 17248 MiB, 100 %
2026/03/27 11:45:49.559, 4, NVIDIA RTX 6000 Ada Generation, 49140 MiB, 17260 MiB, 100 %
2026/03/27 11:45:49.559, 5, NVIDIA RTX 6000 Ada Generation, 49140 MiB, 2 MiB, 0 %
2026/03/27 11:45:49.559, 6, NVIDIA RTX 6000 Ada Generation, 49140 MiB, 4 MiB, 0 %
2026/03/27 11:45:49.559, 7, NVIDIA RTX 6000 Ada Generation, 49140 MiB, 21460 MiB, 100 %
2026/03/27 11:45:50.559, 0, NVIDIA RTX 6000 Ada Generation, 49140 MiB, 15890 MiB, 0 %
2026/03/27 11:45:50.812, 1, NVIDIA RTX 6000 Ada Generation, 49140 MiB, 29003 MiB, 100 %
2026/03/27 11:45:50.812, 2, NVIDIA RTX 6000 Ada Generation, 49140 MiB, 21991 MiB, 100 %
2026/03/27 11:45:50.812, 3, NVIDIA RTX 6000 Ada Generation, 49140 MiB, 17248 MiB, 99 %
2026/03/27 11:45:50.813, 4, NVIDIA RTX 6000 Ada Generation, 49140 MiB, 17260 MiB, 99 %
2026/03/27 11:45:50.813, 5, NVIDIA RTX 6000 Ada Generation, 49140 MiB, 2 MiB, 0 %
2026/03/27 11:45:50.813, 6, NVIDIA RTX 6000 Ada Generation, 49140 MiB, 4 MiB, 0 %
2026/03/27 11:45:50.813, 7, NVIDIA RTX 6000 Ada Generation, 49140 MiB, 21460 MiB, 100 %
2026/03/27 11:45:51.813, 0, NVIDIA RTX 6000 Ada Generation, 49140 MiB, 15890 MiB, 0 %
2026/03/27 11:45:51.813, 1, NVIDIA RTX 6000 Ada Generation, 49140 MiB, 29003 MiB, 100 %
2026/03/27 11:45:51.813, 2, NVIDIA RTX 6000 Ada Generation, 49140 MiB, 21991 MiB, 100 %
2026/03/27 11:45:51.814, 3, NVIDIA RTX 6000 Ada Generation, 49140 MiB, 17248 MiB, 100 %
2026/03/27 11:45:51.814, 4, NVIDIA RTX 6000 Ada Generation, 49140 MiB, 17260 MiB, 100 %
2026/03/27 11:45:51.814, 5, NVIDIA RTX 6000 Ada Generation, 49140 MiB, 2 MiB, 0 %
2026/03/27 11:45:51.814, 6, NVIDIA RTX 6000 Ada Generation, 49140 MiB, 16254 MiB, 20 %
2026/03/27 11:45:51.814, 7, NVIDIA RTX 6000 Ada Generation, 49140 MiB, 21460 MiB, 100 %
2026/03/27 11:45:52.814, 0, NVIDIA RTX 6000 Ada Generation, 49140 MiB, 15890 MiB, 0 %
2026/03/27 11:45:52.814, 1, NVIDIA RTX 6000 Ada Generation, 49140 MiB, 29003 MiB, 100 %
2026/03/27 11:45:52.814, 2, NVIDIA RTX 6000 Ada Generation, 49140 MiB, 21991 MiB, 100 %
2026/03/27 11:45:52.875, 3, NVIDIA RTX 6000 Ada Generation, 49140 MiB, 17248 MiB, 100 %
2026/03/27 11:45:52.875, 4, NVIDIA RTX 6000 Ada Generation, 49140 MiB, 17260 MiB, 100 %
2026/03/27 11:45:52.875, 5, NVIDIA RTX 6000 Ada Generation, 49140 MiB, 2 MiB, 0 %
2026/03/27 11:45:52.876, 6, NVIDIA RTX 6000 Ada Generation, 49140 MiB, 16254 MiB, 14 %
2026/03/27 11:45:52.876, 7, NVIDIA RTX 6000 Ada Generation, 49140 MiB, 21460 MiB, 100 %
2026/03/27 11:45:53.876, 0, NVIDIA RTX 6000 Ada Generation, 49140 MiB, 15890 MiB, 87 %
2026/03/27 11:45:53.876, 1, NVIDIA RTX 6000 Ada Generation, 49140 MiB, 29003 MiB, 100 %
2026/03/27 11:45:53.876, 2, NVIDIA RTX 6000 Ada Generation, 49140 MiB, 21991 MiB, 100 %
2026/03/27 11:45:53.876, 3, NVIDIA RTX 6000 Ada Generation, 49140 MiB, 17248 MiB, 100 %
2026/03/27 11:45:53.876, 4, NVIDIA RTX 6000 Ada Generation, 49140 MiB, 17260 MiB, 100 %
2026/03/27 11:45:53.876, 5, NVIDIA RTX 6000 Ada Generation, 49140 MiB, 2 MiB, 0 %
2026/03/27 11:45:53.876, 6, NVIDIA RTX 6000 Ada Generation, 49140 MiB, 16254 MiB, 14 %
2026/03/27 11:45:53.876, 7, NVIDIA RTX 6000 Ada Generation, 49140 MiB, 21460 MiB, 100 %
2026/03/27 11:45:54.877, 0, NVIDIA RTX 6000 Ada Generation, 49140 MiB, 15890 MiB, 92 %
2026/03/27 11:45:54.877, 1, NVIDIA RTX 6000 Ada Generation, 49140 MiB, 29003 MiB, 100 %
2026/03/27 11:45:54.877, 2, NVIDIA RTX 6000 Ada Generation, 49140 MiB, 21991 MiB, 100 %
2026/03/27 11:45:54.877, 3, NVIDIA RTX 6000 Ada Generation, 49140 MiB, 17248 MiB, 100 %
2026/03/27 11:45:54.877, 4, NVIDIA RTX 6000 Ada Generation, 49140 MiB, 17260 MiB, 99 %
2026/03/27 11:45:54.877, 5, NVIDIA RTX 6000 Ada Generation, 49140 MiB, 2 MiB, 0 %
2026/03/27 11:45:54.877, 6, NVIDIA RTX 6000 Ada Generation, 49140 MiB, 16254 MiB, 14 %
2026/03/27 11:45:54.877, 7, NVIDIA RTX 6000 Ada Generation, 49140 MiB, 21460 MiB, 100 %
2026/03/27 11:45:55.877, 0, NVIDIA RTX 6000 Ada Generation, 49140 MiB, 15890 MiB, 92 %
2026/03/27 11:45:55.878, 1, NVIDIA RTX 6000 Ada Generation, 49140 MiB, 29003 MiB, 100 %
2026/03/27 11:45:55.878, 2, NVIDIA RTX 6000 Ada Generation, 49140 MiB, 21991 MiB, 100 %
2026/03/27 11:45:55.878, 3, NVIDIA RTX 6000 Ada Generation, 49140 MiB, 17248 MiB, 100 %
2026/03/27 11:45:56.083, 4, NVIDIA RTX 6000 Ada Generation, 49140 MiB, 17260 MiB, 100 %
2026/03/27 11:45:56.084, 5, NVIDIA RTX 6000 Ada Generation, 49140 MiB, 2 MiB, 0 %
2026/03/27 11:45:56.084, 6, NVIDIA RTX 6000 Ada Generation, 49140 MiB, 16254 MiB, 14 %
2026/03/27 11:45:56.084, 7, NVIDIA RTX 6000 Ada Generation, 49140 MiB, 21460 MiB, 100 %
2026/03/27 11:45:57.084, 0, NVIDIA RTX 6000 Ada Generation, 49140 MiB, 15890 MiB, 0 %
2026/03/27 11:45:57.084, 1, NVIDIA RTX 6000 Ada Generation, 49140 MiB, 29003 MiB, 100 %
2026/03/27 11:45:57.085, 2, NVIDIA RTX 6000 Ada Generation, 49140 MiB, 21991 MiB, 100 %
2026/03/27 11:45:57.085, 3, NVIDIA RTX 6000 Ada Generation, 49140 MiB, 17248 MiB, 100 %
2026/03/27 11:45:57.085, 4, NVIDIA RTX 6000 Ada Generation, 49140 MiB, 17260 MiB, 100 %
2026/03/27 11:45:57.085, 5, NVIDIA RTX 6000 Ada Generation, 49140 MiB, 2 MiB, 0 %
2026/03/27 11:45:57.085, 6, NVIDIA RTX 6000 Ada Generation, 49140 MiB, 16254 MiB, 0 %
2026/03/27 11:45:57.085, 7, NVIDIA RTX 6000 Ada Generation, 49140 MiB, 21460 MiB, 100 %
2026/03/27 11:45:58.085, 0, NVIDIA RTX 6000 Ada Generation, 49140 MiB, 15890 MiB, 6 %
2026/03/27 11:45:58.189, 1, NVIDIA RTX 6000 Ada Generation, 49140 MiB, 29003 MiB, 100 %
2026/03/27 11:45:58.190, 2, NVIDIA RTX 6000 Ada Generation, 49140 MiB, 21991 MiB, 100 %
2026/03/27 11:45:58.190, 3, NVIDIA RTX 6000 Ada Generation, 49140 MiB, 17248 MiB, 99 %
2026/03/27 11:45:58.190, 4, NVIDIA RTX 6000 Ada Generation, 49140 MiB, 17260 MiB, 100 %
2026/03/27 11:45:58.190, 5, NVIDIA RTX 6000 Ada Generation, 49140 MiB, 2 MiB, 0 %
2026/03/27 11:45:58.190, 6, NVIDIA RTX 6000 Ada Generation, 49140 MiB, 16254 MiB, 0 %
2026/03/27 11:45:58.190, 7, NVIDIA RTX 6000 Ada Generation, 49140 MiB, 21460 MiB, 100 %
2026/03/27 11:45:59.190, 0, NVIDIA RTX 6000 Ada Generation, 49140 MiB, 15890 MiB, 6 %
2026/03/27 11:45:59.190, 1, NVIDIA RTX 6000 Ada Generation, 49140 MiB, 29003 MiB, 100 %
2026/03/27 11:45:59.190, 2, NVIDIA RTX 6000 Ada Generation, 49140 MiB, 21991 MiB, 100 %
2026/03/27 11:45:59.191, 3, NVIDIA RTX 6000 Ada Generation, 49140 MiB, 17248 MiB, 100 %
2026/03/27 11:45:59.191, 4, NVIDIA RTX 6000 Ada Generation, 49140 MiB, 17260 MiB, 100 %
2026/03/27 11:45:59.191, 5, NVIDIA RTX 6000 Ada Generation, 49140 MiB, 2 MiB, 0 %
2026/03/27 11:45:59.319, 6, NVIDIA RTX 6000 Ada Generation, 49140 MiB, 16254 MiB, 0 %
2026/03/27 11:45:59.319, 7, NVIDIA RTX 6000 Ada Generation, 49140 MiB, 21460 MiB, 100 %
2026/03/27 11:46:00.319, 0, NVIDIA RTX 6000 Ada Generation, 49140 MiB, 15890 MiB, 6 %
2026/03/27 11:46:00.320, 1, NVIDIA RTX 6000 Ada Generation, 49140 MiB, 29003 MiB, 100 %
2026/03/27 11:46:00.320, 2, NVIDIA RTX 6000 Ada Generation, 49140 MiB, 21991 MiB, 99 %
2026/03/27 11:46:00.320, 3, NVIDIA RTX 6000 Ada Generation, 49140 MiB, 17248 MiB, 100 %
2026/03/27 11:46:00.320, 4, NVIDIA RTX 6000 Ada Generation, 49140 MiB, 17260 MiB, 100 %
2026/03/27 11:46:00.320, 5, NVIDIA RTX 6000 Ada Generation, 49140 MiB, 2 MiB, 0 %
2026/03/27 11:46:00.320, 6, NVIDIA RTX 6000 Ada Generation, 49140 MiB, 16254 MiB, 0 %
2026/03/27 11:46:00.320, 7, NVIDIA RTX 6000 Ada Generation, 49140 MiB, 21460 MiB, 100 %
2026/03/27 11:46:01.320, 0, NVIDIA RTX 6000 Ada Generation, 49140 MiB, 15890 MiB, 4 %
2026/03/27 11:46:01.320, 1, NVIDIA RTX 6000 Ada Generation, 49140 MiB, 29003 MiB, 100 %
2026/03/27 11:46:01.320, 2, NVIDIA RTX 6000 Ada Generation, 49140 MiB, 21991 MiB, 100 %
2026/03/27 11:46:01.491, 3, NVIDIA RTX 6000 Ada Generation, 49140 MiB, 17248 MiB, 100 %
2026/03/27 11:46:01.492, 4, NVIDIA RTX 6000 Ada Generation, 49140 MiB, 17260 MiB, 100 %
2026/03/27 11:46:01.492, 5, NVIDIA RTX 6000 Ada Generation, 49140 MiB, 2 MiB, 0 %
2026/03/27 11:46:01.492, 6, NVIDIA RTX 6000 Ada Generation, 49140 MiB, 16254 MiB, 0 %
2026/03/27 11:46:01.492, 7, NVIDIA RTX 6000 Ada Generation, 49140 MiB, 21460 MiB, 100 %
2026/03/27 11:46:02.492, 0, NVIDIA RTX 6000 Ada Generation, 49140 MiB, 15890 MiB, 0 %
2026/03/27 11:46:02.493, 1, NVIDIA RTX 6000 Ada Generation, 49140 MiB, 29003 MiB, 100 %
2026/03/27 11:46:02.493, 2, NVIDIA RTX 6000 Ada Generation, 49140 MiB, 21991 MiB, 100 %
2026/03/27 11:46:02.493, 3, NVIDIA RTX 6000 Ada Generation, 49140 MiB, 17248 MiB, 100 %
2026/03/27 11:46:02.493, 4, NVIDIA RTX 6000 Ada Generation, 49140 MiB, 17260 MiB, 100 %
2026/03/27 11:46:02.493, 5, NVIDIA RTX 6000 Ada Generation, 49140 MiB, 2 MiB, 0 %
2026/03/27 11:46:02.493, 6, NVIDIA RTX 6000 Ada Generation, 49140 MiB, 16254 MiB, 0 %
2026/03/27 11:46:02.493, 7, NVIDIA RTX 6000 Ada Generation, 49140 MiB, 21460 MiB, 100 %
2026/03/27 11:46:03.493, 0, NVIDIA RTX 6000 Ada Generation, 49140 MiB, 15890 MiB, 0 %
2026/03/27 11:46:03.493, 1, NVIDIA RTX 6000 Ada Generation, 49140 MiB, 29003 MiB, 100 %
2026/03/27 11:46:03.493, 2, NVIDIA RTX 6000 Ada Generation, 49140 MiB, 21991 MiB, 100 %
2026/03/27 11:46:03.494, 3, NVIDIA RTX 6000 Ada Generation, 49140 MiB, 17248 MiB, 100 %
2026/03/27 11:46:03.494, 4, NVIDIA RTX 6000 Ada Generation, 49140 MiB, 17260 MiB, 100 %
2026/03/27 11:46:03.494, 5, NVIDIA RTX 6000 Ada Generation, 49140 MiB, 2 MiB, 0 %
2026/03/27 11:46:03.494, 6, NVIDIA RTX 6000 Ada Generation, 49140 MiB, 16254 MiB, 0 %
2026/03/27 11:46:03.494, 7, NVIDIA RTX 6000 Ada Generation, 49140 MiB, 21460 MiB, 100 %
2026/03/27 11:46:04.494, 0, NVIDIA RTX 6000 Ada Generation, 49140 MiB, 15890 MiB, 85 %
2026/03/27 11:46:04.494, 1, NVIDIA RTX 6000 Ada Generation, 49140 MiB, 29003 MiB, 100 %
2026/03/27 11:46:04.494, 2, NVIDIA RTX 6000 Ada Generation, 49140 MiB, 21991 MiB, 100 %
2026/03/27 11:46:04.494, 3, NVIDIA RTX 6000 Ada Generation, 49140 MiB, 17248 MiB, 100 %
2026/03/27 11:46:04.648, 4, NVIDIA RTX 6000 Ada Generation, 49140 MiB, 17260 MiB, 100 %
2026/03/27 11:46:04.649, 5, NVIDIA RTX 6000 Ada Generation, 49140 MiB, 2 MiB, 0 %
2026/03/27 11:46:04.649, 6, NVIDIA RTX 6000 Ada Generation, 49140 MiB, 16254 MiB, 0 %
2026/03/27 11:46:04.649, 7, NVIDIA RTX 6000 Ada Generation, 49140 MiB, 21460 MiB, 100 %
2026/03/27 11:46:05.650, 0, NVIDIA RTX 6000 Ada Generation, 49140 MiB, 15890 MiB, 84 %
2026/03/27 11:46:05.650, 1, NVIDIA RTX 6000 Ada Generation, 49140 MiB, 29003 MiB, 100 %
2026/03/27 11:46:05.650, 2, NVIDIA RTX 6000 Ada Generation, 49140 MiB, 21991 MiB, 100 %
2026/03/27 11:46:05.650, 3, NVIDIA RTX 6000 Ada Generation, 49140 MiB, 17248 MiB, 100 %
2026/03/27 11:46:05.650, 4, NVIDIA RTX 6000 Ada Generation, 49140 MiB, 17260 MiB, 100 %
2026/03/27 11:46:05.650, 5, NVIDIA RTX 6000 Ada Generation, 49140 MiB, 2 MiB, 0 %
2026/03/27 11:46:05.650, 6, NVIDIA RTX 6000 Ada Generation, 49140 MiB, 16254 MiB, 0 %
2026/03/27 11:46:05.650, 7, NVIDIA RTX 6000 Ada Generation, 49140 MiB, 21460 MiB, 100 %
2026/03/27 11:46:06.650, 0, NVIDIA RTX 6000 Ada Generation, 49140 MiB, 15890 MiB, 79 %
2026/03/27 11:46:06.729, 1, NVIDIA RTX 6000 Ada Generation, 49140 MiB, 29003 MiB, 100 %
2026/03/27 11:46:06.730, 2, NVIDIA RTX 6000 Ada Generation, 49140 MiB, 21991 MiB, 93 %
2026/03/27 11:46:06.730, 3, NVIDIA RTX 6000 Ada Generation, 49140 MiB, 17248 MiB, 100 %
2026/03/27 11:46:06.730, 4, NVIDIA RTX 6000 Ada Generation, 49140 MiB, 17260 MiB, 100 %
2026/03/27 11:46:06.730, 5, NVIDIA RTX 6000 Ada Generation, 49140 MiB, 2 MiB, 0 %
2026/03/27 11:46:06.730, 6, NVIDIA RTX 6000 Ada Generation, 49140 MiB, 16254 MiB, 0 %
2026/03/27 11:46:06.730, 7, NVIDIA RTX 6000 Ada Generation, 49140 MiB, 21460 MiB, 100 %
2026/03/27 11:46:07.730, 0, NVIDIA RTX 6000 Ada Generation, 49140 MiB, 15890 MiB, 6 %
2026/03/27 11:46:07.731, 1, NVIDIA RTX 6000 Ada Generation, 49140 MiB, 29003 MiB, 100 %
2026/03/27 11:46:07.731, 2, NVIDIA RTX 6000 Ada Generation, 49140 MiB, 21991 MiB, 100 %
2026/03/27 11:46:07.731, 3, NVIDIA RTX 6000 Ada Generation, 49140 MiB, 17248 MiB, 100 %
2026/03/27 11:46:07.731, 4, NVIDIA RTX 6000 Ada Generation, 49140 MiB, 17260 MiB, 99 %
2026/03/27 11:46:07.731, 5, NVIDIA RTX 6000 Ada Generation, 49140 MiB, 2 MiB, 0 %
2026/03/27 11:46:07.833, 6, NVIDIA RTX 6000 Ada Generation, 49140 MiB, 16254 MiB, 0 %
2026/03/27 11:46:07.833, 7, NVIDIA RTX 6000 Ada Generation, 49140 MiB, 21460 MiB, 100 %
2026/03/27 11:46:08.833, 0, NVIDIA RTX 6000 Ada Generation, 49140 MiB, 15890 MiB, 0 %
2026/03/27 11:46:08.834, 1, NVIDIA RTX 6000 Ada Generation, 49140 MiB, 29003 MiB, 100 %
2026/03/27 11:46:08.834, 2, NVIDIA RTX 6000 Ada Generation, 49140 MiB, 21991 MiB, 100 %
2026/03/27 11:46:08.834, 3, NVIDIA RTX 6000 Ada Generation, 49140 MiB, 17248 MiB, 100 %
2026/03/27 11:46:08.834, 4, NVIDIA RTX 6000 Ada Generation, 49140 MiB, 17260 MiB, 100 %
2026/03/27 11:46:08.834, 5, NVIDIA RTX 6000 Ada Generation, 49140 MiB, 2 MiB, 0 %
2026/03/27 11:46:08.834, 6, NVIDIA RTX 6000 Ada Generation, 49140 MiB, 16254 MiB, 0 %
2026/03/27 11:46:08.834, 7, NVIDIA RTX 6000 Ada Generation, 49140 MiB, 21460 MiB, 100 %
2026/03/27 11:46:09.834, 0, NVIDIA RTX 6000 Ada Generation, 49140 MiB, 15890 MiB, 6 %
2026/03/27 11:46:10.013, 1, NVIDIA RTX 6000 Ada Generation, 49140 MiB, 29003 MiB, 100 %
2026/03/27 11:46:10.242, 2, NVIDIA RTX 6000 Ada Generation, 49140 MiB, 21991 MiB, 100 %
2026/03/27 11:46:10.242, 3, NVIDIA RTX 6000 Ada Generation, 49140 MiB, 17248 MiB, 100 %
2026/03/27 11:46:10.242, 4, NVIDIA RTX 6000 Ada Generation, 49140 MiB, 17260 MiB, 100 %
2026/03/27 11:46:10.243, 5, NVIDIA RTX 6000 Ada Generation, 49140 MiB, 2 MiB, 0 %
2026/03/27 11:46:10.243, 6, NVIDIA RTX 6000 Ada Generation, 49140 MiB, 21142 MiB, 46 %
2026/03/27 11:46:10.243, 7, NVIDIA RTX 6000 Ada Generation, 49140 MiB, 21460 MiB, 100 %
2026/03/27 11:46:11.243, 0, NVIDIA RTX 6000 Ada Generation, 49140 MiB, 15890 MiB, 6 %
2026/03/27 11:46:11.243, 1, NVIDIA RTX 6000 Ada Generation, 49140 MiB, 29003 MiB, 100 %
2026/03/27 11:46:11.243, 2, NVIDIA RTX 6000 Ada Generation, 49140 MiB, 21991 MiB, 99 %
2026/03/27 11:46:11.243, 3, NVIDIA RTX 6000 Ada Generation, 49140 MiB, 17248 MiB, 100 %
2026/03/27 11:46:11.243, 4, NVIDIA RTX 6000 Ada Generation, 49140 MiB, 17260 MiB, 99 %
2026/03/27 11:46:11.243, 5, NVIDIA RTX 6000 Ada Generation, 49140 MiB, 2 MiB, 0 %
2026/03/27 11:46:11.243, 6, NVIDIA RTX 6000 Ada Generation, 49140 MiB, 32132 MiB, 0 %
2026/03/27 11:46:11.243, 7, NVIDIA RTX 6000 Ada Generation, 49140 MiB, 21460 MiB, 100 %
2026/03/27 11:46:12.243, 0, NVIDIA RTX 6000 Ada Generation, 49140 MiB, 15890 MiB, 3 %
2026/03/27 11:46:12.335, 1, NVIDIA RTX 6000 Ada Generation, 49140 MiB, 29003 MiB, 100 %
2026/03/27 11:46:12.336, 2, NVIDIA RTX 6000 Ada Generation, 49140 MiB, 21991 MiB, 100 %
2026/03/27 11:46:12.336, 3, NVIDIA RTX 6000 Ada Generation, 49140 MiB, 17248 MiB, 100 %
2026/03/27 11:46:12.336, 4, NVIDIA RTX 6000 Ada Generation, 49140 MiB, 17260 MiB, 100 %
2026/03/27 11:46:12.336, 5, NVIDIA RTX 6000 Ada Generation, 49140 MiB, 2 MiB, 0 %
2026/03/27 11:46:12.336, 6, NVIDIA RTX 6000 Ada Generation, 49140 MiB, 47800 MiB, 100 %
2026/03/27 11:46:12.336, 7, NVIDIA RTX 6000 Ada Generation, 49140 MiB, 21460 MiB, 100 %
2026/03/27 11:46:13.337, 0, NVIDIA RTX 6000 Ada Generation, 49140 MiB, 15890 MiB, 6 %
2026/03/27 11:46:13.447, 1, NVIDIA RTX 6000 Ada Generation, 49140 MiB, 29003 MiB, 100 %
2026/03/27 11:46:13.603, 2, NVIDIA RTX 6000 Ada Generation, 49140 MiB, 21991 MiB, 100 %
2026/03/27 11:46:13.605, 3, NVIDIA RTX 6000 Ada Generation, 49140 MiB, 17248 MiB, 100 %
2026/03/27 11:46:13.607, 4, NVIDIA RTX 6000 Ada Generation, 49140 MiB, 17260 MiB, 99 %
2026/03/27 11:46:13.801, 5, NVIDIA RTX 6000 Ada Generation, 49140 MiB, 2 MiB, 0 %
2026/03/27 11:46:13.803, 6, NVIDIA RTX 6000 Ada Generation, 49140 MiB, 47800 MiB, 0 %
2026/03/27 11:46:13.804, 7, NVIDIA RTX 6000 Ada Generation, 49140 MiB, 21460 MiB, 100 %
2026/03/27 11:46:14.808, 0, NVIDIA RTX 6000 Ada Generation, 49140 MiB, 15890 MiB, 6 %
2026/03/27 11:46:14.809, 1, NVIDIA RTX 6000 Ada Generation, 49140 MiB, 29003 MiB, 100 %
2026/03/27 11:46:14.809, 2, NVIDIA RTX 6000 Ada Generation, 49140 MiB, 21991 MiB, 100 %
2026/03/27 11:46:14.809, 3, NVIDIA RTX 6000 Ada Generation, 49140 MiB, 17248 MiB, 100 %
2026/03/27 11:46:14.809, 4, NVIDIA RTX 6000 Ada Generation, 49140 MiB, 17260 MiB, 100 %
2026/03/27 11:46:14.809, 5, NVIDIA RTX 6000 Ada Generation, 49140 MiB, 2 MiB, 0 %
2026/03/27 11:46:14.809, 6, NVIDIA RTX 6000 Ada Generation, 49140 MiB, 2 MiB, 100 %
2026/03/27 11:46:14.809, 7, NVIDIA RTX 6000 Ada Generation, 49140 MiB, 21460 MiB, 100 %
2026/03/27 11:46:15.809, 0, NVIDIA RTX 6000 Ada Generation, 49140 MiB, 15890 MiB, 0 %
2026/03/27 11:46:15.809, 1, NVIDIA RTX 6000 Ada Generation, 49140 MiB, 29003 MiB, 100 %
2026/03/27 11:46:15.810, 2, NVIDIA RTX 6000 Ada Generation, 49140 MiB, 21991 MiB, 99 %
2026/03/27 11:46:15.810, 3, NVIDIA RTX 6000 Ada Generation, 49140 MiB, 17248 MiB, 100 %
2026/03/27 11:46:15.862, 4, NVIDIA RTX 6000 Ada Generation, 49140 MiB, 17260 MiB, 100 %
2026/03/27 11:46:15.863, 5, NVIDIA RTX 6000 Ada Generation, 49140 MiB, 2 MiB, 0 %
2026/03/27 11:46:15.863, 6, NVIDIA RTX 6000 Ada Generation, 49140 MiB, 2 MiB, 0 %
2026/03/27 11:46:15.863, 7, NVIDIA RTX 6000 Ada Generation, 49140 MiB, 21460 MiB, 100 %
2026/03/27 11:46:16.863, 0, NVIDIA RTX 6000 Ada Generation, 49140 MiB, 15890 MiB, 0 %
2026/03/27 11:46:16.863, 1, NVIDIA RTX 6000 Ada Generation, 49140 MiB, 29003 MiB, 100 %
2026/03/27 11:46:16.863, 2, NVIDIA RTX 6000 Ada Generation, 49140 MiB, 21991 MiB, 100 %
2026/03/27 11:46:16.863, 3, NVIDIA RTX 6000 Ada Generation, 49140 MiB, 17248 MiB, 99 %
2026/03/27 11:46:16.864, 4, NVIDIA RTX 6000 Ada Generation, 49140 MiB, 17260 MiB, 100 %
2026/03/27 11:46:16.864, 5, NVIDIA RTX 6000 Ada Generation, 49140 MiB, 2 MiB, 0 %
2026/03/27 11:46:16.864, 6, NVIDIA RTX 6000 Ada Generation, 49140 MiB, 4 MiB, 0 %
2026/03/27 11:46:16.864, 7, NVIDIA RTX 6000 Ada Generation, 49140 MiB, 21460 MiB, 100 %
2026/03/27 11:46:17.864, 0, NVIDIA RTX 6000 Ada Generation, 49140 MiB, 15890 MiB, 95 %
2026/03/27 11:46:18.155, 1, NVIDIA RTX 6000 Ada Generation, 49140 MiB, 29003 MiB, 100 %
2026/03/27 11:46:18.155, 2, NVIDIA RTX 6000 Ada Generation, 49140 MiB, 21991 MiB, 100 %
2026/03/27 11:46:18.155, 3, NVIDIA RTX 6000 Ada Generation, 49140 MiB, 17248 MiB, 100 %
2026/03/27 11:46:18.155, 4, NVIDIA RTX 6000 Ada Generation, 49140 MiB, 17260 MiB, 100 %
2026/03/27 11:46:18.155, 5, NVIDIA RTX 6000 Ada Generation, 49140 MiB, 2 MiB, 0 %
2026/03/27 11:46:18.155, 6, NVIDIA RTX 6000 Ada Generation, 49140 MiB, 16254 MiB, 3 %
2026/03/27 11:46:18.155, 7, NVIDIA RTX 6000 Ada Generation, 49140 MiB, 21460 MiB, 100 %
2026/03/27 11:46:19.156, 0, NVIDIA RTX 6000 Ada Generation, 49140 MiB, 15890 MiB, 0 %
2026/03/27 11:46:19.156, 1, NVIDIA RTX 6000 Ada Generation, 49140 MiB, 29003 MiB, 100 %
2026/03/27 11:46:19.156, 2, NVIDIA RTX 6000 Ada Generation, 49140 MiB, 21991 MiB, 100 %
2026/03/27 11:46:19.156, 3, NVIDIA RTX 6000 Ada Generation, 49140 MiB, 17248 MiB, 100 %
2026/03/27 11:46:19.156, 4, NVIDIA RTX 6000 Ada Generation, 49140 MiB, 17260 MiB, 100 %
2026/03/27 11:46:19.156, 5, NVIDIA RTX 6000 Ada Generation, 49140 MiB, 2 MiB, 0 %
2026/03/27 11:46:19.226, 6, NVIDIA RTX 6000 Ada Generation, 49140 MiB, 16254 MiB, 13 %
2026/03/27 11:46:19.226, 7, NVIDIA RTX 6000 Ada Generation, 49140 MiB, 21460 MiB, 100 %
2026/03/27 11:46:20.226, 0, NVIDIA RTX 6000 Ada Generation, 49140 MiB, 15890 MiB, 6 %
2026/03/27 11:46:20.226, 1, NVIDIA RTX 6000 Ada Generation, 49140 MiB, 29003 MiB, 100 %
2026/03/27 11:46:20.227, 2, NVIDIA RTX 6000 Ada Generation, 49140 MiB, 21991 MiB, 100 %
2026/03/27 11:46:20.227, 3, NVIDIA RTX 6000 Ada Generation, 49140 MiB, 17248 MiB, 100 %
2026/03/27 11:46:20.227, 4, NVIDIA RTX 6000 Ada Generation, 49140 MiB, 17260 MiB, 100 %
2026/03/27 11:46:20.227, 5, NVIDIA RTX 6000 Ada Generation, 49140 MiB, 2 MiB, 0 %
2026/03/27 11:46:20.227, 6, NVIDIA RTX 6000 Ada Generation, 49140 MiB, 16254 MiB, 13 %
2026/03/27 11:46:20.227, 7, NVIDIA RTX 6000 Ada Generation, 49140 MiB, 21460 MiB, 100 %
2026/03/27 11:46:21.227, 0, NVIDIA RTX 6000 Ada Generation, 49140 MiB, 15890 MiB, 6 %
2026/03/27 11:46:21.227, 1, NVIDIA RTX 6000 Ada Generation, 49140 MiB, 29003 MiB, 100 %
2026/03/27 11:46:21.227, 2, NVIDIA RTX 6000 Ada Generation, 49140 MiB, 21991 MiB, 100 %
2026/03/27 11:46:21.440, 3, NVIDIA RTX 6000 Ada Generation, 49140 MiB, 17248 MiB, 100 %
2026/03/27 11:46:21.440, 4, NVIDIA RTX 6000 Ada Generation, 49140 MiB, 17260 MiB, 100 %
2026/03/27 11:46:21.440, 5, NVIDIA RTX 6000 Ada Generation, 49140 MiB, 2 MiB, 0 %
2026/03/27 11:46:21.441, 6, NVIDIA RTX 6000 Ada Generation, 49140 MiB, 16254 MiB, 14 %
2026/03/27 11:46:21.441, 7, NVIDIA RTX 6000 Ada Generation, 49140 MiB, 21460 MiB, 100 %
2026/03/27 11:46:22.441, 0, NVIDIA RTX 6000 Ada Generation, 49140 MiB, 15890 MiB, 6 %
2026/03/27 11:46:22.441, 1, NVIDIA RTX 6000 Ada Generation, 49140 MiB, 29003 MiB, 100 %
2026/03/27 11:46:22.441, 2, NVIDIA RTX 6000 Ada Generation, 49140 MiB, 21991 MiB, 100 %
2026/03/27 11:46:22.441, 3, NVIDIA RTX 6000 Ada Generation, 49140 MiB, 17248 MiB, 100 %
2026/03/27 11:46:22.441, 4, NVIDIA RTX 6000 Ada Generation, 49140 MiB, 17260 MiB, 99 %
2026/03/27 11:46:22.441, 5, NVIDIA RTX 6000 Ada Generation, 49140 MiB, 2 MiB, 0 %
2026/03/27 11:46:22.441, 6, NVIDIA RTX 6000 Ada Generation, 49140 MiB, 16254 MiB, 13 %
2026/03/27 11:46:22.441, 7, NVIDIA RTX 6000 Ada Generation, 49140 MiB, 21460 MiB, 100 %
2026/03/27 11:46:23.441, 0, NVIDIA RTX 6000 Ada Generation, 49140 MiB, 15890 MiB, 0 %
2026/03/27 11:46:23.442, 1, NVIDIA RTX 6000 Ada Generation, 49140 MiB, 29003 MiB, 100 %
2026/03/27 11:46:23.442, 2, NVIDIA RTX 6000 Ada Generation, 49140 MiB, 21991 MiB, 100 %
2026/03/27 11:46:23.442, 3, NVIDIA RTX 6000 Ada Generation, 49140 MiB, 17248 MiB, 100 %
2026/03/27 11:46:23.442, 4, NVIDIA RTX 6000 Ada Generation, 49140 MiB, 17260 MiB, 100 %
2026/03/27 11:46:23.442, 5, NVIDIA RTX 6000 Ada Generation, 49140 MiB, 2 MiB, 0 %
2026/03/27 11:46:23.442, 6, NVIDIA RTX 6000 Ada Generation, 49140 MiB, 16254 MiB, 0 %
2026/03/27 11:46:23.442, 7, NVIDIA RTX 6000 Ada Generation, 49140 MiB, 21460 MiB, 100 %
2026/03/27 11:46:24.442, 0, NVIDIA RTX 6000 Ada Generation, 49140 MiB, 15890 MiB, 2 %
2026/03/27 11:46:24.442, 1, NVIDIA RTX 6000 Ada Generation, 49140 MiB, 29003 MiB, 100 %
2026/03/27 11:46:24.442, 2, NVIDIA RTX 6000 Ada Generation, 49140 MiB, 21991 MiB, 100 %
2026/03/27 11:46:24.443, 3, NVIDIA RTX 6000 Ada Generation, 49140 MiB, 17248 MiB, 100 %
2026/03/27 11:46:24.479, 4, NVIDIA RTX 6000 Ada Generation, 49140 MiB, 17260 MiB, 100 %
2026/03/27 11:46:24.480, 5, NVIDIA RTX 6000 Ada Generation, 49140 MiB, 2 MiB, 0 %
2026/03/27 11:46:24.480, 6, NVIDIA RTX 6000 Ada Generation, 49140 MiB, 16254 MiB, 0 %
2026/03/27 11:46:24.480, 7, NVIDIA RTX 6000 Ada Generation, 49140 MiB, 21460 MiB, 100 %
2026/03/27 11:46:25.480, 0, NVIDIA RTX 6000 Ada Generation, 49140 MiB, 15890 MiB, 6 %
2026/03/27 11:46:25.480, 1, NVIDIA RTX 6000 Ada Generation, 49140 MiB, 29003 MiB, 100 %
2026/03/27 11:46:25.480, 2, NVIDIA RTX 6000 Ada Generation, 49140 MiB, 21991 MiB, 100 %
2026/03/27 11:46:25.481, 3, NVIDIA RTX 6000 Ada Generation, 49140 MiB, 17248 MiB, 100 %
2026/03/27 11:46:25.481, 4, NVIDIA RTX 6000 Ada Generation, 49140 MiB, 17260 MiB, 100 %
2026/03/27 11:46:25.481, 5, NVIDIA RTX 6000 Ada Generation, 49140 MiB, 2 MiB, 0 %
2026/03/27 11:46:25.481, 6, NVIDIA RTX 6000 Ada Generation, 49140 MiB, 16254 MiB, 0 %
2026/03/27 11:46:25.481, 7, NVIDIA RTX 6000 Ada Generation, 49140 MiB, 21460 MiB, 100 %
2026/03/27 11:46:26.481, 0, NVIDIA RTX 6000 Ada Generation, 49140 MiB, 15890 MiB, 6 %
2026/03/27 11:46:26.554, 1, NVIDIA RTX 6000 Ada Generation, 49140 MiB, 29003 MiB, 100 %
2026/03/27 11:46:26.554, 2, NVIDIA RTX 6000 Ada Generation, 49140 MiB, 21991 MiB, 99 %
2026/03/27 11:46:26.554, 3, NVIDIA RTX 6000 Ada Generation, 49140 MiB, 17248 MiB, 100 %
2026/03/27 11:46:26.554, 4, NVIDIA RTX 6000 Ada Generation, 49140 MiB, 17260 MiB, 100 %
2026/03/27 11:46:26.554, 5, NVIDIA RTX 6000 Ada Generation, 49140 MiB, 2 MiB, 0 %
2026/03/27 11:46:26.554, 6, NVIDIA RTX 6000 Ada Generation, 49140 MiB, 16254 MiB, 0 %
2026/03/27 11:46:26.554, 7, NVIDIA RTX 6000 Ada Generation, 49140 MiB, 21460 MiB, 100 %
2026/03/27 11:46:27.555, 0, NVIDIA RTX 6000 Ada Generation, 49140 MiB, 15890 MiB, 3 %
2026/03/27 11:46:27.555, 1, NVIDIA RTX 6000 Ada Generation, 49140 MiB, 29003 MiB, 100 %
2026/03/27 11:46:27.555, 2, NVIDIA RTX 6000 Ada Generation, 49140 MiB, 21991 MiB, 100 %
2026/03/27 11:46:27.555, 3, NVIDIA RTX 6000 Ada Generation, 49140 MiB, 17248 MiB, 100 %
2026/03/27 11:46:27.555, 4, NVIDIA RTX 6000 Ada Generation, 49140 MiB, 17260 MiB, 100 %
2026/03/27 11:46:27.555, 5, NVIDIA RTX 6000 Ada Generation, 49140 MiB, 2 MiB, 0 %
2026/03/27 11:46:27.688, 6, NVIDIA RTX 6000 Ada Generation, 49140 MiB, 16254 MiB, 0 %
2026/03/27 11:46:27.688, 7, NVIDIA RTX 6000 Ada Generation, 49140 MiB, 21460 MiB, 100 %
2026/03/27 11:46:28.688, 0, NVIDIA RTX 6000 Ada Generation, 49140 MiB, 15890 MiB, 6 %
2026/03/27 11:46:28.689, 1, NVIDIA RTX 6000 Ada Generation, 49140 MiB, 29003 MiB, 100 %
2026/03/27 11:46:28.689, 2, NVIDIA RTX 6000 Ada Generation, 49140 MiB, 21991 MiB, 100 %
2026/03/27 11:46:28.689, 3, NVIDIA RTX 6000 Ada Generation, 49140 MiB, 17248 MiB, 100 %
2026/03/27 11:46:28.689, 4, NVIDIA RTX 6000 Ada Generation, 49140 MiB, 17260 MiB, 100 %
2026/03/27 11:46:28.689, 5, NVIDIA RTX 6000 Ada Generation, 49140 MiB, 2 MiB, 0 %
2026/03/27 11:46:28.689, 6, NVIDIA RTX 6000 Ada Generation, 49140 MiB, 16254 MiB, 0 %
2026/03/27 11:46:28.689, 7, NVIDIA RTX 6000 Ada Generation, 49140 MiB, 21460 MiB, 100 %
2026/03/27 11:46:29.689, 0, NVIDIA RTX 6000 Ada Generation, 49140 MiB, 15890 MiB, 6 %
2026/03/27 11:46:29.689, 1, NVIDIA RTX 6000 Ada Generation, 49140 MiB, 29003 MiB, 100 %
2026/03/27 11:46:29.689, 2, NVIDIA RTX 6000 Ada Generation, 49140 MiB, 21991 MiB, 100 %
2026/03/27 11:46:29.840, 3, NVIDIA RTX 6000 Ada Generation, 49140 MiB, 17248 MiB, 100 %
2026/03/27 11:46:29.840, 4, NVIDIA RTX 6000 Ada Generation, 49140 MiB, 17260 MiB, 100 %
2026/03/27 11:46:29.840, 5, NVIDIA RTX 6000 Ada Generation, 49140 MiB, 2 MiB, 0 %
2026/03/27 11:46:29.840, 6, NVIDIA RTX 6000 Ada Generation, 49140 MiB, 16254 MiB, 0 %
2026/03/27 11:46:29.840, 7, NVIDIA RTX 6000 Ada Generation, 49140 MiB, 21460 MiB, 100 %
2026/03/27 11:46:30.841, 0, NVIDIA RTX 6000 Ada Generation, 49140 MiB, 15890 MiB, 6 %
2026/03/27 11:46:30.841, 1, NVIDIA RTX 6000 Ada Generation, 49140 MiB, 29003 MiB, 100 %
2026/03/27 11:46:30.843, 2, NVIDIA RTX 6000 Ada Generation, 49140 MiB, 21991 MiB, 100 %
2026/03/27 11:46:30.845, 3, NVIDIA RTX 6000 Ada Generation, 49140 MiB, 17248 MiB, 100 %
2026/03/27 11:46:30.845, 4, NVIDIA RTX 6000 Ada Generation, 49140 MiB, 17260 MiB, 100 %
2026/03/27 11:46:30.847, 5, NVIDIA RTX 6000 Ada Generation, 49140 MiB, 2 MiB, 0 %
2026/03/27 11:46:30.847, 6, NVIDIA RTX 6000 Ada Generation, 49140 MiB, 16254 MiB, 0 %
2026/03/27 11:46:30.849, 7, NVIDIA RTX 6000 Ada Generation, 49140 MiB, 21460 MiB, 100 %
2026/03/27 11:46:31.849, 0, NVIDIA RTX 6000 Ada Generation, 49140 MiB, 15890 MiB, 0 %
2026/03/27 11:46:31.849, 1, NVIDIA RTX 6000 Ada Generation, 49140 MiB, 29003 MiB, 100 %
2026/03/27 11:46:31.850, 2, NVIDIA RTX 6000 Ada Generation, 49140 MiB, 21991 MiB, 100 %
2026/03/27 11:46:31.850, 3, NVIDIA RTX 6000 Ada Generation, 49140 MiB, 17248 MiB, 100 %
2026/03/27 11:46:31.850, 4, NVIDIA RTX 6000 Ada Generation, 49140 MiB, 17260 MiB, 100 %
2026/03/27 11:46:31.850, 5, NVIDIA RTX 6000 Ada Generation, 49140 MiB, 2 MiB, 0 %
2026/03/27 11:46:31.850, 6, NVIDIA RTX 6000 Ada Generation, 49140 MiB, 16254 MiB, 0 %
2026/03/27 11:46:31.850, 7, NVIDIA RTX 6000 Ada Generation, 49140 MiB, 21460 MiB, 100 %
2026/03/27 11:46:32.850, 0, NVIDIA RTX 6000 Ada Generation, 49140 MiB, 15890 MiB, 91 %
2026/03/27 11:46:32.850, 1, NVIDIA RTX 6000 Ada Generation, 49140 MiB, 29003 MiB, 100 %
2026/03/27 11:46:32.850, 2, NVIDIA RTX 6000 Ada Generation, 49140 MiB, 21991 MiB, 100 %
2026/03/27 11:46:32.850, 3, NVIDIA RTX 6000 Ada Generation, 49140 MiB, 17248 MiB, 100 %
2026/03/27 11:46:33.065, 4, NVIDIA RTX 6000 Ada Generation, 49140 MiB, 17260 MiB, 100 %
2026/03/27 11:46:33.066, 5, NVIDIA RTX 6000 Ada Generation, 49140 MiB, 2 MiB, 0 %
2026/03/27 11:46:33.066, 6, NVIDIA RTX 6000 Ada Generation, 49140 MiB, 16254 MiB, 0 %
2026/03/27 11:46:33.066, 7, NVIDIA RTX 6000 Ada Generation, 49140 MiB, 21460 MiB, 100 %
2026/03/27 11:46:34.066, 0, NVIDIA RTX 6000 Ada Generation, 49140 MiB, 15890 MiB, 94 %
2026/03/27 11:46:34.066, 1, NVIDIA RTX 6000 Ada Generation, 49140 MiB, 29003 MiB, 100 %
2026/03/27 11:46:34.066, 2, NVIDIA RTX 6000 Ada Generation, 49140 MiB, 21991 MiB, 100 %
2026/03/27 11:46:34.067, 3, NVIDIA RTX 6000 Ada Generation, 49140 MiB, 17248 MiB, 100 %
2026/03/27 11:46:34.067, 4, NVIDIA RTX 6000 Ada Generation, 49140 MiB, 17260 MiB, 100 %
2026/03/27 11:46:34.067, 5, NVIDIA RTX 6000 Ada Generation, 49140 MiB, 2 MiB, 0 %
2026/03/27 11:46:34.067, 6, NVIDIA RTX 6000 Ada Generation, 49140 MiB, 16254 MiB, 0 %
2026/03/27 11:46:34.067, 7, NVIDIA RTX 6000 Ada Generation, 49140 MiB, 21460 MiB, 100 %
2026/03/27 11:46:35.067, 0, NVIDIA RTX 6000 Ada Generation, 49140 MiB, 15890 MiB, 100 %
2026/03/27 11:46:35.168, 1, NVIDIA RTX 6000 Ada Generation, 49140 MiB, 29003 MiB, 100 %
2026/03/27 11:46:35.169, 2, NVIDIA RTX 6000 Ada Generation, 49140 MiB, 21991 MiB, 100 %
2026/03/27 11:46:35.169, 3, NVIDIA RTX 6000 Ada Generation, 49140 MiB, 17248 MiB, 100 %
2026/03/27 11:46:35.169, 4, NVIDIA RTX 6000 Ada Generation, 49140 MiB, 17260 MiB, 100 %
2026/03/27 11:46:35.169, 5, NVIDIA RTX 6000 Ada Generation, 49140 MiB, 2 MiB, 0 %
2026/03/27 11:46:35.169, 6, NVIDIA RTX 6000 Ada Generation, 49140 MiB, 16274 MiB, 0 %
2026/03/27 11:46:35.169, 7, NVIDIA RTX 6000 Ada Generation, 49140 MiB, 21460 MiB, 100 %
2026/03/27 11:46:36.170, 0, NVIDIA RTX 6000 Ada Generation, 49140 MiB, 15890 MiB, 0 %
2026/03/27 11:46:36.170, 1, NVIDIA RTX 6000 Ada Generation, 49140 MiB, 29003 MiB, 100 %
2026/03/27 11:46:36.170, 2, NVIDIA RTX 6000 Ada Generation, 49140 MiB, 21991 MiB, 100 %
2026/03/27 11:46:36.170, 3, NVIDIA RTX 6000 Ada Generation, 49140 MiB, 17248 MiB, 100 %
2026/03/27 11:46:36.170, 4, NVIDIA RTX 6000 Ada Generation, 49140 MiB, 17260 MiB, 100 %
2026/03/27 11:46:36.170, 5, NVIDIA RTX 6000 Ada Generation, 49140 MiB, 2 MiB, 0 %
2026/03/27 11:46:36.313, 6, NVIDIA RTX 6000 Ada Generation, 49140 MiB, 21074 MiB, 30 %
2026/03/27 11:46:36.313, 7, NVIDIA RTX 6000 Ada Generation, 49140 MiB, 21460 MiB, 100 %
2026/03/27 11:46:37.314, 0, NVIDIA RTX 6000 Ada Generation, 49140 MiB, 15890 MiB, 6 %
2026/03/27 11:46:37.433, 1, NVIDIA RTX 6000 Ada Generation, 49140 MiB, 29003 MiB, 100 %
2026/03/27 11:46:37.433, 2, NVIDIA RTX 6000 Ada Generation, 49140 MiB, 21991 MiB, 100 %
2026/03/27 11:46:37.433, 3, NVIDIA RTX 6000 Ada Generation, 49140 MiB, 17248 MiB, 100 %
2026/03/27 11:46:37.433, 4, NVIDIA RTX 6000 Ada Generation, 49140 MiB, 17260 MiB, 100 %
2026/03/27 11:46:37.433, 5, NVIDIA RTX 6000 Ada Generation, 49140 MiB, 2 MiB, 0 %
2026/03/27 11:46:37.433, 6, NVIDIA RTX 6000 Ada Generation, 49140 MiB, 42560 MiB, 12 %
2026/03/27 11:46:37.433, 7, NVIDIA RTX 6000 Ada Generation, 49140 MiB, 21460 MiB, 100 %
2026/03/27 11:46:38.434, 0, NVIDIA RTX 6000 Ada Generation, 49140 MiB, 15890 MiB, 0 %
2026/03/27 11:46:38.434, 1, NVIDIA RTX 6000 Ada Generation, 49140 MiB, 29003 MiB, 100 %
2026/03/27 11:46:38.434, 2, NVIDIA RTX 6000 Ada Generation, 49140 MiB, 21991 MiB, 100 %
2026/03/27 11:46:38.568, 3, NVIDIA RTX 6000 Ada Generation, 49140 MiB, 17248 MiB, 100 %
2026/03/27 11:46:39.050, 4, NVIDIA RTX 6000 Ada Generation, 49140 MiB, 17260 MiB, 100 %
2026/03/27 11:46:39.051, 5, NVIDIA RTX 6000 Ada Generation, 49140 MiB, 2 MiB, 0 %
2026/03/27 11:46:39.052, 6, NVIDIA RTX 6000 Ada Generation, 49140 MiB, 47800 MiB, 0 %
2026/03/27 11:46:39.053, 7, NVIDIA RTX 6000 Ada Generation, 49140 MiB, 21460 MiB, 100 %
2026/03/27 11:46:40.215, 0, NVIDIA RTX 6000 Ada Generation, 49140 MiB, 15890 MiB, 6 %
2026/03/27 11:46:40.215, 1, NVIDIA RTX 6000 Ada Generation, 49140 MiB, 29003 MiB, 100 %
2026/03/27 11:46:40.215, 2, NVIDIA RTX 6000 Ada Generation, 49140 MiB, 21991 MiB, 100 %
2026/03/27 11:46:40.215, 3, NVIDIA RTX 6000 Ada Generation, 49140 MiB, 17248 MiB, 100 %
2026/03/27 11:46:40.215, 4, NVIDIA RTX 6000 Ada Generation, 49140 MiB, 17260 MiB, 100 %
2026/03/27 11:46:40.216, 5, NVIDIA RTX 6000 Ada Generation, 49140 MiB, 2 MiB, 0 %
2026/03/27 11:46:40.216, 6, NVIDIA RTX 6000 Ada Generation, 49140 MiB, 2 MiB, 100 %
2026/03/27 11:46:40.216, 7, NVIDIA RTX 6000 Ada Generation, 49140 MiB, 21460 MiB, 100 %
2026/03/27 11:46:41.216, 0, NVIDIA RTX 6000 Ada Generation, 49140 MiB, 15890 MiB, 0 %
2026/03/27 11:46:41.216, 1, NVIDIA RTX 6000 Ada Generation, 49140 MiB, 29003 MiB, 100 %
2026/03/27 11:46:41.216, 2, NVIDIA RTX 6000 Ada Generation, 49140 MiB, 21991 MiB, 100 %
2026/03/27 11:46:41.428, 3, NVIDIA RTX 6000 Ada Generation, 49140 MiB, 17248 MiB, 100 %
2026/03/27 11:46:41.428, 4, NVIDIA RTX 6000 Ada Generation, 49140 MiB, 17260 MiB, 100 %
2026/03/27 11:46:41.428, 5, NVIDIA RTX 6000 Ada Generation, 49140 MiB, 2 MiB, 0 %
2026/03/27 11:46:41.428, 6, NVIDIA RTX 6000 Ada Generation, 49140 MiB, 2 MiB, 0 %
2026/03/27 11:46:41.428, 7, NVIDIA RTX 6000 Ada Generation, 49140 MiB, 21460 MiB, 100 %
2026/03/27 11:46:42.429, 0, NVIDIA RTX 6000 Ada Generation, 49140 MiB, 15890 MiB, 76 %
2026/03/27 11:46:42.430, 1, NVIDIA RTX 6000 Ada Generation, 49140 MiB, 29003 MiB, 100 %
2026/03/27 11:46:42.430, 2, NVIDIA RTX 6000 Ada Generation, 49140 MiB, 21991 MiB, 100 %
2026/03/27 11:46:42.432, 3, NVIDIA RTX 6000 Ada Generation, 49140 MiB, 17248 MiB, 100 %
2026/03/27 11:46:42.434, 4, NVIDIA RTX 6000 Ada Generation, 49140 MiB, 17260 MiB, 100 %
2026/03/27 11:46:42.435, 5, NVIDIA RTX 6000 Ada Generation, 49140 MiB, 2 MiB, 0 %
2026/03/27 11:46:42.437, 6, NVIDIA RTX 6000 Ada Generation, 49140 MiB, 2 MiB, 0 %
2026/03/27 11:46:42.440, 7, NVIDIA RTX 6000 Ada Generation, 49140 MiB, 21460 MiB, 100 %
2026/03/27 11:46:43.440, 0, NVIDIA RTX 6000 Ada Generation, 49140 MiB, 15890 MiB, 89 %
2026/03/27 11:46:43.440, 1, NVIDIA RTX 6000 Ada Generation, 49140 MiB, 29003 MiB, 100 %
2026/03/27 11:46:43.440, 2, NVIDIA RTX 6000 Ada Generation, 49140 MiB, 21991 MiB, 100 %
2026/03/27 11:46:43.440, 3, NVIDIA RTX 6000 Ada Generation, 49140 MiB, 17248 MiB, 100 %
2026/03/27 11:46:43.440, 4, NVIDIA RTX 6000 Ada Generation, 49140 MiB, 17260 MiB, 100 %
2026/03/27 11:46:43.440, 5, NVIDIA RTX 6000 Ada Generation, 49140 MiB, 2 MiB, 0 %
2026/03/27 11:46:43.441, 6, NVIDIA RTX 6000 Ada Generation, 49140 MiB, 16254 MiB, 0 %
2026/03/27 11:46:43.441, 7, NVIDIA RTX 6000 Ada Generation, 49140 MiB, 21460 MiB, 100 %
2026/03/27 11:46:44.441, 0, NVIDIA RTX 6000 Ada Generation, 49140 MiB, 15890 MiB, 0 %
2026/03/27 11:46:44.441, 1, NVIDIA RTX 6000 Ada Generation, 49140 MiB, 29003 MiB, 100 %
2026/03/27 11:46:44.441, 2, NVIDIA RTX 6000 Ada Generation, 49140 MiB, 21991 MiB, 100 %
2026/03/27 11:46:44.441, 3, NVIDIA RTX 6000 Ada Generation, 49140 MiB, 17248 MiB, 100 %
2026/03/27 11:46:44.592, 4, NVIDIA RTX 6000 Ada Generation, 49140 MiB, 17260 MiB, 100 %
2026/03/27 11:46:44.593, 5, NVIDIA RTX 6000 Ada Generation, 49140 MiB, 2 MiB, 0 %
2026/03/27 11:46:44.593, 6, NVIDIA RTX 6000 Ada Generation, 49140 MiB, 16254 MiB, 20 %
2026/03/27 11:46:44.593, 7, NVIDIA RTX 6000 Ada Generation, 49140 MiB, 21460 MiB, 100 %
2026/03/27 11:46:45.593, 0, NVIDIA RTX 6000 Ada Generation, 49140 MiB, 15890 MiB, 1 %
2026/03/27 11:46:45.593, 1, NVIDIA RTX 6000 Ada Generation, 49140 MiB, 29003 MiB, 100 %
2026/03/27 11:46:45.594, 2, NVIDIA RTX 6000 Ada Generation, 49140 MiB, 21991 MiB, 100 %
2026/03/27 11:46:45.594, 3, NVIDIA RTX 6000 Ada Generation, 49140 MiB, 17248 MiB, 100 %
2026/03/27 11:46:45.594, 4, NVIDIA RTX 6000 Ada Generation, 49140 MiB, 17260 MiB, 100 %
2026/03/27 11:46:45.594, 5, NVIDIA RTX 6000 Ada Generation, 49140 MiB, 2 MiB, 0 %
2026/03/27 11:46:45.594, 6, NVIDIA RTX 6000 Ada Generation, 49140 MiB, 16254 MiB, 13 %
2026/03/27 11:46:45.594, 7, NVIDIA RTX 6000 Ada Generation, 49140 MiB, 21460 MiB, 100 %
2026/03/27 11:46:46.594, 0, NVIDIA RTX 6000 Ada Generation, 49140 MiB, 15890 MiB, 6 %
2026/03/27 11:46:46.697, 1, NVIDIA RTX 6000 Ada Generation, 49140 MiB, 29003 MiB, 100 %
2026/03/27 11:46:46.698, 2, NVIDIA RTX 6000 Ada Generation, 49140 MiB, 21991 MiB, 100 %
2026/03/27 11:46:46.698, 3, NVIDIA RTX 6000 Ada Generation, 49140 MiB, 17248 MiB, 100 %
2026/03/27 11:46:46.698, 4, NVIDIA RTX 6000 Ada Generation, 49140 MiB, 17260 MiB, 99 %
2026/03/27 11:46:46.698, 5, NVIDIA RTX 6000 Ada Generation, 49140 MiB, 2 MiB, 0 %
2026/03/27 11:46:46.698, 6, NVIDIA RTX 6000 Ada Generation, 49140 MiB, 16254 MiB, 14 %
2026/03/27 11:46:46.698, 7, NVIDIA RTX 6000 Ada Generation, 49140 MiB, 21460 MiB, 100 %
2026/03/27 11:46:47.698, 0, NVIDIA RTX 6000 Ada Generation, 49140 MiB, 15890 MiB, 6 %
2026/03/27 11:46:47.698, 1, NVIDIA RTX 6000 Ada Generation, 49140 MiB, 29003 MiB, 100 %
2026/03/27 11:46:47.698, 2, NVIDIA RTX 6000 Ada Generation, 49140 MiB, 21991 MiB, 100 %
2026/03/27 11:46:47.698, 3, NVIDIA RTX 6000 Ada Generation, 49140 MiB, 17248 MiB, 100 %
2026/03/27 11:46:47.698, 4, NVIDIA RTX 6000 Ada Generation, 49140 MiB, 17260 MiB, 100 %
2026/03/27 11:46:47.699, 5, NVIDIA RTX 6000 Ada Generation, 49140 MiB, 2 MiB, 0 %
2026/03/27 11:46:47.826, 6, NVIDIA RTX 6000 Ada Generation, 49140 MiB, 16254 MiB, 14 %
2026/03/27 11:46:47.826, 7, NVIDIA RTX 6000 Ada Generation, 49140 MiB, 21460 MiB, 100 %
2026/03/27 11:46:48.826, 0, NVIDIA RTX 6000 Ada Generation, 49140 MiB, 15890 MiB, 6 %
2026/03/27 11:46:48.827, 1, NVIDIA RTX 6000 Ada Generation, 49140 MiB, 29003 MiB, 100 %
2026/03/27 11:46:48.827, 2, NVIDIA RTX 6000 Ada Generation, 49140 MiB, 21991 MiB, 100 %
2026/03/27 11:46:48.827, 3, NVIDIA RTX 6000 Ada Generation, 49140 MiB, 17248 MiB, 100 %
2026/03/27 11:46:48.827, 4, NVIDIA RTX 6000 Ada Generation, 49140 MiB, 17260 MiB, 100 %
2026/03/27 11:46:48.827, 5, NVIDIA RTX 6000 Ada Generation, 49140 MiB, 2 MiB, 0 %
2026/03/27 11:46:48.827, 6, NVIDIA RTX 6000 Ada Generation, 49140 MiB, 16254 MiB, 12 %
2026/03/27 11:46:48.827, 7, NVIDIA RTX 6000 Ada Generation, 49140 MiB, 21460 MiB, 100 %
2026/03/27 11:46:49.827, 0, NVIDIA RTX 6000 Ada Generation, 49140 MiB, 15890 MiB, 4 %
2026/03/27 11:46:49.827, 1, NVIDIA RTX 6000 Ada Generation, 49140 MiB, 29003 MiB, 100 %
2026/03/27 11:46:49.827, 2, NVIDIA RTX 6000 Ada Generation, 49140 MiB, 21991 MiB, 100 %
2026/03/27 11:46:50.044, 3, NVIDIA RTX 6000 Ada Generation, 49140 MiB, 17248 MiB, 100 %
2026/03/27 11:46:50.044, 4, NVIDIA RTX 6000 Ada Generation, 49140 MiB, 17260 MiB, 100 %
2026/03/27 11:46:50.044, 5, NVIDIA RTX 6000 Ada Generation, 49140 MiB, 2 MiB, 0 %
2026/03/27 11:46:50.044, 6, NVIDIA RTX 6000 Ada Generation, 49140 MiB, 16254 MiB, 0 %
2026/03/27 11:46:50.045, 7, NVIDIA RTX 6000 Ada Generation, 49140 MiB, 21460 MiB, 100 %
2026/03/27 11:46:51.045, 0, NVIDIA RTX 6000 Ada Generation, 49140 MiB, 15890 MiB, 6 %
2026/03/27 11:46:51.045, 1, NVIDIA RTX 6000 Ada Generation, 49140 MiB, 29003 MiB, 100 %
2026/03/27 11:46:51.045, 2, NVIDIA RTX 6000 Ada Generation, 49140 MiB, 21991 MiB, 100 %
2026/03/27 11:46:51.045, 3, NVIDIA RTX 6000 Ada Generation, 49140 MiB, 17248 MiB, 100 %
2026/03/27 11:46:51.045, 4, NVIDIA RTX 6000 Ada Generation, 49140 MiB, 17260 MiB, 100 %
2026/03/27 11:46:51.045, 5, NVIDIA RTX 6000 Ada Generation, 49140 MiB, 2 MiB, 0 %
2026/03/27 11:46:51.045, 6, NVIDIA RTX 6000 Ada Generation, 49140 MiB, 16254 MiB, 0 %
2026/03/27 11:46:51.045, 7, NVIDIA RTX 6000 Ada Generation, 49140 MiB, 21460 MiB, 100 %
2026/03/27 11:46:52.046, 0, NVIDIA RTX 6000 Ada Generation, 49140 MiB, 15890 MiB, 6 %
2026/03/27 11:46:52.046, 1, NVIDIA RTX 6000 Ada Generation, 49140 MiB, 29003 MiB, 100 %
2026/03/27 11:46:52.046, 2, NVIDIA RTX 6000 Ada Generation, 49140 MiB, 21991 MiB, 100 %
2026/03/27 11:46:52.046, 3, NVIDIA RTX 6000 Ada Generation, 49140 MiB, 17248 MiB, 98 %
2026/03/27 11:46:52.046, 4, NVIDIA RTX 6000 Ada Generation, 49140 MiB, 17260 MiB, 100 %
2026/03/27 11:46:52.046, 5, NVIDIA RTX 6000 Ada Generation, 49140 MiB, 2 MiB, 0 %
2026/03/27 11:46:52.046, 6, NVIDIA RTX 6000 Ada Generation, 49140 MiB, 16254 MiB, 0 %
2026/03/27 11:46:52.046, 7, NVIDIA RTX 6000 Ada Generation, 49140 MiB, 21460 MiB, 100 %
2026/03/27 11:46:53.046, 0, NVIDIA RTX 6000 Ada Generation, 49140 MiB, 15890 MiB, 6 %
2026/03/27 11:46:53.046, 1, NVIDIA RTX 6000 Ada Generation, 49140 MiB, 29003 MiB, 100 %
2026/03/27 11:46:53.047, 2, NVIDIA RTX 6000 Ada Generation, 49140 MiB, 21991 MiB, 100 %
2026/03/27 11:46:53.047, 3, NVIDIA RTX 6000 Ada Generation, 49140 MiB, 17248 MiB, 100 %
2026/03/27 11:46:53.079, 4, NVIDIA RTX 6000 Ada Generation, 49140 MiB, 17260 MiB, 100 %
2026/03/27 11:46:53.080, 5, NVIDIA RTX 6000 Ada Generation, 49140 MiB, 2 MiB, 0 %
2026/03/27 11:46:53.080, 6, NVIDIA RTX 6000 Ada Generation, 49140 MiB, 16254 MiB, 0 %
2026/03/27 11:46:53.080, 7, NVIDIA RTX 6000 Ada Generation, 49140 MiB, 21460 MiB, 100 %
2026/03/27 11:46:54.080, 0, NVIDIA RTX 6000 Ada Generation, 49140 MiB, 15890 MiB, 0 %
2026/03/27 11:46:54.080, 1, NVIDIA RTX 6000 Ada Generation, 49140 MiB, 29003 MiB, 100 %
2026/03/27 11:46:54.080, 2, NVIDIA RTX 6000 Ada Generation, 49140 MiB, 21991 MiB, 100 %
2026/03/27 11:46:54.080, 3, NVIDIA RTX 6000 Ada Generation, 49140 MiB, 17248 MiB, 100 %
2026/03/27 11:46:54.081, 4, NVIDIA RTX 6000 Ada Generation, 49140 MiB, 17260 MiB, 100 %
2026/03/27 11:46:54.081, 5, NVIDIA RTX 6000 Ada Generation, 49140 MiB, 2 MiB, 0 %
2026/03/27 11:46:54.081, 6, NVIDIA RTX 6000 Ada Generation, 49140 MiB, 16254 MiB, 0 %
2026/03/27 11:46:54.081, 7, NVIDIA RTX 6000 Ada Generation, 49140 MiB, 21460 MiB, 100 %
2026/03/27 11:46:55.081, 0, NVIDIA RTX 6000 Ada Generation, 49140 MiB, 15890 MiB, 6 %
2026/03/27 11:46:55.149, 1, NVIDIA RTX 6000 Ada Generation, 49140 MiB, 29003 MiB, 100 %
2026/03/27 11:46:55.149, 2, NVIDIA RTX 6000 Ada Generation, 49140 MiB, 21991 MiB, 100 %
2026/03/27 11:46:55.149, 3, NVIDIA RTX 6000 Ada Generation, 49140 MiB, 17248 MiB, 100 %
2026/03/27 11:46:55.149, 4, NVIDIA RTX 6000 Ada Generation, 49140 MiB, 17260 MiB, 100 %
2026/03/27 11:46:55.149, 5, NVIDIA RTX 6000 Ada Generation, 49140 MiB, 2 MiB, 0 %
2026/03/27 11:46:55.149, 6, NVIDIA RTX 6000 Ada Generation, 49140 MiB, 16254 MiB, 0 %
2026/03/27 11:46:55.149, 7, NVIDIA RTX 6000 Ada Generation, 49140 MiB, 21460 MiB, 100 %
2026/03/27 11:46:56.150, 0, NVIDIA RTX 6000 Ada Generation, 49140 MiB, 15890 MiB, 6 %
2026/03/27 11:46:56.150, 1, NVIDIA RTX 6000 Ada Generation, 49140 MiB, 29003 MiB, 100 %
2026/03/27 11:46:56.150, 2, NVIDIA RTX 6000 Ada Generation, 49140 MiB, 21991 MiB, 100 %
2026/03/27 11:46:56.150, 3, NVIDIA RTX 6000 Ada Generation, 49140 MiB, 17248 MiB, 100 %
2026/03/27 11:46:56.150, 4, NVIDIA RTX 6000 Ada Generation, 49140 MiB, 17260 MiB, 100 %
2026/03/27 11:46:56.150, 5, NVIDIA RTX 6000 Ada Generation, 49140 MiB, 2 MiB, 0 %
2026/03/27 11:46:56.264, 6, NVIDIA RTX 6000 Ada Generation, 49140 MiB, 16254 MiB, 0 %
2026/03/27 11:46:56.264, 7, NVIDIA RTX 6000 Ada Generation, 49140 MiB, 21460 MiB, 100 %
2026/03/27 11:46:57.264, 0, NVIDIA RTX 6000 Ada Generation, 49140 MiB, 15890 MiB, 6 %
2026/03/27 11:46:57.264, 1, NVIDIA RTX 6000 Ada Generation, 49140 MiB, 29003 MiB, 100 %
2026/03/27 11:46:57.264, 2, NVIDIA RTX 6000 Ada Generation, 49140 MiB, 21991 MiB, 100 %
2026/03/27 11:46:57.265, 3, NVIDIA RTX 6000 Ada Generation, 49140 MiB, 17248 MiB, 100 %
2026/03/27 11:46:57.265, 4, NVIDIA RTX 6000 Ada Generation, 49140 MiB, 17260 MiB, 99 %
2026/03/27 11:46:57.265, 5, NVIDIA RTX 6000 Ada Generation, 49140 MiB, 2 MiB, 0 %
2026/03/27 11:46:57.265, 6, NVIDIA RTX 6000 Ada Generation, 49140 MiB, 16254 MiB, 0 %
2026/03/27 11:46:57.265, 7, NVIDIA RTX 6000 Ada Generation, 49140 MiB, 21460 MiB, 100 %
2026/03/27 11:46:58.265, 0, NVIDIA RTX 6000 Ada Generation, 49140 MiB, 15890 MiB, 6 %
2026/03/27 11:46:58.265, 1, NVIDIA RTX 6000 Ada Generation, 49140 MiB, 29003 MiB, 100 %
2026/03/27 11:46:58.265, 2, NVIDIA RTX 6000 Ada Generation, 49140 MiB, 21991 MiB, 100 %
2026/03/27 11:46:58.506, 3, NVIDIA RTX 6000 Ada Generation, 49140 MiB, 17248 MiB, 100 %
2026/03/27 11:46:58.506, 4, NVIDIA RTX 6000 Ada Generation, 49140 MiB, 17260 MiB, 100 %
2026/03/27 11:46:58.506, 5, NVIDIA RTX 6000 Ada Generation, 49140 MiB, 2 MiB, 0 %
2026/03/27 11:46:58.506, 6, NVIDIA RTX 6000 Ada Generation, 49140 MiB, 16254 MiB, 0 %
2026/03/27 11:46:58.506, 7, NVIDIA RTX 6000 Ada Generation, 49140 MiB, 21460 MiB, 100 %
2026/03/27 11:46:59.507, 0, NVIDIA RTX 6000 Ada Generation, 49140 MiB, 15890 MiB, 6 %
2026/03/27 11:46:59.507, 1, NVIDIA RTX 6000 Ada Generation, 49140 MiB, 29003 MiB, 100 %
2026/03/27 11:46:59.507, 2, NVIDIA RTX 6000 Ada Generation, 49140 MiB, 21991 MiB, 100 %
2026/03/27 11:46:59.507, 3, NVIDIA RTX 6000 Ada Generation, 49140 MiB, 17248 MiB, 100 %
2026/03/27 11:46:59.507, 4, NVIDIA RTX 6000 Ada Generation, 49140 MiB, 17260 MiB, 100 %
2026/03/27 11:46:59.507, 5, NVIDIA RTX 6000 Ada Generation, 49140 MiB, 2 MiB, 0 %
2026/03/27 11:46:59.507, 6, NVIDIA RTX 6000 Ada Generation, 49140 MiB, 16254 MiB, 0 %
2026/03/27 11:46:59.507, 7, NVIDIA RTX 6000 Ada Generation, 49140 MiB, 21460 MiB, 100 %
2026/03/27 11:47:00.507, 0, NVIDIA RTX 6000 Ada Generation, 49140 MiB, 15890 MiB, 0 %
2026/03/27 11:47:00.507, 1, NVIDIA RTX 6000 Ada Generation, 49140 MiB, 29003 MiB, 100 %
2026/03/27 11:47:00.507, 2, NVIDIA RTX 6000 Ada Generation, 49140 MiB, 21991 MiB, 100 %
2026/03/27 11:47:00.507, 3, NVIDIA RTX 6000 Ada Generation, 49140 MiB, 17248 MiB, 100 %
2026/03/27 11:47:00.507, 4, NVIDIA RTX 6000 Ada Generation, 49140 MiB, 17260 MiB, 98 %
2026/03/27 11:47:00.507, 5, NVIDIA RTX 6000 Ada Generation, 49140 MiB, 2 MiB, 0 %
2026/03/27 11:47:00.507, 6, NVIDIA RTX 6000 Ada Generation, 49140 MiB, 21074 MiB, 0 %
2026/03/27 11:47:00.507, 7, NVIDIA RTX 6000 Ada Generation, 49140 MiB, 21460 MiB, 100 %
2026/03/27 11:47:01.507, 0, NVIDIA RTX 6000 Ada Generation, 49140 MiB, 15890 MiB, 90 %
2026/03/27 11:47:01.771, 1, NVIDIA RTX 6000 Ada Generation, 49140 MiB, 29003 MiB, 100 %
2026/03/27 11:47:01.772, 2, NVIDIA RTX 6000 Ada Generation, 49140 MiB, 21991 MiB, 100 %
2026/03/27 11:47:01.772, 3, NVIDIA RTX 6000 Ada Generation, 49140 MiB, 17248 MiB, 100 %
2026/03/27 11:47:01.772, 4, NVIDIA RTX 6000 Ada Generation, 49140 MiB, 17260 MiB, 100 %
2026/03/27 11:47:01.772, 5, NVIDIA RTX 6000 Ada Generation, 49140 MiB, 2 MiB, 0 %
2026/03/27 11:47:01.772, 6, NVIDIA RTX 6000 Ada Generation, 49140 MiB, 21142 MiB, 0 %
2026/03/27 11:47:01.772, 7, NVIDIA RTX 6000 Ada Generation, 49140 MiB, 21460 MiB, 100 %
2026/03/27 11:47:02.773, 0, NVIDIA RTX 6000 Ada Generation, 49140 MiB, 15890 MiB, 90 %
2026/03/27 11:47:02.773, 1, NVIDIA RTX 6000 Ada Generation, 49140 MiB, 29003 MiB, 100 %
2026/03/27 11:47:02.773, 2, NVIDIA RTX 6000 Ada Generation, 49140 MiB, 21991 MiB, 100 %
2026/03/27 11:47:02.773, 3, NVIDIA RTX 6000 Ada Generation, 49140 MiB, 17248 MiB, 100 %
2026/03/27 11:47:02.773, 4, NVIDIA RTX 6000 Ada Generation, 49140 MiB, 17260 MiB, 100 %
2026/03/27 11:47:02.773, 5, NVIDIA RTX 6000 Ada Generation, 49140 MiB, 2 MiB, 0 %
2026/03/27 11:47:02.773, 6, NVIDIA RTX 6000 Ada Generation, 49140 MiB, 32132 MiB, 0 %
2026/03/27 11:47:02.773, 7, NVIDIA RTX 6000 Ada Generation, 49140 MiB, 21460 MiB, 100 %
2026/03/27 11:47:03.773, 0, NVIDIA RTX 6000 Ada Generation, 49140 MiB, 15890 MiB, 0 %
2026/03/27 11:47:03.773, 1, NVIDIA RTX 6000 Ada Generation, 49140 MiB, 29003 MiB, 100 %
2026/03/27 11:47:03.904, 2, NVIDIA RTX 6000 Ada Generation, 49140 MiB, 21991 MiB, 100 %
2026/03/27 11:47:03.904, 3, NVIDIA RTX 6000 Ada Generation, 49140 MiB, 17248 MiB, 100 %
2026/03/27 11:47:03.904, 4, NVIDIA RTX 6000 Ada Generation, 49140 MiB, 17260 MiB, 100 %
2026/03/27 11:47:03.904, 5, NVIDIA RTX 6000 Ada Generation, 49140 MiB, 2 MiB, 0 %
2026/03/27 11:47:03.904, 6, NVIDIA RTX 6000 Ada Generation, 49140 MiB, 47800 MiB, 74 %
2026/03/27 11:47:03.905, 7, NVIDIA RTX 6000 Ada Generation, 49140 MiB, 21460 MiB, 100 %
2026/03/27 11:47:04.905, 0, NVIDIA RTX 6000 Ada Generation, 49140 MiB, 15890 MiB, 6 %
2026/03/27 11:47:04.944, 1, NVIDIA RTX 6000 Ada Generation, 49140 MiB, 29003 MiB, 100 %
2026/03/27 11:47:05.133, 2, NVIDIA RTX 6000 Ada Generation, 49140 MiB, 21991 MiB, 100 %
2026/03/27 11:47:05.133, 3, NVIDIA RTX 6000 Ada Generation, 49140 MiB, 17248 MiB, 99 %
2026/03/27 11:47:05.137, 4, NVIDIA RTX 6000 Ada Generation, 49140 MiB, 17260 MiB, 98 %
2026/03/27 11:47:05.145, 5, NVIDIA RTX 6000 Ada Generation, 49140 MiB, 2 MiB, 0 %
2026/03/27 11:47:05.149, 6, NVIDIA RTX 6000 Ada Generation, 49140 MiB, 47800 MiB, 0 %
2026/03/27 11:47:05.154, 7, NVIDIA RTX 6000 Ada Generation, 49140 MiB, 21460 MiB, 100 %
2026/03/27 11:47:06.155, 0, NVIDIA RTX 6000 Ada Generation, 49140 MiB, 15890 MiB, 6 %
2026/03/27 11:47:06.156, 1, NVIDIA RTX 6000 Ada Generation, 49140 MiB, 29003 MiB, 100 %
2026/03/27 11:47:06.156, 2, NVIDIA RTX 6000 Ada Generation, 49140 MiB, 21991 MiB, 100 %
2026/03/27 11:47:06.156, 3, NVIDIA RTX 6000 Ada Generation, 49140 MiB, 17248 MiB, 100 %
2026/03/27 11:47:06.156, 4, NVIDIA RTX 6000 Ada Generation, 49140 MiB, 17260 MiB, 100 %
2026/03/27 11:47:06.156, 5, NVIDIA RTX 6000 Ada Generation, 49140 MiB, 2 MiB, 0 %
2026/03/27 11:47:06.156, 6, NVIDIA RTX 6000 Ada Generation, 49140 MiB, 2 MiB, 100 %
2026/03/27 11:47:06.156, 7, NVIDIA RTX 6000 Ada Generation, 49140 MiB, 21460 MiB, 100 %
2026/03/27 11:47:07.156, 0, NVIDIA RTX 6000 Ada Generation, 49140 MiB, 15890 MiB, 0 %
2026/03/27 11:47:07.156, 1, NVIDIA RTX 6000 Ada Generation, 49140 MiB, 29003 MiB, 100 %
2026/03/27 11:47:07.157, 2, NVIDIA RTX 6000 Ada Generation, 49140 MiB, 21991 MiB, 100 %
2026/03/27 11:47:07.157, 3, NVIDIA RTX 6000 Ada Generation, 49140 MiB, 17248 MiB, 100 %
2026/03/27 11:47:07.299, 4, NVIDIA RTX 6000 Ada Generation, 49140 MiB, 17260 MiB, 100 %
2026/03/27 11:47:07.300, 5, NVIDIA RTX 6000 Ada Generation, 49140 MiB, 2 MiB, 0 %
2026/03/27 11:47:07.301, 6, NVIDIA RTX 6000 Ada Generation, 49140 MiB, 2 MiB, 0 %
2026/03/27 11:47:07.301, 7, NVIDIA RTX 6000 Ada Generation, 49140 MiB, 21460 MiB, 100 %
2026/03/27 11:47:08.301, 0, NVIDIA RTX 6000 Ada Generation, 49140 MiB, 15890 MiB, 6 %
2026/03/27 11:47:08.301, 1, NVIDIA RTX 6000 Ada Generation, 49140 MiB, 29003 MiB, 100 %
2026/03/27 11:47:08.301, 2, NVIDIA RTX 6000 Ada Generation, 49140 MiB, 21991 MiB, 100 %
2026/03/27 11:47:08.301, 3, NVIDIA RTX 6000 Ada Generation, 49140 MiB, 17248 MiB, 100 %
2026/03/27 11:47:08.301, 4, NVIDIA RTX 6000 Ada Generation, 49140 MiB, 17260 MiB, 100 %
2026/03/27 11:47:08.301, 5, NVIDIA RTX 6000 Ada Generation, 49140 MiB, 2 MiB, 0 %
2026/03/27 11:47:08.301, 6, NVIDIA RTX 6000 Ada Generation, 49140 MiB, 4 MiB, 0 %
2026/03/27 11:47:08.301, 7, NVIDIA RTX 6000 Ada Generation, 49140 MiB, 21460 MiB, 100 %
2026/03/27 11:47:09.301, 0, NVIDIA RTX 6000 Ada Generation, 49140 MiB, 15890 MiB, 6 %
2026/03/27 11:47:09.391, 1, NVIDIA RTX 6000 Ada Generation, 49140 MiB, 29003 MiB, 100 %
2026/03/27 11:47:09.391, 2, NVIDIA RTX 6000 Ada Generation, 49140 MiB, 21991 MiB, 100 %
2026/03/27 11:47:09.392, 3, NVIDIA RTX 6000 Ada Generation, 49140 MiB, 17248 MiB, 100 %
2026/03/27 11:47:09.392, 4, NVIDIA RTX 6000 Ada Generation, 49140 MiB, 17260 MiB, 100 %
2026/03/27 11:47:09.392, 5, NVIDIA RTX 6000 Ada Generation, 49140 MiB, 2 MiB, 0 %
2026/03/27 11:47:09.392, 6, NVIDIA RTX 6000 Ada Generation, 49140 MiB, 16254 MiB, 23 %
2026/03/27 11:47:09.392, 7, NVIDIA RTX 6000 Ada Generation, 49140 MiB, 21460 MiB, 100 %
2026/03/27 11:47:10.392, 0, NVIDIA RTX 6000 Ada Generation, 49140 MiB, 15890 MiB, 6 %
2026/03/27 11:47:10.392, 1, NVIDIA RTX 6000 Ada Generation, 49140 MiB, 29003 MiB, 100 %
2026/03/27 11:47:10.392, 2, NVIDIA RTX 6000 Ada Generation, 49140 MiB, 21991 MiB, 100 %
2026/03/27 11:47:10.392, 3, NVIDIA RTX 6000 Ada Generation, 49140 MiB, 17248 MiB, 100 %
2026/03/27 11:47:10.392, 4, NVIDIA RTX 6000 Ada Generation, 49140 MiB, 17260 MiB, 100 %
2026/03/27 11:47:10.392, 5, NVIDIA RTX 6000 Ada Generation, 49140 MiB, 2 MiB, 0 %
2026/03/27 11:47:10.547, 6, NVIDIA RTX 6000 Ada Generation, 49140 MiB, 16254 MiB, 14 %
2026/03/27 11:47:10.548, 7, NVIDIA RTX 6000 Ada Generation, 49140 MiB, 21460 MiB, 100 %
2026/03/27 11:47:11.548, 0, NVIDIA RTX 6000 Ada Generation, 49140 MiB, 15890 MiB, 6 %
2026/03/27 11:47:11.548, 1, NVIDIA RTX 6000 Ada Generation, 49140 MiB, 29003 MiB, 100 %
2026/03/27 11:47:11.548, 2, NVIDIA RTX 6000 Ada Generation, 49140 MiB, 21991 MiB, 100 %
2026/03/27 11:47:11.548, 3, NVIDIA RTX 6000 Ada Generation, 49140 MiB, 17248 MiB, 100 %
2026/03/27 11:47:11.548, 4, NVIDIA RTX 6000 Ada Generation, 49140 MiB, 17260 MiB, 100 %
2026/03/27 11:47:11.548, 5, NVIDIA RTX 6000 Ada Generation, 49140 MiB, 2 MiB, 0 %
2026/03/27 11:47:11.548, 6, NVIDIA RTX 6000 Ada Generation, 49140 MiB, 16254 MiB, 14 %
2026/03/27 11:47:11.548, 7, NVIDIA RTX 6000 Ada Generation, 49140 MiB, 21460 MiB, 100 %
2026/03/27 11:47:12.549, 0, NVIDIA RTX 6000 Ada Generation, 49140 MiB, 15890 MiB, 0 %
2026/03/27 11:47:12.549, 1, NVIDIA RTX 6000 Ada Generation, 49140 MiB, 29003 MiB, 100 %
2026/03/27 11:47:12.549, 2, NVIDIA RTX 6000 Ada Generation, 49140 MiB, 21991 MiB, 100 %
2026/03/27 11:47:12.708, 3, NVIDIA RTX 6000 Ada Generation, 49140 MiB, 17248 MiB, 98 %
2026/03/27 11:47:12.708, 4, NVIDIA RTX 6000 Ada Generation, 49140 MiB, 17260 MiB, 100 %
2026/03/27 11:47:12.708, 5, NVIDIA RTX 6000 Ada Generation, 49140 MiB, 2 MiB, 0 %
2026/03/27 11:47:12.708, 6, NVIDIA RTX 6000 Ada Generation, 49140 MiB, 16254 MiB, 13 %
2026/03/27 11:47:12.708, 7, NVIDIA RTX 6000 Ada Generation, 49140 MiB, 21460 MiB, 100 %
2026/03/27 11:47:13.708, 0, NVIDIA RTX 6000 Ada Generation, 49140 MiB, 15890 MiB, 88 %
2026/03/27 11:47:13.709, 1, NVIDIA RTX 6000 Ada Generation, 49140 MiB, 29003 MiB, 100 %
2026/03/27 11:47:13.709, 2, NVIDIA RTX 6000 Ada Generation, 49140 MiB, 21991 MiB, 100 %
2026/03/27 11:47:13.709, 3, NVIDIA RTX 6000 Ada Generation, 49140 MiB, 17248 MiB, 100 %
2026/03/27 11:47:13.709, 4, NVIDIA RTX 6000 Ada Generation, 49140 MiB, 17260 MiB, 100 %
2026/03/27 11:47:13.709, 5, NVIDIA RTX 6000 Ada Generation, 49140 MiB, 2 MiB, 0 %
2026/03/27 11:47:13.709, 6, NVIDIA RTX 6000 Ada Generation, 49140 MiB, 16254 MiB, 12 %
2026/03/27 11:47:13.709, 7, NVIDIA RTX 6000 Ada Generation, 49140 MiB, 21460 MiB, 100 %
2026/03/27 11:47:14.709, 0, NVIDIA RTX 6000 Ada Generation, 49140 MiB, 15890 MiB, 90 %
2026/03/27 11:47:14.709, 1, NVIDIA RTX 6000 Ada Generation, 49140 MiB, 29003 MiB, 100 %
2026/03/27 11:47:14.709, 2, NVIDIA RTX 6000 Ada Generation, 49140 MiB, 21991 MiB, 100 %
2026/03/27 11:47:14.710, 3, NVIDIA RTX 6000 Ada Generation, 49140 MiB, 17248 MiB, 100 %
2026/03/27 11:47:14.710, 4, NVIDIA RTX 6000 Ada Generation, 49140 MiB, 17260 MiB, 100 %
2026/03/27 11:47:14.710, 5, NVIDIA RTX 6000 Ada Generation, 49140 MiB, 2 MiB, 0 %
2026/03/27 11:47:14.710, 6, NVIDIA RTX 6000 Ada Generation, 49140 MiB, 16254 MiB, 0 %
2026/03/27 11:47:14.710, 7, NVIDIA RTX 6000 Ada Generation, 49140 MiB, 21460 MiB, 100 %
2026/03/27 11:47:15.710, 0, NVIDIA RTX 6000 Ada Generation, 49140 MiB, 15890 MiB, 82 %
2026/03/27 11:47:15.710, 1, NVIDIA RTX 6000 Ada Generation, 49140 MiB, 29003 MiB, 100 %
2026/03/27 11:47:15.710, 2, NVIDIA RTX 6000 Ada Generation, 49140 MiB, 21991 MiB, 100 %
2026/03/27 11:47:15.710, 3, NVIDIA RTX 6000 Ada Generation, 49140 MiB, 17248 MiB, 100 %
2026/03/27 11:47:15.723, 4, NVIDIA RTX 6000 Ada Generation, 49140 MiB, 17260 MiB, 100 %
2026/03/27 11:47:15.724, 5, NVIDIA RTX 6000 Ada Generation, 49140 MiB, 2 MiB, 0 %
2026/03/27 11:47:15.724, 6, NVIDIA RTX 6000 Ada Generation, 49140 MiB, 16254 MiB, 0 %
2026/03/27 11:47:15.724, 7, NVIDIA RTX 6000 Ada Generation, 49140 MiB, 21460 MiB, 100 %
2026/03/27 11:47:16.724, 0, NVIDIA RTX 6000 Ada Generation, 49140 MiB, 15890 MiB, 6 %
2026/03/27 11:47:16.724, 1, NVIDIA RTX 6000 Ada Generation, 49140 MiB, 29003 MiB, 100 %
2026/03/27 11:47:16.724, 2, NVIDIA RTX 6000 Ada Generation, 49140 MiB, 21991 MiB, 100 %
2026/03/27 11:47:16.724, 3, NVIDIA RTX 6000 Ada Generation, 49140 MiB, 17248 MiB, 100 %
2026/03/27 11:47:16.724, 4, NVIDIA RTX 6000 Ada Generation, 49140 MiB, 17260 MiB, 100 %
2026/03/27 11:47:16.724, 5, NVIDIA RTX 6000 Ada Generation, 49140 MiB, 2 MiB, 0 %
2026/03/27 11:47:16.724, 6, NVIDIA RTX 6000 Ada Generation, 49140 MiB, 16254 MiB, 0 %
2026/03/27 11:47:16.724, 7, NVIDIA RTX 6000 Ada Generation, 49140 MiB, 21460 MiB, 100 %
2026/03/27 11:47:17.725, 0, NVIDIA RTX 6000 Ada Generation, 49140 MiB, 15890 MiB, 0 %
2026/03/27 11:47:17.809, 1, NVIDIA RTX 6000 Ada Generation, 49140 MiB, 29003 MiB, 100 %
2026/03/27 11:47:17.810, 2, NVIDIA RTX 6000 Ada Generation, 49140 MiB, 21991 MiB, 100 %
2026/03/27 11:47:17.810, 3, NVIDIA RTX 6000 Ada Generation, 49140 MiB, 17248 MiB, 100 %
2026/03/27 11:47:17.810, 4, NVIDIA RTX 6000 Ada Generation, 49140 MiB, 17260 MiB, 100 %
2026/03/27 11:47:17.810, 5, NVIDIA RTX 6000 Ada Generation, 49140 MiB, 2 MiB, 0 %
2026/03/27 11:47:17.810, 6, NVIDIA RTX 6000 Ada Generation, 49140 MiB, 16254 MiB, 0 %
2026/03/27 11:47:17.810, 7, NVIDIA RTX 6000 Ada Generation, 49140 MiB, 21460 MiB, 100 %
2026/03/27 11:47:18.810, 0, NVIDIA RTX 6000 Ada Generation, 49140 MiB, 15890 MiB, 6 %
2026/03/27 11:47:18.810, 1, NVIDIA RTX 6000 Ada Generation, 49140 MiB, 29003 MiB, 100 %
2026/03/27 11:47:18.810, 2, NVIDIA RTX 6000 Ada Generation, 49140 MiB, 21991 MiB, 99 %
2026/03/27 11:47:18.811, 3, NVIDIA RTX 6000 Ada Generation, 49140 MiB, 17248 MiB, 100 %
2026/03/27 11:47:18.811, 4, NVIDIA RTX 6000 Ada Generation, 49140 MiB, 17260 MiB, 100 %
2026/03/27 11:47:18.811, 5, NVIDIA RTX 6000 Ada Generation, 49140 MiB, 2 MiB, 0 %
2026/03/27 11:47:18.899, 6, NVIDIA RTX 6000 Ada Generation, 49140 MiB, 16254 MiB, 0 %
2026/03/27 11:47:18.900, 7, NVIDIA RTX 6000 Ada Generation, 49140 MiB, 21460 MiB, 100 %
2026/03/27 11:47:19.900, 0, NVIDIA RTX 6000 Ada Generation, 49140 MiB, 15890 MiB, 6 %
2026/03/27 11:47:19.900, 1, NVIDIA RTX 6000 Ada Generation, 49140 MiB, 29003 MiB, 100 %
2026/03/27 11:47:19.900, 2, NVIDIA RTX 6000 Ada Generation, 49140 MiB, 21991 MiB, 100 %
2026/03/27 11:47:19.900, 3, NVIDIA RTX 6000 Ada Generation, 49140 MiB, 17248 MiB, 100 %
2026/03/27 11:47:19.900, 4, NVIDIA RTX 6000 Ada Generation, 49140 MiB, 17260 MiB, 100 %
2026/03/27 11:47:19.900, 5, NVIDIA RTX 6000 Ada Generation, 49140 MiB, 2 MiB, 0 %
2026/03/27 11:47:19.900, 6, NVIDIA RTX 6000 Ada Generation, 49140 MiB, 16254 MiB, 0 %
2026/03/27 11:47:19.900, 7, NVIDIA RTX 6000 Ada Generation, 49140 MiB, 21460 MiB, 100 %
2026/03/27 11:47:20.900, 0, NVIDIA RTX 6000 Ada Generation, 49140 MiB, 15890 MiB, 5 %
2026/03/27 11:47:20.901, 1, NVIDIA RTX 6000 Ada Generation, 49140 MiB, 29003 MiB, 100 %
2026/03/27 11:47:20.910, 2, NVIDIA RTX 6000 Ada Generation, 49140 MiB, 21991 MiB, 100 %
2026/03/27 11:47:20.911, 3, NVIDIA RTX 6000 Ada Generation, 49140 MiB, 17248 MiB, 100 %
2026/03/27 11:47:20.911, 4, NVIDIA RTX 6000 Ada Generation, 49140 MiB, 17260 MiB, 100 %
2026/03/27 11:47:20.911, 5, NVIDIA RTX 6000 Ada Generation, 49140 MiB, 2 MiB, 0 %
2026/03/27 11:47:20.911, 6, NVIDIA RTX 6000 Ada Generation, 49140 MiB, 16254 MiB, 0 %
2026/03/27 11:47:20.912, 7, NVIDIA RTX 6000 Ada Generation, 49140 MiB, 21460 MiB, 0 %
2026/03/27 11:47:21.912, 0, NVIDIA RTX 6000 Ada Generation, 49140 MiB, 15890 MiB, 6 %
2026/03/27 11:47:21.912, 1, NVIDIA RTX 6000 Ada Generation, 49140 MiB, 29003 MiB, 100 %
2026/03/27 11:47:21.912, 2, NVIDIA RTX 6000 Ada Generation, 49140 MiB, 21991 MiB, 100 %
2026/03/27 11:47:21.912, 3, NVIDIA RTX 6000 Ada Generation, 49140 MiB, 17248 MiB, 100 %
2026/03/27 11:47:21.912, 4, NVIDIA RTX 6000 Ada Generation, 49140 MiB, 17260 MiB, 100 %
2026/03/27 11:47:21.912, 5, NVIDIA RTX 6000 Ada Generation, 49140 MiB, 2 MiB, 0 %
2026/03/27 11:47:21.912, 6, NVIDIA RTX 6000 Ada Generation, 49140 MiB, 16254 MiB, 0 %
2026/03/27 11:47:21.912, 7, NVIDIA RTX 6000 Ada Generation, 49140 MiB, 21460 MiB, 0 %
2026/03/27 11:47:23.043, 0, NVIDIA RTX 6000 Ada Generation, 49140 MiB, 15890 MiB, 0 %
2026/03/27 11:47:23.043, 1, NVIDIA RTX 6000 Ada Generation, 49140 MiB, 29003 MiB, 100 %
2026/03/27 11:47:23.043, 2, NVIDIA RTX 6000 Ada Generation, 49140 MiB, 21991 MiB, 100 %
2026/03/27 11:47:23.043, 3, NVIDIA RTX 6000 Ada Generation, 49140 MiB, 17248 MiB, 100 %
2026/03/27 11:47:23.043, 4, NVIDIA RTX 6000 Ada Generation, 49140 MiB, 17260 MiB, 100 %
2026/03/27 11:47:23.043, 5, NVIDIA RTX 6000 Ada Generation, 49140 MiB, 2 MiB, 0 %
2026/03/27 11:47:23.043, 6, NVIDIA RTX 6000 Ada Generation, 49140 MiB, 16254 MiB, 0 %
2026/03/27 11:47:23.043, 7, NVIDIA RTX 6000 Ada Generation, 49140 MiB, 21460 MiB, 0 %
2026/03/27 11:47:24.043, 0, NVIDIA RTX 6000 Ada Generation, 49140 MiB, 15890 MiB, 0 %
2026/03/27 11:47:24.044, 1, NVIDIA RTX 6000 Ada Generation, 49140 MiB, 29003 MiB, 100 %
2026/03/27 11:47:24.044, 2, NVIDIA RTX 6000 Ada Generation, 49140 MiB, 21991 MiB, 100 %
2026/03/27 11:47:24.044, 3, NVIDIA RTX 6000 Ada Generation, 49140 MiB, 17248 MiB, 100 %
2026/03/27 11:47:24.118, 4, NVIDIA RTX 6000 Ada Generation, 49140 MiB, 17260 MiB, 100 %
2026/03/27 11:47:24.119, 5, NVIDIA RTX 6000 Ada Generation, 49140 MiB, 2 MiB, 0 %
2026/03/27 11:47:24.119, 6, NVIDIA RTX 6000 Ada Generation, 49140 MiB, 16254 MiB, 0 %
2026/03/27 11:47:24.119, 7, NVIDIA RTX 6000 Ada Generation, 49140 MiB, 21460 MiB, 100 %
2026/03/27 11:47:25.119, 0, NVIDIA RTX 6000 Ada Generation, 49140 MiB, 15890 MiB, 81 %
2026/03/27 11:47:25.119, 1, NVIDIA RTX 6000 Ada Generation, 49140 MiB, 29003 MiB, 100 %
2026/03/27 11:47:25.119, 2, NVIDIA RTX 6000 Ada Generation, 49140 MiB, 21991 MiB, 100 %
2026/03/27 11:47:25.120, 3, NVIDIA RTX 6000 Ada Generation, 49140 MiB, 17248 MiB, 100 %
2026/03/27 11:47:25.120, 4, NVIDIA RTX 6000 Ada Generation, 49140 MiB, 17260 MiB, 100 %
2026/03/27 11:47:25.120, 5, NVIDIA RTX 6000 Ada Generation, 49140 MiB, 2 MiB, 0 %
2026/03/27 11:47:25.120, 6, NVIDIA RTX 6000 Ada Generation, 49140 MiB, 16254 MiB, 0 %
2026/03/27 11:47:25.120, 7, NVIDIA RTX 6000 Ada Generation, 49140 MiB, 21460 MiB, 100 %
2026/03/27 11:47:26.120, 0, NVIDIA RTX 6000 Ada Generation, 49140 MiB, 15890 MiB, 92 %
2026/03/27 11:47:26.391, 1, NVIDIA RTX 6000 Ada Generation, 49140 MiB, 29003 MiB, 100 %
2026/03/27 11:47:26.391, 2, NVIDIA RTX 6000 Ada Generation, 49140 MiB, 21991 MiB, 100 %
2026/03/27 11:47:26.391, 3, NVIDIA RTX 6000 Ada Generation, 49140 MiB, 17248 MiB, 99 %
2026/03/27 11:47:26.391, 4, NVIDIA RTX 6000 Ada Generation, 49140 MiB, 17260 MiB, 99 %
2026/03/27 11:47:26.391, 5, NVIDIA RTX 6000 Ada Generation, 49140 MiB, 2 MiB, 0 %
2026/03/27 11:47:26.392, 6, NVIDIA RTX 6000 Ada Generation, 49140 MiB, 21074 MiB, 44 %
2026/03/27 11:47:26.392, 7, NVIDIA RTX 6000 Ada Generation, 49140 MiB, 21460 MiB, 100 %
2026/03/27 11:47:27.392, 0, NVIDIA RTX 6000 Ada Generation, 49140 MiB, 15890 MiB, 70 %
2026/03/27 11:47:27.457, 1, NVIDIA RTX 6000 Ada Generation, 49140 MiB, 29003 MiB, 100 %
2026/03/27 11:47:27.457, 2, NVIDIA RTX 6000 Ada Generation, 49140 MiB, 21991 MiB, 100 %
2026/03/27 11:47:27.457, 3, NVIDIA RTX 6000 Ada Generation, 49140 MiB, 17248 MiB, 100 %
2026/03/27 11:47:27.457, 4, NVIDIA RTX 6000 Ada Generation, 49140 MiB, 17260 MiB, 100 %
2026/03/27 11:47:27.457, 5, NVIDIA RTX 6000 Ada Generation, 49140 MiB, 2 MiB, 0 %
2026/03/27 11:47:27.457, 6, NVIDIA RTX 6000 Ada Generation, 49140 MiB, 21142 MiB, 0 %
2026/03/27 11:47:27.599, 7, NVIDIA RTX 6000 Ada Generation, 49140 MiB, 21460 MiB, 100 %
2026/03/27 11:47:28.600, 0, NVIDIA RTX 6000 Ada Generation, 49140 MiB, 15890 MiB, 6 %
2026/03/27 11:47:28.600, 1, NVIDIA RTX 6000 Ada Generation, 49140 MiB, 29003 MiB, 100 %
2026/03/27 11:47:28.600, 2, NVIDIA RTX 6000 Ada Generation, 49140 MiB, 21991 MiB, 100 %
2026/03/27 11:47:28.600, 3, NVIDIA RTX 6000 Ada Generation, 49140 MiB, 17248 MiB, 100 %
2026/03/27 11:47:28.600, 4, NVIDIA RTX 6000 Ada Generation, 49140 MiB, 17260 MiB, 100 %
2026/03/27 11:47:28.600, 5, NVIDIA RTX 6000 Ada Generation, 49140 MiB, 2 MiB, 0 %
2026/03/27 11:47:28.600, 6, NVIDIA RTX 6000 Ada Generation, 49140 MiB, 47800 MiB, 100 %
2026/03/27 11:47:28.600, 7, NVIDIA RTX 6000 Ada Generation, 49140 MiB, 21460 MiB, 100 %
2026/03/27 11:47:29.600, 0, NVIDIA RTX 6000 Ada Generation, 49140 MiB, 15890 MiB, 6 %
2026/03/27 11:47:29.632, 1, NVIDIA RTX 6000 Ada Generation, 49140 MiB, 29003 MiB, 100 %
2026/03/27 11:47:29.633, 2, NVIDIA RTX 6000 Ada Generation, 49140 MiB, 21991 MiB, 100 %
2026/03/27 11:47:29.850, 3, NVIDIA RTX 6000 Ada Generation, 49140 MiB, 17248 MiB, 100 %
2026/03/27 11:47:29.851, 4, NVIDIA RTX 6000 Ada Generation, 49140 MiB, 17260 MiB, 100 %
2026/03/27 11:47:29.851, 5, NVIDIA RTX 6000 Ada Generation, 49140 MiB, 2 MiB, 0 %
2026/03/27 11:47:29.853, 6, NVIDIA RTX 6000 Ada Generation, 49140 MiB, 47800 MiB, 0 %
2026/03/27 11:47:30.078, 7, NVIDIA RTX 6000 Ada Generation, 49140 MiB, 21460 MiB, 100 %
2026/03/27 11:47:31.080, 0, NVIDIA RTX 6000 Ada Generation, 49140 MiB, 15890 MiB, 6 %
2026/03/27 11:47:31.080, 1, NVIDIA RTX 6000 Ada Generation, 49140 MiB, 29003 MiB, 100 %
2026/03/27 11:47:31.080, 2, NVIDIA RTX 6000 Ada Generation, 49140 MiB, 21991 MiB, 100 %
2026/03/27 11:47:31.080, 3, NVIDIA RTX 6000 Ada Generation, 49140 MiB, 17248 MiB, 100 %
2026/03/27 11:47:31.080, 4, NVIDIA RTX 6000 Ada Generation, 49140 MiB, 17260 MiB, 100 %
2026/03/27 11:47:31.080, 5, NVIDIA RTX 6000 Ada Generation, 49140 MiB, 2 MiB, 0 %
2026/03/27 11:47:31.080, 6, NVIDIA RTX 6000 Ada Generation, 49140 MiB, 2 MiB, 0 %
2026/03/27 11:47:31.080, 7, NVIDIA RTX 6000 Ada Generation, 49140 MiB, 21460 MiB, 100 %
2026/03/27 11:47:32.081, 0, NVIDIA RTX 6000 Ada Generation, 49140 MiB, 15890 MiB, 6 %
2026/03/27 11:47:32.081, 1, NVIDIA RTX 6000 Ada Generation, 49140 MiB, 29003 MiB, 100 %
2026/03/27 11:47:32.247, 2, NVIDIA RTX 6000 Ada Generation, 49140 MiB, 21991 MiB, 100 %
2026/03/27 11:47:32.248, 3, NVIDIA RTX 6000 Ada Generation, 49140 MiB, 17248 MiB, 100 %
2026/03/27 11:47:32.248, 4, NVIDIA RTX 6000 Ada Generation, 49140 MiB, 17260 MiB, 100 %
2026/03/27 11:47:32.248, 5, NVIDIA RTX 6000 Ada Generation, 49140 MiB, 2 MiB, 0 %
2026/03/27 11:47:32.248, 6, NVIDIA RTX 6000 Ada Generation, 49140 MiB, 2 MiB, 100 %
2026/03/27 11:47:32.248, 7, NVIDIA RTX 6000 Ada Generation, 49140 MiB, 21460 MiB, 100 %
2026/03/27 11:47:33.248, 0, NVIDIA RTX 6000 Ada Generation, 49140 MiB, 15890 MiB, 6 %
2026/03/27 11:47:33.248, 1, NVIDIA RTX 6000 Ada Generation, 49140 MiB, 29003 MiB, 100 %
2026/03/27 11:47:33.250, 2, NVIDIA RTX 6000 Ada Generation, 49140 MiB, 21991 MiB, 100 %
2026/03/27 11:47:33.250, 3, NVIDIA RTX 6000 Ada Generation, 49140 MiB, 17248 MiB, 100 %
2026/03/27 11:47:33.250, 4, NVIDIA RTX 6000 Ada Generation, 49140 MiB, 17260 MiB, 100 %
2026/03/27 11:47:33.250, 5, NVIDIA RTX 6000 Ada Generation, 49140 MiB, 2 MiB, 0 %
2026/03/27 11:47:33.250, 6, NVIDIA RTX 6000 Ada Generation, 49140 MiB, 2 MiB, 0 %
2026/03/27 11:47:33.250, 7, NVIDIA RTX 6000 Ada Generation, 49140 MiB, 21460 MiB, 100 %
2026/03/27 11:47:34.425, 0, NVIDIA RTX 6000 Ada Generation, 49140 MiB, 15890 MiB, 6 %
2026/03/27 11:47:34.425, 1, NVIDIA RTX 6000 Ada Generation, 49140 MiB, 29003 MiB, 100 %
2026/03/27 11:47:34.425, 2, NVIDIA RTX 6000 Ada Generation, 49140 MiB, 21991 MiB, 100 %
2026/03/27 11:47:34.425, 3, NVIDIA RTX 6000 Ada Generation, 49140 MiB, 17248 MiB, 100 %
2026/03/27 11:47:34.425, 4, NVIDIA RTX 6000 Ada Generation, 49140 MiB, 17260 MiB, 100 %
2026/03/27 11:47:34.425, 5, NVIDIA RTX 6000 Ada Generation, 49140 MiB, 2 MiB, 0 %
2026/03/27 11:47:34.425, 6, NVIDIA RTX 6000 Ada Generation, 49140 MiB, 4 MiB, 0 %
2026/03/27 11:47:34.425, 7, NVIDIA RTX 6000 Ada Generation, 49140 MiB, 21460 MiB, 100 %
2026/03/27 11:47:35.426, 0, NVIDIA RTX 6000 Ada Generation, 49140 MiB, 15890 MiB, 0 %
2026/03/27 11:47:35.733, 1, NVIDIA RTX 6000 Ada Generation, 49140 MiB, 29003 MiB, 100 %
2026/03/27 11:47:35.733, 2, NVIDIA RTX 6000 Ada Generation, 49140 MiB, 21991 MiB, 100 %
2026/03/27 11:47:35.733, 3, NVIDIA RTX 6000 Ada Generation, 49140 MiB, 17248 MiB, 100 %
2026/03/27 11:47:35.733, 4, NVIDIA RTX 6000 Ada Generation, 49140 MiB, 17260 MiB, 100 %
2026/03/27 11:47:36.053, 5, NVIDIA RTX 6000 Ada Generation, 49140 MiB, 2 MiB, 0 %
2026/03/27 11:47:36.053, 6, NVIDIA RTX 6000 Ada Generation, 49140 MiB, 4 MiB, 0 %
2026/03/27 11:47:36.053, 7, NVIDIA RTX 6000 Ada Generation, 49140 MiB, 21460 MiB, 100 %
2026/03/27 11:47:37.054, 0, NVIDIA RTX 6000 Ada Generation, 49140 MiB, 15890 MiB, 6 %
2026/03/27 11:47:37.054, 1, NVIDIA RTX 6000 Ada Generation, 49140 MiB, 29003 MiB, 100 %
2026/03/27 11:47:37.054, 2, NVIDIA RTX 6000 Ada Generation, 49140 MiB, 21991 MiB, 100 %
2026/03/27 11:47:37.054, 3, NVIDIA RTX 6000 Ada Generation, 49140 MiB, 17248 MiB, 100 %
2026/03/27 11:47:37.054, 4, NVIDIA RTX 6000 Ada Generation, 49140 MiB, 17260 MiB, 99 %
2026/03/27 11:47:37.054, 5, NVIDIA RTX 6000 Ada Generation, 49140 MiB, 2 MiB, 0 %
2026/03/27 11:47:37.054, 6, NVIDIA RTX 6000 Ada Generation, 49140 MiB, 16254 MiB, 1 %
2026/03/27 11:47:37.054, 7, NVIDIA RTX 6000 Ada Generation, 49140 MiB, 21460 MiB, 100 %
2026/03/27 11:47:38.054, 0, NVIDIA RTX 6000 Ada Generation, 49140 MiB, 15890 MiB, 6 %
2026/03/27 11:47:38.055, 1, NVIDIA RTX 6000 Ada Generation, 49140 MiB, 29003 MiB, 100 %
2026/03/27 11:47:38.055, 2, NVIDIA RTX 6000 Ada Generation, 49140 MiB, 21991 MiB, 100 %
2026/03/27 11:47:38.097, 3, NVIDIA RTX 6000 Ada Generation, 49140 MiB, 17248 MiB, 100 %
2026/03/27 11:47:38.097, 4, NVIDIA RTX 6000 Ada Generation, 49140 MiB, 17260 MiB, 100 %
2026/03/27 11:47:38.097, 5, NVIDIA RTX 6000 Ada Generation, 49140 MiB, 2 MiB, 0 %
2026/03/27 11:47:38.097, 6, NVIDIA RTX 6000 Ada Generation, 49140 MiB, 16254 MiB, 13 %
2026/03/27 11:47:38.098, 7, NVIDIA RTX 6000 Ada Generation, 49140 MiB, 21460 MiB, 100 %
2026/03/27 11:47:39.098, 0, NVIDIA RTX 6000 Ada Generation, 49140 MiB, 15890 MiB, 6 %
2026/03/27 11:47:39.099, 1, NVIDIA RTX 6000 Ada Generation, 49140 MiB, 29003 MiB, 100 %
2026/03/27 11:47:39.099, 2, NVIDIA RTX 6000 Ada Generation, 49140 MiB, 21991 MiB, 100 %
2026/03/27 11:47:39.099, 3, NVIDIA RTX 6000 Ada Generation, 49140 MiB, 17248 MiB, 100 %
2026/03/27 11:47:39.099, 4, NVIDIA RTX 6000 Ada Generation, 49140 MiB, 17260 MiB, 100 %
2026/03/27 11:47:39.099, 5, NVIDIA RTX 6000 Ada Generation, 49140 MiB, 2 MiB, 0 %
2026/03/27 11:47:39.099, 6, NVIDIA RTX 6000 Ada Generation, 49140 MiB, 16254 MiB, 14 %
2026/03/27 11:47:39.099, 7, NVIDIA RTX 6000 Ada Generation, 49140 MiB, 21460 MiB, 100 %
2026/03/27 11:47:40.099, 0, NVIDIA RTX 6000 Ada Generation, 49140 MiB, 15890 MiB, 0 %
2026/03/27 11:47:40.100, 1, NVIDIA RTX 6000 Ada Generation, 49140 MiB, 29003 MiB, 100 %
2026/03/27 11:47:40.100, 2, NVIDIA RTX 6000 Ada Generation, 49140 MiB, 21991 MiB, 100 %
2026/03/27 11:47:40.100, 3, NVIDIA RTX 6000 Ada Generation, 49140 MiB, 17248 MiB, 100 %
2026/03/27 11:47:40.100, 4, NVIDIA RTX 6000 Ada Generation, 49140 MiB, 17260 MiB, 100 %
2026/03/27 11:47:40.100, 5, NVIDIA RTX 6000 Ada Generation, 49140 MiB, 2 MiB, 0 %
2026/03/27 11:47:40.100, 6, NVIDIA RTX 6000 Ada Generation, 49140 MiB, 16254 MiB, 13 %
2026/03/27 11:47:40.100, 7, NVIDIA RTX 6000 Ada Generation, 49140 MiB, 21460 MiB, 100 %
2026/03/27 11:47:41.100, 0, NVIDIA RTX 6000 Ada Generation, 49140 MiB, 15890 MiB, 0 %
2026/03/27 11:47:41.100, 1, NVIDIA RTX 6000 Ada Generation, 49140 MiB, 29003 MiB, 100 %
2026/03/27 11:47:41.100, 2, NVIDIA RTX 6000 Ada Generation, 49140 MiB, 21991 MiB, 100 %
2026/03/27 11:47:41.101, 3, NVIDIA RTX 6000 Ada Generation, 49140 MiB, 17248 MiB, 100 %
2026/03/27 11:47:41.306, 4, NVIDIA RTX 6000 Ada Generation, 49140 MiB, 17260 MiB, 100 %
2026/03/27 11:47:41.306, 5, NVIDIA RTX 6000 Ada Generation, 49140 MiB, 2 MiB, 0 %
2026/03/27 11:47:41.306, 6, NVIDIA RTX 6000 Ada Generation, 49140 MiB, 16254 MiB, 14 %
2026/03/27 11:47:41.306, 7, NVIDIA RTX 6000 Ada Generation, 49140 MiB, 21460 MiB, 100 %
2026/03/27 11:47:42.306, 0, NVIDIA RTX 6000 Ada Generation, 49140 MiB, 15890 MiB, 93 %
2026/03/27 11:47:42.306, 1, NVIDIA RTX 6000 Ada Generation, 49140 MiB, 29003 MiB, 100 %
2026/03/27 11:47:42.306, 2, NVIDIA RTX 6000 Ada Generation, 49140 MiB, 21991 MiB, 100 %
2026/03/27 11:47:42.306, 3, NVIDIA RTX 6000 Ada Generation, 49140 MiB, 17248 MiB, 100 %
2026/03/27 11:47:42.306, 4, NVIDIA RTX 6000 Ada Generation, 49140 MiB, 17260 MiB, 100 %
2026/03/27 11:47:42.307, 5, NVIDIA RTX 6000 Ada Generation, 49140 MiB, 2 MiB, 0 %
2026/03/27 11:47:42.307, 6, NVIDIA RTX 6000 Ada Generation, 49140 MiB, 16254 MiB, 0 %
2026/03/27 11:47:42.307, 7, NVIDIA RTX 6000 Ada Generation, 49140 MiB, 21460 MiB, 100 %
2026/03/27 11:47:43.307, 0, NVIDIA RTX 6000 Ada Generation, 49140 MiB, 15890 MiB, 0 %
2026/03/27 11:47:43.387, 1, NVIDIA RTX 6000 Ada Generation, 49140 MiB, 29003 MiB, 100 %
2026/03/27 11:47:43.387, 2, NVIDIA RTX 6000 Ada Generation, 49140 MiB, 21991 MiB, 100 %
2026/03/27 11:47:43.387, 3, NVIDIA RTX 6000 Ada Generation, 49140 MiB, 17248 MiB, 100 %
2026/03/27 11:47:43.387, 4, NVIDIA RTX 6000 Ada Generation, 49140 MiB, 17260 MiB, 100 %
2026/03/27 11:47:43.387, 5, NVIDIA RTX 6000 Ada Generation, 49140 MiB, 2 MiB, 0 %
2026/03/27 11:47:43.388, 6, NVIDIA RTX 6000 Ada Generation, 49140 MiB, 16254 MiB, 0 %
2026/03/27 11:47:43.388, 7, NVIDIA RTX 6000 Ada Generation, 49140 MiB, 21460 MiB, 100 %
2026/03/27 11:47:44.388, 0, NVIDIA RTX 6000 Ada Generation, 49140 MiB, 15890 MiB, 6 %
2026/03/27 11:47:44.388, 1, NVIDIA RTX 6000 Ada Generation, 49140 MiB, 29003 MiB, 100 %
2026/03/27 11:47:44.388, 2, NVIDIA RTX 6000 Ada Generation, 49140 MiB, 21991 MiB, 100 %
2026/03/27 11:47:44.388, 3, NVIDIA RTX 6000 Ada Generation, 49140 MiB, 17248 MiB, 100 %
2026/03/27 11:47:44.388, 4, NVIDIA RTX 6000 Ada Generation, 49140 MiB, 17260 MiB, 100 %
2026/03/27 11:47:44.388, 5, NVIDIA RTX 6000 Ada Generation, 49140 MiB, 2 MiB, 0 %
2026/03/27 11:47:44.515, 6, NVIDIA RTX 6000 Ada Generation, 49140 MiB, 16254 MiB, 0 %
2026/03/27 11:47:44.516, 7, NVIDIA RTX 6000 Ada Generation, 49140 MiB, 21460 MiB, 100 %
2026/03/27 11:47:45.516, 0, NVIDIA RTX 6000 Ada Generation, 49140 MiB, 15890 MiB, 6 %
2026/03/27 11:47:45.516, 1, NVIDIA RTX 6000 Ada Generation, 49140 MiB, 29003 MiB, 100 %
2026/03/27 11:47:45.516, 2, NVIDIA RTX 6000 Ada Generation, 49140 MiB, 21991 MiB, 100 %
2026/03/27 11:47:45.516, 3, NVIDIA RTX 6000 Ada Generation, 49140 MiB, 17248 MiB, 100 %
2026/03/27 11:47:45.516, 4, NVIDIA RTX 6000 Ada Generation, 49140 MiB, 17260 MiB, 100 %
2026/03/27 11:47:45.516, 5, NVIDIA RTX 6000 Ada Generation, 49140 MiB, 2 MiB, 0 %
2026/03/27 11:47:45.517, 6, NVIDIA RTX 6000 Ada Generation, 49140 MiB, 16254 MiB, 0 %
2026/03/27 11:47:45.517, 7, NVIDIA RTX 6000 Ada Generation, 49140 MiB, 21460 MiB, 100 %
2026/03/27 11:47:46.517, 0, NVIDIA RTX 6000 Ada Generation, 49140 MiB, 15890 MiB, 6 %
2026/03/27 11:47:46.517, 1, NVIDIA RTX 6000 Ada Generation, 49140 MiB, 29003 MiB, 100 %
2026/03/27 11:47:46.517, 2, NVIDIA RTX 6000 Ada Generation, 49140 MiB, 21991 MiB, 100 %
2026/03/27 11:47:46.688, 3, NVIDIA RTX 6000 Ada Generation, 49140 MiB, 17248 MiB, 100 %
2026/03/27 11:47:46.689, 4, NVIDIA RTX 6000 Ada Generation, 49140 MiB, 17260 MiB, 100 %
2026/03/27 11:47:46.689, 5, NVIDIA RTX 6000 Ada Generation, 49140 MiB, 2 MiB, 0 %
2026/03/27 11:47:46.689, 6, NVIDIA RTX 6000 Ada Generation, 49140 MiB, 16254 MiB, 0 %
2026/03/27 11:47:46.689, 7, NVIDIA RTX 6000 Ada Generation, 49140 MiB, 21460 MiB, 100 %
2026/03/27 11:47:47.689, 0, NVIDIA RTX 6000 Ada Generation, 49140 MiB, 15890 MiB, 0 %
2026/03/27 11:47:47.689, 1, NVIDIA RTX 6000 Ada Generation, 49140 MiB, 29003 MiB, 100 %
2026/03/27 11:47:47.689, 2, NVIDIA RTX 6000 Ada Generation, 49140 MiB, 21991 MiB, 97 %
2026/03/27 11:47:47.689, 3, NVIDIA RTX 6000 Ada Generation, 49140 MiB, 17248 MiB, 100 %
2026/03/27 11:47:47.689, 4, NVIDIA RTX 6000 Ada Generation, 49140 MiB, 17260 MiB, 100 %
2026/03/27 11:47:47.689, 5, NVIDIA RTX 6000 Ada Generation, 49140 MiB, 2 MiB, 0 %
2026/03/27 11:47:47.689, 6, NVIDIA RTX 6000 Ada Generation, 49140 MiB, 16254 MiB, 0 %
2026/03/27 11:47:47.689, 7, NVIDIA RTX 6000 Ada Generation, 49140 MiB, 21460 MiB, 100 %
2026/03/27 11:47:48.690, 0, NVIDIA RTX 6000 Ada Generation, 49140 MiB, 15890 MiB, 6 %
2026/03/27 11:47:48.690, 1, NVIDIA RTX 6000 Ada Generation, 49140 MiB, 29003 MiB, 100 %
2026/03/27 11:47:48.690, 2, NVIDIA RTX 6000 Ada Generation, 49140 MiB, 21991 MiB, 100 %
2026/03/27 11:47:48.690, 3, NVIDIA RTX 6000 Ada Generation, 49140 MiB, 17248 MiB, 100 %
2026/03/27 11:47:48.690, 4, NVIDIA RTX 6000 Ada Generation, 49140 MiB, 17260 MiB, 100 %
2026/03/27 11:47:48.690, 5, NVIDIA RTX 6000 Ada Generation, 49140 MiB, 2 MiB, 0 %
2026/03/27 11:47:48.690, 6, NVIDIA RTX 6000 Ada Generation, 49140 MiB, 16254 MiB, 0 %
2026/03/27 11:47:48.690, 7, NVIDIA RTX 6000 Ada Generation, 49140 MiB, 21460 MiB, 100 %
2026/03/27 11:47:49.690, 0, NVIDIA RTX 6000 Ada Generation, 49140 MiB, 15890 MiB, 6 %
2026/03/27 11:47:49.691, 1, NVIDIA RTX 6000 Ada Generation, 49140 MiB, 29003 MiB, 100 %
2026/03/27 11:47:49.691, 2, NVIDIA RTX 6000 Ada Generation, 49140 MiB, 21991 MiB, 100 %
2026/03/27 11:47:49.691, 3, NVIDIA RTX 6000 Ada Generation, 49140 MiB, 17248 MiB, 100 %
2026/03/27 11:47:49.722, 4, NVIDIA RTX 6000 Ada Generation, 49140 MiB, 17260 MiB, 100 %
2026/03/27 11:47:49.723, 5, NVIDIA RTX 6000 Ada Generation, 49140 MiB, 2 MiB, 0 %
2026/03/27 11:47:49.723, 6, NVIDIA RTX 6000 Ada Generation, 49140 MiB, 16254 MiB, 0 %
2026/03/27 11:47:49.723, 7, NVIDIA RTX 6000 Ada Generation, 49140 MiB, 21460 MiB, 100 %
2026/03/27 11:47:50.723, 0, NVIDIA RTX 6000 Ada Generation, 49140 MiB, 15890 MiB, 0 %
2026/03/27 11:47:50.723, 1, NVIDIA RTX 6000 Ada Generation, 49140 MiB, 29003 MiB, 100 %
2026/03/27 11:47:50.724, 2, NVIDIA RTX 6000 Ada Generation, 49140 MiB, 21991 MiB, 100 %
2026/03/27 11:47:50.724, 3, NVIDIA RTX 6000 Ada Generation, 49140 MiB, 17248 MiB, 100 %
2026/03/27 11:47:50.724, 4, NVIDIA RTX 6000 Ada Generation, 49140 MiB, 17260 MiB, 100 %
2026/03/27 11:47:50.724, 5, NVIDIA RTX 6000 Ada Generation, 49140 MiB, 2 MiB, 0 %
2026/03/27 11:47:50.724, 6, NVIDIA RTX 6000 Ada Generation, 49140 MiB, 16254 MiB, 0 %
2026/03/27 11:47:50.724, 7, NVIDIA RTX 6000 Ada Generation, 49140 MiB, 21460 MiB, 100 %
2026/03/27 11:47:51.724, 0, NVIDIA RTX 6000 Ada Generation, 49140 MiB, 15890 MiB, 0 %
2026/03/27 11:47:52.009, 1, NVIDIA RTX 6000 Ada Generation, 49140 MiB, 29003 MiB, 100 %
2026/03/27 11:47:52.010, 2, NVIDIA RTX 6000 Ada Generation, 49140 MiB, 21991 MiB, 100 %
2026/03/27 11:47:52.010, 3, NVIDIA RTX 6000 Ada Generation, 49140 MiB, 17248 MiB, 100 %
2026/03/27 11:47:52.010, 4, NVIDIA RTX 6000 Ada Generation, 49140 MiB, 17260 MiB, 100 %
2026/03/27 11:47:52.010, 5, NVIDIA RTX 6000 Ada Generation, 49140 MiB, 2 MiB, 0 %
2026/03/27 11:47:52.010, 6, NVIDIA RTX 6000 Ada Generation, 49140 MiB, 16254 MiB, 0 %
2026/03/27 11:47:52.010, 7, NVIDIA RTX 6000 Ada Generation, 49140 MiB, 21460 MiB, 100 %
2026/03/27 11:47:53.010, 0, NVIDIA RTX 6000 Ada Generation, 49140 MiB, 15890 MiB, 95 %
2026/03/27 11:47:53.011, 1, NVIDIA RTX 6000 Ada Generation, 49140 MiB, 29003 MiB, 100 %
2026/03/27 11:47:53.011, 2, NVIDIA RTX 6000 Ada Generation, 49140 MiB, 21991 MiB, 100 %
2026/03/27 11:47:53.011, 3, NVIDIA RTX 6000 Ada Generation, 49140 MiB, 17248 MiB, 99 %
2026/03/27 11:47:53.011, 4, NVIDIA RTX 6000 Ada Generation, 49140 MiB, 17260 MiB, 100 %
2026/03/27 11:47:53.011, 5, NVIDIA RTX 6000 Ada Generation, 49140 MiB, 2 MiB, 0 %
2026/03/27 11:47:53.086, 6, NVIDIA RTX 6000 Ada Generation, 49140 MiB, 16254 MiB, 0 %
2026/03/27 11:47:53.086, 7, NVIDIA RTX 6000 Ada Generation, 49140 MiB, 21460 MiB, 100 %
2026/03/27 11:47:54.086, 0, NVIDIA RTX 6000 Ada Generation, 49140 MiB, 15890 MiB, 92 %
2026/03/27 11:47:54.087, 1, NVIDIA RTX 6000 Ada Generation, 49140 MiB, 29003 MiB, 100 %
2026/03/27 11:47:54.087, 2, NVIDIA RTX 6000 Ada Generation, 49140 MiB, 21991 MiB, 100 %
2026/03/27 11:47:54.087, 3, NVIDIA RTX 6000 Ada Generation, 49140 MiB, 17248 MiB, 100 %
2026/03/27 11:47:54.087, 4, NVIDIA RTX 6000 Ada Generation, 49140 MiB, 17260 MiB, 100 %
2026/03/27 11:47:54.087, 5, NVIDIA RTX 6000 Ada Generation, 49140 MiB, 2 MiB, 0 %
2026/03/27 11:47:54.087, 6, NVIDIA RTX 6000 Ada Generation, 49140 MiB, 21074 MiB, 45 %
2026/03/27 11:47:54.087, 7, NVIDIA RTX 6000 Ada Generation, 49140 MiB, 21460 MiB, 100 %
2026/03/27 11:47:55.087, 0, NVIDIA RTX 6000 Ada Generation, 49140 MiB, 15890 MiB, 0 %
2026/03/27 11:47:55.256, 1, NVIDIA RTX 6000 Ada Generation, 49140 MiB, 29003 MiB, 100 %
2026/03/27 11:47:55.256, 2, NVIDIA RTX 6000 Ada Generation, 49140 MiB, 21991 MiB, 100 %
2026/03/27 11:47:55.256, 3, NVIDIA RTX 6000 Ada Generation, 49140 MiB, 17248 MiB, 100 %
2026/03/27 11:47:55.257, 4, NVIDIA RTX 6000 Ada Generation, 49140 MiB, 17260 MiB, 100 %
2026/03/27 11:47:55.257, 5, NVIDIA RTX 6000 Ada Generation, 49140 MiB, 2 MiB, 0 %
2026/03/27 11:47:55.257, 6, NVIDIA RTX 6000 Ada Generation, 49140 MiB, 42580 MiB, 100 %
2026/03/27 11:47:55.257, 7, NVIDIA RTX 6000 Ada Generation, 49140 MiB, 21460 MiB, 100 %
2026/03/27 11:47:56.257, 0, NVIDIA RTX 6000 Ada Generation, 49140 MiB, 15890 MiB, 6 %
2026/03/27 11:47:56.347, 1, NVIDIA RTX 6000 Ada Generation, 49140 MiB, 29003 MiB, 100 %
2026/03/27 11:47:56.350, 2, NVIDIA RTX 6000 Ada Generation, 49140 MiB, 21991 MiB, 99 %
2026/03/27 11:47:56.350, 3, NVIDIA RTX 6000 Ada Generation, 49140 MiB, 17248 MiB, 100 %
2026/03/27 11:47:56.352, 4, NVIDIA RTX 6000 Ada Generation, 49140 MiB, 17260 MiB, 100 %
2026/03/27 11:47:56.354, 5, NVIDIA RTX 6000 Ada Generation, 49140 MiB, 2 MiB, 0 %
2026/03/27 11:47:56.356, 6, NVIDIA RTX 6000 Ada Generation, 49140 MiB, 42560 MiB, 0 %
2026/03/27 11:47:56.357, 7, NVIDIA RTX 6000 Ada Generation, 49140 MiB, 21460 MiB, 100 %
2026/03/27 11:47:57.360, 0, NVIDIA RTX 6000 Ada Generation, 49140 MiB, 15890 MiB, 6 %
2026/03/27 11:47:57.360, 1, NVIDIA RTX 6000 Ada Generation, 49140 MiB, 29003 MiB, 100 %
2026/03/27 11:47:57.361, 2, NVIDIA RTX 6000 Ada Generation, 49140 MiB, 21991 MiB, 100 %
2026/03/27 11:47:57.362, 3, NVIDIA RTX 6000 Ada Generation, 49140 MiB, 17248 MiB, 100 %
2026/03/27 11:47:57.363, 4, NVIDIA RTX 6000 Ada Generation, 49140 MiB, 17260 MiB, 100 %
2026/03/27 11:47:57.363, 5, NVIDIA RTX 6000 Ada Generation, 49140 MiB, 2 MiB, 0 %
2026/03/27 11:47:57.363, 6, NVIDIA RTX 6000 Ada Generation, 49140 MiB, 47800 MiB, 0 %
2026/03/27 11:47:57.363, 7, NVIDIA RTX 6000 Ada Generation, 49140 MiB, 21460 MiB, 100 %
2026/03/27 11:47:58.363, 0, NVIDIA RTX 6000 Ada Generation, 49140 MiB, 15890 MiB, 0 %
2026/03/27 11:47:58.363, 1, NVIDIA RTX 6000 Ada Generation, 49140 MiB, 29003 MiB, 100 %
2026/03/27 11:47:58.363, 2, NVIDIA RTX 6000 Ada Generation, 49140 MiB, 21991 MiB, 100 %
2026/03/27 11:47:58.363, 3, NVIDIA RTX 6000 Ada Generation, 49140 MiB, 17248 MiB, 100 %
2026/03/27 11:47:58.467, 4, NVIDIA RTX 6000 Ada Generation, 49140 MiB, 17260 MiB, 100 %
2026/03/27 11:47:58.467, 5, NVIDIA RTX 6000 Ada Generation, 49140 MiB, 2 MiB, 0 %
2026/03/27 11:47:58.467, 6, NVIDIA RTX 6000 Ada Generation, 49140 MiB, 2 MiB, 100 %
2026/03/27 11:47:58.467, 7, NVIDIA RTX 6000 Ada Generation, 49140 MiB, 21460 MiB, 100 %
2026/03/27 11:47:59.468, 0, NVIDIA RTX 6000 Ada Generation, 49140 MiB, 15890 MiB, 6 %
2026/03/27 11:47:59.468, 1, NVIDIA RTX 6000 Ada Generation, 49140 MiB, 29003 MiB, 100 %
2026/03/27 11:47:59.468, 2, NVIDIA RTX 6000 Ada Generation, 49140 MiB, 21991 MiB, 100 %
2026/03/27 11:47:59.468, 3, NVIDIA RTX 6000 Ada Generation, 49140 MiB, 17248 MiB, 100 %
2026/03/27 11:47:59.468, 4, NVIDIA RTX 6000 Ada Generation, 49140 MiB, 17260 MiB, 100 %
2026/03/27 11:47:59.468, 5, NVIDIA RTX 6000 Ada Generation, 49140 MiB, 2 MiB, 0 %
2026/03/27 11:47:59.468, 6, NVIDIA RTX 6000 Ada Generation, 49140 MiB, 2 MiB, 0 %
2026/03/27 11:47:59.468, 7, NVIDIA RTX 6000 Ada Generation, 49140 MiB, 21460 MiB, 100 %
2026/03/27 11:48:00.468, 0, NVIDIA RTX 6000 Ada Generation, 49140 MiB, 15890 MiB, 0 %
2026/03/27 11:48:00.564, 1, NVIDIA RTX 6000 Ada Generation, 49140 MiB, 29003 MiB, 100 %
2026/03/27 11:48:00.565, 2, NVIDIA RTX 6000 Ada Generation, 49140 MiB, 21991 MiB, 100 %
2026/03/27 11:48:00.565, 3, NVIDIA RTX 6000 Ada Generation, 49140 MiB, 17248 MiB, 100 %
2026/03/27 11:48:00.565, 4, NVIDIA RTX 6000 Ada Generation, 49140 MiB, 17260 MiB, 100 %
2026/03/27 11:48:00.565, 5, NVIDIA RTX 6000 Ada Generation, 49140 MiB, 2 MiB, 0 %
2026/03/27 11:48:00.565, 6, NVIDIA RTX 6000 Ada Generation, 49140 MiB, 2 MiB, 0 %
2026/03/27 11:48:00.565, 7, NVIDIA RTX 6000 Ada Generation, 49140 MiB, 21460 MiB, 100 %
2026/03/27 11:48:01.565, 0, NVIDIA RTX 6000 Ada Generation, 49140 MiB, 15890 MiB, 87 %
2026/03/27 11:48:01.674, 1, NVIDIA RTX 6000 Ada Generation, 49140 MiB, 29003 MiB, 100 %
2026/03/27 11:48:01.675, 2, NVIDIA RTX 6000 Ada Generation, 49140 MiB, 21991 MiB, 100 %
2026/03/27 11:48:01.675, 3, NVIDIA RTX 6000 Ada Generation, 49140 MiB, 17248 MiB, 100 %
2026/03/27 11:48:01.675, 4, NVIDIA RTX 6000 Ada Generation, 49140 MiB, 17260 MiB, 100 %
2026/03/27 11:48:01.675, 5, NVIDIA RTX 6000 Ada Generation, 49140 MiB, 2 MiB, 0 %
2026/03/27 11:48:01.675, 6, NVIDIA RTX 6000 Ada Generation, 49140 MiB, 2 MiB, 0 %
2026/03/27 11:48:01.832, 7, NVIDIA RTX 6000 Ada Generation, 49140 MiB, 21460 MiB, 100 %
2026/03/27 11:48:02.832, 0, NVIDIA RTX 6000 Ada Generation, 49140 MiB, 15890 MiB, 95 %
2026/03/27 11:48:02.832, 1, NVIDIA RTX 6000 Ada Generation, 49140 MiB, 29003 MiB, 100 %
2026/03/27 11:48:02.832, 2, NVIDIA RTX 6000 Ada Generation, 49140 MiB, 21991 MiB, 100 %
2026/03/27 11:48:02.832, 3, NVIDIA RTX 6000 Ada Generation, 49140 MiB, 17248 MiB, 100 %
2026/03/27 11:48:02.832, 4, NVIDIA RTX 6000 Ada Generation, 49140 MiB, 17260 MiB, 100 %
2026/03/27 11:48:02.833, 5, NVIDIA RTX 6000 Ada Generation, 49140 MiB, 2 MiB, 0 %
2026/03/27 11:48:02.833, 6, NVIDIA RTX 6000 Ada Generation, 49140 MiB, 4 MiB, 0 %
2026/03/27 11:48:02.833, 7, NVIDIA RTX 6000 Ada Generation, 49140 MiB, 21460 MiB, 100 %
2026/03/27 11:48:03.833, 0, NVIDIA RTX 6000 Ada Generation, 49140 MiB, 15890 MiB, 79 %
2026/03/27 11:48:03.833, 1, NVIDIA RTX 6000 Ada Generation, 49140 MiB, 29003 MiB, 100 %
2026/03/27 11:48:03.833, 2, NVIDIA RTX 6000 Ada Generation, 49140 MiB, 21991 MiB, 100 %
2026/03/27 11:48:04.039, 3, NVIDIA RTX 6000 Ada Generation, 49140 MiB, 17248 MiB, 100 %
2026/03/27 11:48:04.039, 4, NVIDIA RTX 6000 Ada Generation, 49140 MiB, 17260 MiB, 100 %
2026/03/27 11:48:04.040, 5, NVIDIA RTX 6000 Ada Generation, 49140 MiB, 2 MiB, 0 %
2026/03/27 11:48:04.040, 6, NVIDIA RTX 6000 Ada Generation, 49140 MiB, 16254 MiB, 15 %
2026/03/27 11:48:04.040, 7, NVIDIA RTX 6000 Ada Generation, 49140 MiB, 21460 MiB, 100 %
2026/03/27 11:48:05.040, 0, NVIDIA RTX 6000 Ada Generation, 49140 MiB, 15890 MiB, 6 %
2026/03/27 11:48:05.040, 1, NVIDIA RTX 6000 Ada Generation, 49140 MiB, 29003 MiB, 100 %
2026/03/27 11:48:05.040, 2, NVIDIA RTX 6000 Ada Generation, 49140 MiB, 21991 MiB, 100 %
2026/03/27 11:48:05.040, 3, NVIDIA RTX 6000 Ada Generation, 49140 MiB, 17248 MiB, 100 %
2026/03/27 11:48:05.040, 4, NVIDIA RTX 6000 Ada Generation, 49140 MiB, 17260 MiB, 100 %
2026/03/27 11:48:05.040, 5, NVIDIA RTX 6000 Ada Generation, 49140 MiB, 2 MiB, 0 %
2026/03/27 11:48:05.040, 6, NVIDIA RTX 6000 Ada Generation, 49140 MiB, 16254 MiB, 13 %
2026/03/27 11:48:05.040, 7, NVIDIA RTX 6000 Ada Generation, 49140 MiB, 21460 MiB, 100 %
2026/03/27 11:48:06.040, 0, NVIDIA RTX 6000 Ada Generation, 49140 MiB, 15890 MiB, 6 %
2026/03/27 11:48:06.040, 1, NVIDIA RTX 6000 Ada Generation, 49140 MiB, 29003 MiB, 100 %
2026/03/27 11:48:06.040, 2, NVIDIA RTX 6000 Ada Generation, 49140 MiB, 21991 MiB, 100 %
2026/03/27 11:48:06.040, 3, NVIDIA RTX 6000 Ada Generation, 49140 MiB, 17248 MiB, 100 %
2026/03/27 11:48:06.040, 4, NVIDIA RTX 6000 Ada Generation, 49140 MiB, 17260 MiB, 100 %
2026/03/27 11:48:06.041, 5, NVIDIA RTX 6000 Ada Generation, 49140 MiB, 2 MiB, 0 %
2026/03/27 11:48:06.041, 6, NVIDIA RTX 6000 Ada Generation, 49140 MiB, 16254 MiB, 14 %
2026/03/27 11:48:06.041, 7, NVIDIA RTX 6000 Ada Generation, 49140 MiB, 21460 MiB, 100 %
2026/03/27 11:48:07.041, 0, NVIDIA RTX 6000 Ada Generation, 49140 MiB, 15890 MiB, 6 %
2026/03/27 11:48:07.041, 1, NVIDIA RTX 6000 Ada Generation, 49140 MiB, 29003 MiB, 100 %
2026/03/27 11:48:07.041, 2, NVIDIA RTX 6000 Ada Generation, 49140 MiB, 21991 MiB, 100 %
2026/03/27 11:48:07.041, 3, NVIDIA RTX 6000 Ada Generation, 49140 MiB, 17248 MiB, 100 %
2026/03/27 11:48:07.068, 4, NVIDIA RTX 6000 Ada Generation, 49140 MiB, 17260 MiB, 100 %
2026/03/27 11:48:07.069, 5, NVIDIA RTX 6000 Ada Generation, 49140 MiB, 2 MiB, 0 %
2026/03/27 11:48:07.069, 6, NVIDIA RTX 6000 Ada Generation, 49140 MiB, 16254 MiB, 13 %
2026/03/27 11:48:07.070, 7, NVIDIA RTX 6000 Ada Generation, 49140 MiB, 21460 MiB, 100 %
2026/03/27 11:48:08.070, 0, NVIDIA RTX 6000 Ada Generation, 49140 MiB, 15890 MiB, 0 %
2026/03/27 11:48:08.070, 1, NVIDIA RTX 6000 Ada Generation, 49140 MiB, 29003 MiB, 100 %
2026/03/27 11:48:08.070, 2, NVIDIA RTX 6000 Ada Generation, 49140 MiB, 21991 MiB, 100 %
2026/03/27 11:48:08.070, 3, NVIDIA RTX 6000 Ada Generation, 49140 MiB, 17248 MiB, 100 %
2026/03/27 11:48:08.070, 4, NVIDIA RTX 6000 Ada Generation, 49140 MiB, 17260 MiB, 100 %
2026/03/27 11:48:08.070, 5, NVIDIA RTX 6000 Ada Generation, 49140 MiB, 2 MiB, 0 %
2026/03/27 11:48:08.070, 6, NVIDIA RTX 6000 Ada Generation, 49140 MiB, 16254 MiB, 11 %
2026/03/27 11:48:08.070, 7, NVIDIA RTX 6000 Ada Generation, 49140 MiB, 21460 MiB, 100 %
2026/03/27 11:48:09.070, 0, NVIDIA RTX 6000 Ada Generation, 49140 MiB, 15890 MiB, 6 %
2026/03/27 11:48:09.159, 1, NVIDIA RTX 6000 Ada Generation, 49140 MiB, 29003 MiB, 100 %
2026/03/27 11:48:09.159, 2, NVIDIA RTX 6000 Ada Generation, 49140 MiB, 21991 MiB, 100 %
2026/03/27 11:48:09.159, 3, NVIDIA RTX 6000 Ada Generation, 49140 MiB, 17248 MiB, 99 %
2026/03/27 11:48:09.159, 4, NVIDIA RTX 6000 Ada Generation, 49140 MiB, 17260 MiB, 100 %
2026/03/27 11:48:09.159, 5, NVIDIA RTX 6000 Ada Generation, 49140 MiB, 2 MiB, 0 %
2026/03/27 11:48:09.159, 6, NVIDIA RTX 6000 Ada Generation, 49140 MiB, 16254 MiB, 0 %
2026/03/27 11:48:09.159, 7, NVIDIA RTX 6000 Ada Generation, 49140 MiB, 21460 MiB, 100 %
2026/03/27 11:48:10.159, 0, NVIDIA RTX 6000 Ada Generation, 49140 MiB, 15890 MiB, 0 %
2026/03/27 11:48:10.159, 1, NVIDIA RTX 6000 Ada Generation, 49140 MiB, 29003 MiB, 99 %
2026/03/27 11:48:10.159, 2, NVIDIA RTX 6000 Ada Generation, 49140 MiB, 21991 MiB, 100 %
2026/03/27 11:48:10.159, 3, NVIDIA RTX 6000 Ada Generation, 49140 MiB, 17248 MiB, 100 %
2026/03/27 11:48:10.159, 4, NVIDIA RTX 6000 Ada Generation, 49140 MiB, 17260 MiB, 100 %
2026/03/27 11:48:10.159, 5, NVIDIA RTX 6000 Ada Generation, 49140 MiB, 2 MiB, 0 %
2026/03/27 11:48:10.233, 6, NVIDIA RTX 6000 Ada Generation, 49140 MiB, 16254 MiB, 0 %
2026/03/27 11:48:10.233, 7, NVIDIA RTX 6000 Ada Generation, 49140 MiB, 21460 MiB, 100 %
2026/03/27 11:48:11.233, 0, NVIDIA RTX 6000 Ada Generation, 49140 MiB, 15890 MiB, 79 %
2026/03/27 11:48:11.233, 1, NVIDIA RTX 6000 Ada Generation, 49140 MiB, 29003 MiB, 100 %
2026/03/27 11:48:11.233, 2, NVIDIA RTX 6000 Ada Generation, 49140 MiB, 21991 MiB, 100 %
2026/03/27 11:48:11.233, 3, NVIDIA RTX 6000 Ada Generation, 49140 MiB, 17248 MiB, 100 %
2026/03/27 11:48:11.233, 4, NVIDIA RTX 6000 Ada Generation, 49140 MiB, 17260 MiB, 100 %
2026/03/27 11:48:11.233, 5, NVIDIA RTX 6000 Ada Generation, 49140 MiB, 2 MiB, 0 %
2026/03/27 11:48:11.233, 6, NVIDIA RTX 6000 Ada Generation, 49140 MiB, 16254 MiB, 0 %
2026/03/27 11:48:11.233, 7, NVIDIA RTX 6000 Ada Generation, 49140 MiB, 21460 MiB, 100 %
2026/03/27 11:48:12.233, 0, NVIDIA RTX 6000 Ada Generation, 49140 MiB, 15890 MiB, 90 %
2026/03/27 11:48:12.234, 1, NVIDIA RTX 6000 Ada Generation, 49140 MiB, 29003 MiB, 100 %
2026/03/27 11:48:12.354, 2, NVIDIA RTX 6000 Ada Generation, 49140 MiB, 21991 MiB, 100 %
2026/03/27 11:48:12.354, 3, NVIDIA RTX 6000 Ada Generation, 49140 MiB, 17248 MiB, 100 %
2026/03/27 11:48:12.354, 4, NVIDIA RTX 6000 Ada Generation, 49140 MiB, 17260 MiB, 100 %
2026/03/27 11:48:12.354, 5, NVIDIA RTX 6000 Ada Generation, 49140 MiB, 2 MiB, 0 %
2026/03/27 11:48:12.354, 6, NVIDIA RTX 6000 Ada Generation, 49140 MiB, 16254 MiB, 0 %
2026/03/27 11:48:12.354, 7, NVIDIA RTX 6000 Ada Generation, 49140 MiB, 21460 MiB, 100 %
2026/03/27 11:48:13.354, 0, NVIDIA RTX 6000 Ada Generation, 49140 MiB, 15890 MiB, 93 %
2026/03/27 11:48:13.354, 1, NVIDIA RTX 6000 Ada Generation, 49140 MiB, 29003 MiB, 100 %
2026/03/27 11:48:13.355, 2, NVIDIA RTX 6000 Ada Generation, 49140 MiB, 21991 MiB, 100 %
2026/03/27 11:48:13.355, 3, NVIDIA RTX 6000 Ada Generation, 49140 MiB, 17248 MiB, 100 %
2026/03/27 11:48:13.355, 4, NVIDIA RTX 6000 Ada Generation, 49140 MiB, 17260 MiB, 100 %
2026/03/27 11:48:13.355, 5, NVIDIA RTX 6000 Ada Generation, 49140 MiB, 2 MiB, 0 %
2026/03/27 11:48:13.355, 6, NVIDIA RTX 6000 Ada Generation, 49140 MiB, 16254 MiB, 0 %
2026/03/27 11:48:13.355, 7, NVIDIA RTX 6000 Ada Generation, 49140 MiB, 21460 MiB, 100 %
2026/03/27 11:48:14.518, 0, NVIDIA RTX 6000 Ada Generation, 49140 MiB, 15890 MiB, 0 %
2026/03/27 11:48:14.518, 1, NVIDIA RTX 6000 Ada Generation, 49140 MiB, 29003 MiB, 100 %
2026/03/27 11:48:14.518, 2, NVIDIA RTX 6000 Ada Generation, 49140 MiB, 21991 MiB, 100 %
2026/03/27 11:48:14.518, 3, NVIDIA RTX 6000 Ada Generation, 49140 MiB, 17248 MiB, 100 %
2026/03/27 11:48:14.518, 4, NVIDIA RTX 6000 Ada Generation, 49140 MiB, 17260 MiB, 98 %
2026/03/27 11:48:14.518, 5, NVIDIA RTX 6000 Ada Generation, 49140 MiB, 2 MiB, 0 %
2026/03/27 11:48:14.518, 6, NVIDIA RTX 6000 Ada Generation, 49140 MiB, 16254 MiB, 0 %
2026/03/27 11:48:14.519, 7, NVIDIA RTX 6000 Ada Generation, 49140 MiB, 21460 MiB, 100 %
2026/03/27 11:48:15.519, 0, NVIDIA RTX 6000 Ada Generation, 49140 MiB, 15890 MiB, 0 %
2026/03/27 11:48:15.519, 1, NVIDIA RTX 6000 Ada Generation, 49140 MiB, 29003 MiB, 100 %
2026/03/27 11:48:15.519, 2, NVIDIA RTX 6000 Ada Generation, 49140 MiB, 21991 MiB, 100 %
2026/03/27 11:48:15.519, 3, NVIDIA RTX 6000 Ada Generation, 49140 MiB, 17248 MiB, 100 %
2026/03/27 11:48:15.595, 4, NVIDIA RTX 6000 Ada Generation, 49140 MiB, 17260 MiB, 100 %
2026/03/27 11:48:15.595, 5, NVIDIA RTX 6000 Ada Generation, 49140 MiB, 2 MiB, 0 %
2026/03/27 11:48:15.595, 6, NVIDIA RTX 6000 Ada Generation, 49140 MiB, 16254 MiB, 0 %
2026/03/27 11:48:15.595, 7, NVIDIA RTX 6000 Ada Generation, 49140 MiB, 21460 MiB, 100 %
2026/03/27 11:48:16.595, 0, NVIDIA RTX 6000 Ada Generation, 49140 MiB, 15890 MiB, 6 %
2026/03/27 11:48:16.596, 1, NVIDIA RTX 6000 Ada Generation, 49140 MiB, 29003 MiB, 100 %
2026/03/27 11:48:16.596, 2, NVIDIA RTX 6000 Ada Generation, 49140 MiB, 21991 MiB, 100 %
2026/03/27 11:48:16.596, 3, NVIDIA RTX 6000 Ada Generation, 49140 MiB, 17248 MiB, 100 %
2026/03/27 11:48:16.596, 4, NVIDIA RTX 6000 Ada Generation, 49140 MiB, 17260 MiB, 100 %
2026/03/27 11:48:16.596, 5, NVIDIA RTX 6000 Ada Generation, 49140 MiB, 2 MiB, 0 %
2026/03/27 11:48:16.596, 6, NVIDIA RTX 6000 Ada Generation, 49140 MiB, 16254 MiB, 0 %
2026/03/27 11:48:16.596, 7, NVIDIA RTX 6000 Ada Generation, 49140 MiB, 21460 MiB, 100 %
2026/03/27 11:48:17.596, 0, NVIDIA RTX 6000 Ada Generation, 49140 MiB, 15890 MiB, 6 %
2026/03/27 11:48:17.658, 1, NVIDIA RTX 6000 Ada Generation, 49140 MiB, 29003 MiB, 100 %
2026/03/27 11:48:17.659, 2, NVIDIA RTX 6000 Ada Generation, 49140 MiB, 21991 MiB, 100 %
2026/03/27 11:48:17.659, 3, NVIDIA RTX 6000 Ada Generation, 49140 MiB, 17248 MiB, 100 %
2026/03/27 11:48:17.659, 4, NVIDIA RTX 6000 Ada Generation, 49140 MiB, 17260 MiB, 100 %
2026/03/27 11:48:17.659, 5, NVIDIA RTX 6000 Ada Generation, 49140 MiB, 2 MiB, 0 %
2026/03/27 11:48:17.659, 6, NVIDIA RTX 6000 Ada Generation, 49140 MiB, 16254 MiB, 0 %
2026/03/27 11:48:17.659, 7, NVIDIA RTX 6000 Ada Generation, 49140 MiB, 21460 MiB, 100 %
2026/03/27 11:48:18.660, 0, NVIDIA RTX 6000 Ada Generation, 49140 MiB, 15890 MiB, 6 %
2026/03/27 11:48:18.660, 1, NVIDIA RTX 6000 Ada Generation, 49140 MiB, 29003 MiB, 100 %
2026/03/27 11:48:18.660, 2, NVIDIA RTX 6000 Ada Generation, 49140 MiB, 21991 MiB, 100 %
2026/03/27 11:48:18.660, 3, NVIDIA RTX 6000 Ada Generation, 49140 MiB, 17248 MiB, 100 %
2026/03/27 11:48:18.660, 4, NVIDIA RTX 6000 Ada Generation, 49140 MiB, 17260 MiB, 100 %
2026/03/27 11:48:18.660, 5, NVIDIA RTX 6000 Ada Generation, 49140 MiB, 2 MiB, 0 %
2026/03/27 11:48:18.771, 6, NVIDIA RTX 6000 Ada Generation, 49140 MiB, 16254 MiB, 0 %
2026/03/27 11:48:18.771, 7, NVIDIA RTX 6000 Ada Generation, 49140 MiB, 21460 MiB, 100 %
2026/03/27 11:48:19.771, 0, NVIDIA RTX 6000 Ada Generation, 49140 MiB, 15890 MiB, 6 %
2026/03/27 11:48:19.772, 1, NVIDIA RTX 6000 Ada Generation, 49140 MiB, 29003 MiB, 100 %
2026/03/27 11:48:19.772, 2, NVIDIA RTX 6000 Ada Generation, 49140 MiB, 21991 MiB, 100 %
2026/03/27 11:48:19.772, 3, NVIDIA RTX 6000 Ada Generation, 49140 MiB, 17248 MiB, 100 %
2026/03/27 11:48:19.772, 4, NVIDIA RTX 6000 Ada Generation, 49140 MiB, 17260 MiB, 100 %
2026/03/27 11:48:19.772, 5, NVIDIA RTX 6000 Ada Generation, 49140 MiB, 2 MiB, 0 %
2026/03/27 11:48:19.772, 6, NVIDIA RTX 6000 Ada Generation, 49140 MiB, 16254 MiB, 0 %
2026/03/27 11:48:19.772, 7, NVIDIA RTX 6000 Ada Generation, 49140 MiB, 21460 MiB, 100 %
2026/03/27 11:48:20.772, 0, NVIDIA RTX 6000 Ada Generation, 49140 MiB, 15890 MiB, 6 %
2026/03/27 11:48:20.772, 1, NVIDIA RTX 6000 Ada Generation, 49140 MiB, 29003 MiB, 100 %
2026/03/27 11:48:20.772, 2, NVIDIA RTX 6000 Ada Generation, 49140 MiB, 21991 MiB, 99 %
2026/03/27 11:48:20.940, 3, NVIDIA RTX 6000 Ada Generation, 49140 MiB, 17248 MiB, 100 %
2026/03/27 11:48:20.940, 4, NVIDIA RTX 6000 Ada Generation, 49140 MiB, 17260 MiB, 100 %
2026/03/27 11:48:20.941, 5, NVIDIA RTX 6000 Ada Generation, 49140 MiB, 2 MiB, 0 %
2026/03/27 11:48:20.941, 6, NVIDIA RTX 6000 Ada Generation, 49140 MiB, 16274 MiB, 0 %
2026/03/27 11:48:20.941, 7, NVIDIA RTX 6000 Ada Generation, 49140 MiB, 21460 MiB, 100 %
2026/03/27 11:48:21.941, 0, NVIDIA RTX 6000 Ada Generation, 49140 MiB, 15890 MiB, 6 %
2026/03/27 11:48:21.941, 1, NVIDIA RTX 6000 Ada Generation, 49140 MiB, 29003 MiB, 100 %
2026/03/27 11:48:21.941, 2, NVIDIA RTX 6000 Ada Generation, 49140 MiB, 21991 MiB, 100 %
2026/03/27 11:48:21.941, 3, NVIDIA RTX 6000 Ada Generation, 49140 MiB, 17248 MiB, 100 %
2026/03/27 11:48:21.941, 4, NVIDIA RTX 6000 Ada Generation, 49140 MiB, 17260 MiB, 100 %
2026/03/27 11:48:21.941, 5, NVIDIA RTX 6000 Ada Generation, 49140 MiB, 2 MiB, 0 %
2026/03/27 11:48:21.941, 6, NVIDIA RTX 6000 Ada Generation, 49140 MiB, 21074 MiB, 44 %
2026/03/27 11:48:21.941, 7, NVIDIA RTX 6000 Ada Generation, 49140 MiB, 21460 MiB, 100 %
2026/03/27 11:48:22.942, 0, NVIDIA RTX 6000 Ada Generation, 49140 MiB, 15890 MiB, 1 %
2026/03/27 11:48:22.942, 1, NVIDIA RTX 6000 Ada Generation, 49140 MiB, 29003 MiB, 100 %
2026/03/27 11:48:22.942, 2, NVIDIA RTX 6000 Ada Generation, 49140 MiB, 21991 MiB, 100 %
2026/03/27 11:48:22.942, 3, NVIDIA RTX 6000 Ada Generation, 49140 MiB, 17248 MiB, 100 %
2026/03/27 11:48:22.942, 4, NVIDIA RTX 6000 Ada Generation, 49140 MiB, 17260 MiB, 100 %
2026/03/27 11:48:22.942, 5, NVIDIA RTX 6000 Ada Generation, 49140 MiB, 2 MiB, 0 %
2026/03/27 11:48:22.942, 6, NVIDIA RTX 6000 Ada Generation, 49140 MiB, 47800 MiB, 5 %
2026/03/27 11:48:22.942, 7, NVIDIA RTX 6000 Ada Generation, 49140 MiB, 21460 MiB, 100 %
2026/03/27 11:48:23.942, 0, NVIDIA RTX 6000 Ada Generation, 49140 MiB, 15890 MiB, 3 %
2026/03/27 11:48:23.962, 1, NVIDIA RTX 6000 Ada Generation, 49140 MiB, 29003 MiB, 100 %
2026/03/27 11:48:24.206, 2, NVIDIA RTX 6000 Ada Generation, 49140 MiB, 21991 MiB, 100 %
2026/03/27 11:48:24.207, 3, NVIDIA RTX 6000 Ada Generation, 49140 MiB, 17248 MiB, 100 %
2026/03/27 11:48:24.208, 4, NVIDIA RTX 6000 Ada Generation, 49140 MiB, 17260 MiB, 100 %
2026/03/27 11:48:24.366, 5, NVIDIA RTX 6000 Ada Generation, 49140 MiB, 2 MiB, 0 %
2026/03/27 11:48:24.368, 6, NVIDIA RTX 6000 Ada Generation, 49140 MiB, 47800 MiB, 0 %
2026/03/27 11:48:24.518, 7, NVIDIA RTX 6000 Ada Generation, 49140 MiB, 21460 MiB, 100 %
2026/03/27 11:48:25.520, 0, NVIDIA RTX 6000 Ada Generation, 49140 MiB, 15890 MiB, 6 %
2026/03/27 11:48:25.520, 1, NVIDIA RTX 6000 Ada Generation, 49140 MiB, 29003 MiB, 100 %
2026/03/27 11:48:25.520, 2, NVIDIA RTX 6000 Ada Generation, 49140 MiB, 21991 MiB, 100 %
2026/03/27 11:48:25.520, 3, NVIDIA RTX 6000 Ada Generation, 49140 MiB, 17248 MiB, 100 %
2026/03/27 11:48:25.520, 4, NVIDIA RTX 6000 Ada Generation, 49140 MiB, 17260 MiB, 100 %
2026/03/27 11:48:25.520, 5, NVIDIA RTX 6000 Ada Generation, 49140 MiB, 2 MiB, 0 %
2026/03/27 11:48:25.520, 6, NVIDIA RTX 6000 Ada Generation, 49140 MiB, 2 MiB, 100 %
2026/03/27 11:48:25.520, 7, NVIDIA RTX 6000 Ada Generation, 49140 MiB, 21460 MiB, 100 %
2026/03/27 11:48:26.521, 0, NVIDIA RTX 6000 Ada Generation, 49140 MiB, 15890 MiB, 6 %
2026/03/27 11:48:26.521, 1, NVIDIA RTX 6000 Ada Generation, 49140 MiB, 29003 MiB, 100 %
2026/03/27 11:48:26.521, 2, NVIDIA RTX 6000 Ada Generation, 49140 MiB, 21991 MiB, 100 %
2026/03/27 11:48:26.578, 3, NVIDIA RTX 6000 Ada Generation, 49140 MiB, 17248 MiB, 100 %
2026/03/27 11:48:26.578, 4, NVIDIA RTX 6000 Ada Generation, 49140 MiB, 17260 MiB, 100 %
2026/03/27 11:48:26.579, 5, NVIDIA RTX 6000 Ada Generation, 49140 MiB, 2 MiB, 0 %
2026/03/27 11:48:26.579, 6, NVIDIA RTX 6000 Ada Generation, 49140 MiB, 2 MiB, 0 %
2026/03/27 11:48:26.579, 7, NVIDIA RTX 6000 Ada Generation, 49140 MiB, 21460 MiB, 100 %
2026/03/27 11:48:27.579, 0, NVIDIA RTX 6000 Ada Generation, 49140 MiB, 15890 MiB, 0 %
2026/03/27 11:48:27.579, 1, NVIDIA RTX 6000 Ada Generation, 49140 MiB, 29003 MiB, 100 %
2026/03/27 11:48:27.579, 2, NVIDIA RTX 6000 Ada Generation, 49140 MiB, 21991 MiB, 100 %
2026/03/27 11:48:27.579, 3, NVIDIA RTX 6000 Ada Generation, 49140 MiB, 17248 MiB, 100 %
2026/03/27 11:48:27.579, 4, NVIDIA RTX 6000 Ada Generation, 49140 MiB, 17260 MiB, 100 %
2026/03/27 11:48:27.579, 5, NVIDIA RTX 6000 Ada Generation, 49140 MiB, 2 MiB, 0 %
2026/03/27 11:48:27.579, 6, NVIDIA RTX 6000 Ada Generation, 49140 MiB, 2 MiB, 0 %
2026/03/27 11:48:27.580, 7, NVIDIA RTX 6000 Ada Generation, 49140 MiB, 21460 MiB, 100 %
2026/03/27 11:48:28.580, 0, NVIDIA RTX 6000 Ada Generation, 49140 MiB, 15890 MiB, 0 %
2026/03/27 11:48:28.580, 1, NVIDIA RTX 6000 Ada Generation, 49140 MiB, 29003 MiB, 98 %
2026/03/27 11:48:28.580, 2, NVIDIA RTX 6000 Ada Generation, 49140 MiB, 21991 MiB, 100 %
2026/03/27 11:48:28.581, 3, NVIDIA RTX 6000 Ada Generation, 49140 MiB, 17248 MiB, 100 %
2026/03/27 11:48:28.581, 4, NVIDIA RTX 6000 Ada Generation, 49140 MiB, 17260 MiB, 100 %
2026/03/27 11:48:28.581, 5, NVIDIA RTX 6000 Ada Generation, 49140 MiB, 2 MiB, 0 %
2026/03/27 11:48:28.581, 6, NVIDIA RTX 6000 Ada Generation, 49140 MiB, 21 MiB, 0 %
2026/03/27 11:48:28.581, 7, NVIDIA RTX 6000 Ada Generation, 49140 MiB, 21460 MiB, 100 %
2026/03/27 11:48:29.583, 0, NVIDIA RTX 6000 Ada Generation, 49140 MiB, 15890 MiB, 0 %
2026/03/27 11:48:29.583, 1, NVIDIA RTX 6000 Ada Generation, 49140 MiB, 29003 MiB, 100 %
2026/03/27 11:48:29.583, 2, NVIDIA RTX 6000 Ada Generation, 49140 MiB, 21991 MiB, 100 %
2026/03/27 11:48:29.583, 3, NVIDIA RTX 6000 Ada Generation, 49140 MiB, 17248 MiB, 100 %
2026/03/27 11:48:29.583, 4, NVIDIA RTX 6000 Ada Generation, 49140 MiB, 17260 MiB, 100 %
2026/03/27 11:48:29.810, 5, NVIDIA RTX 6000 Ada Generation, 49140 MiB, 2 MiB, 0 %
2026/03/27 11:48:29.810, 6, NVIDIA RTX 6000 Ada Generation, 49140 MiB, 16254 MiB, 22 %
2026/03/27 11:48:29.810, 7, NVIDIA RTX 6000 Ada Generation, 49140 MiB, 21460 MiB, 100 %
2026/03/27 11:48:30.810, 0, NVIDIA RTX 6000 Ada Generation, 49140 MiB, 15890 MiB, 100 %
2026/03/27 11:48:30.810, 1, NVIDIA RTX 6000 Ada Generation, 49140 MiB, 29003 MiB, 100 %
2026/03/27 11:48:30.810, 2, NVIDIA RTX 6000 Ada Generation, 49140 MiB, 21991 MiB, 100 %
2026/03/27 11:48:30.811, 3, NVIDIA RTX 6000 Ada Generation, 49140 MiB, 17248 MiB, 100 %
2026/03/27 11:48:30.811, 4, NVIDIA RTX 6000 Ada Generation, 49140 MiB, 17260 MiB, 100 %
2026/03/27 11:48:30.811, 5, NVIDIA RTX 6000 Ada Generation, 49140 MiB, 2 MiB, 0 %
2026/03/27 11:48:30.811, 6, NVIDIA RTX 6000 Ada Generation, 49140 MiB, 16254 MiB, 13 %
2026/03/27 11:48:30.811, 7, NVIDIA RTX 6000 Ada Generation, 49140 MiB, 21460 MiB, 100 %
2026/03/27 11:48:31.811, 0, NVIDIA RTX 6000 Ada Generation, 49140 MiB, 15890 MiB, 0 %
2026/03/27 11:48:31.811, 1, NVIDIA RTX 6000 Ada Generation, 49140 MiB, 29003 MiB, 100 %
2026/03/27 11:48:31.912, 2, NVIDIA RTX 6000 Ada Generation, 49140 MiB, 21991 MiB, 100 %
2026/03/27 11:48:31.913, 3, NVIDIA RTX 6000 Ada Generation, 49140 MiB, 17248 MiB, 100 %
2026/03/27 11:48:31.913, 4, NVIDIA RTX 6000 Ada Generation, 49140 MiB, 17260 MiB, 100 %
2026/03/27 11:48:31.913, 5, NVIDIA RTX 6000 Ada Generation, 49140 MiB, 2 MiB, 0 %
2026/03/27 11:48:31.913, 6, NVIDIA RTX 6000 Ada Generation, 49140 MiB, 16254 MiB, 14 %
2026/03/27 11:48:31.913, 7, NVIDIA RTX 6000 Ada Generation, 49140 MiB, 21460 MiB, 100 %
2026/03/27 11:48:32.913, 0, NVIDIA RTX 6000 Ada Generation, 49140 MiB, 15890 MiB, 0 %
2026/03/27 11:48:32.913, 1, NVIDIA RTX 6000 Ada Generation, 49140 MiB, 29003 MiB, 100 %
2026/03/27 11:48:32.913, 2, NVIDIA RTX 6000 Ada Generation, 49140 MiB, 21991 MiB, 100 %
2026/03/27 11:48:32.913, 3, NVIDIA RTX 6000 Ada Generation, 49140 MiB, 17248 MiB, 100 %
2026/03/27 11:48:32.913, 4, NVIDIA RTX 6000 Ada Generation, 49140 MiB, 17260 MiB, 100 %
2026/03/27 11:48:32.913, 5, NVIDIA RTX 6000 Ada Generation, 49140 MiB, 2 MiB, 0 %
2026/03/27 11:48:32.914, 6, NVIDIA RTX 6000 Ada Generation, 49140 MiB, 16254 MiB, 14 %
2026/03/27 11:48:32.929, 7, NVIDIA RTX 6000 Ada Generation, 49140 MiB, 21460 MiB, 100 %
2026/03/27 11:48:33.930, 0, NVIDIA RTX 6000 Ada Generation, 49140 MiB, 15890 MiB, 6 %
2026/03/27 11:48:33.930, 1, NVIDIA RTX 6000 Ada Generation, 49140 MiB, 29003 MiB, 100 %
2026/03/27 11:48:33.930, 2, NVIDIA RTX 6000 Ada Generation, 49140 MiB, 21991 MiB, 100 %
2026/03/27 11:48:33.930, 3, NVIDIA RTX 6000 Ada Generation, 49140 MiB, 17248 MiB, 100 %
2026/03/27 11:48:33.930, 4, NVIDIA RTX 6000 Ada Generation, 49140 MiB, 17260 MiB, 100 %
2026/03/27 11:48:33.930, 5, NVIDIA RTX 6000 Ada Generation, 49140 MiB, 2 MiB, 0 %
2026/03/27 11:48:33.930, 6, NVIDIA RTX 6000 Ada Generation, 49140 MiB, 16254 MiB, 12 %
2026/03/27 11:48:33.930, 7, NVIDIA RTX 6000 Ada Generation, 49140 MiB, 21460 MiB, 100 %
2026/03/27 11:48:34.931, 0, NVIDIA RTX 6000 Ada Generation, 49140 MiB, 15890 MiB, 6 %
2026/03/27 11:48:34.931, 1, NVIDIA RTX 6000 Ada Generation, 49140 MiB, 29003 MiB, 100 %
2026/03/27 11:48:34.931, 2, NVIDIA RTX 6000 Ada Generation, 49140 MiB, 21991 MiB, 100 %
2026/03/27 11:48:34.972, 3, NVIDIA RTX 6000 Ada Generation, 49140 MiB, 17248 MiB, 100 %
2026/03/27 11:48:34.972, 4, NVIDIA RTX 6000 Ada Generation, 49140 MiB, 17260 MiB, 100 %
2026/03/27 11:48:34.972, 5, NVIDIA RTX 6000 Ada Generation, 49140 MiB, 2 MiB, 0 %
2026/03/27 11:48:34.972, 6, NVIDIA RTX 6000 Ada Generation, 49140 MiB, 16254 MiB, 0 %
2026/03/27 11:48:34.972, 7, NVIDIA RTX 6000 Ada Generation, 49140 MiB, 21460 MiB, 100 %
2026/03/27 11:48:35.972, 0, NVIDIA RTX 6000 Ada Generation, 49140 MiB, 15890 MiB, 5 %
2026/03/27 11:48:35.973, 1, NVIDIA RTX 6000 Ada Generation, 49140 MiB, 29003 MiB, 100 %
2026/03/27 11:48:35.973, 2, NVIDIA RTX 6000 Ada Generation, 49140 MiB, 21991 MiB, 100 %
2026/03/27 11:48:35.973, 3, NVIDIA RTX 6000 Ada Generation, 49140 MiB, 17248 MiB, 100 %
2026/03/27 11:48:35.973, 4, NVIDIA RTX 6000 Ada Generation, 49140 MiB, 17260 MiB, 99 %
2026/03/27 11:48:35.973, 5, NVIDIA RTX 6000 Ada Generation, 49140 MiB, 2 MiB, 0 %
2026/03/27 11:48:35.973, 6, NVIDIA RTX 6000 Ada Generation, 49140 MiB, 16254 MiB, 0 %
2026/03/27 11:48:35.973, 7, NVIDIA RTX 6000 Ada Generation, 49140 MiB, 21460 MiB, 100 %
2026/03/27 11:48:36.973, 0, NVIDIA RTX 6000 Ada Generation, 49140 MiB, 15890 MiB, 6 %
2026/03/27 11:48:36.973, 1, NVIDIA RTX 6000 Ada Generation, 49140 MiB, 29003 MiB, 100 %
2026/03/27 11:48:36.973, 2, NVIDIA RTX 6000 Ada Generation, 49140 MiB, 21991 MiB, 100 %
2026/03/27 11:48:36.974, 3, NVIDIA RTX 6000 Ada Generation, 49140 MiB, 17248 MiB, 100 %
2026/03/27 11:48:36.974, 4, NVIDIA RTX 6000 Ada Generation, 49140 MiB, 17260 MiB, 100 %
2026/03/27 11:48:36.974, 5, NVIDIA RTX 6000 Ada Generation, 49140 MiB, 2 MiB, 0 %
2026/03/27 11:48:36.974, 6, NVIDIA RTX 6000 Ada Generation, 49140 MiB, 16254 MiB, 0 %
2026/03/27 11:48:36.974, 7, NVIDIA RTX 6000 Ada Generation, 49140 MiB, 21460 MiB, 100 %
2026/03/27 11:48:37.974, 0, NVIDIA RTX 6000 Ada Generation, 49140 MiB, 15890 MiB, 6 %
2026/03/27 11:48:37.974, 1, NVIDIA RTX 6000 Ada Generation, 49140 MiB, 29003 MiB, 100 %
2026/03/27 11:48:37.974, 2, NVIDIA RTX 6000 Ada Generation, 49140 MiB, 21991 MiB, 100 %
2026/03/27 11:48:37.974, 3, NVIDIA RTX 6000 Ada Generation, 49140 MiB, 17248 MiB, 100 %
2026/03/27 11:48:38.001, 4, NVIDIA RTX 6000 Ada Generation, 49140 MiB, 17260 MiB, 100 %
2026/03/27 11:48:38.002, 5, NVIDIA RTX 6000 Ada Generation, 49140 MiB, 2 MiB, 0 %
2026/03/27 11:48:38.002, 6, NVIDIA RTX 6000 Ada Generation, 49140 MiB, 16254 MiB, 0 %
2026/03/27 11:48:38.002, 7, NVIDIA RTX 6000 Ada Generation, 49140 MiB, 21460 MiB, 100 %
2026/03/27 11:48:39.002, 0, NVIDIA RTX 6000 Ada Generation, 49140 MiB, 15890 MiB, 1 %
2026/03/27 11:48:39.002, 1, NVIDIA RTX 6000 Ada Generation, 49140 MiB, 29003 MiB, 100 %
2026/03/27 11:48:39.002, 2, NVIDIA RTX 6000 Ada Generation, 49140 MiB, 21991 MiB, 100 %
2026/03/27 11:48:39.002, 3, NVIDIA RTX 6000 Ada Generation, 49140 MiB, 17248 MiB, 100 %
2026/03/27 11:48:39.002, 4, NVIDIA RTX 6000 Ada Generation, 49140 MiB, 17260 MiB, 100 %
2026/03/27 11:48:39.002, 5, NVIDIA RTX 6000 Ada Generation, 49140 MiB, 2 MiB, 0 %
2026/03/27 11:48:39.003, 6, NVIDIA RTX 6000 Ada Generation, 49140 MiB, 16254 MiB, 0 %
2026/03/27 11:48:39.003, 7, NVIDIA RTX 6000 Ada Generation, 49140 MiB, 21460 MiB, 100 %
2026/03/27 11:48:40.003, 0, NVIDIA RTX 6000 Ada Generation, 49140 MiB, 15890 MiB, 0 %
2026/03/27 11:48:40.075, 1, NVIDIA RTX 6000 Ada Generation, 49140 MiB, 29003 MiB, 100 %
2026/03/27 11:48:40.075, 2, NVIDIA RTX 6000 Ada Generation, 49140 MiB, 21991 MiB, 100 %
2026/03/27 11:48:40.076, 3, NVIDIA RTX 6000 Ada Generation, 49140 MiB, 17248 MiB, 100 %
2026/03/27 11:48:40.076, 4, NVIDIA RTX 6000 Ada Generation, 49140 MiB, 17260 MiB, 99 %
2026/03/27 11:48:40.076, 5, NVIDIA RTX 6000 Ada Generation, 49140 MiB, 2 MiB, 0 %
2026/03/27 11:48:40.076, 6, NVIDIA RTX 6000 Ada Generation, 49140 MiB, 16254 MiB, 0 %
2026/03/27 11:48:40.076, 7, NVIDIA RTX 6000 Ada Generation, 49140 MiB, 21460 MiB, 100 %
2026/03/27 11:48:41.076, 0, NVIDIA RTX 6000 Ada Generation, 49140 MiB, 15890 MiB, 0 %
2026/03/27 11:48:41.076, 1, NVIDIA RTX 6000 Ada Generation, 49140 MiB, 29003 MiB, 100 %
2026/03/27 11:48:41.076, 2, NVIDIA RTX 6000 Ada Generation, 49140 MiB, 21991 MiB, 100 %
2026/03/27 11:48:41.076, 3, NVIDIA RTX 6000 Ada Generation, 49140 MiB, 17248 MiB, 100 %
2026/03/27 11:48:41.076, 4, NVIDIA RTX 6000 Ada Generation, 49140 MiB, 17260 MiB, 100 %
2026/03/27 11:48:41.076, 5, NVIDIA RTX 6000 Ada Generation, 49140 MiB, 2 MiB, 0 %
2026/03/27 11:48:41.151, 6, NVIDIA RTX 6000 Ada Generation, 49140 MiB, 16254 MiB, 0 %
2026/03/27 11:48:41.152, 7, NVIDIA RTX 6000 Ada Generation, 49140 MiB, 21460 MiB, 100 %
2026/03/27 11:48:42.152, 0, NVIDIA RTX 6000 Ada Generation, 49140 MiB, 15890 MiB, 90 %
2026/03/27 11:48:42.152, 1, NVIDIA RTX 6000 Ada Generation, 49140 MiB, 29003 MiB, 100 %
2026/03/27 11:48:42.152, 2, NVIDIA RTX 6000 Ada Generation, 49140 MiB, 21991 MiB, 99 %
2026/03/27 11:48:42.152, 3, NVIDIA RTX 6000 Ada Generation, 49140 MiB, 17248 MiB, 100 %
2026/03/27 11:48:42.152, 4, NVIDIA RTX 6000 Ada Generation, 49140 MiB, 17260 MiB, 100 %
2026/03/27 11:48:42.152, 5, NVIDIA RTX 6000 Ada Generation, 49140 MiB, 2 MiB, 0 %
2026/03/27 11:48:42.152, 6, NVIDIA RTX 6000 Ada Generation, 49140 MiB, 16254 MiB, 0 %
2026/03/27 11:48:42.152, 7, NVIDIA RTX 6000 Ada Generation, 49140 MiB, 21460 MiB, 100 %
2026/03/27 11:48:43.152, 0, NVIDIA RTX 6000 Ada Generation, 49140 MiB, 15890 MiB, 90 %
2026/03/27 11:48:43.153, 1, NVIDIA RTX 6000 Ada Generation, 49140 MiB, 29003 MiB, 100 %
2026/03/27 11:48:43.282, 2, NVIDIA RTX 6000 Ada Generation, 49140 MiB, 21991 MiB, 100 %
2026/03/27 11:48:43.283, 3, NVIDIA RTX 6000 Ada Generation, 49140 MiB, 17248 MiB, 99 %
2026/03/27 11:48:43.283, 4, NVIDIA RTX 6000 Ada Generation, 49140 MiB, 17260 MiB, 98 %
2026/03/27 11:48:43.283, 5, NVIDIA RTX 6000 Ada Generation, 49140 MiB, 2 MiB, 0 %
2026/03/27 11:48:43.283, 6, NVIDIA RTX 6000 Ada Generation, 49140 MiB, 16254 MiB, 0 %
2026/03/27 11:48:43.283, 7, NVIDIA RTX 6000 Ada Generation, 49140 MiB, 21460 MiB, 100 %
2026/03/27 11:48:44.283, 0, NVIDIA RTX 6000 Ada Generation, 49140 MiB, 15890 MiB, 0 %
2026/03/27 11:48:44.283, 1, NVIDIA RTX 6000 Ada Generation, 49140 MiB, 29003 MiB, 100 %
2026/03/27 11:48:44.283, 2, NVIDIA RTX 6000 Ada Generation, 49140 MiB, 21991 MiB, 100 %
2026/03/27 11:48:44.284, 3, NVIDIA RTX 6000 Ada Generation, 49140 MiB, 17248 MiB, 100 %
2026/03/27 11:48:44.284, 4, NVIDIA RTX 6000 Ada Generation, 49140 MiB, 17260 MiB, 100 %
2026/03/27 11:48:44.284, 5, NVIDIA RTX 6000 Ada Generation, 49140 MiB, 2 MiB, 0 %
2026/03/27 11:48:44.284, 6, NVIDIA RTX 6000 Ada Generation, 49140 MiB, 16254 MiB, 0 %
2026/03/27 11:48:44.284, 7, NVIDIA RTX 6000 Ada Generation, 49140 MiB, 21460 MiB, 100 %
2026/03/27 11:48:45.454, 0, NVIDIA RTX 6000 Ada Generation, 49140 MiB, 15890 MiB, 3 %
2026/03/27 11:48:45.454, 1, NVIDIA RTX 6000 Ada Generation, 49140 MiB, 29003 MiB, 100 %
2026/03/27 11:48:45.454, 2, NVIDIA RTX 6000 Ada Generation, 49140 MiB, 21991 MiB, 100 %
2026/03/27 11:48:45.454, 3, NVIDIA RTX 6000 Ada Generation, 49140 MiB, 17248 MiB, 100 %
2026/03/27 11:48:45.454, 4, NVIDIA RTX 6000 Ada Generation, 49140 MiB, 17260 MiB, 100 %
2026/03/27 11:48:45.454, 5, NVIDIA RTX 6000 Ada Generation, 49140 MiB, 2 MiB, 0 %
2026/03/27 11:48:45.454, 6, NVIDIA RTX 6000 Ada Generation, 49140 MiB, 21074 MiB, 0 %
2026/03/27 11:48:45.454, 7, NVIDIA RTX 6000 Ada Generation, 49140 MiB, 21460 MiB, 100 %
2026/03/27 11:48:46.454, 0, NVIDIA RTX 6000 Ada Generation, 49140 MiB, 15890 MiB, 6 %
2026/03/27 11:48:46.542, 1, NVIDIA RTX 6000 Ada Generation, 49140 MiB, 29003 MiB, 100 %
2026/03/27 11:48:46.779, 2, NVIDIA RTX 6000 Ada Generation, 49140 MiB, 21991 MiB, 100 %
2026/03/27 11:48:46.779, 3, NVIDIA RTX 6000 Ada Generation, 49140 MiB, 17248 MiB, 100 %
2026/03/27 11:48:46.779, 4, NVIDIA RTX 6000 Ada Generation, 49140 MiB, 17260 MiB, 100 %
2026/03/27 11:48:46.779, 5, NVIDIA RTX 6000 Ada Generation, 49140 MiB, 2 MiB, 0 %
2026/03/27 11:48:46.779, 6, NVIDIA RTX 6000 Ada Generation, 49140 MiB, 21142 MiB, 0 %
2026/03/27 11:48:46.779, 7, NVIDIA RTX 6000 Ada Generation, 49140 MiB, 21460 MiB, 100 %
2026/03/27 11:48:47.780, 0, NVIDIA RTX 6000 Ada Generation, 49140 MiB, 15890 MiB, 6 %
2026/03/27 11:48:47.780, 1, NVIDIA RTX 6000 Ada Generation, 49140 MiB, 29003 MiB, 100 %
2026/03/27 11:48:47.780, 2, NVIDIA RTX 6000 Ada Generation, 49140 MiB, 21991 MiB, 100 %
2026/03/27 11:48:47.780, 3, NVIDIA RTX 6000 Ada Generation, 49140 MiB, 17248 MiB, 100 %
2026/03/27 11:48:47.780, 4, NVIDIA RTX 6000 Ada Generation, 49140 MiB, 17260 MiB, 100 %
2026/03/27 11:48:47.780, 5, NVIDIA RTX 6000 Ada Generation, 49140 MiB, 2 MiB, 0 %
2026/03/27 11:48:47.780, 6, NVIDIA RTX 6000 Ada Generation, 49140 MiB, 32132 MiB, 0 %
2026/03/27 11:48:47.780, 7, NVIDIA RTX 6000 Ada Generation, 49140 MiB, 21460 MiB, 100 %
2026/03/27 11:48:48.780, 0, NVIDIA RTX 6000 Ada Generation, 49140 MiB, 15890 MiB, 6 %
2026/03/27 11:48:48.780, 1, NVIDIA RTX 6000 Ada Generation, 49140 MiB, 29003 MiB, 100 %
2026/03/27 11:48:48.926, 2, NVIDIA RTX 6000 Ada Generation, 49140 MiB, 21991 MiB, 100 %
2026/03/27 11:48:48.926, 3, NVIDIA RTX 6000 Ada Generation, 49140 MiB, 17248 MiB, 100 %
2026/03/27 11:48:48.926, 4, NVIDIA RTX 6000 Ada Generation, 49140 MiB, 17260 MiB, 100 %
2026/03/27 11:48:48.926, 5, NVIDIA RTX 6000 Ada Generation, 49140 MiB, 2 MiB, 0 %
2026/03/27 11:48:48.926, 6, NVIDIA RTX 6000 Ada Generation, 49140 MiB, 47800 MiB, 44 %
2026/03/27 11:48:48.927, 7, NVIDIA RTX 6000 Ada Generation, 49140 MiB, 21460 MiB, 100 %
2026/03/27 11:48:49.927, 0, NVIDIA RTX 6000 Ada Generation, 49140 MiB, 15890 MiB, 0 %
2026/03/27 11:48:49.928, 1, NVIDIA RTX 6000 Ada Generation, 49140 MiB, 29003 MiB, 100 %
2026/03/27 11:48:49.928, 2, NVIDIA RTX 6000 Ada Generation, 49140 MiB, 21991 MiB, 100 %
2026/03/27 11:48:49.928, 3, NVIDIA RTX 6000 Ada Generation, 49140 MiB, 17248 MiB, 100 %
2026/03/27 11:48:49.928, 4, NVIDIA RTX 6000 Ada Generation, 49140 MiB, 17260 MiB, 100 %
2026/03/27 11:48:49.928, 5, NVIDIA RTX 6000 Ada Generation, 49140 MiB, 2 MiB, 0 %
2026/03/27 11:48:49.928, 6, NVIDIA RTX 6000 Ada Generation, 49140 MiB, 47800 MiB, 0 %
2026/03/27 11:48:49.928, 7, NVIDIA RTX 6000 Ada Generation, 49140 MiB, 21460 MiB, 100 %
2026/03/27 11:48:51.117, 0, NVIDIA RTX 6000 Ada Generation, 49140 MiB, 15890 MiB, 0 %
2026/03/27 11:48:51.117, 1, NVIDIA RTX 6000 Ada Generation, 49140 MiB, 29003 MiB, 100 %
2026/03/27 11:48:51.117, 2, NVIDIA RTX 6000 Ada Generation, 49140 MiB, 21991 MiB, 100 %
2026/03/27 11:48:51.117, 3, NVIDIA RTX 6000 Ada Generation, 49140 MiB, 17248 MiB, 98 %
2026/03/27 11:48:51.117, 4, NVIDIA RTX 6000 Ada Generation, 49140 MiB, 17260 MiB, 100 %
2026/03/27 11:48:51.118, 5, NVIDIA RTX 6000 Ada Generation, 49140 MiB, 2 MiB, 0 %
2026/03/27 11:48:51.118, 6, NVIDIA RTX 6000 Ada Generation, 49140 MiB, 2 MiB, 100 %
2026/03/27 11:48:51.118, 7, NVIDIA RTX 6000 Ada Generation, 49140 MiB, 21460 MiB, 100 %
2026/03/27 11:48:52.118, 0, NVIDIA RTX 6000 Ada Generation, 49140 MiB, 15890 MiB, 0 %
2026/03/27 11:48:52.118, 1, NVIDIA RTX 6000 Ada Generation, 49140 MiB, 29003 MiB, 100 %
2026/03/27 11:48:52.118, 2, NVIDIA RTX 6000 Ada Generation, 49140 MiB, 21991 MiB, 100 %
2026/03/27 11:48:52.118, 3, NVIDIA RTX 6000 Ada Generation, 49140 MiB, 17248 MiB, 98 %
2026/03/27 11:48:52.194, 4, NVIDIA RTX 6000 Ada Generation, 49140 MiB, 17260 MiB, 100 %
2026/03/27 11:48:52.194, 5, NVIDIA RTX 6000 Ada Generation, 49140 MiB, 2 MiB, 0 %
2026/03/27 11:48:52.194, 6, NVIDIA RTX 6000 Ada Generation, 49140 MiB, 2 MiB, 0 %
2026/03/27 11:48:52.194, 7, NVIDIA RTX 6000 Ada Generation, 49140 MiB, 21460 MiB, 100 %
2026/03/27 11:48:53.194, 0, NVIDIA RTX 6000 Ada Generation, 49140 MiB, 15890 MiB, 95 %
2026/03/27 11:48:53.195, 1, NVIDIA RTX 6000 Ada Generation, 49140 MiB, 29003 MiB, 100 %
2026/03/27 11:48:53.196, 2, NVIDIA RTX 6000 Ada Generation, 49140 MiB, 21991 MiB, 100 %
2026/03/27 11:48:53.196, 3, NVIDIA RTX 6000 Ada Generation, 49140 MiB, 17248 MiB, 100 %
2026/03/27 11:48:53.197, 4, NVIDIA RTX 6000 Ada Generation, 49140 MiB, 17260 MiB, 100 %
2026/03/27 11:48:53.197, 5, NVIDIA RTX 6000 Ada Generation, 49140 MiB, 2 MiB, 0 %
2026/03/27 11:48:53.197, 6, NVIDIA RTX 6000 Ada Generation, 49140 MiB, 2 MiB, 0 %
2026/03/27 11:48:53.198, 7, NVIDIA RTX 6000 Ada Generation, 49140 MiB, 21460 MiB, 100 %
2026/03/27 11:48:54.198, 0, NVIDIA RTX 6000 Ada Generation, 49140 MiB, 15890 MiB, 0 %
2026/03/27 11:48:54.337, 1, NVIDIA RTX 6000 Ada Generation, 49140 MiB, 29003 MiB, 100 %
2026/03/27 11:48:54.337, 2, NVIDIA RTX 6000 Ada Generation, 49140 MiB, 21991 MiB, 100 %
2026/03/27 11:48:54.337, 3, NVIDIA RTX 6000 Ada Generation, 49140 MiB, 17248 MiB, 100 %
2026/03/27 11:48:54.337, 4, NVIDIA RTX 6000 Ada Generation, 49140 MiB, 17260 MiB, 100 %
2026/03/27 11:48:54.337, 5, NVIDIA RTX 6000 Ada Generation, 49140 MiB, 2 MiB, 0 %
2026/03/27 11:48:54.337, 6, NVIDIA RTX 6000 Ada Generation, 49140 MiB, 16254 MiB, 0 %
2026/03/27 11:48:54.338, 7, NVIDIA RTX 6000 Ada Generation, 49140 MiB, 21460 MiB, 100 %
2026/03/27 11:48:55.338, 0, NVIDIA RTX 6000 Ada Generation, 49140 MiB, 15890 MiB, 0 %
2026/03/27 11:48:55.338, 1, NVIDIA RTX 6000 Ada Generation, 49140 MiB, 29003 MiB, 100 %
2026/03/27 11:48:55.338, 2, NVIDIA RTX 6000 Ada Generation, 49140 MiB, 21991 MiB, 100 %
2026/03/27 11:48:55.338, 3, NVIDIA RTX 6000 Ada Generation, 49140 MiB, 17248 MiB, 100 %
2026/03/27 11:48:55.338, 4, NVIDIA RTX 6000 Ada Generation, 49140 MiB, 17260 MiB, 100 %
2026/03/27 11:48:55.338, 5, NVIDIA RTX 6000 Ada Generation, 49140 MiB, 2 MiB, 0 %
2026/03/27 11:48:55.414, 6, NVIDIA RTX 6000 Ada Generation, 49140 MiB, 16254 MiB, 19 %
2026/03/27 11:48:55.415, 7, NVIDIA RTX 6000 Ada Generation, 49140 MiB, 21460 MiB, 100 %
2026/03/27 11:48:56.415, 0, NVIDIA RTX 6000 Ada Generation, 49140 MiB, 15890 MiB, 6 %
2026/03/27 11:48:56.415, 1, NVIDIA RTX 6000 Ada Generation, 49140 MiB, 29003 MiB, 100 %
2026/03/27 11:48:56.415, 2, NVIDIA RTX 6000 Ada Generation, 49140 MiB, 21991 MiB, 100 %
2026/03/27 11:48:56.415, 3, NVIDIA RTX 6000 Ada Generation, 49140 MiB, 17248 MiB, 100 %
2026/03/27 11:48:56.415, 4, NVIDIA RTX 6000 Ada Generation, 49140 MiB, 17260 MiB, 100 %
2026/03/27 11:48:56.415, 5, NVIDIA RTX 6000 Ada Generation, 49140 MiB, 2 MiB, 0 %
2026/03/27 11:48:56.415, 6, NVIDIA RTX 6000 Ada Generation, 49140 MiB, 16254 MiB, 14 %
2026/03/27 11:48:56.415, 7, NVIDIA RTX 6000 Ada Generation, 49140 MiB, 21460 MiB, 100 %
2026/03/27 11:48:57.415, 0, NVIDIA RTX 6000 Ada Generation, 49140 MiB, 15890 MiB, 6 %
2026/03/27 11:48:57.416, 1, NVIDIA RTX 6000 Ada Generation, 49140 MiB, 29003 MiB, 100 %
2026/03/27 11:48:57.416, 2, NVIDIA RTX 6000 Ada Generation, 49140 MiB, 21991 MiB, 100 %
2026/03/27 11:48:57.656, 3, NVIDIA RTX 6000 Ada Generation, 49140 MiB, 17248 MiB, 100 %
2026/03/27 11:48:57.657, 4, NVIDIA RTX 6000 Ada Generation, 49140 MiB, 17260 MiB, 99 %
2026/03/27 11:48:57.657, 5, NVIDIA RTX 6000 Ada Generation, 49140 MiB, 2 MiB, 0 %
2026/03/27 11:48:57.657, 6, NVIDIA RTX 6000 Ada Generation, 49140 MiB, 16254 MiB, 14 %
2026/03/27 11:48:57.657, 7, NVIDIA RTX 6000 Ada Generation, 49140 MiB, 21460 MiB, 100 %
2026/03/27 11:48:58.657, 0, NVIDIA RTX 6000 Ada Generation, 49140 MiB, 15890 MiB, 6 %
2026/03/27 11:48:58.657, 1, NVIDIA RTX 6000 Ada Generation, 49140 MiB, 29003 MiB, 100 %
2026/03/27 11:48:58.657, 2, NVIDIA RTX 6000 Ada Generation, 49140 MiB, 21991 MiB, 100 %
2026/03/27 11:48:58.657, 3, NVIDIA RTX 6000 Ada Generation, 49140 MiB, 17248 MiB, 100 %
2026/03/27 11:48:58.657, 4, NVIDIA RTX 6000 Ada Generation, 49140 MiB, 17260 MiB, 100 %
2026/03/27 11:48:58.657, 5, NVIDIA RTX 6000 Ada Generation, 49140 MiB, 2 MiB, 0 %
2026/03/27 11:48:58.657, 6, NVIDIA RTX 6000 Ada Generation, 49140 MiB, 16254 MiB, 12 %
2026/03/27 11:48:58.658, 7, NVIDIA RTX 6000 Ada Generation, 49140 MiB, 21460 MiB, 100 %
2026/03/27 11:48:59.658, 0, NVIDIA RTX 6000 Ada Generation, 49140 MiB, 15890 MiB, 6 %
2026/03/27 11:48:59.658, 1, NVIDIA RTX 6000 Ada Generation, 49140 MiB, 29003 MiB, 100 %
2026/03/27 11:48:59.658, 2, NVIDIA RTX 6000 Ada Generation, 49140 MiB, 21991 MiB, 100 %
2026/03/27 11:48:59.658, 3, NVIDIA RTX 6000 Ada Generation, 49140 MiB, 17248 MiB, 100 %
2026/03/27 11:48:59.658, 4, NVIDIA RTX 6000 Ada Generation, 49140 MiB, 17260 MiB, 100 %
2026/03/27 11:48:59.658, 5, NVIDIA RTX 6000 Ada Generation, 49140 MiB, 2 MiB, 0 %
2026/03/27 11:48:59.658, 6, NVIDIA RTX 6000 Ada Generation, 49140 MiB, 16254 MiB, 0 %
2026/03/27 11:48:59.658, 7, NVIDIA RTX 6000 Ada Generation, 49140 MiB, 21460 MiB, 100 %
2026/03/27 11:49:00.658, 0, NVIDIA RTX 6000 Ada Generation, 49140 MiB, 15890 MiB, 6 %
2026/03/27 11:49:00.659, 1, NVIDIA RTX 6000 Ada Generation, 49140 MiB, 29003 MiB, 100 %
2026/03/27 11:49:00.659, 2, NVIDIA RTX 6000 Ada Generation, 49140 MiB, 21991 MiB, 100 %
2026/03/27 11:49:00.659, 3, NVIDIA RTX 6000 Ada Generation, 49140 MiB, 17248 MiB, 100 %
2026/03/27 11:49:00.703, 4, NVIDIA RTX 6000 Ada Generation, 49140 MiB, 17260 MiB, 100 %
2026/03/27 11:49:00.704, 5, NVIDIA RTX 6000 Ada Generation, 49140 MiB, 2 MiB, 0 %
2026/03/27 11:49:00.704, 6, NVIDIA RTX 6000 Ada Generation, 49140 MiB, 16254 MiB, 0 %
2026/03/27 11:49:00.704, 7, NVIDIA RTX 6000 Ada Generation, 49140 MiB, 21460 MiB, 100 %
2026/03/27 11:49:01.704, 0, NVIDIA RTX 6000 Ada Generation, 49140 MiB, 15890 MiB, 6 %
2026/03/27 11:49:01.704, 1, NVIDIA RTX 6000 Ada Generation, 49140 MiB, 29003 MiB, 100 %
2026/03/27 11:49:01.704, 2, NVIDIA RTX 6000 Ada Generation, 49140 MiB, 21991 MiB, 100 %
2026/03/27 11:49:01.704, 3, NVIDIA RTX 6000 Ada Generation, 49140 MiB, 17248 MiB, 100 %
2026/03/27 11:49:01.704, 4, NVIDIA RTX 6000 Ada Generation, 49140 MiB, 17260 MiB, 100 %
2026/03/27 11:49:01.704, 5, NVIDIA RTX 6000 Ada Generation, 49140 MiB, 2 MiB, 0 %
2026/03/27 11:49:01.704, 6, NVIDIA RTX 6000 Ada Generation, 49140 MiB, 16254 MiB, 0 %
2026/03/27 11:49:01.704, 7, NVIDIA RTX 6000 Ada Generation, 49140 MiB, 21460 MiB, 100 %
2026/03/27 11:49:02.705, 0, NVIDIA RTX 6000 Ada Generation, 49140 MiB, 15890 MiB, 4 %
2026/03/27 11:49:02.774, 1, NVIDIA RTX 6000 Ada Generation, 49140 MiB, 29003 MiB, 100 %
2026/03/27 11:49:02.775, 2, NVIDIA RTX 6000 Ada Generation, 49140 MiB, 21991 MiB, 100 %
2026/03/27 11:49:02.775, 3, NVIDIA RTX 6000 Ada Generation, 49140 MiB, 17248 MiB, 100 %
2026/03/27 11:49:02.775, 4, NVIDIA RTX 6000 Ada Generation, 49140 MiB, 17260 MiB, 100 %
2026/03/27 11:49:02.775, 5, NVIDIA RTX 6000 Ada Generation, 49140 MiB, 2 MiB, 0 %
2026/03/27 11:49:02.775, 6, NVIDIA RTX 6000 Ada Generation, 49140 MiB, 16254 MiB, 0 %
2026/03/27 11:49:02.775, 7, NVIDIA RTX 6000 Ada Generation, 49140 MiB, 21460 MiB, 100 %
2026/03/27 11:49:03.775, 0, NVIDIA RTX 6000 Ada Generation, 49140 MiB, 15890 MiB, 6 %
2026/03/27 11:49:03.775, 1, NVIDIA RTX 6000 Ada Generation, 49140 MiB, 29003 MiB, 100 %
2026/03/27 11:49:03.775, 2, NVIDIA RTX 6000 Ada Generation, 49140 MiB, 21991 MiB, 100 %
2026/03/27 11:49:03.775, 3, NVIDIA RTX 6000 Ada Generation, 49140 MiB, 17248 MiB, 100 %
2026/03/27 11:49:03.775, 4, NVIDIA RTX 6000 Ada Generation, 49140 MiB, 17260 MiB, 100 %
2026/03/27 11:49:03.776, 5, NVIDIA RTX 6000 Ada Generation, 49140 MiB, 2 MiB, 0 %
2026/03/27 11:49:03.862, 6, NVIDIA RTX 6000 Ada Generation, 49140 MiB, 16254 MiB, 0 %
2026/03/27 11:49:03.862, 7, NVIDIA RTX 6000 Ada Generation, 49140 MiB, 21460 MiB, 100 %
2026/03/27 11:49:04.862, 0, NVIDIA RTX 6000 Ada Generation, 49140 MiB, 15890 MiB, 0 %
2026/03/27 11:49:04.862, 1, NVIDIA RTX 6000 Ada Generation, 49140 MiB, 29003 MiB, 100 %
2026/03/27 11:49:04.862, 2, NVIDIA RTX 6000 Ada Generation, 49140 MiB, 21991 MiB, 100 %
2026/03/27 11:49:04.863, 3, NVIDIA RTX 6000 Ada Generation, 49140 MiB, 17248 MiB, 100 %
2026/03/27 11:49:04.863, 4, NVIDIA RTX 6000 Ada Generation, 49140 MiB, 17260 MiB, 99 %
2026/03/27 11:49:04.863, 5, NVIDIA RTX 6000 Ada Generation, 49140 MiB, 2 MiB, 0 %
2026/03/27 11:49:04.863, 6, NVIDIA RTX 6000 Ada Generation, 49140 MiB, 16254 MiB, 0 %
2026/03/27 11:49:04.863, 7, NVIDIA RTX 6000 Ada Generation, 49140 MiB, 21460 MiB, 100 %
2026/03/27 11:49:05.863, 0, NVIDIA RTX 6000 Ada Generation, 49140 MiB, 15890 MiB, 0 %
2026/03/27 11:49:05.863, 1, NVIDIA RTX 6000 Ada Generation, 49140 MiB, 29003 MiB, 100 %
2026/03/27 11:49:05.863, 2, NVIDIA RTX 6000 Ada Generation, 49140 MiB, 21991 MiB, 100 %
2026/03/27 11:49:05.993, 3, NVIDIA RTX 6000 Ada Generation, 49140 MiB, 17248 MiB, 100 %
2026/03/27 11:49:05.994, 4, NVIDIA RTX 6000 Ada Generation, 49140 MiB, 17260 MiB, 100 %
2026/03/27 11:49:05.994, 5, NVIDIA RTX 6000 Ada Generation, 49140 MiB, 2 MiB, 0 %
2026/03/27 11:49:05.994, 6, NVIDIA RTX 6000 Ada Generation, 49140 MiB, 16254 MiB, 0 %
2026/03/27 11:49:05.995, 7, NVIDIA RTX 6000 Ada Generation, 49140 MiB, 21460 MiB, 100 %
2026/03/27 11:49:06.995, 0, NVIDIA RTX 6000 Ada Generation, 49140 MiB, 15890 MiB, 84 %
2026/03/27 11:49:06.995, 1, NVIDIA RTX 6000 Ada Generation, 49140 MiB, 29003 MiB, 100 %
2026/03/27 11:49:06.995, 2, NVIDIA RTX 6000 Ada Generation, 49140 MiB, 21991 MiB, 100 %
2026/03/27 11:49:06.995, 3, NVIDIA RTX 6000 Ada Generation, 49140 MiB, 17248 MiB, 100 %
2026/03/27 11:49:06.995, 4, NVIDIA RTX 6000 Ada Generation, 49140 MiB, 17260 MiB, 100 %
2026/03/27 11:49:06.995, 5, NVIDIA RTX 6000 Ada Generation, 49140 MiB, 2 MiB, 0 %
2026/03/27 11:49:06.995, 6, NVIDIA RTX 6000 Ada Generation, 49140 MiB, 16254 MiB, 0 %
2026/03/27 11:49:06.995, 7, NVIDIA RTX 6000 Ada Generation, 49140 MiB, 21460 MiB, 100 %
2026/03/27 11:49:07.995, 0, NVIDIA RTX 6000 Ada Generation, 49140 MiB, 15890 MiB, 91 %
2026/03/27 11:49:07.995, 1, NVIDIA RTX 6000 Ada Generation, 49140 MiB, 29003 MiB, 100 %
2026/03/27 11:49:07.996, 2, NVIDIA RTX 6000 Ada Generation, 49140 MiB, 21991 MiB, 100 %
2026/03/27 11:49:07.997, 3, NVIDIA RTX 6000 Ada Generation, 49140 MiB, 17248 MiB, 100 %
2026/03/27 11:49:07.997, 4, NVIDIA RTX 6000 Ada Generation, 49140 MiB, 17260 MiB, 100 %
2026/03/27 11:49:07.997, 5, NVIDIA RTX 6000 Ada Generation, 49140 MiB, 2 MiB, 0 %
2026/03/27 11:49:07.997, 6, NVIDIA RTX 6000 Ada Generation, 49140 MiB, 16254 MiB, 0 %
2026/03/27 11:49:07.997, 7, NVIDIA RTX 6000 Ada Generation, 49140 MiB, 21460 MiB, 100 %
2026/03/27 11:49:08.997, 0, NVIDIA RTX 6000 Ada Generation, 49140 MiB, 15890 MiB, 63 %
2026/03/27 11:49:08.997, 1, NVIDIA RTX 6000 Ada Generation, 49140 MiB, 29003 MiB, 100 %
2026/03/27 11:49:08.997, 2, NVIDIA RTX 6000 Ada Generation, 49140 MiB, 21991 MiB, 100 %
2026/03/27 11:49:08.997, 3, NVIDIA RTX 6000 Ada Generation, 49140 MiB, 17248 MiB, 100 %
2026/03/27 11:49:09.083, 4, NVIDIA RTX 6000 Ada Generation, 49140 MiB, 17260 MiB, 100 %
2026/03/27 11:49:09.083, 5, NVIDIA RTX 6000 Ada Generation, 49140 MiB, 2 MiB, 0 %
2026/03/27 11:49:09.083, 6, NVIDIA RTX 6000 Ada Generation, 49140 MiB, 16254 MiB, 0 %
2026/03/27 11:49:09.084, 7, NVIDIA RTX 6000 Ada Generation, 49140 MiB, 21460 MiB, 100 %
2026/03/27 11:49:10.084, 0, NVIDIA RTX 6000 Ada Generation, 49140 MiB, 15890 MiB, 6 %
2026/03/27 11:49:10.084, 1, NVIDIA RTX 6000 Ada Generation, 49140 MiB, 29003 MiB, 100 %
2026/03/27 11:49:10.084, 2, NVIDIA RTX 6000 Ada Generation, 49140 MiB, 21991 MiB, 100 %
2026/03/27 11:49:10.084, 3, NVIDIA RTX 6000 Ada Generation, 49140 MiB, 17248 MiB, 100 %
2026/03/27 11:49:10.084, 4, NVIDIA RTX 6000 Ada Generation, 49140 MiB, 17260 MiB, 100 %
2026/03/27 11:49:10.084, 5, NVIDIA RTX 6000 Ada Generation, 49140 MiB, 2 MiB, 0 %
2026/03/27 11:49:10.084, 6, NVIDIA RTX 6000 Ada Generation, 49140 MiB, 16254 MiB, 0 %
2026/03/27 11:49:10.084, 7, NVIDIA RTX 6000 Ada Generation, 49140 MiB, 21460 MiB, 100 %
2026/03/27 11:49:11.084, 0, NVIDIA RTX 6000 Ada Generation, 49140 MiB, 15890 MiB, 6 %
2026/03/27 11:49:11.160, 1, NVIDIA RTX 6000 Ada Generation, 49140 MiB, 29003 MiB, 100 %
2026/03/27 11:49:11.160, 2, NVIDIA RTX 6000 Ada Generation, 49140 MiB, 21991 MiB, 100 %
2026/03/27 11:49:11.160, 3, NVIDIA RTX 6000 Ada Generation, 49140 MiB, 17248 MiB, 100 %
2026/03/27 11:49:11.160, 4, NVIDIA RTX 6000 Ada Generation, 49140 MiB, 17260 MiB, 100 %
2026/03/27 11:49:11.161, 5, NVIDIA RTX 6000 Ada Generation, 49140 MiB, 2 MiB, 0 %
2026/03/27 11:49:11.161, 6, NVIDIA RTX 6000 Ada Generation, 49140 MiB, 16254 MiB, 0 %
2026/03/27 11:49:11.161, 7, NVIDIA RTX 6000 Ada Generation, 49140 MiB, 21460 MiB, 100 %
2026/03/27 11:49:12.161, 0, NVIDIA RTX 6000 Ada Generation, 49140 MiB, 15890 MiB, 6 %
2026/03/27 11:49:12.161, 1, NVIDIA RTX 6000 Ada Generation, 49140 MiB, 29003 MiB, 100 %
2026/03/27 11:49:12.161, 2, NVIDIA RTX 6000 Ada Generation, 49140 MiB, 21991 MiB, 100 %
2026/03/27 11:49:12.161, 3, NVIDIA RTX 6000 Ada Generation, 49140 MiB, 17248 MiB, 100 %
2026/03/27 11:49:12.161, 4, NVIDIA RTX 6000 Ada Generation, 49140 MiB, 17260 MiB, 100 %
2026/03/27 11:49:12.161, 5, NVIDIA RTX 6000 Ada Generation, 49140 MiB, 2 MiB, 0 %
2026/03/27 11:49:12.263, 6, NVIDIA RTX 6000 Ada Generation, 49140 MiB, 21074 MiB, 0 %
2026/03/27 11:49:12.264, 7, NVIDIA RTX 6000 Ada Generation, 49140 MiB, 21460 MiB, 100 %
2026/03/27 11:49:13.264, 0, NVIDIA RTX 6000 Ada Generation, 49140 MiB, 15890 MiB, 6 %
2026/03/27 11:49:13.264, 1, NVIDIA RTX 6000 Ada Generation, 49140 MiB, 29003 MiB, 100 %
2026/03/27 11:49:13.264, 2, NVIDIA RTX 6000 Ada Generation, 49140 MiB, 21991 MiB, 100 %
2026/03/27 11:49:13.264, 3, NVIDIA RTX 6000 Ada Generation, 49140 MiB, 17248 MiB, 100 %
2026/03/27 11:49:13.264, 4, NVIDIA RTX 6000 Ada Generation, 49140 MiB, 17260 MiB, 100 %
2026/03/27 11:49:13.264, 5, NVIDIA RTX 6000 Ada Generation, 49140 MiB, 2 MiB, 0 %
2026/03/27 11:49:13.264, 6, NVIDIA RTX 6000 Ada Generation, 49140 MiB, 21074 MiB, 15 %
2026/03/27 11:49:13.264, 7, NVIDIA RTX 6000 Ada Generation, 49140 MiB, 21460 MiB, 100 %
2026/03/27 11:49:14.265, 0, NVIDIA RTX 6000 Ada Generation, 49140 MiB, 15890 MiB, 6 %
2026/03/27 11:49:14.679, 1, NVIDIA RTX 6000 Ada Generation, 49140 MiB, 29003 MiB, 100 %
2026/03/27 11:49:14.680, 2, NVIDIA RTX 6000 Ada Generation, 49140 MiB, 21991 MiB, 100 %
2026/03/27 11:49:14.680, 3, NVIDIA RTX 6000 Ada Generation, 49140 MiB, 17248 MiB, 100 %
2026/03/27 11:49:14.680, 4, NVIDIA RTX 6000 Ada Generation, 49140 MiB, 17260 MiB, 100 %
2026/03/27 11:49:14.681, 5, NVIDIA RTX 6000 Ada Generation, 49140 MiB, 2 MiB, 0 %
2026/03/27 11:49:14.682, 6, NVIDIA RTX 6000 Ada Generation, 49140 MiB, 42580 MiB, 0 %
2026/03/27 11:49:14.901, 7, NVIDIA RTX 6000 Ada Generation, 49140 MiB, 21460 MiB, 100 %
2026/03/27 11:49:15.901, 0, NVIDIA RTX 6000 Ada Generation, 49140 MiB, 15890 MiB, 6 %
2026/03/27 11:49:15.901, 1, NVIDIA RTX 6000 Ada Generation, 49140 MiB, 29003 MiB, 100 %
2026/03/27 11:49:15.901, 2, NVIDIA RTX 6000 Ada Generation, 49140 MiB, 21991 MiB, 100 %
2026/03/27 11:49:15.901, 3, NVIDIA RTX 6000 Ada Generation, 49140 MiB, 17248 MiB, 100 %
2026/03/27 11:49:15.901, 4, NVIDIA RTX 6000 Ada Generation, 49140 MiB, 17260 MiB, 100 %
2026/03/27 11:49:15.901, 5, NVIDIA RTX 6000 Ada Generation, 49140 MiB, 2 MiB, 0 %
2026/03/27 11:49:15.901, 6, NVIDIA RTX 6000 Ada Generation, 49140 MiB, 47800 MiB, 19 %
2026/03/27 11:49:15.901, 7, NVIDIA RTX 6000 Ada Generation, 49140 MiB, 21460 MiB, 100 %
2026/03/27 11:49:16.901, 0, NVIDIA RTX 6000 Ada Generation, 49140 MiB, 15890 MiB, 6 %
2026/03/27 11:49:16.954, 1, NVIDIA RTX 6000 Ada Generation, 49140 MiB, 29003 MiB, 100 %
2026/03/27 11:49:16.954, 2, NVIDIA RTX 6000 Ada Generation, 49140 MiB, 21991 MiB, 100 %
2026/03/27 11:49:16.954, 3, NVIDIA RTX 6000 Ada Generation, 49140 MiB, 17248 MiB, 100 %
2026/03/27 11:49:16.954, 4, NVIDIA RTX 6000 Ada Generation, 49140 MiB, 17260 MiB, 100 %
2026/03/27 11:49:16.954, 5, NVIDIA RTX 6000 Ada Generation, 49140 MiB, 2 MiB, 0 %
2026/03/27 11:49:16.954, 6, NVIDIA RTX 6000 Ada Generation, 49140 MiB, 2 MiB, 10 %
2026/03/27 11:49:16.955, 7, NVIDIA RTX 6000 Ada Generation, 49140 MiB, 21460 MiB, 100 %
2026/03/27 11:49:17.955, 0, NVIDIA RTX 6000 Ada Generation, 49140 MiB, 15890 MiB, 0 %
2026/03/27 11:49:17.955, 1, NVIDIA RTX 6000 Ada Generation, 49140 MiB, 29003 MiB, 100 %
2026/03/27 11:49:17.955, 2, NVIDIA RTX 6000 Ada Generation, 49140 MiB, 21991 MiB, 100 %
2026/03/27 11:49:17.955, 3, NVIDIA RTX 6000 Ada Generation, 49140 MiB, 17248 MiB, 99 %
2026/03/27 11:49:17.955, 4, NVIDIA RTX 6000 Ada Generation, 49140 MiB, 17260 MiB, 100 %
2026/03/27 11:49:17.955, 5, NVIDIA RTX 6000 Ada Generation, 49140 MiB, 2 MiB, 0 %
2026/03/27 11:49:18.019, 6, NVIDIA RTX 6000 Ada Generation, 49140 MiB, 2 MiB, 0 %
2026/03/27 11:49:18.019, 7, NVIDIA RTX 6000 Ada Generation, 49140 MiB, 21460 MiB, 100 %
2026/03/27 11:49:19.019, 0, NVIDIA RTX 6000 Ada Generation, 49140 MiB, 15890 MiB, 92 %
2026/03/27 11:49:19.020, 1, NVIDIA RTX 6000 Ada Generation, 49140 MiB, 29003 MiB, 100 %
2026/03/27 11:49:19.020, 2, NVIDIA RTX 6000 Ada Generation, 49140 MiB, 21991 MiB, 100 %
2026/03/27 11:49:19.020, 3, NVIDIA RTX 6000 Ada Generation, 49140 MiB, 17248 MiB, 100 %
2026/03/27 11:49:19.020, 4, NVIDIA RTX 6000 Ada Generation, 49140 MiB, 17260 MiB, 100 %
2026/03/27 11:49:19.020, 5, NVIDIA RTX 6000 Ada Generation, 49140 MiB, 2 MiB, 0 %
2026/03/27 11:49:19.020, 6, NVIDIA RTX 6000 Ada Generation, 49140 MiB, 2 MiB, 0 %
2026/03/27 11:49:19.020, 7, NVIDIA RTX 6000 Ada Generation, 49140 MiB, 21460 MiB, 100 %
2026/03/27 11:49:20.020, 0, NVIDIA RTX 6000 Ada Generation, 49140 MiB, 15890 MiB, 90 %
2026/03/27 11:49:20.202, 1, NVIDIA RTX 6000 Ada Generation, 49140 MiB, 29003 MiB, 100 %
2026/03/27 11:49:20.202, 2, NVIDIA RTX 6000 Ada Generation, 49140 MiB, 21991 MiB, 100 %
2026/03/27 11:49:20.203, 3, NVIDIA RTX 6000 Ada Generation, 49140 MiB, 17248 MiB, 100 %
2026/03/27 11:49:20.203, 4, NVIDIA RTX 6000 Ada Generation, 49140 MiB, 17260 MiB, 100 %
2026/03/27 11:49:20.203, 5, NVIDIA RTX 6000 Ada Generation, 49140 MiB, 2 MiB, 0 %
2026/03/27 11:49:20.204, 6, NVIDIA RTX 6000 Ada Generation, 49140 MiB, 2 MiB, 0 %
2026/03/27 11:49:20.433, 7, NVIDIA RTX 6000 Ada Generation, 49140 MiB, 21460 MiB, 100 %
2026/03/27 11:49:21.434, 0, NVIDIA RTX 6000 Ada Generation, 49140 MiB, 15890 MiB, 92 %
2026/03/27 11:49:21.469, 1, NVIDIA RTX 6000 Ada Generation, 49140 MiB, 29003 MiB, 100 %
2026/03/27 11:49:21.469, 2, NVIDIA RTX 6000 Ada Generation, 49140 MiB, 21991 MiB, 100 %
2026/03/27 11:49:21.470, 3, NVIDIA RTX 6000 Ada Generation, 49140 MiB, 17248 MiB, 100 %
2026/03/27 11:49:21.470, 4, NVIDIA RTX 6000 Ada Generation, 49140 MiB, 17260 MiB, 100 %
2026/03/27 11:49:21.470, 5, NVIDIA RTX 6000 Ada Generation, 49140 MiB, 2 MiB, 0 %
2026/03/27 11:49:21.470, 6, NVIDIA RTX 6000 Ada Generation, 49140 MiB, 2 MiB, 0 %
2026/03/27 11:49:21.471, 7, NVIDIA RTX 6000 Ada Generation, 49140 MiB, 21460 MiB, 0 %
2026/03/27 11:49:22.471, 0, NVIDIA RTX 6000 Ada Generation, 49140 MiB, 15890 MiB, 0 %
2026/03/27 11:49:22.471, 1, NVIDIA RTX 6000 Ada Generation, 49140 MiB, 29003 MiB, 100 %
2026/03/27 11:49:22.471, 2, NVIDIA RTX 6000 Ada Generation, 49140 MiB, 21991 MiB, 100 %
2026/03/27 11:49:22.471, 3, NVIDIA RTX 6000 Ada Generation, 49140 MiB, 17248 MiB, 100 %
2026/03/27 11:49:22.472, 4, NVIDIA RTX 6000 Ada Generation, 49140 MiB, 17260 MiB, 100 %
2026/03/27 11:49:22.472, 5, NVIDIA RTX 6000 Ada Generation, 49140 MiB, 2 MiB, 0 %
2026/03/27 11:49:22.472, 6, NVIDIA RTX 6000 Ada Generation, 49140 MiB, 16254 MiB, 0 %
2026/03/27 11:49:22.472, 7, NVIDIA RTX 6000 Ada Generation, 49140 MiB, 21460 MiB, 0 %
2026/03/27 11:49:23.472, 0, NVIDIA RTX 6000 Ada Generation, 49140 MiB, 15890 MiB, 6 %
2026/03/27 11:49:23.472, 1, NVIDIA RTX 6000 Ada Generation, 49140 MiB, 29003 MiB, 100 %
2026/03/27 11:49:23.472, 2, NVIDIA RTX 6000 Ada Generation, 49140 MiB, 21991 MiB, 100 %
2026/03/27 11:49:23.472, 3, NVIDIA RTX 6000 Ada Generation, 49140 MiB, 17248 MiB, 100 %
2026/03/27 11:49:23.472, 4, NVIDIA RTX 6000 Ada Generation, 49140 MiB, 17260 MiB, 100 %
2026/03/27 11:49:23.669, 5, NVIDIA RTX 6000 Ada Generation, 49140 MiB, 2 MiB, 0 %
2026/03/27 11:49:23.669, 6, NVIDIA RTX 6000 Ada Generation, 49140 MiB, 16254 MiB, 20 %
2026/03/27 11:49:23.669, 7, NVIDIA RTX 6000 Ada Generation, 49140 MiB, 21460 MiB, 82 %
2026/03/27 11:49:24.669, 0, NVIDIA RTX 6000 Ada Generation, 49140 MiB, 15890 MiB, 6 %
2026/03/27 11:49:24.669, 1, NVIDIA RTX 6000 Ada Generation, 49140 MiB, 29003 MiB, 100 %
2026/03/27 11:49:24.669, 2, NVIDIA RTX 6000 Ada Generation, 49140 MiB, 21991 MiB, 100 %
2026/03/27 11:49:24.669, 3, NVIDIA RTX 6000 Ada Generation, 49140 MiB, 17248 MiB, 100 %
2026/03/27 11:49:24.669, 4, NVIDIA RTX 6000 Ada Generation, 49140 MiB, 17260 MiB, 100 %
2026/03/27 11:49:24.669, 5, NVIDIA RTX 6000 Ada Generation, 49140 MiB, 2 MiB, 0 %
2026/03/27 11:49:24.669, 6, NVIDIA RTX 6000 Ada Generation, 49140 MiB, 16254 MiB, 17 %
2026/03/27 11:49:24.670, 7, NVIDIA RTX 6000 Ada Generation, 49140 MiB, 21460 MiB, 100 %
2026/03/27 11:49:25.670, 0, NVIDIA RTX 6000 Ada Generation, 49140 MiB, 15890 MiB, 6 %
2026/03/27 11:49:25.670, 1, NVIDIA RTX 6000 Ada Generation, 49140 MiB, 29003 MiB, 100 %
2026/03/27 11:49:25.813, 2, NVIDIA RTX 6000 Ada Generation, 49140 MiB, 21991 MiB, 100 %
2026/03/27 11:49:25.814, 3, NVIDIA RTX 6000 Ada Generation, 49140 MiB, 17248 MiB, 100 %
2026/03/27 11:49:25.814, 4, NVIDIA RTX 6000 Ada Generation, 49140 MiB, 17260 MiB, 100 %
2026/03/27 11:49:25.814, 5, NVIDIA RTX 6000 Ada Generation, 49140 MiB, 2 MiB, 0 %
2026/03/27 11:49:25.814, 6, NVIDIA RTX 6000 Ada Generation, 49140 MiB, 16254 MiB, 13 %
2026/03/27 11:49:25.814, 7, NVIDIA RTX 6000 Ada Generation, 49140 MiB, 21460 MiB, 100 %
2026/03/27 11:49:26.814, 0, NVIDIA RTX 6000 Ada Generation, 49140 MiB, 15890 MiB, 6 %
2026/03/27 11:49:26.814, 1, NVIDIA RTX 6000 Ada Generation, 49140 MiB, 29003 MiB, 100 %
2026/03/27 11:49:26.814, 2, NVIDIA RTX 6000 Ada Generation, 49140 MiB, 21991 MiB, 100 %
2026/03/27 11:49:26.814, 3, NVIDIA RTX 6000 Ada Generation, 49140 MiB, 17248 MiB, 100 %
2026/03/27 11:49:26.814, 4, NVIDIA RTX 6000 Ada Generation, 49140 MiB, 17260 MiB, 100 %
2026/03/27 11:49:26.815, 5, NVIDIA RTX 6000 Ada Generation, 49140 MiB, 2 MiB, 0 %
2026/03/27 11:49:26.815, 6, NVIDIA RTX 6000 Ada Generation, 49140 MiB, 16254 MiB, 2 %
2026/03/27 11:49:26.815, 7, NVIDIA RTX 6000 Ada Generation, 49140 MiB, 21460 MiB, 100 %
2026/03/27 11:49:27.986, 0, NVIDIA RTX 6000 Ada Generation, 49140 MiB, 15890 MiB, 6 %
2026/03/27 11:49:27.986, 1, NVIDIA RTX 6000 Ada Generation, 49140 MiB, 29003 MiB, 100 %
2026/03/27 11:49:27.986, 2, NVIDIA RTX 6000 Ada Generation, 49140 MiB, 21991 MiB, 100 %
2026/03/27 11:49:27.986, 3, NVIDIA RTX 6000 Ada Generation, 49140 MiB, 17248 MiB, 100 %
2026/03/27 11:49:27.986, 4, NVIDIA RTX 6000 Ada Generation, 49140 MiB, 17260 MiB, 100 %
2026/03/27 11:49:27.986, 5, NVIDIA RTX 6000 Ada Generation, 49140 MiB, 2 MiB, 0 %
2026/03/27 11:49:27.986, 6, NVIDIA RTX 6000 Ada Generation, 49140 MiB, 16254 MiB, 0 %
2026/03/27 11:49:27.986, 7, NVIDIA RTX 6000 Ada Generation, 49140 MiB, 21460 MiB, 99 %
2026/03/27 11:49:28.986, 0, NVIDIA RTX 6000 Ada Generation, 49140 MiB, 15890 MiB, 6 %
2026/03/27 11:49:28.986, 1, NVIDIA RTX 6000 Ada Generation, 49140 MiB, 29003 MiB, 100 %
2026/03/27 11:49:28.986, 2, NVIDIA RTX 6000 Ada Generation, 49140 MiB, 21991 MiB, 100 %
2026/03/27 11:49:28.987, 3, NVIDIA RTX 6000 Ada Generation, 49140 MiB, 17248 MiB, 100 %
2026/03/27 11:49:29.053, 4, NVIDIA RTX 6000 Ada Generation, 49140 MiB, 17260 MiB, 99 %
2026/03/27 11:49:29.054, 5, NVIDIA RTX 6000 Ada Generation, 49140 MiB, 2 MiB, 0 %
2026/03/27 11:49:29.054, 6, NVIDIA RTX 6000 Ada Generation, 49140 MiB, 16254 MiB, 0 %
2026/03/27 11:49:29.054, 7, NVIDIA RTX 6000 Ada Generation, 49140 MiB, 21460 MiB, 100 %
2026/03/27 11:49:30.054, 0, NVIDIA RTX 6000 Ada Generation, 49140 MiB, 15890 MiB, 0 %
2026/03/27 11:49:30.054, 1, NVIDIA RTX 6000 Ada Generation, 49140 MiB, 29003 MiB, 100 %
2026/03/27 11:49:30.054, 2, NVIDIA RTX 6000 Ada Generation, 49140 MiB, 21991 MiB, 100 %
2026/03/27 11:49:30.054, 3, NVIDIA RTX 6000 Ada Generation, 49140 MiB, 17248 MiB, 100 %
2026/03/27 11:49:30.055, 4, NVIDIA RTX 6000 Ada Generation, 49140 MiB, 17260 MiB, 100 %
2026/03/27 11:49:30.055, 5, NVIDIA RTX 6000 Ada Generation, 49140 MiB, 2 MiB, 0 %
2026/03/27 11:49:30.055, 6, NVIDIA RTX 6000 Ada Generation, 49140 MiB, 16254 MiB, 0 %
2026/03/27 11:49:30.055, 7, NVIDIA RTX 6000 Ada Generation, 49140 MiB, 21460 MiB, 100 %
2026/03/27 11:49:31.055, 0, NVIDIA RTX 6000 Ada Generation, 49140 MiB, 15890 MiB, 0 %
2026/03/27 11:49:31.177, 1, NVIDIA RTX 6000 Ada Generation, 49140 MiB, 29003 MiB, 100 %
2026/03/27 11:49:31.178, 2, NVIDIA RTX 6000 Ada Generation, 49140 MiB, 21991 MiB, 100 %
2026/03/27 11:49:31.178, 3, NVIDIA RTX 6000 Ada Generation, 49140 MiB, 17248 MiB, 100 %
2026/03/27 11:49:31.178, 4, NVIDIA RTX 6000 Ada Generation, 49140 MiB, 17260 MiB, 100 %
2026/03/27 11:49:31.178, 5, NVIDIA RTX 6000 Ada Generation, 49140 MiB, 2 MiB, 0 %
2026/03/27 11:49:31.178, 6, NVIDIA RTX 6000 Ada Generation, 49140 MiB, 16254 MiB, 0 %
2026/03/27 11:49:31.178, 7, NVIDIA RTX 6000 Ada Generation, 49140 MiB, 21460 MiB, 100 %
2026/03/27 11:49:32.178, 0, NVIDIA RTX 6000 Ada Generation, 49140 MiB, 15890 MiB, 95 %
2026/03/27 11:49:32.178, 1, NVIDIA RTX 6000 Ada Generation, 49140 MiB, 29003 MiB, 100 %
2026/03/27 11:49:32.179, 2, NVIDIA RTX 6000 Ada Generation, 49140 MiB, 21991 MiB, 100 %
2026/03/27 11:49:32.179, 3, NVIDIA RTX 6000 Ada Generation, 49140 MiB, 17248 MiB, 100 %
2026/03/27 11:49:32.179, 4, NVIDIA RTX 6000 Ada Generation, 49140 MiB, 17260 MiB, 100 %
2026/03/27 11:49:32.179, 5, NVIDIA RTX 6000 Ada Generation, 49140 MiB, 2 MiB, 0 %
2026/03/27 11:49:32.229, 6, NVIDIA RTX 6000 Ada Generation, 49140 MiB, 16254 MiB, 0 %
2026/03/27 11:49:32.230, 7, NVIDIA RTX 6000 Ada Generation, 49140 MiB, 21460 MiB, 100 %
2026/03/27 11:49:33.230, 0, NVIDIA RTX 6000 Ada Generation, 49140 MiB, 15890 MiB, 90 %
2026/03/27 11:49:33.230, 1, NVIDIA RTX 6000 Ada Generation, 49140 MiB, 29003 MiB, 100 %
2026/03/27 11:49:33.230, 2, NVIDIA RTX 6000 Ada Generation, 49140 MiB, 21991 MiB, 100 %
2026/03/27 11:49:33.230, 3, NVIDIA RTX 6000 Ada Generation, 49140 MiB, 17248 MiB, 100 %
2026/03/27 11:49:33.230, 4, NVIDIA RTX 6000 Ada Generation, 49140 MiB, 17260 MiB, 100 %
2026/03/27 11:49:33.230, 5, NVIDIA RTX 6000 Ada Generation, 49140 MiB, 2 MiB, 0 %
2026/03/27 11:49:33.230, 6, NVIDIA RTX 6000 Ada Generation, 49140 MiB, 16254 MiB, 0 %
2026/03/27 11:49:33.230, 7, NVIDIA RTX 6000 Ada Generation, 49140 MiB, 21460 MiB, 100 %
2026/03/27 11:49:34.230, 0, NVIDIA RTX 6000 Ada Generation, 49140 MiB, 15890 MiB, 0 %
2026/03/27 11:49:34.231, 1, NVIDIA RTX 6000 Ada Generation, 49140 MiB, 29003 MiB, 100 %
2026/03/27 11:49:34.231, 2, NVIDIA RTX 6000 Ada Generation, 49140 MiB, 21991 MiB, 100 %
2026/03/27 11:49:34.380, 3, NVIDIA RTX 6000 Ada Generation, 49140 MiB, 17248 MiB, 100 %
2026/03/27 11:49:34.381, 4, NVIDIA RTX 6000 Ada Generation, 49140 MiB, 17260 MiB, 100 %
2026/03/27 11:49:34.381, 5, NVIDIA RTX 6000 Ada Generation, 49140 MiB, 2 MiB, 0 %
2026/03/27 11:49:34.381, 6, NVIDIA RTX 6000 Ada Generation, 49140 MiB, 16254 MiB, 0 %
2026/03/27 11:49:34.381, 7, NVIDIA RTX 6000 Ada Generation, 49140 MiB, 21460 MiB, 100 %
2026/03/27 11:49:35.381, 0, NVIDIA RTX 6000 Ada Generation, 49140 MiB, 15890 MiB, 6 %
2026/03/27 11:49:35.381, 1, NVIDIA RTX 6000 Ada Generation, 49140 MiB, 29003 MiB, 100 %
2026/03/27 11:49:35.381, 2, NVIDIA RTX 6000 Ada Generation, 49140 MiB, 21991 MiB, 100 %
2026/03/27 11:49:35.381, 3, NVIDIA RTX 6000 Ada Generation, 49140 MiB, 17248 MiB, 100 %
2026/03/27 11:49:35.381, 4, NVIDIA RTX 6000 Ada Generation, 49140 MiB, 17260 MiB, 100 %
2026/03/27 11:49:35.381, 5, NVIDIA RTX 6000 Ada Generation, 49140 MiB, 2 MiB, 0 %
2026/03/27 11:49:35.381, 6, NVIDIA RTX 6000 Ada Generation, 49140 MiB, 16254 MiB, 0 %
2026/03/27 11:49:35.381, 7, NVIDIA RTX 6000 Ada Generation, 49140 MiB, 21460 MiB, 100 %
2026/03/27 11:49:36.382, 0, NVIDIA RTX 6000 Ada Generation, 49140 MiB, 15890 MiB, 6 %
2026/03/27 11:49:36.382, 1, NVIDIA RTX 6000 Ada Generation, 49140 MiB, 29003 MiB, 100 %
2026/03/27 11:49:36.382, 2, NVIDIA RTX 6000 Ada Generation, 49140 MiB, 21991 MiB, 100 %
2026/03/27 11:49:36.382, 3, NVIDIA RTX 6000 Ada Generation, 49140 MiB, 17248 MiB, 100 %
2026/03/27 11:49:36.382, 4, NVIDIA RTX 6000 Ada Generation, 49140 MiB, 17260 MiB, 100 %
2026/03/27 11:49:36.382, 5, NVIDIA RTX 6000 Ada Generation, 49140 MiB, 2 MiB, 0 %
2026/03/27 11:49:36.382, 6, NVIDIA RTX 6000 Ada Generation, 49140 MiB, 16254 MiB, 0 %
2026/03/27 11:49:36.382, 7, NVIDIA RTX 6000 Ada Generation, 49140 MiB, 21460 MiB, 100 %
2026/03/27 11:49:37.382, 0, NVIDIA RTX 6000 Ada Generation, 49140 MiB, 15890 MiB, 6 %
2026/03/27 11:49:37.382, 1, NVIDIA RTX 6000 Ada Generation, 49140 MiB, 29003 MiB, 100 %
2026/03/27 11:49:37.383, 2, NVIDIA RTX 6000 Ada Generation, 49140 MiB, 21991 MiB, 100 %
2026/03/27 11:49:37.383, 3, NVIDIA RTX 6000 Ada Generation, 49140 MiB, 17248 MiB, 100 %
2026/03/27 11:49:37.394, 4, NVIDIA RTX 6000 Ada Generation, 49140 MiB, 17260 MiB, 100 %
2026/03/27 11:49:37.394, 5, NVIDIA RTX 6000 Ada Generation, 49140 MiB, 2 MiB, 0 %
2026/03/27 11:49:37.394, 6, NVIDIA RTX 6000 Ada Generation, 49140 MiB, 16254 MiB, 0 %
2026/03/27 11:49:37.394, 7, NVIDIA RTX 6000 Ada Generation, 49140 MiB, 21460 MiB, 100 %
2026/03/27 11:49:38.394, 0, NVIDIA RTX 6000 Ada Generation, 49140 MiB, 15890 MiB, 6 %
2026/03/27 11:49:38.395, 1, NVIDIA RTX 6000 Ada Generation, 49140 MiB, 29003 MiB, 100 %
2026/03/27 11:49:38.395, 2, NVIDIA RTX 6000 Ada Generation, 49140 MiB, 21991 MiB, 100 %
2026/03/27 11:49:38.395, 3, NVIDIA RTX 6000 Ada Generation, 49140 MiB, 17248 MiB, 100 %
2026/03/27 11:49:38.395, 4, NVIDIA RTX 6000 Ada Generation, 49140 MiB, 17260 MiB, 100 %
2026/03/27 11:49:38.395, 5, NVIDIA RTX 6000 Ada Generation, 49140 MiB, 2 MiB, 0 %
2026/03/27 11:49:38.395, 6, NVIDIA RTX 6000 Ada Generation, 49140 MiB, 16254 MiB, 0 %
2026/03/27 11:49:38.395, 7, NVIDIA RTX 6000 Ada Generation, 49140 MiB, 21460 MiB, 100 %
2026/03/27 11:49:39.395, 0, NVIDIA RTX 6000 Ada Generation, 49140 MiB, 15890 MiB, 6 %
2026/03/27 11:49:39.484, 1, NVIDIA RTX 6000 Ada Generation, 49140 MiB, 29003 MiB, 100 %
2026/03/27 11:49:39.484, 2, NVIDIA RTX 6000 Ada Generation, 49140 MiB, 21991 MiB, 100 %
2026/03/27 11:49:39.485, 3, NVIDIA RTX 6000 Ada Generation, 49140 MiB, 17248 MiB, 99 %
2026/03/27 11:49:39.485, 4, NVIDIA RTX 6000 Ada Generation, 49140 MiB, 17260 MiB, 100 %
2026/03/27 11:49:39.485, 5, NVIDIA RTX 6000 Ada Generation, 49140 MiB, 2 MiB, 0 %
2026/03/27 11:49:39.485, 6, NVIDIA RTX 6000 Ada Generation, 49140 MiB, 16254 MiB, 0 %
2026/03/27 11:49:39.485, 7, NVIDIA RTX 6000 Ada Generation, 49140 MiB, 21460 MiB, 100 %
2026/03/27 11:49:40.485, 0, NVIDIA RTX 6000 Ada Generation, 49140 MiB, 15890 MiB, 5 %
2026/03/27 11:49:40.485, 1, NVIDIA RTX 6000 Ada Generation, 49140 MiB, 29003 MiB, 100 %
2026/03/27 11:49:40.485, 2, NVIDIA RTX 6000 Ada Generation, 49140 MiB, 21991 MiB, 100 %
2026/03/27 11:49:40.485, 3, NVIDIA RTX 6000 Ada Generation, 49140 MiB, 17248 MiB, 100 %
2026/03/27 11:49:40.485, 4, NVIDIA RTX 6000 Ada Generation, 49140 MiB, 17260 MiB, 100 %
2026/03/27 11:49:40.485, 5, NVIDIA RTX 6000 Ada Generation, 49140 MiB, 2 MiB, 0 %
2026/03/27 11:49:40.595, 6, NVIDIA RTX 6000 Ada Generation, 49140 MiB, 16254 MiB, 0 %
2026/03/27 11:49:40.596, 7, NVIDIA RTX 6000 Ada Generation, 49140 MiB, 21460 MiB, 100 %
2026/03/27 11:49:41.596, 0, NVIDIA RTX 6000 Ada Generation, 49140 MiB, 15890 MiB, 6 %
2026/03/27 11:49:41.596, 1, NVIDIA RTX 6000 Ada Generation, 49140 MiB, 29003 MiB, 100 %
2026/03/27 11:49:41.596, 2, NVIDIA RTX 6000 Ada Generation, 49140 MiB, 21991 MiB, 100 %
2026/03/27 11:49:41.596, 3, NVIDIA RTX 6000 Ada Generation, 49140 MiB, 17248 MiB, 100 %
2026/03/27 11:49:41.596, 4, NVIDIA RTX 6000 Ada Generation, 49140 MiB, 17260 MiB, 100 %
2026/03/27 11:49:41.596, 5, NVIDIA RTX 6000 Ada Generation, 49140 MiB, 2 MiB, 0 %
2026/03/27 11:49:41.597, 6, NVIDIA RTX 6000 Ada Generation, 49140 MiB, 16254 MiB, 0 %
2026/03/27 11:49:41.597, 7, NVIDIA RTX 6000 Ada Generation, 49140 MiB, 21460 MiB, 100 %
2026/03/27 11:49:42.597, 0, NVIDIA RTX 6000 Ada Generation, 49140 MiB, 15890 MiB, 0 %
2026/03/27 11:49:42.597, 1, NVIDIA RTX 6000 Ada Generation, 49140 MiB, 29003 MiB, 100 %
2026/03/27 11:49:42.597, 2, NVIDIA RTX 6000 Ada Generation, 49140 MiB, 21991 MiB, 100 %
2026/03/27 11:49:42.746, 3, NVIDIA RTX 6000 Ada Generation, 49140 MiB, 17248 MiB, 100 %
2026/03/27 11:49:42.747, 4, NVIDIA RTX 6000 Ada Generation, 49140 MiB, 17260 MiB, 99 %
2026/03/27 11:49:42.747, 5, NVIDIA RTX 6000 Ada Generation, 49140 MiB, 2 MiB, 0 %
2026/03/27 11:49:42.747, 6, NVIDIA RTX 6000 Ada Generation, 49140 MiB, 16254 MiB, 0 %
2026/03/27 11:49:42.747, 7, NVIDIA RTX 6000 Ada Generation, 49140 MiB, 21460 MiB, 100 %
2026/03/27 11:49:43.748, 0, NVIDIA RTX 6000 Ada Generation, 49140 MiB, 15890 MiB, 77 %
2026/03/27 11:49:43.748, 1, NVIDIA RTX 6000 Ada Generation, 49140 MiB, 29003 MiB, 100 %
2026/03/27 11:49:43.748, 2, NVIDIA RTX 6000 Ada Generation, 49140 MiB, 21991 MiB, 100 %
2026/03/27 11:49:43.748, 3, NVIDIA RTX 6000 Ada Generation, 49140 MiB, 17248 MiB, 100 %
2026/03/27 11:49:43.748, 4, NVIDIA RTX 6000 Ada Generation, 49140 MiB, 17260 MiB, 100 %
2026/03/27 11:49:43.748, 5, NVIDIA RTX 6000 Ada Generation, 49140 MiB, 2 MiB, 0 %
2026/03/27 11:49:43.748, 6, NVIDIA RTX 6000 Ada Generation, 49140 MiB, 16254 MiB, 0 %
2026/03/27 11:49:43.748, 7, NVIDIA RTX 6000 Ada Generation, 49140 MiB, 21460 MiB, 100 %
2026/03/27 11:49:44.749, 0, NVIDIA RTX 6000 Ada Generation, 49140 MiB, 15890 MiB, 85 %
2026/03/27 11:49:44.749, 1, NVIDIA RTX 6000 Ada Generation, 49140 MiB, 29003 MiB, 100 %
2026/03/27 11:49:44.749, 2, NVIDIA RTX 6000 Ada Generation, 49140 MiB, 21991 MiB, 100 %
2026/03/27 11:49:44.749, 3, NVIDIA RTX 6000 Ada Generation, 49140 MiB, 17248 MiB, 100 %
2026/03/27 11:49:44.749, 4, NVIDIA RTX 6000 Ada Generation, 49140 MiB, 17260 MiB, 100 %
2026/03/27 11:49:44.749, 5, NVIDIA RTX 6000 Ada Generation, 49140 MiB, 2 MiB, 0 %
2026/03/27 11:49:44.749, 6, NVIDIA RTX 6000 Ada Generation, 49140 MiB, 16254 MiB, 0 %
2026/03/27 11:49:44.749, 7, NVIDIA RTX 6000 Ada Generation, 49140 MiB, 21460 MiB, 100 %
2026/03/27 11:49:45.749, 0, NVIDIA RTX 6000 Ada Generation, 49140 MiB, 15890 MiB, 92 %
2026/03/27 11:49:45.749, 1, NVIDIA RTX 6000 Ada Generation, 49140 MiB, 29003 MiB, 100 %
2026/03/27 11:49:45.749, 2, NVIDIA RTX 6000 Ada Generation, 49140 MiB, 21991 MiB, 100 %
2026/03/27 11:49:45.750, 3, NVIDIA RTX 6000 Ada Generation, 49140 MiB, 17248 MiB, 100 %
2026/03/27 11:49:45.869, 4, NVIDIA RTX 6000 Ada Generation, 49140 MiB, 17260 MiB, 98 %
2026/03/27 11:49:45.869, 5, NVIDIA RTX 6000 Ada Generation, 49140 MiB, 2 MiB, 0 %
2026/03/27 11:49:45.869, 6, NVIDIA RTX 6000 Ada Generation, 49140 MiB, 16254 MiB, 0 %
2026/03/27 11:49:45.869, 7, NVIDIA RTX 6000 Ada Generation, 49140 MiB, 21460 MiB, 100 %
2026/03/27 11:49:46.869, 0, NVIDIA RTX 6000 Ada Generation, 49140 MiB, 15890 MiB, 6 %
2026/03/27 11:49:46.869, 1, NVIDIA RTX 6000 Ada Generation, 49140 MiB, 29003 MiB, 100 %
2026/03/27 11:49:46.869, 2, NVIDIA RTX 6000 Ada Generation, 49140 MiB, 21991 MiB, 100 %
2026/03/27 11:49:46.869, 3, NVIDIA RTX 6000 Ada Generation, 49140 MiB, 17248 MiB, 100 %
2026/03/27 11:49:46.870, 4, NVIDIA RTX 6000 Ada Generation, 49140 MiB, 17260 MiB, 100 %
2026/03/27 11:49:46.870, 5, NVIDIA RTX 6000 Ada Generation, 49140 MiB, 2 MiB, 0 %
2026/03/27 11:49:46.870, 6, NVIDIA RTX 6000 Ada Generation, 49140 MiB, 18988 MiB, 0 %
2026/03/27 11:49:46.870, 7, NVIDIA RTX 6000 Ada Generation, 49140 MiB, 21460 MiB, 100 %
2026/03/27 11:49:47.870, 0, NVIDIA RTX 6000 Ada Generation, 49140 MiB, 15890 MiB, 6 %
2026/03/27 11:49:47.978, 1, NVIDIA RTX 6000 Ada Generation, 49140 MiB, 29003 MiB, 100 %
2026/03/27 11:49:47.979, 2, NVIDIA RTX 6000 Ada Generation, 49140 MiB, 21991 MiB, 100 %
2026/03/27 11:49:47.979, 3, NVIDIA RTX 6000 Ada Generation, 49140 MiB, 17248 MiB, 100 %
2026/03/27 11:49:47.979, 4, NVIDIA RTX 6000 Ada Generation, 49140 MiB, 17260 MiB, 100 %
2026/03/27 11:49:47.979, 5, NVIDIA RTX 6000 Ada Generation, 49140 MiB, 2 MiB, 0 %
2026/03/27 11:49:47.979, 6, NVIDIA RTX 6000 Ada Generation, 49140 MiB, 45774 MiB, 30 %
2026/03/27 11:49:47.979, 7, NVIDIA RTX 6000 Ada Generation, 49140 MiB, 21460 MiB, 100 %
2026/03/27 11:49:48.979, 0, NVIDIA RTX 6000 Ada Generation, 49140 MiB, 15890 MiB, 0 %
2026/03/27 11:49:49.097, 1, NVIDIA RTX 6000 Ada Generation, 49140 MiB, 29003 MiB, 100 %
2026/03/27 11:49:49.097, 2, NVIDIA RTX 6000 Ada Generation, 49140 MiB, 21991 MiB, 100 %
2026/03/27 11:49:49.097, 3, NVIDIA RTX 6000 Ada Generation, 49140 MiB, 17248 MiB, 100 %
2026/03/27 11:49:49.097, 4, NVIDIA RTX 6000 Ada Generation, 49140 MiB, 17260 MiB, 100 %
2026/03/27 11:49:49.097, 5, NVIDIA RTX 6000 Ada Generation, 49140 MiB, 2 MiB, 0 %
2026/03/27 11:49:49.097, 6, NVIDIA RTX 6000 Ada Generation, 49140 MiB, 45774 MiB, 0 %
2026/03/27 11:49:49.098, 7, NVIDIA RTX 6000 Ada Generation, 49140 MiB, 21460 MiB, 100 %
2026/03/27 11:49:50.098, 0, NVIDIA RTX 6000 Ada Generation, 49140 MiB, 15890 MiB, 6 %
2026/03/27 11:49:50.098, 1, NVIDIA RTX 6000 Ada Generation, 49140 MiB, 29003 MiB, 100 %
2026/03/27 11:49:50.098, 2, NVIDIA RTX 6000 Ada Generation, 49140 MiB, 21991 MiB, 100 %
2026/03/27 11:49:50.098, 3, NVIDIA RTX 6000 Ada Generation, 49140 MiB, 17248 MiB, 100 %
2026/03/27 11:49:50.098, 4, NVIDIA RTX 6000 Ada Generation, 49140 MiB, 17260 MiB, 100 %
2026/03/27 11:49:50.099, 5, NVIDIA RTX 6000 Ada Generation, 49140 MiB, 2 MiB, 0 %
2026/03/27 11:49:50.099, 6, NVIDIA RTX 6000 Ada Generation, 49140 MiB, 2 MiB, 100 %
2026/03/27 11:49:50.099, 7, NVIDIA RTX 6000 Ada Generation, 49140 MiB, 21460 MiB, 100 %
2026/03/27 11:49:51.099, 0, NVIDIA RTX 6000 Ada Generation, 49140 MiB, 15890 MiB, 6 %
2026/03/27 11:49:51.099, 1, NVIDIA RTX 6000 Ada Generation, 49140 MiB, 29003 MiB, 100 %
2026/03/27 11:49:51.099, 2, NVIDIA RTX 6000 Ada Generation, 49140 MiB, 21991 MiB, 100 %
2026/03/27 11:49:51.326, 3, NVIDIA RTX 6000 Ada Generation, 49140 MiB, 17248 MiB, 100 %
2026/03/27 11:49:51.327, 4, NVIDIA RTX 6000 Ada Generation, 49140 MiB, 17260 MiB, 100 %
2026/03/27 11:49:51.327, 5, NVIDIA RTX 6000 Ada Generation, 49140 MiB, 2 MiB, 0 %
2026/03/27 11:49:51.327, 6, NVIDIA RTX 6000 Ada Generation, 49140 MiB, 2 MiB, 0 %
2026/03/27 11:49:51.327, 7, NVIDIA RTX 6000 Ada Generation, 49140 MiB, 21460 MiB, 100 %
2026/03/27 11:49:52.327, 0, NVIDIA RTX 6000 Ada Generation, 49140 MiB, 15890 MiB, 6 %
2026/03/27 11:49:52.327, 1, NVIDIA RTX 6000 Ada Generation, 49140 MiB, 29003 MiB, 100 %
2026/03/27 11:49:52.328, 2, NVIDIA RTX 6000 Ada Generation, 49140 MiB, 21991 MiB, 100 %
2026/03/27 11:49:52.328, 3, NVIDIA RTX 6000 Ada Generation, 49140 MiB, 17248 MiB, 100 %
2026/03/27 11:49:52.328, 4, NVIDIA RTX 6000 Ada Generation, 49140 MiB, 17260 MiB, 100 %
2026/03/27 11:49:52.328, 5, NVIDIA RTX 6000 Ada Generation, 49140 MiB, 2 MiB, 0 %
2026/03/27 11:49:52.328, 6, NVIDIA RTX 6000 Ada Generation, 49140 MiB, 2 MiB, 0 %
2026/03/27 11:49:52.328, 7, NVIDIA RTX 6000 Ada Generation, 49140 MiB, 21460 MiB, 100 %
2026/03/27 11:49:53.328, 0, NVIDIA RTX 6000 Ada Generation, 49140 MiB, 15890 MiB, 5 %
2026/03/27 11:49:53.328, 1, NVIDIA RTX 6000 Ada Generation, 49140 MiB, 29003 MiB, 100 %
2026/03/27 11:49:53.329, 2, NVIDIA RTX 6000 Ada Generation, 49140 MiB, 21991 MiB, 100 %
2026/03/27 11:49:53.329, 3, NVIDIA RTX 6000 Ada Generation, 49140 MiB, 17248 MiB, 100 %
2026/03/27 11:49:53.330, 4, NVIDIA RTX 6000 Ada Generation, 49140 MiB, 17260 MiB, 100 %
2026/03/27 11:49:53.330, 5, NVIDIA RTX 6000 Ada Generation, 49140 MiB, 2 MiB, 0 %
2026/03/27 11:49:53.331, 6, NVIDIA RTX 6000 Ada Generation, 49140 MiB, 21 MiB, 0 %
2026/03/27 11:49:53.354, 7, NVIDIA RTX 6000 Ada Generation, 49140 MiB, 21460 MiB, 100 %
2026/03/27 11:49:54.355, 0, NVIDIA RTX 6000 Ada Generation, 49140 MiB, 15890 MiB, 3 %
2026/03/27 11:49:54.355, 1, NVIDIA RTX 6000 Ada Generation, 49140 MiB, 29003 MiB, 100 %
2026/03/27 11:49:54.355, 2, NVIDIA RTX 6000 Ada Generation, 49140 MiB, 21991 MiB, 100 %
2026/03/27 11:49:54.355, 3, NVIDIA RTX 6000 Ada Generation, 49140 MiB, 17248 MiB, 100 %
2026/03/27 11:49:54.410, 4, NVIDIA RTX 6000 Ada Generation, 49140 MiB, 17260 MiB, 100 %
2026/03/27 11:49:54.410, 5, NVIDIA RTX 6000 Ada Generation, 49140 MiB, 2 MiB, 0 %
2026/03/27 11:49:54.410, 6, NVIDIA RTX 6000 Ada Generation, 49140 MiB, 16254 MiB, 18 %
2026/03/27 11:49:54.410, 7, NVIDIA RTX 6000 Ada Generation, 49140 MiB, 21460 MiB, 100 %
2026/03/27 11:49:55.410, 0, NVIDIA RTX 6000 Ada Generation, 49140 MiB, 15890 MiB, 6 %
2026/03/27 11:49:55.411, 1, NVIDIA RTX 6000 Ada Generation, 49140 MiB, 29003 MiB, 100 %
2026/03/27 11:49:55.411, 2, NVIDIA RTX 6000 Ada Generation, 49140 MiB, 21991 MiB, 100 %
2026/03/27 11:49:55.411, 3, NVIDIA RTX 6000 Ada Generation, 49140 MiB, 17248 MiB, 100 %
2026/03/27 11:49:55.411, 4, NVIDIA RTX 6000 Ada Generation, 49140 MiB, 17260 MiB, 100 %
2026/03/27 11:49:55.411, 5, NVIDIA RTX 6000 Ada Generation, 49140 MiB, 2 MiB, 0 %
2026/03/27 11:49:55.411, 6, NVIDIA RTX 6000 Ada Generation, 49140 MiB, 16254 MiB, 13 %
2026/03/27 11:49:55.411, 7, NVIDIA RTX 6000 Ada Generation, 49140 MiB, 21460 MiB, 100 %
2026/03/27 11:49:56.411, 0, NVIDIA RTX 6000 Ada Generation, 49140 MiB, 15890 MiB, 6 %
2026/03/27 11:49:56.495, 1, NVIDIA RTX 6000 Ada Generation, 49140 MiB, 29003 MiB, 100 %
2026/03/27 11:49:56.496, 2, NVIDIA RTX 6000 Ada Generation, 49140 MiB, 21991 MiB, 100 %
2026/03/27 11:49:56.496, 3, NVIDIA RTX 6000 Ada Generation, 49140 MiB, 17248 MiB, 100 %
2026/03/27 11:49:56.496, 4, NVIDIA RTX 6000 Ada Generation, 49140 MiB, 17260 MiB, 100 %
2026/03/27 11:49:56.496, 5, NVIDIA RTX 6000 Ada Generation, 49140 MiB, 2 MiB, 0 %
2026/03/27 11:49:56.496, 6, NVIDIA RTX 6000 Ada Generation, 49140 MiB, 16254 MiB, 14 %
2026/03/27 11:49:56.496, 7, NVIDIA RTX 6000 Ada Generation, 49140 MiB, 21460 MiB, 100 %
2026/03/27 11:49:57.497, 0, NVIDIA RTX 6000 Ada Generation, 49140 MiB, 15890 MiB, 0 %
2026/03/27 11:49:57.497, 1, NVIDIA RTX 6000 Ada Generation, 49140 MiB, 29003 MiB, 100 %
2026/03/27 11:49:57.497, 2, NVIDIA RTX 6000 Ada Generation, 49140 MiB, 21991 MiB, 100 %
2026/03/27 11:49:57.497, 3, NVIDIA RTX 6000 Ada Generation, 49140 MiB, 17248 MiB, 100 %
2026/03/27 11:49:57.497, 4, NVIDIA RTX 6000 Ada Generation, 49140 MiB, 17260 MiB, 100 %
2026/03/27 11:49:57.497, 5, NVIDIA RTX 6000 Ada Generation, 49140 MiB, 2 MiB, 0 %
2026/03/27 11:49:57.582, 6, NVIDIA RTX 6000 Ada Generation, 49140 MiB, 16254 MiB, 15 %
2026/03/27 11:49:57.582, 7, NVIDIA RTX 6000 Ada Generation, 49140 MiB, 21460 MiB, 100 %
2026/03/27 11:49:58.582, 0, NVIDIA RTX 6000 Ada Generation, 49140 MiB, 15890 MiB, 48 %
2026/03/27 11:49:58.583, 1, NVIDIA RTX 6000 Ada Generation, 49140 MiB, 29003 MiB, 100 %
2026/03/27 11:49:58.583, 2, NVIDIA RTX 6000 Ada Generation, 49140 MiB, 21991 MiB, 100 %
2026/03/27 11:49:58.583, 3, NVIDIA RTX 6000 Ada Generation, 49140 MiB, 17248 MiB, 100 %
2026/03/27 11:49:58.583, 4, NVIDIA RTX 6000 Ada Generation, 49140 MiB, 17260 MiB, 100 %
2026/03/27 11:49:58.583, 5, NVIDIA RTX 6000 Ada Generation, 49140 MiB, 2 MiB, 0 %
2026/03/27 11:49:58.583, 6, NVIDIA RTX 6000 Ada Generation, 49140 MiB, 16254 MiB, 12 %
2026/03/27 11:49:58.583, 7, NVIDIA RTX 6000 Ada Generation, 49140 MiB, 21460 MiB, 100 %
2026/03/27 11:49:59.583, 0, NVIDIA RTX 6000 Ada Generation, 49140 MiB, 15890 MiB, 95 %
2026/03/27 11:49:59.583, 1, NVIDIA RTX 6000 Ada Generation, 49140 MiB, 29003 MiB, 100 %
2026/03/27 11:49:59.731, 2, NVIDIA RTX 6000 Ada Generation, 49140 MiB, 21991 MiB, 100 %
2026/03/27 11:49:59.957, 3, NVIDIA RTX 6000 Ada Generation, 49140 MiB, 17248 MiB, 100 %
2026/03/27 11:49:59.958, 4, NVIDIA RTX 6000 Ada Generation, 49140 MiB, 17260 MiB, 100 %
2026/03/27 11:49:59.958, 5, NVIDIA RTX 6000 Ada Generation, 49140 MiB, 2 MiB, 0 %
2026/03/27 11:49:59.958, 6, NVIDIA RTX 6000 Ada Generation, 49140 MiB, 16254 MiB, 0 %
2026/03/27 11:49:59.958, 7, NVIDIA RTX 6000 Ada Generation, 49140 MiB, 21460 MiB, 100 %
2026/03/27 11:50:00.958, 0, NVIDIA RTX 6000 Ada Generation, 49140 MiB, 15890 MiB, 91 %
2026/03/27 11:50:00.958, 1, NVIDIA RTX 6000 Ada Generation, 49140 MiB, 29003 MiB, 100 %
2026/03/27 11:50:00.958, 2, NVIDIA RTX 6000 Ada Generation, 49140 MiB, 21991 MiB, 100 %
2026/03/27 11:50:00.958, 3, NVIDIA RTX 6000 Ada Generation, 49140 MiB, 17248 MiB, 100 %
2026/03/27 11:50:00.958, 4, NVIDIA RTX 6000 Ada Generation, 49140 MiB, 17260 MiB, 100 %
2026/03/27 11:50:00.958, 5, NVIDIA RTX 6000 Ada Generation, 49140 MiB, 2 MiB, 0 %
2026/03/27 11:50:00.958, 6, NVIDIA RTX 6000 Ada Generation, 49140 MiB, 16254 MiB, 0 %
2026/03/27 11:50:00.959, 7, NVIDIA RTX 6000 Ada Generation, 49140 MiB, 21460 MiB, 100 %
2026/03/27 11:50:01.959, 0, NVIDIA RTX 6000 Ada Generation, 49140 MiB, 15890 MiB, 0 %
2026/03/27 11:50:01.959, 1, NVIDIA RTX 6000 Ada Generation, 49140 MiB, 29003 MiB, 100 %
2026/03/27 11:50:01.959, 2, NVIDIA RTX 6000 Ada Generation, 49140 MiB, 21991 MiB, 100 %
2026/03/27 11:50:01.959, 3, NVIDIA RTX 6000 Ada Generation, 49140 MiB, 17248 MiB, 100 %
2026/03/27 11:50:01.959, 4, NVIDIA RTX 6000 Ada Generation, 49140 MiB, 17260 MiB, 100 %
2026/03/27 11:50:01.959, 5, NVIDIA RTX 6000 Ada Generation, 49140 MiB, 2 MiB, 0 %
2026/03/27 11:50:01.959, 6, NVIDIA RTX 6000 Ada Generation, 49140 MiB, 16254 MiB, 0 %
2026/03/27 11:50:01.959, 7, NVIDIA RTX 6000 Ada Generation, 49140 MiB, 21460 MiB, 100 %
2026/03/27 11:50:02.959, 0, NVIDIA RTX 6000 Ada Generation, 49140 MiB, 15890 MiB, 6 %
2026/03/27 11:50:02.960, 1, NVIDIA RTX 6000 Ada Generation, 49140 MiB, 29003 MiB, 100 %
2026/03/27 11:50:02.960, 2, NVIDIA RTX 6000 Ada Generation, 49140 MiB, 21991 MiB, 100 %
2026/03/27 11:50:02.960, 3, NVIDIA RTX 6000 Ada Generation, 49140 MiB, 17248 MiB, 100 %
2026/03/27 11:50:02.995, 4, NVIDIA RTX 6000 Ada Generation, 49140 MiB, 17260 MiB, 100 %
2026/03/27 11:50:02.996, 5, NVIDIA RTX 6000 Ada Generation, 49140 MiB, 2 MiB, 0 %
2026/03/27 11:50:02.996, 6, NVIDIA RTX 6000 Ada Generation, 49140 MiB, 16254 MiB, 0 %
2026/03/27 11:50:02.996, 7, NVIDIA RTX 6000 Ada Generation, 49140 MiB, 21460 MiB, 100 %
2026/03/27 11:50:03.996, 0, NVIDIA RTX 6000 Ada Generation, 49140 MiB, 15890 MiB, 6 %
2026/03/27 11:50:03.996, 1, NVIDIA RTX 6000 Ada Generation, 49140 MiB, 29003 MiB, 100 %
2026/03/27 11:50:03.996, 2, NVIDIA RTX 6000 Ada Generation, 49140 MiB, 21991 MiB, 100 %
2026/03/27 11:50:03.996, 3, NVIDIA RTX 6000 Ada Generation, 49140 MiB, 17248 MiB, 100 %
2026/03/27 11:50:03.996, 4, NVIDIA RTX 6000 Ada Generation, 49140 MiB, 17260 MiB, 100 %
2026/03/27 11:50:03.996, 5, NVIDIA RTX 6000 Ada Generation, 49140 MiB, 2 MiB, 0 %
2026/03/27 11:50:03.996, 6, NVIDIA RTX 6000 Ada Generation, 49140 MiB, 16254 MiB, 0 %
2026/03/27 11:50:03.996, 7, NVIDIA RTX 6000 Ada Generation, 49140 MiB, 21460 MiB, 100 %
2026/03/27 11:50:04.997, 0, NVIDIA RTX 6000 Ada Generation, 49140 MiB, 15890 MiB, 0 %
2026/03/27 11:50:05.056, 1, NVIDIA RTX 6000 Ada Generation, 49140 MiB, 29003 MiB, 100 %
2026/03/27 11:50:05.057, 2, NVIDIA RTX 6000 Ada Generation, 49140 MiB, 21991 MiB, 100 %
2026/03/27 11:50:05.057, 3, NVIDIA RTX 6000 Ada Generation, 49140 MiB, 17248 MiB, 100 %
2026/03/27 11:50:05.057, 4, NVIDIA RTX 6000 Ada Generation, 49140 MiB, 17260 MiB, 100 %
2026/03/27 11:50:05.057, 5, NVIDIA RTX 6000 Ada Generation, 49140 MiB, 2 MiB, 0 %
2026/03/27 11:50:05.057, 6, NVIDIA RTX 6000 Ada Generation, 49140 MiB, 16254 MiB, 0 %
2026/03/27 11:50:05.057, 7, NVIDIA RTX 6000 Ada Generation, 49140 MiB, 21460 MiB, 100 %
2026/03/27 11:50:06.057, 0, NVIDIA RTX 6000 Ada Generation, 49140 MiB, 15890 MiB, 74 %
2026/03/27 11:50:06.057, 1, NVIDIA RTX 6000 Ada Generation, 49140 MiB, 29003 MiB, 100 %
2026/03/27 11:50:06.057, 2, NVIDIA RTX 6000 Ada Generation, 49140 MiB, 21991 MiB, 100 %
2026/03/27 11:50:06.058, 3, NVIDIA RTX 6000 Ada Generation, 49140 MiB, 17248 MiB, 100 %
2026/03/27 11:50:06.058, 4, NVIDIA RTX 6000 Ada Generation, 49140 MiB, 17260 MiB, 100 %
2026/03/27 11:50:06.058, 5, NVIDIA RTX 6000 Ada Generation, 49140 MiB, 2 MiB, 0 %
2026/03/27 11:50:06.132, 6, NVIDIA RTX 6000 Ada Generation, 49140 MiB, 16254 MiB, 0 %
2026/03/27 11:50:06.132, 7, NVIDIA RTX 6000 Ada Generation, 49140 MiB, 21460 MiB, 100 %
2026/03/27 11:50:07.133, 0, NVIDIA RTX 6000 Ada Generation, 49140 MiB, 15890 MiB, 92 %
2026/03/27 11:50:07.133, 1, NVIDIA RTX 6000 Ada Generation, 49140 MiB, 29003 MiB, 100 %
2026/03/27 11:50:07.133, 2, NVIDIA RTX 6000 Ada Generation, 49140 MiB, 21991 MiB, 100 %
2026/03/27 11:50:07.133, 3, NVIDIA RTX 6000 Ada Generation, 49140 MiB, 17248 MiB, 100 %
2026/03/27 11:50:07.133, 4, NVIDIA RTX 6000 Ada Generation, 49140 MiB, 17260 MiB, 99 %
2026/03/27 11:50:07.133, 5, NVIDIA RTX 6000 Ada Generation, 49140 MiB, 2 MiB, 0 %
2026/03/27 11:50:07.133, 6, NVIDIA RTX 6000 Ada Generation, 49140 MiB, 16254 MiB, 0 %
2026/03/27 11:50:07.133, 7, NVIDIA RTX 6000 Ada Generation, 49140 MiB, 21460 MiB, 100 %
2026/03/27 11:50:08.133, 0, NVIDIA RTX 6000 Ada Generation, 49140 MiB, 15890 MiB, 85 %
2026/03/27 11:50:08.249, 1, NVIDIA RTX 6000 Ada Generation, 49140 MiB, 29003 MiB, 100 %
2026/03/27 11:50:08.250, 2, NVIDIA RTX 6000 Ada Generation, 49140 MiB, 21991 MiB, 100 %
2026/03/27 11:50:08.250, 3, NVIDIA RTX 6000 Ada Generation, 49140 MiB, 17248 MiB, 100 %
2026/03/27 11:50:08.475, 4, NVIDIA RTX 6000 Ada Generation, 49140 MiB, 17260 MiB, 100 %
2026/03/27 11:50:08.475, 5, NVIDIA RTX 6000 Ada Generation, 49140 MiB, 2 MiB, 0 %
2026/03/27 11:50:08.475, 6, NVIDIA RTX 6000 Ada Generation, 49140 MiB, 18988 MiB, 0 %
2026/03/27 11:50:08.475, 7, NVIDIA RTX 6000 Ada Generation, 49140 MiB, 21460 MiB, 100 %
2026/03/27 11:50:09.476, 0, NVIDIA RTX 6000 Ada Generation, 49140 MiB, 15890 MiB, 0 %
2026/03/27 11:50:09.476, 1, NVIDIA RTX 6000 Ada Generation, 49140 MiB, 29003 MiB, 100 %
2026/03/27 11:50:09.476, 2, NVIDIA RTX 6000 Ada Generation, 49140 MiB, 21991 MiB, 100 %
2026/03/27 11:50:09.476, 3, NVIDIA RTX 6000 Ada Generation, 49140 MiB, 17248 MiB, 100 %
2026/03/27 11:50:09.476, 4, NVIDIA RTX 6000 Ada Generation, 49140 MiB, 17260 MiB, 100 %
2026/03/27 11:50:09.476, 5, NVIDIA RTX 6000 Ada Generation, 49140 MiB, 2 MiB, 0 %
2026/03/27 11:50:09.476, 6, NVIDIA RTX 6000 Ada Generation, 49140 MiB, 19056 MiB, 0 %
2026/03/27 11:50:09.476, 7, NVIDIA RTX 6000 Ada Generation, 49140 MiB, 21460 MiB, 100 %
2026/03/27 11:50:10.476, 0, NVIDIA RTX 6000 Ada Generation, 49140 MiB, 15890 MiB, 6 %
2026/03/27 11:50:10.477, 1, NVIDIA RTX 6000 Ada Generation, 49140 MiB, 29003 MiB, 100 %
2026/03/27 11:50:10.477, 2, NVIDIA RTX 6000 Ada Generation, 49140 MiB, 21991 MiB, 100 %
2026/03/27 11:50:10.477, 3, NVIDIA RTX 6000 Ada Generation, 49140 MiB, 17248 MiB, 100 %
2026/03/27 11:50:10.477, 4, NVIDIA RTX 6000 Ada Generation, 49140 MiB, 17260 MiB, 100 %
2026/03/27 11:50:10.477, 5, NVIDIA RTX 6000 Ada Generation, 49140 MiB, 2 MiB, 0 %
2026/03/27 11:50:10.477, 6, NVIDIA RTX 6000 Ada Generation, 49140 MiB, 45774 MiB, 18 %
2026/03/27 11:50:10.477, 7, NVIDIA RTX 6000 Ada Generation, 49140 MiB, 21460 MiB, 100 %
2026/03/27 11:50:11.477, 0, NVIDIA RTX 6000 Ada Generation, 49140 MiB, 15890 MiB, 0 %
2026/03/27 11:50:11.730, 1, NVIDIA RTX 6000 Ada Generation, 49140 MiB, 29003 MiB, 100 %
2026/03/27 11:50:11.731, 2, NVIDIA RTX 6000 Ada Generation, 49140 MiB, 21991 MiB, 100 %
2026/03/27 11:50:11.893, 3, NVIDIA RTX 6000 Ada Generation, 49140 MiB, 17248 MiB, 100 %
2026/03/27 11:50:12.046, 4, NVIDIA RTX 6000 Ada Generation, 49140 MiB, 17260 MiB, 100 %
2026/03/27 11:50:12.048, 5, NVIDIA RTX 6000 Ada Generation, 49140 MiB, 2 MiB, 0 %
2026/03/27 11:50:12.249, 6, NVIDIA RTX 6000 Ada Generation, 49140 MiB, 45774 MiB, 0 %
2026/03/27 11:50:12.251, 7, NVIDIA RTX 6000 Ada Generation, 49140 MiB, 21460 MiB, 100 %
2026/03/27 11:50:13.261, 0, NVIDIA RTX 6000 Ada Generation, 49140 MiB, 15890 MiB, 6 %
2026/03/27 11:50:13.261, 1, NVIDIA RTX 6000 Ada Generation, 49140 MiB, 29003 MiB, 100 %
2026/03/27 11:50:13.261, 2, NVIDIA RTX 6000 Ada Generation, 49140 MiB, 21991 MiB, 100 %
2026/03/27 11:50:13.261, 3, NVIDIA RTX 6000 Ada Generation, 49140 MiB, 17248 MiB, 100 %
2026/03/27 11:50:13.261, 4, NVIDIA RTX 6000 Ada Generation, 49140 MiB, 17260 MiB, 100 %
2026/03/27 11:50:13.262, 5, NVIDIA RTX 6000 Ada Generation, 49140 MiB, 2 MiB, 0 %
2026/03/27 11:50:13.262, 6, NVIDIA RTX 6000 Ada Generation, 49140 MiB, 2 MiB, 100 %
2026/03/27 11:50:13.262, 7, NVIDIA RTX 6000 Ada Generation, 49140 MiB, 21460 MiB, 100 %
2026/03/27 11:50:14.262, 0, NVIDIA RTX 6000 Ada Generation, 49140 MiB, 15890 MiB, 6 %
2026/03/27 11:50:14.262, 1, NVIDIA RTX 6000 Ada Generation, 49140 MiB, 29003 MiB, 100 %
2026/03/27 11:50:14.262, 2, NVIDIA RTX 6000 Ada Generation, 49140 MiB, 21991 MiB, 100 %
2026/03/27 11:50:14.262, 3, NVIDIA RTX 6000 Ada Generation, 49140 MiB, 17248 MiB, 100 %
2026/03/27 11:50:14.343, 4, NVIDIA RTX 6000 Ada Generation, 49140 MiB, 17260 MiB, 100 %
2026/03/27 11:50:14.343, 5, NVIDIA RTX 6000 Ada Generation, 49140 MiB, 2 MiB, 0 %
2026/03/27 11:50:14.343, 6, NVIDIA RTX 6000 Ada Generation, 49140 MiB, 2 MiB, 0 %
2026/03/27 11:50:14.343, 7, NVIDIA RTX 6000 Ada Generation, 49140 MiB, 21460 MiB, 100 %
2026/03/27 11:50:15.343, 0, NVIDIA RTX 6000 Ada Generation, 49140 MiB, 15890 MiB, 0 %
2026/03/27 11:50:15.343, 1, NVIDIA RTX 6000 Ada Generation, 49140 MiB, 29003 MiB, 100 %
2026/03/27 11:50:15.344, 2, NVIDIA RTX 6000 Ada Generation, 49140 MiB, 21991 MiB, 100 %
2026/03/27 11:50:15.344, 3, NVIDIA RTX 6000 Ada Generation, 49140 MiB, 17248 MiB, 100 %
2026/03/27 11:50:15.344, 4, NVIDIA RTX 6000 Ada Generation, 49140 MiB, 17260 MiB, 100 %
2026/03/27 11:50:15.344, 5, NVIDIA RTX 6000 Ada Generation, 49140 MiB, 2 MiB, 0 %
2026/03/27 11:50:15.344, 6, NVIDIA RTX 6000 Ada Generation, 49140 MiB, 4 MiB, 0 %
2026/03/27 11:50:15.344, 7, NVIDIA RTX 6000 Ada Generation, 49140 MiB, 21460 MiB, 100 %
2026/03/27 11:50:16.344, 0, NVIDIA RTX 6000 Ada Generation, 49140 MiB, 15890 MiB, 0 %
2026/03/27 11:50:16.389, 1, NVIDIA RTX 6000 Ada Generation, 49140 MiB, 29003 MiB, 100 %
2026/03/27 11:50:16.390, 2, NVIDIA RTX 6000 Ada Generation, 49140 MiB, 21991 MiB, 100 %
2026/03/27 11:50:16.390, 3, NVIDIA RTX 6000 Ada Generation, 49140 MiB, 17248 MiB, 100 %
2026/03/27 11:50:16.390, 4, NVIDIA RTX 6000 Ada Generation, 49140 MiB, 17260 MiB, 100 %
2026/03/27 11:50:16.390, 5, NVIDIA RTX 6000 Ada Generation, 49140 MiB, 2 MiB, 0 %
2026/03/27 11:50:16.390, 6, NVIDIA RTX 6000 Ada Generation, 49140 MiB, 16254 MiB, 3 %
2026/03/27 11:50:16.390, 7, NVIDIA RTX 6000 Ada Generation, 49140 MiB, 21460 MiB, 100 %
2026/03/27 11:50:17.390, 0, NVIDIA RTX 6000 Ada Generation, 49140 MiB, 15890 MiB, 90 %
2026/03/27 11:50:17.390, 1, NVIDIA RTX 6000 Ada Generation, 49140 MiB, 29003 MiB, 100 %
2026/03/27 11:50:17.390, 2, NVIDIA RTX 6000 Ada Generation, 49140 MiB, 21991 MiB, 100 %
2026/03/27 11:50:17.390, 3, NVIDIA RTX 6000 Ada Generation, 49140 MiB, 17248 MiB, 100 %
2026/03/27 11:50:17.391, 4, NVIDIA RTX 6000 Ada Generation, 49140 MiB, 17260 MiB, 100 %
2026/03/27 11:50:17.391, 5, NVIDIA RTX 6000 Ada Generation, 49140 MiB, 2 MiB, 0 %
2026/03/27 11:50:17.445, 6, NVIDIA RTX 6000 Ada Generation, 49140 MiB, 16254 MiB, 14 %
2026/03/27 11:50:17.445, 7, NVIDIA RTX 6000 Ada Generation, 49140 MiB, 21460 MiB, 100 %
2026/03/27 11:50:18.446, 0, NVIDIA RTX 6000 Ada Generation, 49140 MiB, 15890 MiB, 90 %
2026/03/27 11:50:18.446, 1, NVIDIA RTX 6000 Ada Generation, 49140 MiB, 29003 MiB, 100 %
2026/03/27 11:50:18.446, 2, NVIDIA RTX 6000 Ada Generation, 49140 MiB, 21991 MiB, 100 %
2026/03/27 11:50:18.446, 3, NVIDIA RTX 6000 Ada Generation, 49140 MiB, 17248 MiB, 100 %
2026/03/27 11:50:18.446, 4, NVIDIA RTX 6000 Ada Generation, 49140 MiB, 17260 MiB, 100 %
2026/03/27 11:50:18.446, 5, NVIDIA RTX 6000 Ada Generation, 49140 MiB, 2 MiB, 0 %
2026/03/27 11:50:18.446, 6, NVIDIA RTX 6000 Ada Generation, 49140 MiB, 16254 MiB, 13 %
2026/03/27 11:50:18.446, 7, NVIDIA RTX 6000 Ada Generation, 49140 MiB, 21460 MiB, 100 %
2026/03/27 11:50:19.446, 0, NVIDIA RTX 6000 Ada Generation, 49140 MiB, 15890 MiB, 0 %
2026/03/27 11:50:19.446, 1, NVIDIA RTX 6000 Ada Generation, 49140 MiB, 29003 MiB, 100 %
2026/03/27 11:50:19.447, 2, NVIDIA RTX 6000 Ada Generation, 49140 MiB, 21991 MiB, 100 %
2026/03/27 11:50:19.643, 3, NVIDIA RTX 6000 Ada Generation, 49140 MiB, 17248 MiB, 100 %
2026/03/27 11:50:19.643, 4, NVIDIA RTX 6000 Ada Generation, 49140 MiB, 17260 MiB, 100 %
2026/03/27 11:50:19.643, 5, NVIDIA RTX 6000 Ada Generation, 49140 MiB, 2 MiB, 0 %
2026/03/27 11:50:19.643, 6, NVIDIA RTX 6000 Ada Generation, 49140 MiB, 16254 MiB, 14 %
2026/03/27 11:50:19.644, 7, NVIDIA RTX 6000 Ada Generation, 49140 MiB, 21460 MiB, 100 %
2026/03/27 11:50:20.644, 0, NVIDIA RTX 6000 Ada Generation, 49140 MiB, 15890 MiB, 6 %
2026/03/27 11:50:20.644, 1, NVIDIA RTX 6000 Ada Generation, 49140 MiB, 29003 MiB, 100 %
2026/03/27 11:50:20.644, 2, NVIDIA RTX 6000 Ada Generation, 49140 MiB, 21991 MiB, 100 %
2026/03/27 11:50:20.644, 3, NVIDIA RTX 6000 Ada Generation, 49140 MiB, 17248 MiB, 100 %
2026/03/27 11:50:20.644, 4, NVIDIA RTX 6000 Ada Generation, 49140 MiB, 17260 MiB, 100 %
2026/03/27 11:50:20.644, 5, NVIDIA RTX 6000 Ada Generation, 49140 MiB, 2 MiB, 0 %
2026/03/27 11:50:20.644, 6, NVIDIA RTX 6000 Ada Generation, 49140 MiB, 16254 MiB, 13 %
2026/03/27 11:50:20.644, 7, NVIDIA RTX 6000 Ada Generation, 49140 MiB, 21460 MiB, 100 %
2026/03/27 11:50:21.644, 0, NVIDIA RTX 6000 Ada Generation, 49140 MiB, 15890 MiB, 6 %
2026/03/27 11:50:21.645, 1, NVIDIA RTX 6000 Ada Generation, 49140 MiB, 29003 MiB, 100 %
2026/03/27 11:50:21.645, 2, NVIDIA RTX 6000 Ada Generation, 49140 MiB, 21991 MiB, 100 %
2026/03/27 11:50:21.645, 3, NVIDIA RTX 6000 Ada Generation, 49140 MiB, 17248 MiB, 99 %
2026/03/27 11:50:21.645, 4, NVIDIA RTX 6000 Ada Generation, 49140 MiB, 17260 MiB, 100 %
2026/03/27 11:50:21.645, 5, NVIDIA RTX 6000 Ada Generation, 49140 MiB, 2 MiB, 0 %
2026/03/27 11:50:21.645, 6, NVIDIA RTX 6000 Ada Generation, 49140 MiB, 16254 MiB, 0 %
2026/03/27 11:50:21.645, 7, NVIDIA RTX 6000 Ada Generation, 49140 MiB, 21460 MiB, 100 %
2026/03/27 11:50:22.645, 0, NVIDIA RTX 6000 Ada Generation, 49140 MiB, 15890 MiB, 6 %
2026/03/27 11:50:22.645, 1, NVIDIA RTX 6000 Ada Generation, 49140 MiB, 29003 MiB, 100 %
2026/03/27 11:50:22.645, 2, NVIDIA RTX 6000 Ada Generation, 49140 MiB, 21991 MiB, 100 %
2026/03/27 11:50:22.646, 3, NVIDIA RTX 6000 Ada Generation, 49140 MiB, 17248 MiB, 99 %
2026/03/27 11:50:22.682, 4, NVIDIA RTX 6000 Ada Generation, 49140 MiB, 17260 MiB, 100 %
2026/03/27 11:50:22.682, 5, NVIDIA RTX 6000 Ada Generation, 49140 MiB, 2 MiB, 0 %
2026/03/27 11:50:22.682, 6, NVIDIA RTX 6000 Ada Generation, 49140 MiB, 16254 MiB, 0 %
2026/03/27 11:50:22.682, 7, NVIDIA RTX 6000 Ada Generation, 49140 MiB, 21460 MiB, 100 %
2026/03/27 11:50:23.682, 0, NVIDIA RTX 6000 Ada Generation, 49140 MiB, 15890 MiB, 6 %
2026/03/27 11:50:23.682, 1, NVIDIA RTX 6000 Ada Generation, 49140 MiB, 29003 MiB, 100 %
2026/03/27 11:50:23.683, 2, NVIDIA RTX 6000 Ada Generation, 49140 MiB, 21991 MiB, 100 %
2026/03/27 11:50:23.683, 3, NVIDIA RTX 6000 Ada Generation, 49140 MiB, 17248 MiB, 100 %
2026/03/27 11:50:23.683, 4, NVIDIA RTX 6000 Ada Generation, 49140 MiB, 17260 MiB, 100 %
2026/03/27 11:50:23.683, 5, NVIDIA RTX 6000 Ada Generation, 49140 MiB, 2 MiB, 0 %
2026/03/27 11:50:23.683, 6, NVIDIA RTX 6000 Ada Generation, 49140 MiB, 16254 MiB, 0 %
2026/03/27 11:50:23.683, 7, NVIDIA RTX 6000 Ada Generation, 49140 MiB, 21460 MiB, 100 %
2026/03/27 11:50:24.683, 0, NVIDIA RTX 6000 Ada Generation, 49140 MiB, 15890 MiB, 6 %
2026/03/27 11:50:24.757, 1, NVIDIA RTX 6000 Ada Generation, 49140 MiB, 29003 MiB, 100 %
2026/03/27 11:50:24.758, 2, NVIDIA RTX 6000 Ada Generation, 49140 MiB, 21991 MiB, 100 %
2026/03/27 11:50:24.758, 3, NVIDIA RTX 6000 Ada Generation, 49140 MiB, 17248 MiB, 100 %
2026/03/27 11:50:24.758, 4, NVIDIA RTX 6000 Ada Generation, 49140 MiB, 17260 MiB, 100 %
2026/03/27 11:50:24.758, 5, NVIDIA RTX 6000 Ada Generation, 49140 MiB, 2 MiB, 0 %
2026/03/27 11:50:24.758, 6, NVIDIA RTX 6000 Ada Generation, 49140 MiB, 16254 MiB, 0 %
2026/03/27 11:50:24.758, 7, NVIDIA RTX 6000 Ada Generation, 49140 MiB, 21460 MiB, 100 %
2026/03/27 11:50:25.759, 0, NVIDIA RTX 6000 Ada Generation, 49140 MiB, 15890 MiB, 6 %
2026/03/27 11:50:25.759, 1, NVIDIA RTX 6000 Ada Generation, 49140 MiB, 29003 MiB, 100 %
2026/03/27 11:50:25.759, 2, NVIDIA RTX 6000 Ada Generation, 49140 MiB, 21991 MiB, 100 %
2026/03/27 11:50:25.759, 3, NVIDIA RTX 6000 Ada Generation, 49140 MiB, 17248 MiB, 100 %
2026/03/27 11:50:25.759, 4, NVIDIA RTX 6000 Ada Generation, 49140 MiB, 17260 MiB, 100 %
2026/03/27 11:50:25.759, 5, NVIDIA RTX 6000 Ada Generation, 49140 MiB, 2 MiB, 0 %
2026/03/27 11:50:25.881, 6, NVIDIA RTX 6000 Ada Generation, 49140 MiB, 16254 MiB, 0 %
2026/03/27 11:50:25.881, 7, NVIDIA RTX 6000 Ada Generation, 49140 MiB, 21460 MiB, 100 %
2026/03/27 11:50:26.882, 0, NVIDIA RTX 6000 Ada Generation, 49140 MiB, 15890 MiB, 6 %
2026/03/27 11:50:26.882, 1, NVIDIA RTX 6000 Ada Generation, 49140 MiB, 29003 MiB, 100 %
2026/03/27 11:50:26.882, 2, NVIDIA RTX 6000 Ada Generation, 49140 MiB, 21991 MiB, 100 %
2026/03/27 11:50:26.882, 3, NVIDIA RTX 6000 Ada Generation, 49140 MiB, 17248 MiB, 100 %
2026/03/27 11:50:26.882, 4, NVIDIA RTX 6000 Ada Generation, 49140 MiB, 17260 MiB, 100 %
2026/03/27 11:50:26.882, 5, NVIDIA RTX 6000 Ada Generation, 49140 MiB, 2 MiB, 0 %
2026/03/27 11:50:26.882, 6, NVIDIA RTX 6000 Ada Generation, 49140 MiB, 16254 MiB, 0 %
2026/03/27 11:50:26.882, 7, NVIDIA RTX 6000 Ada Generation, 49140 MiB, 21460 MiB, 100 %
2026/03/27 11:50:27.882, 0, NVIDIA RTX 6000 Ada Generation, 49140 MiB, 15890 MiB, 6 %
2026/03/27 11:50:27.883, 1, NVIDIA RTX 6000 Ada Generation, 49140 MiB, 29003 MiB, 100 %
2026/03/27 11:50:27.883, 2, NVIDIA RTX 6000 Ada Generation, 49140 MiB, 21991 MiB, 100 %
2026/03/27 11:50:28.056, 3, NVIDIA RTX 6000 Ada Generation, 49140 MiB, 17248 MiB, 100 %
2026/03/27 11:50:28.056, 4, NVIDIA RTX 6000 Ada Generation, 49140 MiB, 17260 MiB, 100 %
2026/03/27 11:50:28.056, 5, NVIDIA RTX 6000 Ada Generation, 49140 MiB, 2 MiB, 0 %
2026/03/27 11:50:28.056, 6, NVIDIA RTX 6000 Ada Generation, 49140 MiB, 16254 MiB, 0 %
2026/03/27 11:50:28.057, 7, NVIDIA RTX 6000 Ada Generation, 49140 MiB, 21460 MiB, 100 %
2026/03/27 11:50:29.057, 0, NVIDIA RTX 6000 Ada Generation, 49140 MiB, 15890 MiB, 0 %
2026/03/27 11:50:29.057, 1, NVIDIA RTX 6000 Ada Generation, 49140 MiB, 29003 MiB, 100 %
2026/03/27 11:50:29.057, 2, NVIDIA RTX 6000 Ada Generation, 49140 MiB, 21991 MiB, 100 %
2026/03/27 11:50:29.057, 3, NVIDIA RTX 6000 Ada Generation, 49140 MiB, 17248 MiB, 100 %
2026/03/27 11:50:29.057, 4, NVIDIA RTX 6000 Ada Generation, 49140 MiB, 17260 MiB, 100 %
2026/03/27 11:50:29.057, 5, NVIDIA RTX 6000 Ada Generation, 49140 MiB, 2 MiB, 0 %
2026/03/27 11:50:29.057, 6, NVIDIA RTX 6000 Ada Generation, 49140 MiB, 16254 MiB, 0 %
2026/03/27 11:50:29.057, 7, NVIDIA RTX 6000 Ada Generation, 49140 MiB, 21460 MiB, 100 %
2026/03/27 11:50:30.057, 0, NVIDIA RTX 6000 Ada Generation, 49140 MiB, 15890 MiB, 6 %
2026/03/27 11:50:30.057, 1, NVIDIA RTX 6000 Ada Generation, 49140 MiB, 29003 MiB, 100 %
2026/03/27 11:50:30.057, 2, NVIDIA RTX 6000 Ada Generation, 49140 MiB, 21991 MiB, 100 %
2026/03/27 11:50:30.058, 3, NVIDIA RTX 6000 Ada Generation, 49140 MiB, 17248 MiB, 100 %
2026/03/27 11:50:30.058, 4, NVIDIA RTX 6000 Ada Generation, 49140 MiB, 17260 MiB, 100 %
2026/03/27 11:50:30.058, 5, NVIDIA RTX 6000 Ada Generation, 49140 MiB, 2 MiB, 0 %
2026/03/27 11:50:30.058, 6, NVIDIA RTX 6000 Ada Generation, 49140 MiB, 16254 MiB, 0 %
2026/03/27 11:50:30.058, 7, NVIDIA RTX 6000 Ada Generation, 49140 MiB, 21460 MiB, 100 %
2026/03/27 11:50:31.058, 0, NVIDIA RTX 6000 Ada Generation, 49140 MiB, 15890 MiB, 6 %
2026/03/27 11:50:31.137, 1, NVIDIA RTX 6000 Ada Generation, 49140 MiB, 29003 MiB, 100 %
2026/03/27 11:50:31.137, 2, NVIDIA RTX 6000 Ada Generation, 49140 MiB, 21991 MiB, 100 %
2026/03/27 11:50:31.138, 3, NVIDIA RTX 6000 Ada Generation, 49140 MiB, 17248 MiB, 100 %
2026/03/27 11:50:31.138, 4, NVIDIA RTX 6000 Ada Generation, 49140 MiB, 17260 MiB, 100 %
2026/03/27 11:50:31.138, 5, NVIDIA RTX 6000 Ada Generation, 49140 MiB, 2 MiB, 0 %
2026/03/27 11:50:31.138, 6, NVIDIA RTX 6000 Ada Generation, 49140 MiB, 18988 MiB, 0 %
2026/03/27 11:50:31.138, 7, NVIDIA RTX 6000 Ada Generation, 49140 MiB, 21460 MiB, 100 %
2026/03/27 11:50:32.138, 0, NVIDIA RTX 6000 Ada Generation, 49140 MiB, 15890 MiB, 6 %
2026/03/27 11:50:32.139, 1, NVIDIA RTX 6000 Ada Generation, 49140 MiB, 29003 MiB, 100 %
2026/03/27 11:50:32.139, 2, NVIDIA RTX 6000 Ada Generation, 49140 MiB, 21991 MiB, 100 %
2026/03/27 11:50:32.139, 3, NVIDIA RTX 6000 Ada Generation, 49140 MiB, 17248 MiB, 100 %
2026/03/27 11:50:32.139, 4, NVIDIA RTX 6000 Ada Generation, 49140 MiB, 17260 MiB, 100 %
2026/03/27 11:50:32.139, 5, NVIDIA RTX 6000 Ada Generation, 49140 MiB, 2 MiB, 0 %
2026/03/27 11:50:32.139, 6, NVIDIA RTX 6000 Ada Generation, 49140 MiB, 22932 MiB, 32 %
2026/03/27 11:50:32.139, 7, NVIDIA RTX 6000 Ada Generation, 49140 MiB, 21460 MiB, 100 %
2026/03/27 11:50:33.139, 0, NVIDIA RTX 6000 Ada Generation, 49140 MiB, 15890 MiB, 6 %
2026/03/27 11:50:33.254, 1, NVIDIA RTX 6000 Ada Generation, 49140 MiB, 29003 MiB, 100 %
2026/03/27 11:50:33.254, 2, NVIDIA RTX 6000 Ada Generation, 49140 MiB, 21991 MiB, 100 %
2026/03/27 11:50:33.254, 3, NVIDIA RTX 6000 Ada Generation, 49140 MiB, 17248 MiB, 100 %
2026/03/27 11:50:33.254, 4, NVIDIA RTX 6000 Ada Generation, 49140 MiB, 17260 MiB, 100 %
2026/03/27 11:50:33.254, 5, NVIDIA RTX 6000 Ada Generation, 49140 MiB, 2 MiB, 0 %
2026/03/27 11:50:33.255, 6, NVIDIA RTX 6000 Ada Generation, 49140 MiB, 45774 MiB, 99 %
2026/03/27 11:50:33.255, 7, NVIDIA RTX 6000 Ada Generation, 49140 MiB, 21460 MiB, 100 %
2026/03/27 11:50:34.255, 0, NVIDIA RTX 6000 Ada Generation, 49140 MiB, 15890 MiB, 0 %
2026/03/27 11:50:34.372, 1, NVIDIA RTX 6000 Ada Generation, 49140 MiB, 29003 MiB, 100 %
2026/03/27 11:50:34.526, 2, NVIDIA RTX 6000 Ada Generation, 49140 MiB, 21991 MiB, 100 %
2026/03/27 11:50:34.528, 3, NVIDIA RTX 6000 Ada Generation, 49140 MiB, 17248 MiB, 100 %
2026/03/27 11:50:34.718, 4, NVIDIA RTX 6000 Ada Generation, 49140 MiB, 17260 MiB, 100 %
2026/03/27 11:50:34.720, 5, NVIDIA RTX 6000 Ada Generation, 49140 MiB, 2 MiB, 0 %
2026/03/27 11:50:34.726, 6, NVIDIA RTX 6000 Ada Generation, 49140 MiB, 45774 MiB, 0 %
2026/03/27 11:50:34.728, 7, NVIDIA RTX 6000 Ada Generation, 49140 MiB, 21460 MiB, 100 %
2026/03/27 11:50:35.737, 0, NVIDIA RTX 6000 Ada Generation, 49140 MiB, 15890 MiB, 0 %
2026/03/27 11:50:35.737, 1, NVIDIA RTX 6000 Ada Generation, 49140 MiB, 29003 MiB, 100 %
2026/03/27 11:50:35.737, 2, NVIDIA RTX 6000 Ada Generation, 49140 MiB, 21991 MiB, 100 %
2026/03/27 11:50:35.737, 3, NVIDIA RTX 6000 Ada Generation, 49140 MiB, 17248 MiB, 100 %
2026/03/27 11:50:35.737, 4, NVIDIA RTX 6000 Ada Generation, 49140 MiB, 17260 MiB, 100 %
2026/03/27 11:50:35.737, 5, NVIDIA RTX 6000 Ada Generation, 49140 MiB, 2 MiB, 0 %
2026/03/27 11:50:35.738, 6, NVIDIA RTX 6000 Ada Generation, 49140 MiB, 2 MiB, 100 %
2026/03/27 11:50:35.738, 7, NVIDIA RTX 6000 Ada Generation, 49140 MiB, 21460 MiB, 100 %
2026/03/27 11:50:36.738, 0, NVIDIA RTX 6000 Ada Generation, 49140 MiB, 15890 MiB, 61 %
2026/03/27 11:50:36.738, 1, NVIDIA RTX 6000 Ada Generation, 49140 MiB, 29003 MiB, 100 %
2026/03/27 11:50:36.738, 2, NVIDIA RTX 6000 Ada Generation, 49140 MiB, 21991 MiB, 100 %
2026/03/27 11:50:36.738, 3, NVIDIA RTX 6000 Ada Generation, 49140 MiB, 17248 MiB, 100 %
2026/03/27 11:50:36.793, 4, NVIDIA RTX 6000 Ada Generation, 49140 MiB, 17260 MiB, 100 %
2026/03/27 11:50:36.793, 5, NVIDIA RTX 6000 Ada Generation, 49140 MiB, 2 MiB, 0 %
2026/03/27 11:50:36.793, 6, NVIDIA RTX 6000 Ada Generation, 49140 MiB, 2 MiB, 0 %
2026/03/27 11:50:36.793, 7, NVIDIA RTX 6000 Ada Generation, 49140 MiB, 21460 MiB, 100 %
2026/03/27 11:50:37.793, 0, NVIDIA RTX 6000 Ada Generation, 49140 MiB, 15890 MiB, 95 %
2026/03/27 11:50:37.793, 1, NVIDIA RTX 6000 Ada Generation, 49140 MiB, 29003 MiB, 100 %
2026/03/27 11:50:37.794, 2, NVIDIA RTX 6000 Ada Generation, 49140 MiB, 21991 MiB, 100 %
2026/03/27 11:50:37.794, 3, NVIDIA RTX 6000 Ada Generation, 49140 MiB, 17248 MiB, 100 %
2026/03/27 11:50:37.794, 4, NVIDIA RTX 6000 Ada Generation, 49140 MiB, 17260 MiB, 100 %
2026/03/27 11:50:37.794, 5, NVIDIA RTX 6000 Ada Generation, 49140 MiB, 2 MiB, 0 %
2026/03/27 11:50:37.794, 6, NVIDIA RTX 6000 Ada Generation, 49140 MiB, 2 MiB, 0 %
2026/03/27 11:50:37.794, 7, NVIDIA RTX 6000 Ada Generation, 49140 MiB, 21460 MiB, 100 %
2026/03/27 11:50:38.794, 0, NVIDIA RTX 6000 Ada Generation, 49140 MiB, 15890 MiB, 90 %
2026/03/27 11:50:38.940, 1, NVIDIA RTX 6000 Ada Generation, 49140 MiB, 29003 MiB, 100 %
2026/03/27 11:50:38.941, 2, NVIDIA RTX 6000 Ada Generation, 49140 MiB, 21991 MiB, 100 %
2026/03/27 11:50:38.941, 3, NVIDIA RTX 6000 Ada Generation, 49140 MiB, 17248 MiB, 100 %
2026/03/27 11:50:38.941, 4, NVIDIA RTX 6000 Ada Generation, 49140 MiB, 17260 MiB, 100 %
2026/03/27 11:50:38.942, 5, NVIDIA RTX 6000 Ada Generation, 49140 MiB, 2 MiB, 0 %
2026/03/27 11:50:38.942, 6, NVIDIA RTX 6000 Ada Generation, 49140 MiB, 4 MiB, 0 %
2026/03/27 11:50:38.942, 7, NVIDIA RTX 6000 Ada Generation, 49140 MiB, 21460 MiB, 100 %
2026/03/27 11:50:39.942, 0, NVIDIA RTX 6000 Ada Generation, 49140 MiB, 15890 MiB, 0 %
2026/03/27 11:50:40.075, 1, NVIDIA RTX 6000 Ada Generation, 49140 MiB, 29003 MiB, 100 %
2026/03/27 11:50:40.076, 2, NVIDIA RTX 6000 Ada Generation, 49140 MiB, 21991 MiB, 100 %
2026/03/27 11:50:40.076, 3, NVIDIA RTX 6000 Ada Generation, 49140 MiB, 17248 MiB, 100 %
2026/03/27 11:50:40.076, 4, NVIDIA RTX 6000 Ada Generation, 49140 MiB, 17260 MiB, 100 %
2026/03/27 11:50:40.076, 5, NVIDIA RTX 6000 Ada Generation, 49140 MiB, 2 MiB, 0 %
2026/03/27 11:50:40.076, 6, NVIDIA RTX 6000 Ada Generation, 49140 MiB, 4 MiB, 0 %
2026/03/27 11:50:40.077, 7, NVIDIA RTX 6000 Ada Generation, 49140 MiB, 21460 MiB, 100 %
2026/03/27 11:50:41.077, 0, NVIDIA RTX 6000 Ada Generation, 49140 MiB, 15890 MiB, 6 %
2026/03/27 11:50:41.077, 1, NVIDIA RTX 6000 Ada Generation, 49140 MiB, 29003 MiB, 100 %
2026/03/27 11:50:41.077, 2, NVIDIA RTX 6000 Ada Generation, 49140 MiB, 21991 MiB, 100 %
2026/03/27 11:50:41.077, 3, NVIDIA RTX 6000 Ada Generation, 49140 MiB, 17248 MiB, 100 %
2026/03/27 11:50:41.077, 4, NVIDIA RTX 6000 Ada Generation, 49140 MiB, 17260 MiB, 100 %
2026/03/27 11:50:41.077, 5, NVIDIA RTX 6000 Ada Generation, 49140 MiB, 2 MiB, 0 %
2026/03/27 11:50:41.078, 6, NVIDIA RTX 6000 Ada Generation, 49140 MiB, 16254 MiB, 0 %
2026/03/27 11:50:41.078, 7, NVIDIA RTX 6000 Ada Generation, 49140 MiB, 21460 MiB, 100 %
2026/03/27 11:50:42.078, 0, NVIDIA RTX 6000 Ada Generation, 49140 MiB, 15890 MiB, 0 %
2026/03/27 11:50:42.078, 1, NVIDIA RTX 6000 Ada Generation, 49140 MiB, 29003 MiB, 100 %
2026/03/27 11:50:42.078, 2, NVIDIA RTX 6000 Ada Generation, 49140 MiB, 21991 MiB, 100 %
2026/03/27 11:50:42.297, 3, NVIDIA RTX 6000 Ada Generation, 49140 MiB, 17248 MiB, 100 %
2026/03/27 11:50:42.298, 4, NVIDIA RTX 6000 Ada Generation, 49140 MiB, 17260 MiB, 100 %
2026/03/27 11:50:42.298, 5, NVIDIA RTX 6000 Ada Generation, 49140 MiB, 2 MiB, 0 %
2026/03/27 11:50:42.298, 6, NVIDIA RTX 6000 Ada Generation, 49140 MiB, 16254 MiB, 13 %
2026/03/27 11:50:42.298, 7, NVIDIA RTX 6000 Ada Generation, 49140 MiB, 21460 MiB, 100 %
2026/03/27 11:50:43.298, 0, NVIDIA RTX 6000 Ada Generation, 49140 MiB, 15890 MiB, 6 %
2026/03/27 11:50:43.299, 1, NVIDIA RTX 6000 Ada Generation, 49140 MiB, 29003 MiB, 100 %
2026/03/27 11:50:43.300, 2, NVIDIA RTX 6000 Ada Generation, 49140 MiB, 21991 MiB, 100 %
2026/03/27 11:50:43.301, 3, NVIDIA RTX 6000 Ada Generation, 49140 MiB, 17248 MiB, 100 %
2026/03/27 11:50:43.302, 4, NVIDIA RTX 6000 Ada Generation, 49140 MiB, 17260 MiB, 100 %
2026/03/27 11:50:43.303, 5, NVIDIA RTX 6000 Ada Generation, 49140 MiB, 2 MiB, 0 %
2026/03/27 11:50:43.303, 6, NVIDIA RTX 6000 Ada Generation, 49140 MiB, 16254 MiB, 15 %
2026/03/27 11:50:43.303, 7, NVIDIA RTX 6000 Ada Generation, 49140 MiB, 21460 MiB, 100 %
2026/03/27 11:50:44.303, 0, NVIDIA RTX 6000 Ada Generation, 49140 MiB, 15890 MiB, 6 %
2026/03/27 11:50:44.304, 1, NVIDIA RTX 6000 Ada Generation, 49140 MiB, 29003 MiB, 100 %
2026/03/27 11:50:44.304, 2, NVIDIA RTX 6000 Ada Generation, 49140 MiB, 21991 MiB, 100 %
2026/03/27 11:50:44.304, 3, NVIDIA RTX 6000 Ada Generation, 49140 MiB, 17248 MiB, 100 %
2026/03/27 11:50:44.304, 4, NVIDIA RTX 6000 Ada Generation, 49140 MiB, 17260 MiB, 100 %
2026/03/27 11:50:44.304, 5, NVIDIA RTX 6000 Ada Generation, 49140 MiB, 2 MiB, 0 %
2026/03/27 11:50:44.304, 6, NVIDIA RTX 6000 Ada Generation, 49140 MiB, 16254 MiB, 14 %
2026/03/27 11:50:44.304, 7, NVIDIA RTX 6000 Ada Generation, 49140 MiB, 21460 MiB, 100 %
2026/03/27 11:50:45.304, 0, NVIDIA RTX 6000 Ada Generation, 49140 MiB, 15890 MiB, 0 %
2026/03/27 11:50:45.304, 1, NVIDIA RTX 6000 Ada Generation, 49140 MiB, 29003 MiB, 100 %
2026/03/27 11:50:45.304, 2, NVIDIA RTX 6000 Ada Generation, 49140 MiB, 21991 MiB, 100 %
2026/03/27 11:50:45.304, 3, NVIDIA RTX 6000 Ada Generation, 49140 MiB, 17248 MiB, 100 %
2026/03/27 11:50:45.379, 4, NVIDIA RTX 6000 Ada Generation, 49140 MiB, 17260 MiB, 100 %
2026/03/27 11:50:45.379, 5, NVIDIA RTX 6000 Ada Generation, 49140 MiB, 2 MiB, 0 %
2026/03/27 11:50:45.379, 6, NVIDIA RTX 6000 Ada Generation, 49140 MiB, 16254 MiB, 0 %
2026/03/27 11:50:45.379, 7, NVIDIA RTX 6000 Ada Generation, 49140 MiB, 21460 MiB, 100 %
2026/03/27 11:50:46.379, 0, NVIDIA RTX 6000 Ada Generation, 49140 MiB, 15890 MiB, 0 %
2026/03/27 11:50:46.380, 1, NVIDIA RTX 6000 Ada Generation, 49140 MiB, 29003 MiB, 100 %
2026/03/27 11:50:46.380, 2, NVIDIA RTX 6000 Ada Generation, 49140 MiB, 21991 MiB, 100 %
2026/03/27 11:50:46.380, 3, NVIDIA RTX 6000 Ada Generation, 49140 MiB, 17248 MiB, 100 %
2026/03/27 11:50:46.380, 4, NVIDIA RTX 6000 Ada Generation, 49140 MiB, 17260 MiB, 100 %
2026/03/27 11:50:46.380, 5, NVIDIA RTX 6000 Ada Generation, 49140 MiB, 2 MiB, 0 %
2026/03/27 11:50:46.380, 6, NVIDIA RTX 6000 Ada Generation, 49140 MiB, 16254 MiB, 0 %
2026/03/27 11:50:46.380, 7, NVIDIA RTX 6000 Ada Generation, 49140 MiB, 21460 MiB, 100 %
2026/03/27 11:50:47.380, 0, NVIDIA RTX 6000 Ada Generation, 49140 MiB, 15890 MiB, 90 %
2026/03/27 11:50:47.711, 1, NVIDIA RTX 6000 Ada Generation, 49140 MiB, 29003 MiB, 100 %
2026/03/27 11:50:47.711, 2, NVIDIA RTX 6000 Ada Generation, 49140 MiB, 21991 MiB, 100 %
2026/03/27 11:50:47.711, 3, NVIDIA RTX 6000 Ada Generation, 49140 MiB, 17248 MiB, 100 %
2026/03/27 11:50:47.711, 4, NVIDIA RTX 6000 Ada Generation, 49140 MiB, 17260 MiB, 100 %
2026/03/27 11:50:47.711, 5, NVIDIA RTX 6000 Ada Generation, 49140 MiB, 2 MiB, 0 %
2026/03/27 11:50:47.711, 6, NVIDIA RTX 6000 Ada Generation, 49140 MiB, 16254 MiB, 0 %
2026/03/27 11:50:47.712, 7, NVIDIA RTX 6000 Ada Generation, 49140 MiB, 21460 MiB, 100 %
2026/03/27 11:50:48.712, 0, NVIDIA RTX 6000 Ada Generation, 49140 MiB, 15890 MiB, 0 %
2026/03/27 11:50:48.712, 1, NVIDIA RTX 6000 Ada Generation, 49140 MiB, 29003 MiB, 100 %
2026/03/27 11:50:48.712, 2, NVIDIA RTX 6000 Ada Generation, 49140 MiB, 21991 MiB, 100 %
2026/03/27 11:50:48.712, 3, NVIDIA RTX 6000 Ada Generation, 49140 MiB, 17248 MiB, 100 %
2026/03/27 11:50:48.712, 4, NVIDIA RTX 6000 Ada Generation, 49140 MiB, 17260 MiB, 100 %
2026/03/27 11:50:48.712, 5, NVIDIA RTX 6000 Ada Generation, 49140 MiB, 2 MiB, 0 %
2026/03/27 11:50:48.813, 6, NVIDIA RTX 6000 Ada Generation, 49140 MiB, 16254 MiB, 0 %
2026/03/27 11:50:48.814, 7, NVIDIA RTX 6000 Ada Generation, 49140 MiB, 21460 MiB, 100 %
2026/03/27 11:50:49.814, 0, NVIDIA RTX 6000 Ada Generation, 49140 MiB, 15890 MiB, 6 %
2026/03/27 11:50:49.814, 1, NVIDIA RTX 6000 Ada Generation, 49140 MiB, 29003 MiB, 100 %
2026/03/27 11:50:49.814, 2, NVIDIA RTX 6000 Ada Generation, 49140 MiB, 21991 MiB, 100 %
2026/03/27 11:50:49.814, 3, NVIDIA RTX 6000 Ada Generation, 49140 MiB, 17248 MiB, 100 %
2026/03/27 11:50:49.814, 4, NVIDIA RTX 6000 Ada Generation, 49140 MiB, 17260 MiB, 100 %
2026/03/27 11:50:49.814, 5, NVIDIA RTX 6000 Ada Generation, 49140 MiB, 2 MiB, 0 %
2026/03/27 11:50:49.814, 6, NVIDIA RTX 6000 Ada Generation, 49140 MiB, 16254 MiB, 0 %
2026/03/27 11:50:49.814, 7, NVIDIA RTX 6000 Ada Generation, 49140 MiB, 21460 MiB, 100 %
2026/03/27 11:50:50.814, 0, NVIDIA RTX 6000 Ada Generation, 49140 MiB, 15890 MiB, 0 %
2026/03/27 11:50:50.815, 1, NVIDIA RTX 6000 Ada Generation, 49140 MiB, 29003 MiB, 100 %
2026/03/27 11:50:50.815, 2, NVIDIA RTX 6000 Ada Generation, 49140 MiB, 21991 MiB, 100 %
2026/03/27 11:50:50.989, 3, NVIDIA RTX 6000 Ada Generation, 49140 MiB, 17248 MiB, 100 %
2026/03/27 11:50:50.989, 4, NVIDIA RTX 6000 Ada Generation, 49140 MiB, 17260 MiB, 100 %
2026/03/27 11:50:50.989, 5, NVIDIA RTX 6000 Ada Generation, 49140 MiB, 2 MiB, 0 %
2026/03/27 11:50:50.989, 6, NVIDIA RTX 6000 Ada Generation, 49140 MiB, 16254 MiB, 0 %
2026/03/27 11:50:50.989, 7, NVIDIA RTX 6000 Ada Generation, 49140 MiB, 21460 MiB, 100 %
2026/03/27 11:50:51.989, 0, NVIDIA RTX 6000 Ada Generation, 49140 MiB, 15890 MiB, 6 %
2026/03/27 11:50:51.990, 1, NVIDIA RTX 6000 Ada Generation, 49140 MiB, 29003 MiB, 100 %
2026/03/27 11:50:51.990, 2, NVIDIA RTX 6000 Ada Generation, 49140 MiB, 21991 MiB, 100 %
2026/03/27 11:50:51.990, 3, NVIDIA RTX 6000 Ada Generation, 49140 MiB, 17248 MiB, 100 %
2026/03/27 11:50:51.990, 4, NVIDIA RTX 6000 Ada Generation, 49140 MiB, 17260 MiB, 100 %
2026/03/27 11:50:51.990, 5, NVIDIA RTX 6000 Ada Generation, 49140 MiB, 2 MiB, 0 %
2026/03/27 11:50:51.990, 6, NVIDIA RTX 6000 Ada Generation, 49140 MiB, 16254 MiB, 0 %
2026/03/27 11:50:51.990, 7, NVIDIA RTX 6000 Ada Generation, 49140 MiB, 21460 MiB, 100 %
2026/03/27 11:50:52.990, 0, NVIDIA RTX 6000 Ada Generation, 49140 MiB, 15890 MiB, 6 %
2026/03/27 11:50:52.990, 1, NVIDIA RTX 6000 Ada Generation, 49140 MiB, 29003 MiB, 100 %
2026/03/27 11:50:52.991, 2, NVIDIA RTX 6000 Ada Generation, 49140 MiB, 21991 MiB, 99 %
2026/03/27 11:50:52.991, 3, NVIDIA RTX 6000 Ada Generation, 49140 MiB, 17248 MiB, 100 %
2026/03/27 11:50:52.991, 4, NVIDIA RTX 6000 Ada Generation, 49140 MiB, 17260 MiB, 100 %
2026/03/27 11:50:52.991, 5, NVIDIA RTX 6000 Ada Generation, 49140 MiB, 2 MiB, 0 %
2026/03/27 11:50:52.991, 6, NVIDIA RTX 6000 Ada Generation, 49140 MiB, 16254 MiB, 0 %
2026/03/27 11:50:52.991, 7, NVIDIA RTX 6000 Ada Generation, 49140 MiB, 21460 MiB, 100 %
2026/03/27 11:50:53.991, 0, NVIDIA RTX 6000 Ada Generation, 49140 MiB, 15890 MiB, 4 %
2026/03/27 11:50:53.991, 1, NVIDIA RTX 6000 Ada Generation, 49140 MiB, 29003 MiB, 100 %
2026/03/27 11:50:53.991, 2, NVIDIA RTX 6000 Ada Generation, 49140 MiB, 21991 MiB, 100 %
2026/03/27 11:50:53.991, 3, NVIDIA RTX 6000 Ada Generation, 49140 MiB, 17248 MiB, 100 %
2026/03/27 11:50:53.991, 4, NVIDIA RTX 6000 Ada Generation, 49140 MiB, 17260 MiB, 100 %
2026/03/27 11:50:54.232, 5, NVIDIA RTX 6000 Ada Generation, 49140 MiB, 2 MiB, 0 %
2026/03/27 11:50:54.233, 6, NVIDIA RTX 6000 Ada Generation, 49140 MiB, 16254 MiB, 0 %
2026/03/27 11:50:54.233, 7, NVIDIA RTX 6000 Ada Generation, 49140 MiB, 21460 MiB, 100 %
2026/03/27 11:50:55.233, 0, NVIDIA RTX 6000 Ada Generation, 49140 MiB, 15890 MiB, 6 %
2026/03/27 11:50:55.233, 1, NVIDIA RTX 6000 Ada Generation, 49140 MiB, 29003 MiB, 100 %
2026/03/27 11:50:55.233, 2, NVIDIA RTX 6000 Ada Generation, 49140 MiB, 21991 MiB, 100 %
2026/03/27 11:50:55.233, 3, NVIDIA RTX 6000 Ada Generation, 49140 MiB, 17248 MiB, 100 %
2026/03/27 11:50:55.233, 4, NVIDIA RTX 6000 Ada Generation, 49140 MiB, 17260 MiB, 100 %
2026/03/27 11:50:55.233, 5, NVIDIA RTX 6000 Ada Generation, 49140 MiB, 2 MiB, 0 %
2026/03/27 11:50:55.233, 6, NVIDIA RTX 6000 Ada Generation, 49140 MiB, 16254 MiB, 0 %
2026/03/27 11:50:55.233, 7, NVIDIA RTX 6000 Ada Generation, 49140 MiB, 21460 MiB, 100 %
2026/03/27 11:50:56.234, 0, NVIDIA RTX 6000 Ada Generation, 49140 MiB, 15890 MiB, 0 %
2026/03/27 11:50:56.234, 1, NVIDIA RTX 6000 Ada Generation, 49140 MiB, 29003 MiB, 100 %
2026/03/27 11:50:56.324, 2, NVIDIA RTX 6000 Ada Generation, 49140 MiB, 21991 MiB, 100 %
2026/03/27 11:50:56.324, 3, NVIDIA RTX 6000 Ada Generation, 49140 MiB, 17248 MiB, 100 %
2026/03/27 11:50:56.324, 4, NVIDIA RTX 6000 Ada Generation, 49140 MiB, 17260 MiB, 100 %
2026/03/27 11:50:56.324, 5, NVIDIA RTX 6000 Ada Generation, 49140 MiB, 2 MiB, 0 %
2026/03/27 11:50:56.324, 6, NVIDIA RTX 6000 Ada Generation, 49140 MiB, 16254 MiB, 0 %
2026/03/27 11:50:56.324, 7, NVIDIA RTX 6000 Ada Generation, 49140 MiB, 21460 MiB, 100 %
2026/03/27 11:50:57.325, 0, NVIDIA RTX 6000 Ada Generation, 49140 MiB, 15890 MiB, 0 %
2026/03/27 11:50:57.325, 1, NVIDIA RTX 6000 Ada Generation, 49140 MiB, 29003 MiB, 100 %
2026/03/27 11:50:57.325, 2, NVIDIA RTX 6000 Ada Generation, 49140 MiB, 21991 MiB, 100 %
2026/03/27 11:50:57.325, 3, NVIDIA RTX 6000 Ada Generation, 49140 MiB, 17248 MiB, 100 %
2026/03/27 11:50:57.325, 4, NVIDIA RTX 6000 Ada Generation, 49140 MiB, 17260 MiB, 100 %
2026/03/27 11:50:57.325, 5, NVIDIA RTX 6000 Ada Generation, 49140 MiB, 2 MiB, 0 %
2026/03/27 11:50:57.325, 6, NVIDIA RTX 6000 Ada Generation, 49140 MiB, 16254 MiB, 0 %
2026/03/27 11:50:57.325, 7, NVIDIA RTX 6000 Ada Generation, 49140 MiB, 21460 MiB, 100 %
2026/03/27 11:50:58.499, 0, NVIDIA RTX 6000 Ada Generation, 49140 MiB, 15890 MiB, 93 %
2026/03/27 11:50:58.499, 1, NVIDIA RTX 6000 Ada Generation, 49140 MiB, 29003 MiB, 100 %
2026/03/27 11:50:58.499, 2, NVIDIA RTX 6000 Ada Generation, 49140 MiB, 21991 MiB, 100 %
2026/03/27 11:50:58.499, 3, NVIDIA RTX 6000 Ada Generation, 49140 MiB, 17248 MiB, 100 %
2026/03/27 11:50:58.499, 4, NVIDIA RTX 6000 Ada Generation, 49140 MiB, 17260 MiB, 100 %
2026/03/27 11:50:58.499, 5, NVIDIA RTX 6000 Ada Generation, 49140 MiB, 2 MiB, 0 %
2026/03/27 11:50:58.499, 6, NVIDIA RTX 6000 Ada Generation, 49140 MiB, 16254 MiB, 0 %
2026/03/27 11:50:58.500, 7, NVIDIA RTX 6000 Ada Generation, 49140 MiB, 21460 MiB, 100 %
2026/03/27 11:50:59.500, 0, NVIDIA RTX 6000 Ada Generation, 49140 MiB, 15890 MiB, 95 %
2026/03/27 11:50:59.500, 1, NVIDIA RTX 6000 Ada Generation, 49140 MiB, 29003 MiB, 100 %
2026/03/27 11:50:59.500, 2, NVIDIA RTX 6000 Ada Generation, 49140 MiB, 21991 MiB, 100 %
2026/03/27 11:50:59.538, 3, NVIDIA RTX 6000 Ada Generation, 49140 MiB, 17248 MiB, 100 %
2026/03/27 11:50:59.538, 4, NVIDIA RTX 6000 Ada Generation, 49140 MiB, 17260 MiB, 100 %
2026/03/27 11:50:59.538, 5, NVIDIA RTX 6000 Ada Generation, 49140 MiB, 2 MiB, 0 %
2026/03/27 11:50:59.538, 6, NVIDIA RTX 6000 Ada Generation, 49140 MiB, 16254 MiB, 0 %
2026/03/27 11:50:59.538, 7, NVIDIA RTX 6000 Ada Generation, 49140 MiB, 21460 MiB, 100 %
2026/03/27 11:51:00.538, 0, NVIDIA RTX 6000 Ada Generation, 49140 MiB, 15890 MiB, 0 %
2026/03/27 11:51:00.539, 1, NVIDIA RTX 6000 Ada Generation, 49140 MiB, 29003 MiB, 100 %
2026/03/27 11:51:00.539, 2, NVIDIA RTX 6000 Ada Generation, 49140 MiB, 21991 MiB, 100 %
2026/03/27 11:51:00.539, 3, NVIDIA RTX 6000 Ada Generation, 49140 MiB, 17248 MiB, 100 %
2026/03/27 11:51:00.539, 4, NVIDIA RTX 6000 Ada Generation, 49140 MiB, 17260 MiB, 100 %
2026/03/27 11:51:00.539, 5, NVIDIA RTX 6000 Ada Generation, 49140 MiB, 2 MiB, 0 %
2026/03/27 11:51:00.539, 6, NVIDIA RTX 6000 Ada Generation, 49140 MiB, 16254 MiB, 0 %
2026/03/27 11:51:00.539, 7, NVIDIA RTX 6000 Ada Generation, 49140 MiB, 21460 MiB, 100 %
2026/03/27 11:51:01.539, 0, NVIDIA RTX 6000 Ada Generation, 49140 MiB, 15890 MiB, 6 %
2026/03/27 11:51:01.539, 1, NVIDIA RTX 6000 Ada Generation, 49140 MiB, 29003 MiB, 100 %
2026/03/27 11:51:01.539, 2, NVIDIA RTX 6000 Ada Generation, 49140 MiB, 21991 MiB, 98 %
2026/03/27 11:51:01.539, 3, NVIDIA RTX 6000 Ada Generation, 49140 MiB, 17248 MiB, 100 %
2026/03/27 11:51:01.539, 4, NVIDIA RTX 6000 Ada Generation, 49140 MiB, 17260 MiB, 100 %
2026/03/27 11:51:01.539, 5, NVIDIA RTX 6000 Ada Generation, 49140 MiB, 2 MiB, 0 %
2026/03/27 11:51:01.539, 6, NVIDIA RTX 6000 Ada Generation, 49140 MiB, 16254 MiB, 0 %
2026/03/27 11:51:01.539, 7, NVIDIA RTX 6000 Ada Generation, 49140 MiB, 21460 MiB, 100 %
2026/03/27 11:51:02.539, 0, NVIDIA RTX 6000 Ada Generation, 49140 MiB, 15890 MiB, 3 %
2026/03/27 11:51:02.540, 1, NVIDIA RTX 6000 Ada Generation, 49140 MiB, 29003 MiB, 100 %
2026/03/27 11:51:02.540, 2, NVIDIA RTX 6000 Ada Generation, 49140 MiB, 21991 MiB, 100 %
2026/03/27 11:51:02.540, 3, NVIDIA RTX 6000 Ada Generation, 49140 MiB, 17248 MiB, 100 %
2026/03/27 11:51:02.559, 4, NVIDIA RTX 6000 Ada Generation, 49140 MiB, 17260 MiB, 100 %
2026/03/27 11:51:02.560, 5, NVIDIA RTX 6000 Ada Generation, 49140 MiB, 2 MiB, 0 %
2026/03/27 11:51:02.560, 6, NVIDIA RTX 6000 Ada Generation, 49140 MiB, 16254 MiB, 0 %
2026/03/27 11:51:02.560, 7, NVIDIA RTX 6000 Ada Generation, 49140 MiB, 21460 MiB, 100 %
2026/03/27 11:51:03.560, 0, NVIDIA RTX 6000 Ada Generation, 49140 MiB, 15890 MiB, 6 %
2026/03/27 11:51:03.560, 1, NVIDIA RTX 6000 Ada Generation, 49140 MiB, 29003 MiB, 100 %
2026/03/27 11:51:03.560, 2, NVIDIA RTX 6000 Ada Generation, 49140 MiB, 21991 MiB, 100 %
2026/03/27 11:51:03.560, 3, NVIDIA RTX 6000 Ada Generation, 49140 MiB, 17248 MiB, 100 %
2026/03/27 11:51:03.560, 4, NVIDIA RTX 6000 Ada Generation, 49140 MiB, 17260 MiB, 100 %
2026/03/27 11:51:03.560, 5, NVIDIA RTX 6000 Ada Generation, 49140 MiB, 2 MiB, 0 %
2026/03/27 11:51:03.560, 6, NVIDIA RTX 6000 Ada Generation, 49140 MiB, 16254 MiB, 0 %
2026/03/27 11:51:03.560, 7, NVIDIA RTX 6000 Ada Generation, 49140 MiB, 21460 MiB, 100 %
2026/03/27 11:51:04.560, 0, NVIDIA RTX 6000 Ada Generation, 49140 MiB, 15890 MiB, 6 %
2026/03/27 11:51:04.685, 1, NVIDIA RTX 6000 Ada Generation, 49140 MiB, 29003 MiB, 100 %
2026/03/27 11:51:04.685, 2, NVIDIA RTX 6000 Ada Generation, 49140 MiB, 21991 MiB, 100 %
2026/03/27 11:51:04.685, 3, NVIDIA RTX 6000 Ada Generation, 49140 MiB, 17248 MiB, 100 %
2026/03/27 11:51:04.685, 4, NVIDIA RTX 6000 Ada Generation, 49140 MiB, 17260 MiB, 100 %
2026/03/27 11:51:04.685, 5, NVIDIA RTX 6000 Ada Generation, 49140 MiB, 2 MiB, 0 %
2026/03/27 11:51:04.685, 6, NVIDIA RTX 6000 Ada Generation, 49140 MiB, 16254 MiB, 0 %
2026/03/27 11:51:04.685, 7, NVIDIA RTX 6000 Ada Generation, 49140 MiB, 21460 MiB, 100 %
2026/03/27 11:51:05.685, 0, NVIDIA RTX 6000 Ada Generation, 49140 MiB, 15890 MiB, 6 %
2026/03/27 11:51:05.685, 1, NVIDIA RTX 6000 Ada Generation, 49140 MiB, 29003 MiB, 100 %
2026/03/27 11:51:05.685, 2, NVIDIA RTX 6000 Ada Generation, 49140 MiB, 21991 MiB, 100 %
2026/03/27 11:51:05.685, 3, NVIDIA RTX 6000 Ada Generation, 49140 MiB, 17248 MiB, 100 %
2026/03/27 11:51:05.685, 4, NVIDIA RTX 6000 Ada Generation, 49140 MiB, 17260 MiB, 100 %
2026/03/27 11:51:05.685, 5, NVIDIA RTX 6000 Ada Generation, 49140 MiB, 2 MiB, 0 %
2026/03/27 11:51:05.796, 6, NVIDIA RTX 6000 Ada Generation, 49140 MiB, 18990 MiB, 42 %
2026/03/27 11:51:05.797, 7, NVIDIA RTX 6000 Ada Generation, 49140 MiB, 21460 MiB, 100 %
2026/03/27 11:51:06.797, 0, NVIDIA RTX 6000 Ada Generation, 49140 MiB, 15890 MiB, 6 %
2026/03/27 11:51:06.797, 1, NVIDIA RTX 6000 Ada Generation, 49140 MiB, 29003 MiB, 100 %
2026/03/27 11:51:06.797, 2, NVIDIA RTX 6000 Ada Generation, 49140 MiB, 21991 MiB, 100 %
2026/03/27 11:51:06.797, 3, NVIDIA RTX 6000 Ada Generation, 49140 MiB, 17248 MiB, 100 %
2026/03/27 11:51:06.797, 4, NVIDIA RTX 6000 Ada Generation, 49140 MiB, 17260 MiB, 100 %
2026/03/27 11:51:06.797, 5, NVIDIA RTX 6000 Ada Generation, 49140 MiB, 2 MiB, 0 %
2026/03/27 11:51:06.797, 6, NVIDIA RTX 6000 Ada Generation, 49140 MiB, 45774 MiB, 79 %
2026/03/27 11:51:06.797, 7, NVIDIA RTX 6000 Ada Generation, 49140 MiB, 21460 MiB, 100 %
2026/03/27 11:51:07.797, 0, NVIDIA RTX 6000 Ada Generation, 49140 MiB, 15890 MiB, 6 %
2026/03/27 11:51:07.970, 1, NVIDIA RTX 6000 Ada Generation, 49140 MiB, 29003 MiB, 100 %
2026/03/27 11:51:07.972, 2, NVIDIA RTX 6000 Ada Generation, 49140 MiB, 21991 MiB, 100 %
2026/03/27 11:51:08.192, 3, NVIDIA RTX 6000 Ada Generation, 49140 MiB, 17248 MiB, 100 %
2026/03/27 11:51:08.439, 4, NVIDIA RTX 6000 Ada Generation, 49140 MiB, 17260 MiB, 100 %
2026/03/27 11:51:08.440, 5, NVIDIA RTX 6000 Ada Generation, 49140 MiB, 2 MiB, 0 %
2026/03/27 11:51:08.443, 6, NVIDIA RTX 6000 Ada Generation, 49140 MiB, 45774 MiB, 0 %
2026/03/27 11:51:08.603, 7, NVIDIA RTX 6000 Ada Generation, 49140 MiB, 21460 MiB, 100 %
2026/03/27 11:51:09.605, 0, NVIDIA RTX 6000 Ada Generation, 49140 MiB, 15890 MiB, 0 %
2026/03/27 11:51:09.605, 1, NVIDIA RTX 6000 Ada Generation, 49140 MiB, 29003 MiB, 100 %
2026/03/27 11:51:09.606, 2, NVIDIA RTX 6000 Ada Generation, 49140 MiB, 21991 MiB, 100 %
2026/03/27 11:51:09.606, 3, NVIDIA RTX 6000 Ada Generation, 49140 MiB, 17248 MiB, 100 %
2026/03/27 11:51:09.606, 4, NVIDIA RTX 6000 Ada Generation, 49140 MiB, 17260 MiB, 100 %
2026/03/27 11:51:09.606, 5, NVIDIA RTX 6000 Ada Generation, 49140 MiB, 2 MiB, 0 %
2026/03/27 11:51:09.606, 6, NVIDIA RTX 6000 Ada Generation, 49140 MiB, 2 MiB, 0 %
2026/03/27 11:51:09.606, 7, NVIDIA RTX 6000 Ada Generation, 49140 MiB, 21460 MiB, 100 %
2026/03/27 11:51:10.606, 0, NVIDIA RTX 6000 Ada Generation, 49140 MiB, 15890 MiB, 0 %
2026/03/27 11:51:10.606, 1, NVIDIA RTX 6000 Ada Generation, 49140 MiB, 29003 MiB, 100 %
2026/03/27 11:51:10.606, 2, NVIDIA RTX 6000 Ada Generation, 49140 MiB, 21991 MiB, 100 %
2026/03/27 11:51:10.794, 3, NVIDIA RTX 6000 Ada Generation, 49140 MiB, 17248 MiB, 100 %
2026/03/27 11:51:10.795, 4, NVIDIA RTX 6000 Ada Generation, 49140 MiB, 17260 MiB, 100 %
2026/03/27 11:51:10.795, 5, NVIDIA RTX 6000 Ada Generation, 49140 MiB, 2 MiB, 0 %
2026/03/27 11:51:10.795, 6, NVIDIA RTX 6000 Ada Generation, 49140 MiB, 2 MiB, 0 %
2026/03/27 11:51:10.795, 7, NVIDIA RTX 6000 Ada Generation, 49140 MiB, 21460 MiB, 100 %
2026/03/27 11:51:11.795, 0, NVIDIA RTX 6000 Ada Generation, 49140 MiB, 15890 MiB, 0 %
2026/03/27 11:51:11.795, 1, NVIDIA RTX 6000 Ada Generation, 49140 MiB, 29003 MiB, 100 %
2026/03/27 11:51:11.795, 2, NVIDIA RTX 6000 Ada Generation, 49140 MiB, 21991 MiB, 100 %
2026/03/27 11:51:11.796, 3, NVIDIA RTX 6000 Ada Generation, 49140 MiB, 17248 MiB, 100 %
2026/03/27 11:51:11.796, 4, NVIDIA RTX 6000 Ada Generation, 49140 MiB, 17260 MiB, 100 %
2026/03/27 11:51:11.796, 5, NVIDIA RTX 6000 Ada Generation, 49140 MiB, 2 MiB, 0 %
2026/03/27 11:51:11.796, 6, NVIDIA RTX 6000 Ada Generation, 49140 MiB, 2 MiB, 0 %
2026/03/27 11:51:11.797, 7, NVIDIA RTX 6000 Ada Generation, 49140 MiB, 21460 MiB, 100 %
2026/03/27 11:51:12.797, 0, NVIDIA RTX 6000 Ada Generation, 49140 MiB, 15890 MiB, 95 %
2026/03/27 11:51:12.797, 1, NVIDIA RTX 6000 Ada Generation, 49140 MiB, 29003 MiB, 100 %
2026/03/27 11:51:12.797, 2, NVIDIA RTX 6000 Ada Generation, 49140 MiB, 21991 MiB, 100 %
2026/03/27 11:51:12.797, 3, NVIDIA RTX 6000 Ada Generation, 49140 MiB, 17248 MiB, 100 %
2026/03/27 11:51:12.797, 4, NVIDIA RTX 6000 Ada Generation, 49140 MiB, 17260 MiB, 100 %
2026/03/27 11:51:12.797, 5, NVIDIA RTX 6000 Ada Generation, 49140 MiB, 2 MiB, 0 %
2026/03/27 11:51:12.797, 6, NVIDIA RTX 6000 Ada Generation, 49140 MiB, 16254 MiB, 3 %
2026/03/27 11:51:12.797, 7, NVIDIA RTX 6000 Ada Generation, 49140 MiB, 21460 MiB, 100 %
2026/03/27 11:51:13.797, 0, NVIDIA RTX 6000 Ada Generation, 49140 MiB, 15890 MiB, 90 %
2026/03/27 11:51:13.798, 1, NVIDIA RTX 6000 Ada Generation, 49140 MiB, 29003 MiB, 100 %
2026/03/27 11:51:13.798, 2, NVIDIA RTX 6000 Ada Generation, 49140 MiB, 21991 MiB, 100 %
2026/03/27 11:51:13.798, 3, NVIDIA RTX 6000 Ada Generation, 49140 MiB, 17248 MiB, 100 %
2026/03/27 11:51:13.985, 4, NVIDIA RTX 6000 Ada Generation, 49140 MiB, 17260 MiB, 100 %
2026/03/27 11:51:13.986, 5, NVIDIA RTX 6000 Ada Generation, 49140 MiB, 2 MiB, 0 %
2026/03/27 11:51:13.986, 6, NVIDIA RTX 6000 Ada Generation, 49140 MiB, 16254 MiB, 16 %
2026/03/27 11:51:13.986, 7, NVIDIA RTX 6000 Ada Generation, 49140 MiB, 21460 MiB, 100 %
2026/03/27 11:51:14.986, 0, NVIDIA RTX 6000 Ada Generation, 49140 MiB, 15890 MiB, 0 %
2026/03/27 11:51:14.986, 1, NVIDIA RTX 6000 Ada Generation, 49140 MiB, 29003 MiB, 100 %
2026/03/27 11:51:14.986, 2, NVIDIA RTX 6000 Ada Generation, 49140 MiB, 21991 MiB, 100 %
2026/03/27 11:51:14.987, 3, NVIDIA RTX 6000 Ada Generation, 49140 MiB, 17248 MiB, 100 %
2026/03/27 11:51:14.987, 4, NVIDIA RTX 6000 Ada Generation, 49140 MiB, 17260 MiB, 100 %
2026/03/27 11:51:14.987, 5, NVIDIA RTX 6000 Ada Generation, 49140 MiB, 2 MiB, 0 %
2026/03/27 11:51:14.987, 6, NVIDIA RTX 6000 Ada Generation, 49140 MiB, 16254 MiB, 13 %
2026/03/27 11:51:14.987, 7, NVIDIA RTX 6000 Ada Generation, 49140 MiB, 21460 MiB, 100 %
2026/03/27 11:51:15.987, 0, NVIDIA RTX 6000 Ada Generation, 49140 MiB, 15890 MiB, 6 %
2026/03/27 11:51:16.093, 1, NVIDIA RTX 6000 Ada Generation, 49140 MiB, 29003 MiB, 100 %
2026/03/27 11:51:16.094, 2, NVIDIA RTX 6000 Ada Generation, 49140 MiB, 21991 MiB, 100 %
2026/03/27 11:51:16.094, 3, NVIDIA RTX 6000 Ada Generation, 49140 MiB, 17248 MiB, 100 %
2026/03/27 11:51:16.094, 4, NVIDIA RTX 6000 Ada Generation, 49140 MiB, 17260 MiB, 100 %
2026/03/27 11:51:16.094, 5, NVIDIA RTX 6000 Ada Generation, 49140 MiB, 2 MiB, 0 %
2026/03/27 11:51:16.094, 6, NVIDIA RTX 6000 Ada Generation, 49140 MiB, 16254 MiB, 14 %
2026/03/27 11:51:16.094, 7, NVIDIA RTX 6000 Ada Generation, 49140 MiB, 21460 MiB, 100 %
2026/03/27 11:51:17.094, 0, NVIDIA RTX 6000 Ada Generation, 49140 MiB, 15890 MiB, 6 %
2026/03/27 11:51:17.095, 1, NVIDIA RTX 6000 Ada Generation, 49140 MiB, 29003 MiB, 100 %
2026/03/27 11:51:17.095, 2, NVIDIA RTX 6000 Ada Generation, 49140 MiB, 21991 MiB, 100 %
2026/03/27 11:51:17.095, 3, NVIDIA RTX 6000 Ada Generation, 49140 MiB, 17248 MiB, 100 %
2026/03/27 11:51:17.095, 4, NVIDIA RTX 6000 Ada Generation, 49140 MiB, 17260 MiB, 100 %
2026/03/27 11:51:17.095, 5, NVIDIA RTX 6000 Ada Generation, 49140 MiB, 2 MiB, 0 %
2026/03/27 11:51:17.212, 6, NVIDIA RTX 6000 Ada Generation, 49140 MiB, 16254 MiB, 14 %
2026/03/27 11:51:17.212, 7, NVIDIA RTX 6000 Ada Generation, 49140 MiB, 21460 MiB, 100 %
2026/03/27 11:51:18.213, 0, NVIDIA RTX 6000 Ada Generation, 49140 MiB, 15890 MiB, 0 %
2026/03/27 11:51:18.213, 1, NVIDIA RTX 6000 Ada Generation, 49140 MiB, 29003 MiB, 100 %
2026/03/27 11:51:18.213, 2, NVIDIA RTX 6000 Ada Generation, 49140 MiB, 21991 MiB, 100 %
2026/03/27 11:51:18.213, 3, NVIDIA RTX 6000 Ada Generation, 49140 MiB, 17248 MiB, 100 %
2026/03/27 11:51:18.213, 4, NVIDIA RTX 6000 Ada Generation, 49140 MiB, 17260 MiB, 100 %
2026/03/27 11:51:18.213, 5, NVIDIA RTX 6000 Ada Generation, 49140 MiB, 2 MiB, 0 %
2026/03/27 11:51:18.213, 6, NVIDIA RTX 6000 Ada Generation, 49140 MiB, 16254 MiB, 0 %
2026/03/27 11:51:18.213, 7, NVIDIA RTX 6000 Ada Generation, 49140 MiB, 21460 MiB, 100 %
2026/03/27 11:51:19.213, 0, NVIDIA RTX 6000 Ada Generation, 49140 MiB, 15890 MiB, 6 %
2026/03/27 11:51:19.213, 1, NVIDIA RTX 6000 Ada Generation, 49140 MiB, 29003 MiB, 100 %
2026/03/27 11:51:19.214, 2, NVIDIA RTX 6000 Ada Generation, 49140 MiB, 21991 MiB, 100 %
2026/03/27 11:51:19.411, 3, NVIDIA RTX 6000 Ada Generation, 49140 MiB, 17248 MiB, 100 %
2026/03/27 11:51:19.412, 4, NVIDIA RTX 6000 Ada Generation, 49140 MiB, 17260 MiB, 100 %
2026/03/27 11:51:19.412, 5, NVIDIA RTX 6000 Ada Generation, 49140 MiB, 2 MiB, 0 %
2026/03/27 11:51:19.412, 6, NVIDIA RTX 6000 Ada Generation, 49140 MiB, 16254 MiB, 0 %
2026/03/27 11:51:19.412, 7, NVIDIA RTX 6000 Ada Generation, 49140 MiB, 21460 MiB, 100 %
2026/03/27 11:51:20.412, 0, NVIDIA RTX 6000 Ada Generation, 49140 MiB, 15890 MiB, 6 %
2026/03/27 11:51:20.412, 1, NVIDIA RTX 6000 Ada Generation, 49140 MiB, 29003 MiB, 100 %
2026/03/27 11:51:20.413, 2, NVIDIA RTX 6000 Ada Generation, 49140 MiB, 21991 MiB, 100 %
2026/03/27 11:51:20.413, 3, NVIDIA RTX 6000 Ada Generation, 49140 MiB, 17248 MiB, 100 %
2026/03/27 11:51:20.413, 4, NVIDIA RTX 6000 Ada Generation, 49140 MiB, 17260 MiB, 100 %
2026/03/27 11:51:20.413, 5, NVIDIA RTX 6000 Ada Generation, 49140 MiB, 2 MiB, 0 %
2026/03/27 11:51:20.413, 6, NVIDIA RTX 6000 Ada Generation, 49140 MiB, 16254 MiB, 0 %
2026/03/27 11:51:20.413, 7, NVIDIA RTX 6000 Ada Generation, 49140 MiB, 21460 MiB, 100 %
2026/03/27 11:51:21.419, 0, NVIDIA RTX 6000 Ada Generation, 49140 MiB, 15890 MiB, 0 %
2026/03/27 11:51:21.419, 1, NVIDIA RTX 6000 Ada Generation, 49140 MiB, 29003 MiB, 100 %
2026/03/27 11:51:21.419, 2, NVIDIA RTX 6000 Ada Generation, 49140 MiB, 21991 MiB, 100 %
2026/03/27 11:51:21.419, 3, NVIDIA RTX 6000 Ada Generation, 49140 MiB, 17248 MiB, 100 %
2026/03/27 11:51:21.419, 4, NVIDIA RTX 6000 Ada Generation, 49140 MiB, 17260 MiB, 100 %
2026/03/27 11:51:21.419, 5, NVIDIA RTX 6000 Ada Generation, 49140 MiB, 2 MiB, 0 %
2026/03/27 11:51:21.420, 6, NVIDIA RTX 6000 Ada Generation, 49140 MiB, 16254 MiB, 0 %
2026/03/27 11:51:21.420, 7, NVIDIA RTX 6000 Ada Generation, 49140 MiB, 21460 MiB, 29 %
2026/03/27 11:51:22.420, 0, NVIDIA RTX 6000 Ada Generation, 49140 MiB, 15890 MiB, 6 %
2026/03/27 11:51:22.420, 1, NVIDIA RTX 6000 Ada Generation, 49140 MiB, 29003 MiB, 100 %
2026/03/27 11:51:22.420, 2, NVIDIA RTX 6000 Ada Generation, 49140 MiB, 21991 MiB, 100 %
2026/03/27 11:51:22.420, 3, NVIDIA RTX 6000 Ada Generation, 49140 MiB, 17248 MiB, 100 %
2026/03/27 11:51:22.526, 4, NVIDIA RTX 6000 Ada Generation, 49140 MiB, 17260 MiB, 100 %
2026/03/27 11:51:22.526, 5, NVIDIA RTX 6000 Ada Generation, 49140 MiB, 2 MiB, 0 %
2026/03/27 11:51:22.526, 6, NVIDIA RTX 6000 Ada Generation, 49140 MiB, 16254 MiB, 0 %
2026/03/27 11:51:22.526, 7, NVIDIA RTX 6000 Ada Generation, 49140 MiB, 21460 MiB, 0 %
2026/03/27 11:51:23.527, 0, NVIDIA RTX 6000 Ada Generation, 49140 MiB, 15890 MiB, 6 %
2026/03/27 11:51:23.527, 1, NVIDIA RTX 6000 Ada Generation, 49140 MiB, 29003 MiB, 100 %
2026/03/27 11:51:23.527, 2, NVIDIA RTX 6000 Ada Generation, 49140 MiB, 21991 MiB, 100 %
2026/03/27 11:51:23.527, 3, NVIDIA RTX 6000 Ada Generation, 49140 MiB, 17248 MiB, 100 %
2026/03/27 11:51:23.527, 4, NVIDIA RTX 6000 Ada Generation, 49140 MiB, 17260 MiB, 100 %
2026/03/27 11:51:23.527, 5, NVIDIA RTX 6000 Ada Generation, 49140 MiB, 2 MiB, 0 %
2026/03/27 11:51:23.527, 6, NVIDIA RTX 6000 Ada Generation, 49140 MiB, 16254 MiB, 0 %
2026/03/27 11:51:23.527, 7, NVIDIA RTX 6000 Ada Generation, 49140 MiB, 21460 MiB, 0 %
2026/03/27 11:51:24.527, 0, NVIDIA RTX 6000 Ada Generation, 49140 MiB, 15890 MiB, 0 %
2026/03/27 11:51:24.554, 1, NVIDIA RTX 6000 Ada Generation, 49140 MiB, 29003 MiB, 100 %
2026/03/27 11:51:24.554, 2, NVIDIA RTX 6000 Ada Generation, 49140 MiB, 21991 MiB, 100 %
2026/03/27 11:51:24.554, 3, NVIDIA RTX 6000 Ada Generation, 49140 MiB, 17248 MiB, 100 %
2026/03/27 11:51:24.554, 4, NVIDIA RTX 6000 Ada Generation, 49140 MiB, 17260 MiB, 100 %
2026/03/27 11:51:24.554, 5, NVIDIA RTX 6000 Ada Generation, 49140 MiB, 2 MiB, 0 %
2026/03/27 11:51:24.554, 6, NVIDIA RTX 6000 Ada Generation, 49140 MiB, 16254 MiB, 0 %
2026/03/27 11:51:24.554, 7, NVIDIA RTX 6000 Ada Generation, 49140 MiB, 21460 MiB, 100 %
2026/03/27 11:51:25.555, 0, NVIDIA RTX 6000 Ada Generation, 49140 MiB, 15890 MiB, 0 %
2026/03/27 11:51:25.555, 1, NVIDIA RTX 6000 Ada Generation, 49140 MiB, 29003 MiB, 100 %
2026/03/27 11:51:25.555, 2, NVIDIA RTX 6000 Ada Generation, 49140 MiB, 21991 MiB, 100 %
2026/03/27 11:51:25.555, 3, NVIDIA RTX 6000 Ada Generation, 49140 MiB, 17248 MiB, 99 %
2026/03/27 11:51:25.555, 4, NVIDIA RTX 6000 Ada Generation, 49140 MiB, 17260 MiB, 100 %
2026/03/27 11:51:25.555, 5, NVIDIA RTX 6000 Ada Generation, 49140 MiB, 2 MiB, 0 %
2026/03/27 11:51:25.673, 6, NVIDIA RTX 6000 Ada Generation, 49140 MiB, 16254 MiB, 0 %
2026/03/27 11:51:25.674, 7, NVIDIA RTX 6000 Ada Generation, 49140 MiB, 21460 MiB, 100 %
2026/03/27 11:51:26.674, 0, NVIDIA RTX 6000 Ada Generation, 49140 MiB, 15890 MiB, 84 %
2026/03/27 11:51:26.674, 1, NVIDIA RTX 6000 Ada Generation, 49140 MiB, 29003 MiB, 100 %
2026/03/27 11:51:26.674, 2, NVIDIA RTX 6000 Ada Generation, 49140 MiB, 21991 MiB, 100 %
2026/03/27 11:51:26.674, 3, NVIDIA RTX 6000 Ada Generation, 49140 MiB, 17248 MiB, 100 %
2026/03/27 11:51:26.674, 4, NVIDIA RTX 6000 Ada Generation, 49140 MiB, 17260 MiB, 100 %
2026/03/27 11:51:26.674, 5, NVIDIA RTX 6000 Ada Generation, 49140 MiB, 2 MiB, 0 %
2026/03/27 11:51:26.674, 6, NVIDIA RTX 6000 Ada Generation, 49140 MiB, 16254 MiB, 0 %
2026/03/27 11:51:26.675, 7, NVIDIA RTX 6000 Ada Generation, 49140 MiB, 21460 MiB, 100 %
2026/03/27 11:51:27.675, 0, NVIDIA RTX 6000 Ada Generation, 49140 MiB, 15890 MiB, 92 %
2026/03/27 11:51:27.675, 1, NVIDIA RTX 6000 Ada Generation, 49140 MiB, 29003 MiB, 100 %
2026/03/27 11:51:27.768, 2, NVIDIA RTX 6000 Ada Generation, 49140 MiB, 21991 MiB, 100 %
2026/03/27 11:51:27.768, 3, NVIDIA RTX 6000 Ada Generation, 49140 MiB, 17248 MiB, 100 %
2026/03/27 11:51:27.768, 4, NVIDIA RTX 6000 Ada Generation, 49140 MiB, 17260 MiB, 100 %
2026/03/27 11:51:27.768, 5, NVIDIA RTX 6000 Ada Generation, 49140 MiB, 2 MiB, 0 %
2026/03/27 11:51:27.768, 6, NVIDIA RTX 6000 Ada Generation, 49140 MiB, 16254 MiB, 0 %
2026/03/27 11:51:27.768, 7, NVIDIA RTX 6000 Ada Generation, 49140 MiB, 21460 MiB, 100 %
2026/03/27 11:51:28.769, 0, NVIDIA RTX 6000 Ada Generation, 49140 MiB, 15890 MiB, 88 %
2026/03/27 11:51:28.769, 1, NVIDIA RTX 6000 Ada Generation, 49140 MiB, 29003 MiB, 100 %
2026/03/27 11:51:28.769, 2, NVIDIA RTX 6000 Ada Generation, 49140 MiB, 21991 MiB, 100 %
2026/03/27 11:51:28.769, 3, NVIDIA RTX 6000 Ada Generation, 49140 MiB, 17248 MiB, 100 %
2026/03/27 11:51:28.769, 4, NVIDIA RTX 6000 Ada Generation, 49140 MiB, 17260 MiB, 100 %
2026/03/27 11:51:28.769, 5, NVIDIA RTX 6000 Ada Generation, 49140 MiB, 2 MiB, 0 %
2026/03/27 11:51:28.769, 6, NVIDIA RTX 6000 Ada Generation, 49140 MiB, 16254 MiB, 0 %
2026/03/27 11:51:28.769, 7, NVIDIA RTX 6000 Ada Generation, 49140 MiB, 21460 MiB, 100 %
2026/03/27 11:51:29.943, 0, NVIDIA RTX 6000 Ada Generation, 49140 MiB, 15890 MiB, 0 %
2026/03/27 11:51:29.943, 1, NVIDIA RTX 6000 Ada Generation, 49140 MiB, 29003 MiB, 100 %
2026/03/27 11:51:29.943, 2, NVIDIA RTX 6000 Ada Generation, 49140 MiB, 21991 MiB, 100 %
2026/03/27 11:51:29.943, 3, NVIDIA RTX 6000 Ada Generation, 49140 MiB, 17248 MiB, 100 %
2026/03/27 11:51:29.943, 4, NVIDIA RTX 6000 Ada Generation, 49140 MiB, 17260 MiB, 100 %
2026/03/27 11:51:29.943, 5, NVIDIA RTX 6000 Ada Generation, 49140 MiB, 2 MiB, 0 %
2026/03/27 11:51:29.944, 6, NVIDIA RTX 6000 Ada Generation, 49140 MiB, 16254 MiB, 0 %
2026/03/27 11:51:29.944, 7, NVIDIA RTX 6000 Ada Generation, 49140 MiB, 21460 MiB, 100 %
2026/03/27 11:51:30.944, 0, NVIDIA RTX 6000 Ada Generation, 49140 MiB, 15890 MiB, 6 %
2026/03/27 11:51:30.944, 1, NVIDIA RTX 6000 Ada Generation, 49140 MiB, 29003 MiB, 100 %
2026/03/27 11:51:30.944, 2, NVIDIA RTX 6000 Ada Generation, 49140 MiB, 21991 MiB, 100 %
2026/03/27 11:51:30.944, 3, NVIDIA RTX 6000 Ada Generation, 49140 MiB, 17248 MiB, 100 %
2026/03/27 11:51:31.066, 4, NVIDIA RTX 6000 Ada Generation, 49140 MiB, 17260 MiB, 100 %
2026/03/27 11:51:31.066, 5, NVIDIA RTX 6000 Ada Generation, 49140 MiB, 2 MiB, 0 %
2026/03/27 11:51:31.067, 6, NVIDIA RTX 6000 Ada Generation, 49140 MiB, 16254 MiB, 0 %
2026/03/27 11:51:31.067, 7, NVIDIA RTX 6000 Ada Generation, 49140 MiB, 21460 MiB, 100 %
2026/03/27 11:51:32.067, 0, NVIDIA RTX 6000 Ada Generation, 49140 MiB, 15890 MiB, 6 %
2026/03/27 11:51:32.067, 1, NVIDIA RTX 6000 Ada Generation, 49140 MiB, 29003 MiB, 100 %
2026/03/27 11:51:32.067, 2, NVIDIA RTX 6000 Ada Generation, 49140 MiB, 21991 MiB, 100 %
2026/03/27 11:51:32.067, 3, NVIDIA RTX 6000 Ada Generation, 49140 MiB, 17248 MiB, 100 %
2026/03/27 11:51:32.067, 4, NVIDIA RTX 6000 Ada Generation, 49140 MiB, 17260 MiB, 100 %
2026/03/27 11:51:32.067, 5, NVIDIA RTX 6000 Ada Generation, 49140 MiB, 2 MiB, 0 %
2026/03/27 11:51:32.067, 6, NVIDIA RTX 6000 Ada Generation, 49140 MiB, 16254 MiB, 0 %
2026/03/27 11:51:32.067, 7, NVIDIA RTX 6000 Ada Generation, 49140 MiB, 21460 MiB, 100 %
2026/03/27 11:51:33.068, 0, NVIDIA RTX 6000 Ada Generation, 49140 MiB, 15890 MiB, 6 %
2026/03/27 11:51:33.198, 1, NVIDIA RTX 6000 Ada Generation, 49140 MiB, 29003 MiB, 100 %
2026/03/27 11:51:33.199, 2, NVIDIA RTX 6000 Ada Generation, 49140 MiB, 21991 MiB, 100 %
2026/03/27 11:51:33.199, 3, NVIDIA RTX 6000 Ada Generation, 49140 MiB, 17248 MiB, 100 %
2026/03/27 11:51:33.199, 4, NVIDIA RTX 6000 Ada Generation, 49140 MiB, 17260 MiB, 100 %
2026/03/27 11:51:33.199, 5, NVIDIA RTX 6000 Ada Generation, 49140 MiB, 2 MiB, 0 %
2026/03/27 11:51:33.199, 6, NVIDIA RTX 6000 Ada Generation, 49140 MiB, 16254 MiB, 0 %
2026/03/27 11:51:33.199, 7, NVIDIA RTX 6000 Ada Generation, 49140 MiB, 21460 MiB, 100 %
2026/03/27 11:51:34.199, 0, NVIDIA RTX 6000 Ada Generation, 49140 MiB, 15890 MiB, 6 %
2026/03/27 11:51:34.200, 1, NVIDIA RTX 6000 Ada Generation, 49140 MiB, 29003 MiB, 100 %
2026/03/27 11:51:34.200, 2, NVIDIA RTX 6000 Ada Generation, 49140 MiB, 21991 MiB, 100 %
2026/03/27 11:51:34.200, 3, NVIDIA RTX 6000 Ada Generation, 49140 MiB, 17248 MiB, 100 %
2026/03/27 11:51:34.200, 4, NVIDIA RTX 6000 Ada Generation, 49140 MiB, 17260 MiB, 100 %
2026/03/27 11:51:34.200, 5, NVIDIA RTX 6000 Ada Generation, 49140 MiB, 2 MiB, 0 %
2026/03/27 11:51:34.357, 6, NVIDIA RTX 6000 Ada Generation, 49140 MiB, 16254 MiB, 0 %
2026/03/27 11:51:34.357, 7, NVIDIA RTX 6000 Ada Generation, 49140 MiB, 21460 MiB, 100 %
2026/03/27 11:51:35.358, 0, NVIDIA RTX 6000 Ada Generation, 49140 MiB, 15890 MiB, 0 %
2026/03/27 11:51:35.358, 1, NVIDIA RTX 6000 Ada Generation, 49140 MiB, 29003 MiB, 100 %
2026/03/27 11:51:35.358, 2, NVIDIA RTX 6000 Ada Generation, 49140 MiB, 21991 MiB, 100 %
2026/03/27 11:51:35.358, 3, NVIDIA RTX 6000 Ada Generation, 49140 MiB, 17248 MiB, 100 %
2026/03/27 11:51:35.358, 4, NVIDIA RTX 6000 Ada Generation, 49140 MiB, 17260 MiB, 100 %
2026/03/27 11:51:35.358, 5, NVIDIA RTX 6000 Ada Generation, 49140 MiB, 2 MiB, 0 %
2026/03/27 11:51:35.358, 6, NVIDIA RTX 6000 Ada Generation, 49140 MiB, 16254 MiB, 0 %
2026/03/27 11:51:35.358, 7, NVIDIA RTX 6000 Ada Generation, 49140 MiB, 21460 MiB, 100 %
2026/03/27 11:51:36.358, 0, NVIDIA RTX 6000 Ada Generation, 49140 MiB, 15890 MiB, 6 %
2026/03/27 11:51:36.359, 1, NVIDIA RTX 6000 Ada Generation, 49140 MiB, 29003 MiB, 100 %
2026/03/27 11:51:36.359, 2, NVIDIA RTX 6000 Ada Generation, 49140 MiB, 21991 MiB, 100 %
2026/03/27 11:51:36.507, 3, NVIDIA RTX 6000 Ada Generation, 49140 MiB, 17248 MiB, 100 %
2026/03/27 11:51:36.508, 4, NVIDIA RTX 6000 Ada Generation, 49140 MiB, 17260 MiB, 100 %
2026/03/27 11:51:36.508, 5, NVIDIA RTX 6000 Ada Generation, 49140 MiB, 2 MiB, 0 %
2026/03/27 11:51:36.508, 6, NVIDIA RTX 6000 Ada Generation, 49140 MiB, 16254 MiB, 0 %
2026/03/27 11:51:36.508, 7, NVIDIA RTX 6000 Ada Generation, 49140 MiB, 21460 MiB, 100 %
2026/03/27 11:51:37.508, 0, NVIDIA RTX 6000 Ada Generation, 49140 MiB, 15890 MiB, 0 %
2026/03/27 11:51:37.509, 1, NVIDIA RTX 6000 Ada Generation, 49140 MiB, 29003 MiB, 100 %
2026/03/27 11:51:37.509, 2, NVIDIA RTX 6000 Ada Generation, 49140 MiB, 21991 MiB, 100 %
2026/03/27 11:51:37.509, 3, NVIDIA RTX 6000 Ada Generation, 49140 MiB, 17248 MiB, 100 %
2026/03/27 11:51:37.509, 4, NVIDIA RTX 6000 Ada Generation, 49140 MiB, 17260 MiB, 100 %
2026/03/27 11:51:37.509, 5, NVIDIA RTX 6000 Ada Generation, 49140 MiB, 2 MiB, 0 %
2026/03/27 11:51:37.509, 6, NVIDIA RTX 6000 Ada Generation, 49140 MiB, 18988 MiB, 0 %
2026/03/27 11:51:37.509, 7, NVIDIA RTX 6000 Ada Generation, 49140 MiB, 21460 MiB, 100 %
2026/03/27 11:51:38.545, 0, NVIDIA RTX 6000 Ada Generation, 49140 MiB, 15890 MiB, 91 %
2026/03/27 11:51:38.545, 1, NVIDIA RTX 6000 Ada Generation, 49140 MiB, 29003 MiB, 100 %
2026/03/27 11:51:38.545, 2, NVIDIA RTX 6000 Ada Generation, 49140 MiB, 21991 MiB, 100 %
2026/03/27 11:51:38.545, 3, NVIDIA RTX 6000 Ada Generation, 49140 MiB, 17248 MiB, 100 %
2026/03/27 11:51:38.546, 4, NVIDIA RTX 6000 Ada Generation, 49140 MiB, 17260 MiB, 100 %
2026/03/27 11:51:38.546, 5, NVIDIA RTX 6000 Ada Generation, 49140 MiB, 2 MiB, 0 %
2026/03/27 11:51:38.546, 6, NVIDIA RTX 6000 Ada Generation, 49140 MiB, 45774 MiB, 80 %
2026/03/27 11:51:38.546, 7, NVIDIA RTX 6000 Ada Generation, 49140 MiB, 21460 MiB, 100 %
2026/03/27 11:51:39.546, 0, NVIDIA RTX 6000 Ada Generation, 49140 MiB, 15890 MiB, 95 %
2026/03/27 11:51:39.565, 1, NVIDIA RTX 6000 Ada Generation, 49140 MiB, 29003 MiB, 100 %
2026/03/27 11:51:39.827, 2, NVIDIA RTX 6000 Ada Generation, 49140 MiB, 21991 MiB, 100 %
2026/03/27 11:51:39.828, 3, NVIDIA RTX 6000 Ada Generation, 49140 MiB, 17248 MiB, 100 %
2026/03/27 11:51:40.085, 4, NVIDIA RTX 6000 Ada Generation, 49140 MiB, 17260 MiB, 100 %
2026/03/27 11:51:40.249, 5, NVIDIA RTX 6000 Ada Generation, 49140 MiB, 2 MiB, 0 %
2026/03/27 11:51:40.407, 6, NVIDIA RTX 6000 Ada Generation, 49140 MiB, 45774 MiB, 0 %
2026/03/27 11:51:40.408, 7, NVIDIA RTX 6000 Ada Generation, 49140 MiB, 21460 MiB, 100 %
2026/03/27 11:51:41.409, 0, NVIDIA RTX 6000 Ada Generation, 49140 MiB, 15890 MiB, 6 %
2026/03/27 11:51:41.409, 1, NVIDIA RTX 6000 Ada Generation, 49140 MiB, 29003 MiB, 100 %
2026/03/27 11:51:41.409, 2, NVIDIA RTX 6000 Ada Generation, 49140 MiB, 21991 MiB, 100 %
2026/03/27 11:51:41.409, 3, NVIDIA RTX 6000 Ada Generation, 49140 MiB, 17248 MiB, 100 %
2026/03/27 11:51:41.409, 4, NVIDIA RTX 6000 Ada Generation, 49140 MiB, 17260 MiB, 100 %
2026/03/27 11:51:41.409, 5, NVIDIA RTX 6000 Ada Generation, 49140 MiB, 2 MiB, 0 %
2026/03/27 11:51:41.409, 6, NVIDIA RTX 6000 Ada Generation, 49140 MiB, 2 MiB, 100 %
2026/03/27 11:51:41.409, 7, NVIDIA RTX 6000 Ada Generation, 49140 MiB, 21460 MiB, 100 %
2026/03/27 11:51:42.409, 0, NVIDIA RTX 6000 Ada Generation, 49140 MiB, 15890 MiB, 6 %
2026/03/27 11:51:42.410, 1, NVIDIA RTX 6000 Ada Generation, 49140 MiB, 29003 MiB, 100 %
2026/03/27 11:51:42.410, 2, NVIDIA RTX 6000 Ada Generation, 49140 MiB, 21991 MiB, 100 %
2026/03/27 11:51:42.470, 3, NVIDIA RTX 6000 Ada Generation, 49140 MiB, 17248 MiB, 100 %
2026/03/27 11:51:42.470, 4, NVIDIA RTX 6000 Ada Generation, 49140 MiB, 17260 MiB, 100 %
2026/03/27 11:51:42.470, 5, NVIDIA RTX 6000 Ada Generation, 49140 MiB, 2 MiB, 0 %
2026/03/27 11:51:42.470, 6, NVIDIA RTX 6000 Ada Generation, 49140 MiB, 2 MiB, 0 %
2026/03/27 11:51:42.471, 7, NVIDIA RTX 6000 Ada Generation, 49140 MiB, 21460 MiB, 100 %
2026/03/27 11:51:43.471, 0, NVIDIA RTX 6000 Ada Generation, 49140 MiB, 15890 MiB, 0 %
2026/03/27 11:51:43.477, 1, NVIDIA RTX 6000 Ada Generation, 49140 MiB, 29003 MiB, 100 %
2026/03/27 11:51:43.478, 2, NVIDIA RTX 6000 Ada Generation, 49140 MiB, 21991 MiB, 100 %
2026/03/27 11:51:43.478, 3, NVIDIA RTX 6000 Ada Generation, 49140 MiB, 17248 MiB, 100 %
2026/03/27 11:51:43.478, 4, NVIDIA RTX 6000 Ada Generation, 49140 MiB, 17260 MiB, 100 %
2026/03/27 11:51:43.481, 5, NVIDIA RTX 6000 Ada Generation, 49140 MiB, 2 MiB, 0 %
2026/03/27 11:51:43.482, 6, NVIDIA RTX 6000 Ada Generation, 49140 MiB, 2 MiB, 0 %
2026/03/27 11:51:43.484, 7, NVIDIA RTX 6000 Ada Generation, 49140 MiB, 21460 MiB, 100 %
2026/03/27 11:51:44.485, 0, NVIDIA RTX 6000 Ada Generation, 49140 MiB, 15890 MiB, 6 %
2026/03/27 11:51:44.485, 1, NVIDIA RTX 6000 Ada Generation, 49140 MiB, 29003 MiB, 100 %
2026/03/27 11:51:44.485, 2, NVIDIA RTX 6000 Ada Generation, 49140 MiB, 21991 MiB, 100 %
2026/03/27 11:51:44.485, 3, NVIDIA RTX 6000 Ada Generation, 49140 MiB, 17248 MiB, 100 %
2026/03/27 11:51:44.485, 4, NVIDIA RTX 6000 Ada Generation, 49140 MiB, 17260 MiB, 100 %
2026/03/27 11:51:44.485, 5, NVIDIA RTX 6000 Ada Generation, 49140 MiB, 2 MiB, 0 %
2026/03/27 11:51:44.485, 6, NVIDIA RTX 6000 Ada Generation, 49140 MiB, 16254 MiB, 0 %
2026/03/27 11:51:44.486, 7, NVIDIA RTX 6000 Ada Generation, 49140 MiB, 21460 MiB, 100 %
2026/03/27 11:51:45.486, 0, NVIDIA RTX 6000 Ada Generation, 49140 MiB, 15890 MiB, 6 %
2026/03/27 11:51:45.486, 1, NVIDIA RTX 6000 Ada Generation, 49140 MiB, 29003 MiB, 100 %
2026/03/27 11:51:45.486, 2, NVIDIA RTX 6000 Ada Generation, 49140 MiB, 21991 MiB, 100 %
2026/03/27 11:51:45.486, 3, NVIDIA RTX 6000 Ada Generation, 49140 MiB, 17248 MiB, 100 %
2026/03/27 11:51:45.601, 4, NVIDIA RTX 6000 Ada Generation, 49140 MiB, 17260 MiB, 100 %
2026/03/27 11:51:45.601, 5, NVIDIA RTX 6000 Ada Generation, 49140 MiB, 2 MiB, 0 %
2026/03/27 11:51:45.601, 6, NVIDIA RTX 6000 Ada Generation, 49140 MiB, 16254 MiB, 18 %
2026/03/27 11:51:45.601, 7, NVIDIA RTX 6000 Ada Generation, 49140 MiB, 21460 MiB, 100 %
2026/03/27 11:51:46.602, 0, NVIDIA RTX 6000 Ada Generation, 49140 MiB, 15890 MiB, 6 %
2026/03/27 11:51:46.602, 1, NVIDIA RTX 6000 Ada Generation, 49140 MiB, 29003 MiB, 100 %
2026/03/27 11:51:46.602, 2, NVIDIA RTX 6000 Ada Generation, 49140 MiB, 21991 MiB, 100 %
2026/03/27 11:51:46.602, 3, NVIDIA RTX 6000 Ada Generation, 49140 MiB, 17248 MiB, 100 %
2026/03/27 11:51:46.602, 4, NVIDIA RTX 6000 Ada Generation, 49140 MiB, 17260 MiB, 100 %
2026/03/27 11:51:46.602, 5, NVIDIA RTX 6000 Ada Generation, 49140 MiB, 2 MiB, 0 %
2026/03/27 11:51:46.602, 6, NVIDIA RTX 6000 Ada Generation, 49140 MiB, 16254 MiB, 14 %
2026/03/27 11:51:46.602, 7, NVIDIA RTX 6000 Ada Generation, 49140 MiB, 21460 MiB, 100 %
2026/03/27 11:51:47.602, 0, NVIDIA RTX 6000 Ada Generation, 49140 MiB, 15890 MiB, 6 %
2026/03/27 11:51:47.753, 1, NVIDIA RTX 6000 Ada Generation, 49140 MiB, 29003 MiB, 100 %
2026/03/27 11:51:47.754, 2, NVIDIA RTX 6000 Ada Generation, 49140 MiB, 21991 MiB, 100 %
2026/03/27 11:51:47.754, 3, NVIDIA RTX 6000 Ada Generation, 49140 MiB, 17248 MiB, 100 %
2026/03/27 11:51:47.754, 4, NVIDIA RTX 6000 Ada Generation, 49140 MiB, 17260 MiB, 100 %
2026/03/27 11:51:47.754, 5, NVIDIA RTX 6000 Ada Generation, 49140 MiB, 2 MiB, 0 %
2026/03/27 11:51:47.754, 6, NVIDIA RTX 6000 Ada Generation, 49140 MiB, 16254 MiB, 14 %
2026/03/27 11:51:47.754, 7, NVIDIA RTX 6000 Ada Generation, 49140 MiB, 21460 MiB, 100 %
2026/03/27 11:51:48.754, 0, NVIDIA RTX 6000 Ada Generation, 49140 MiB, 15890 MiB, 6 %
2026/03/27 11:51:48.754, 1, NVIDIA RTX 6000 Ada Generation, 49140 MiB, 29003 MiB, 100 %
2026/03/27 11:51:48.755, 2, NVIDIA RTX 6000 Ada Generation, 49140 MiB, 21991 MiB, 100 %
2026/03/27 11:51:48.755, 3, NVIDIA RTX 6000 Ada Generation, 49140 MiB, 17248 MiB, 100 %
2026/03/27 11:51:48.755, 4, NVIDIA RTX 6000 Ada Generation, 49140 MiB, 17260 MiB, 100 %
2026/03/27 11:51:48.764, 5, NVIDIA RTX 6000 Ada Generation, 49140 MiB, 2 MiB, 0 %
2026/03/27 11:51:48.765, 6, NVIDIA RTX 6000 Ada Generation, 49140 MiB, 16254 MiB, 13 %
2026/03/27 11:51:48.765, 7, NVIDIA RTX 6000 Ada Generation, 49140 MiB, 21460 MiB, 100 %
2026/03/27 11:51:49.765, 0, NVIDIA RTX 6000 Ada Generation, 49140 MiB, 15890 MiB, 6 %
2026/03/27 11:51:49.765, 1, NVIDIA RTX 6000 Ada Generation, 49140 MiB, 29003 MiB, 100 %
2026/03/27 11:51:49.765, 2, NVIDIA RTX 6000 Ada Generation, 49140 MiB, 21991 MiB, 100 %
2026/03/27 11:51:49.765, 3, NVIDIA RTX 6000 Ada Generation, 49140 MiB, 17248 MiB, 100 %
2026/03/27 11:51:49.766, 4, NVIDIA RTX 6000 Ada Generation, 49140 MiB, 17260 MiB, 100 %
2026/03/27 11:51:49.766, 5, NVIDIA RTX 6000 Ada Generation, 49140 MiB, 2 MiB, 0 %
2026/03/27 11:51:49.766, 6, NVIDIA RTX 6000 Ada Generation, 49140 MiB, 16254 MiB, 7 %
2026/03/27 11:51:49.766, 7, NVIDIA RTX 6000 Ada Generation, 49140 MiB, 21460 MiB, 100 %
2026/03/27 11:51:50.766, 0, NVIDIA RTX 6000 Ada Generation, 49140 MiB, 15890 MiB, 6 %
2026/03/27 11:51:50.766, 1, NVIDIA RTX 6000 Ada Generation, 49140 MiB, 29003 MiB, 100 %
2026/03/27 11:51:50.879, 2, NVIDIA RTX 6000 Ada Generation, 49140 MiB, 21991 MiB, 100 %
2026/03/27 11:51:50.879, 3, NVIDIA RTX 6000 Ada Generation, 49140 MiB, 17248 MiB, 100 %
2026/03/27 11:51:50.879, 4, NVIDIA RTX 6000 Ada Generation, 49140 MiB, 17260 MiB, 100 %
2026/03/27 11:51:50.879, 5, NVIDIA RTX 6000 Ada Generation, 49140 MiB, 2 MiB, 0 %
2026/03/27 11:51:50.879, 6, NVIDIA RTX 6000 Ada Generation, 49140 MiB, 16254 MiB, 0 %
2026/03/27 11:51:50.880, 7, NVIDIA RTX 6000 Ada Generation, 49140 MiB, 21460 MiB, 100 %
2026/03/27 11:51:51.880, 0, NVIDIA RTX 6000 Ada Generation, 49140 MiB, 15890 MiB, 0 %
2026/03/27 11:51:51.880, 1, NVIDIA RTX 6000 Ada Generation, 49140 MiB, 29003 MiB, 100 %
2026/03/27 11:51:51.880, 2, NVIDIA RTX 6000 Ada Generation, 49140 MiB, 21991 MiB, 100 %
2026/03/27 11:51:51.880, 3, NVIDIA RTX 6000 Ada Generation, 49140 MiB, 17248 MiB, 100 %
2026/03/27 11:51:51.880, 4, NVIDIA RTX 6000 Ada Generation, 49140 MiB, 17260 MiB, 100 %
2026/03/27 11:51:51.880, 5, NVIDIA RTX 6000 Ada Generation, 49140 MiB, 2 MiB, 0 %
2026/03/27 11:51:51.880, 6, NVIDIA RTX 6000 Ada Generation, 49140 MiB, 16254 MiB, 0 %
2026/03/27 11:51:51.926, 7, NVIDIA RTX 6000 Ada Generation, 49140 MiB, 21460 MiB, 100 %
2026/03/27 11:51:52.927, 0, NVIDIA RTX 6000 Ada Generation, 49140 MiB, 15890 MiB, 95 %
2026/03/27 11:51:52.927, 1, NVIDIA RTX 6000 Ada Generation, 49140 MiB, 29003 MiB, 100 %
2026/03/27 11:51:52.927, 2, NVIDIA RTX 6000 Ada Generation, 49140 MiB, 21991 MiB, 100 %
2026/03/27 11:51:52.927, 3, NVIDIA RTX 6000 Ada Generation, 49140 MiB, 17248 MiB, 100 %
2026/03/27 11:51:52.927, 4, NVIDIA RTX 6000 Ada Generation, 49140 MiB, 17260 MiB, 100 %
2026/03/27 11:51:52.927, 5, NVIDIA RTX 6000 Ada Generation, 49140 MiB, 2 MiB, 0 %
2026/03/27 11:51:52.928, 6, NVIDIA RTX 6000 Ada Generation, 49140 MiB, 16254 MiB, 0 %
2026/03/27 11:51:52.928, 7, NVIDIA RTX 6000 Ada Generation, 49140 MiB, 21460 MiB, 100 %
2026/03/27 11:51:53.928, 0, NVIDIA RTX 6000 Ada Generation, 49140 MiB, 15890 MiB, 91 %
2026/03/27 11:51:53.928, 1, NVIDIA RTX 6000 Ada Generation, 49140 MiB, 29003 MiB, 100 %
2026/03/27 11:51:53.937, 2, NVIDIA RTX 6000 Ada Generation, 49140 MiB, 21991 MiB, 100 %
2026/03/27 11:51:53.938, 3, NVIDIA RTX 6000 Ada Generation, 49140 MiB, 17248 MiB, 100 %
2026/03/27 11:51:53.938, 4, NVIDIA RTX 6000 Ada Generation, 49140 MiB, 17260 MiB, 100 %
2026/03/27 11:51:53.938, 5, NVIDIA RTX 6000 Ada Generation, 49140 MiB, 2 MiB, 0 %
2026/03/27 11:51:53.938, 6, NVIDIA RTX 6000 Ada Generation, 49140 MiB, 16254 MiB, 0 %
2026/03/27 11:51:53.938, 7, NVIDIA RTX 6000 Ada Generation, 49140 MiB, 21460 MiB, 100 %
2026/03/27 11:51:54.938, 0, NVIDIA RTX 6000 Ada Generation, 49140 MiB, 15890 MiB, 0 %
2026/03/27 11:51:54.938, 1, NVIDIA RTX 6000 Ada Generation, 49140 MiB, 29003 MiB, 100 %
2026/03/27 11:51:54.938, 2, NVIDIA RTX 6000 Ada Generation, 49140 MiB, 21991 MiB, 100 %
2026/03/27 11:51:54.938, 3, NVIDIA RTX 6000 Ada Generation, 49140 MiB, 17248 MiB, 100 %
2026/03/27 11:51:54.938, 4, NVIDIA RTX 6000 Ada Generation, 49140 MiB, 17260 MiB, 100 %
2026/03/27 11:51:54.939, 5, NVIDIA RTX 6000 Ada Generation, 49140 MiB, 2 MiB, 0 %
2026/03/27 11:51:54.939, 6, NVIDIA RTX 6000 Ada Generation, 49140 MiB, 16254 MiB, 0 %
2026/03/27 11:51:55.000, 7, NVIDIA RTX 6000 Ada Generation, 49140 MiB, 21460 MiB, 100 %
2026/03/27 11:51:56.000, 0, NVIDIA RTX 6000 Ada Generation, 49140 MiB, 15890 MiB, 6 %
2026/03/27 11:51:56.001, 1, NVIDIA RTX 6000 Ada Generation, 49140 MiB, 29003 MiB, 100 %
2026/03/27 11:51:56.001, 2, NVIDIA RTX 6000 Ada Generation, 49140 MiB, 21991 MiB, 100 %
2026/03/27 11:51:56.001, 3, NVIDIA RTX 6000 Ada Generation, 49140 MiB, 17248 MiB, 100 %
2026/03/27 11:51:56.001, 4, NVIDIA RTX 6000 Ada Generation, 49140 MiB, 17260 MiB, 100 %
2026/03/27 11:51:56.001, 5, NVIDIA RTX 6000 Ada Generation, 49140 MiB, 2 MiB, 0 %
2026/03/27 11:51:56.001, 6, NVIDIA RTX 6000 Ada Generation, 49140 MiB, 16254 MiB, 0 %
2026/03/27 11:51:56.001, 7, NVIDIA RTX 6000 Ada Generation, 49140 MiB, 21460 MiB, 100 %
2026/03/27 11:51:57.001, 0, NVIDIA RTX 6000 Ada Generation, 49140 MiB, 15890 MiB, 8 %
2026/03/27 11:51:57.001, 1, NVIDIA RTX 6000 Ada Generation, 49140 MiB, 29003 MiB, 100 %
2026/03/27 11:51:57.001, 2, NVIDIA RTX 6000 Ada Generation, 49140 MiB, 21991 MiB, 100 %
2026/03/27 11:51:57.113, 3, NVIDIA RTX 6000 Ada Generation, 49140 MiB, 17248 MiB, 100 %
2026/03/27 11:51:57.113, 4, NVIDIA RTX 6000 Ada Generation, 49140 MiB, 17260 MiB, 100 %
2026/03/27 11:51:57.113, 5, NVIDIA RTX 6000 Ada Generation, 49140 MiB, 2 MiB, 0 %
2026/03/27 11:51:57.113, 6, NVIDIA RTX 6000 Ada Generation, 49140 MiB, 16254 MiB, 0 %
2026/03/27 11:51:57.113, 7, NVIDIA RTX 6000 Ada Generation, 49140 MiB, 21460 MiB, 100 %
2026/03/27 11:51:58.113, 0, NVIDIA RTX 6000 Ada Generation, 49140 MiB, 15890 MiB, 6 %
2026/03/27 11:51:58.114, 1, NVIDIA RTX 6000 Ada Generation, 49140 MiB, 29003 MiB, 100 %
2026/03/27 11:51:58.114, 2, NVIDIA RTX 6000 Ada Generation, 49140 MiB, 21991 MiB, 100 %
2026/03/27 11:51:58.114, 3, NVIDIA RTX 6000 Ada Generation, 49140 MiB, 17248 MiB, 100 %
2026/03/27 11:51:58.114, 4, NVIDIA RTX 6000 Ada Generation, 49140 MiB, 17260 MiB, 100 %
2026/03/27 11:51:58.114, 5, NVIDIA RTX 6000 Ada Generation, 49140 MiB, 2 MiB, 0 %
2026/03/27 11:51:58.114, 6, NVIDIA RTX 6000 Ada Generation, 49140 MiB, 18988 MiB, 34 %
2026/03/27 11:51:58.114, 7, NVIDIA RTX 6000 Ada Generation, 49140 MiB, 21460 MiB, 100 %
2026/03/27 11:51:59.124, 0, NVIDIA RTX 6000 Ada Generation, 49140 MiB, 15890 MiB, 6 %
2026/03/27 11:51:59.124, 1, NVIDIA RTX 6000 Ada Generation, 49140 MiB, 29003 MiB, 100 %
2026/03/27 11:51:59.124, 2, NVIDIA RTX 6000 Ada Generation, 49140 MiB, 21991 MiB, 100 %
2026/03/27 11:51:59.124, 3, NVIDIA RTX 6000 Ada Generation, 49140 MiB, 17248 MiB, 100 %
2026/03/27 11:51:59.124, 4, NVIDIA RTX 6000 Ada Generation, 49140 MiB, 17260 MiB, 100 %
2026/03/27 11:51:59.124, 5, NVIDIA RTX 6000 Ada Generation, 49140 MiB, 2 MiB, 0 %
2026/03/27 11:51:59.124, 6, NVIDIA RTX 6000 Ada Generation, 49140 MiB, 45774 MiB, 0 %
2026/03/27 11:51:59.124, 7, NVIDIA RTX 6000 Ada Generation, 49140 MiB, 21460 MiB, 100 %
2026/03/27 11:52:00.124, 0, NVIDIA RTX 6000 Ada Generation, 49140 MiB, 15890 MiB, 0 %
2026/03/27 11:52:00.235, 1, NVIDIA RTX 6000 Ada Generation, 49140 MiB, 29003 MiB, 100 %
2026/03/27 11:52:00.235, 2, NVIDIA RTX 6000 Ada Generation, 49140 MiB, 21991 MiB, 100 %
2026/03/27 11:52:00.235, 3, NVIDIA RTX 6000 Ada Generation, 49140 MiB, 17248 MiB, 100 %
2026/03/27 11:52:00.237, 4, NVIDIA RTX 6000 Ada Generation, 49140 MiB, 17260 MiB, 100 %
2026/03/27 11:52:00.493, 5, NVIDIA RTX 6000 Ada Generation, 49140 MiB, 2 MiB, 0 %
2026/03/27 11:52:00.495, 6, NVIDIA RTX 6000 Ada Generation, 49140 MiB, 45774 MiB, 0 %
2026/03/27 11:52:00.497, 7, NVIDIA RTX 6000 Ada Generation, 49140 MiB, 21460 MiB, 100 %
2026/03/27 11:52:01.663, 0, NVIDIA RTX 6000 Ada Generation, 49140 MiB, 15890 MiB, 0 %
2026/03/27 11:52:01.663, 1, NVIDIA RTX 6000 Ada Generation, 49140 MiB, 29003 MiB, 100 %
2026/03/27 11:52:01.663, 2, NVIDIA RTX 6000 Ada Generation, 49140 MiB, 21991 MiB, 100 %
2026/03/27 11:52:01.663, 3, NVIDIA RTX 6000 Ada Generation, 49140 MiB, 17248 MiB, 100 %
2026/03/27 11:52:01.663, 4, NVIDIA RTX 6000 Ada Generation, 49140 MiB, 17260 MiB, 100 %
2026/03/27 11:52:01.663, 5, NVIDIA RTX 6000 Ada Generation, 49140 MiB, 2 MiB, 0 %
2026/03/27 11:52:01.663, 6, NVIDIA RTX 6000 Ada Generation, 49140 MiB, 2 MiB, 0 %
2026/03/27 11:52:01.663, 7, NVIDIA RTX 6000 Ada Generation, 49140 MiB, 21460 MiB, 100 %
2026/03/27 11:52:02.663, 0, NVIDIA RTX 6000 Ada Generation, 49140 MiB, 15890 MiB, 95 %
2026/03/27 11:52:02.664, 1, NVIDIA RTX 6000 Ada Generation, 49140 MiB, 29003 MiB, 100 %
2026/03/27 11:52:02.829, 2, NVIDIA RTX 6000 Ada Generation, 49140 MiB, 21991 MiB, 100 %
2026/03/27 11:52:02.829, 3, NVIDIA RTX 6000 Ada Generation, 49140 MiB, 17248 MiB, 100 %
2026/03/27 11:52:02.829, 4, NVIDIA RTX 6000 Ada Generation, 49140 MiB, 17260 MiB, 100 %
2026/03/27 11:52:02.830, 5, NVIDIA RTX 6000 Ada Generation, 49140 MiB, 2 MiB, 0 %
2026/03/27 11:52:02.830, 6, NVIDIA RTX 6000 Ada Generation, 49140 MiB, 2 MiB, 0 %
2026/03/27 11:52:02.830, 7, NVIDIA RTX 6000 Ada Generation, 49140 MiB, 21460 MiB, 100 %
2026/03/27 11:52:03.830, 0, NVIDIA RTX 6000 Ada Generation, 49140 MiB, 15890 MiB, 91 %
2026/03/27 11:52:03.830, 1, NVIDIA RTX 6000 Ada Generation, 49140 MiB, 29003 MiB, 100 %
2026/03/27 11:52:03.830, 2, NVIDIA RTX 6000 Ada Generation, 49140 MiB, 21991 MiB, 100 %
2026/03/27 11:52:03.830, 3, NVIDIA RTX 6000 Ada Generation, 49140 MiB, 17248 MiB, 100 %
2026/03/27 11:52:03.830, 4, NVIDIA RTX 6000 Ada Generation, 49140 MiB, 17260 MiB, 100 %
2026/03/27 11:52:03.830, 5, NVIDIA RTX 6000 Ada Generation, 49140 MiB, 2 MiB, 0 %
2026/03/27 11:52:03.830, 6, NVIDIA RTX 6000 Ada Generation, 49140 MiB, 2 MiB, 0 %
2026/03/27 11:52:03.888, 7, NVIDIA RTX 6000 Ada Generation, 49140 MiB, 21460 MiB, 100 %
2026/03/27 11:52:04.889, 0, NVIDIA RTX 6000 Ada Generation, 49140 MiB, 15890 MiB, 0 %
2026/03/27 11:52:04.890, 1, NVIDIA RTX 6000 Ada Generation, 49140 MiB, 29003 MiB, 100 %
2026/03/27 11:52:04.890, 2, NVIDIA RTX 6000 Ada Generation, 49140 MiB, 21991 MiB, 100 %
2026/03/27 11:52:04.890, 3, NVIDIA RTX 6000 Ada Generation, 49140 MiB, 17248 MiB, 100 %
2026/03/27 11:52:04.890, 4, NVIDIA RTX 6000 Ada Generation, 49140 MiB, 17260 MiB, 100 %
2026/03/27 11:52:04.890, 5, NVIDIA RTX 6000 Ada Generation, 49140 MiB, 2 MiB, 0 %
2026/03/27 11:52:04.891, 6, NVIDIA RTX 6000 Ada Generation, 49140 MiB, 21 MiB, 0 %
2026/03/27 11:52:04.892, 7, NVIDIA RTX 6000 Ada Generation, 49140 MiB, 21460 MiB, 100 %
2026/03/27 11:52:05.894, 0, NVIDIA RTX 6000 Ada Generation, 49140 MiB, 15890 MiB, 6 %
2026/03/27 11:52:05.894, 1, NVIDIA RTX 6000 Ada Generation, 49140 MiB, 29003 MiB, 100 %
2026/03/27 11:52:05.894, 2, NVIDIA RTX 6000 Ada Generation, 49140 MiB, 21991 MiB, 100 %
2026/03/27 11:52:05.945, 3, NVIDIA RTX 6000 Ada Generation, 49140 MiB, 17248 MiB, 100 %
2026/03/27 11:52:05.946, 4, NVIDIA RTX 6000 Ada Generation, 49140 MiB, 17260 MiB, 1 %
2026/03/27 11:52:05.946, 5, NVIDIA RTX 6000 Ada Generation, 49140 MiB, 2 MiB, 0 %
2026/03/27 11:52:05.946, 6, NVIDIA RTX 6000 Ada Generation, 49140 MiB, 16254 MiB, 12 %
2026/03/27 11:52:05.946, 7, NVIDIA RTX 6000 Ada Generation, 49140 MiB, 21460 MiB, 100 %
2026/03/27 11:52:06.946, 0, NVIDIA RTX 6000 Ada Generation, 49140 MiB, 15890 MiB, 2 %
2026/03/27 11:52:06.949, 1, NVIDIA RTX 6000 Ada Generation, 49140 MiB, 29003 MiB, 100 %
2026/03/27 11:52:06.950, 2, NVIDIA RTX 6000 Ada Generation, 49140 MiB, 21991 MiB, 100 %
2026/03/27 11:52:06.952, 3, NVIDIA RTX 6000 Ada Generation, 49140 MiB, 17248 MiB, 100 %
2026/03/27 11:52:06.953, 4, NVIDIA RTX 6000 Ada Generation, 49140 MiB, 17260 MiB, 100 %
2026/03/27 11:52:06.954, 5, NVIDIA RTX 6000 Ada Generation, 49140 MiB, 2 MiB, 0 %
2026/03/27 11:52:06.955, 6, NVIDIA RTX 6000 Ada Generation, 49140 MiB, 16254 MiB, 13 %
2026/03/27 11:52:06.956, 7, NVIDIA RTX 6000 Ada Generation, 49140 MiB, 21460 MiB, 100 %
2026/03/27 11:52:07.957, 0, NVIDIA RTX 6000 Ada Generation, 49140 MiB, 15890 MiB, 6 %
2026/03/27 11:52:07.957, 1, NVIDIA RTX 6000 Ada Generation, 49140 MiB, 29003 MiB, 100 %
2026/03/27 11:52:07.957, 2, NVIDIA RTX 6000 Ada Generation, 49140 MiB, 21991 MiB, 100 %
2026/03/27 11:52:07.957, 3, NVIDIA RTX 6000 Ada Generation, 49140 MiB, 17248 MiB, 100 %
2026/03/27 11:52:07.957, 4, NVIDIA RTX 6000 Ada Generation, 49140 MiB, 17260 MiB, 100 %
2026/03/27 11:52:07.957, 5, NVIDIA RTX 6000 Ada Generation, 49140 MiB, 2 MiB, 0 %
2026/03/27 11:52:07.957, 6, NVIDIA RTX 6000 Ada Generation, 49140 MiB, 16254 MiB, 14 %
2026/03/27 11:52:07.958, 7, NVIDIA RTX 6000 Ada Generation, 49140 MiB, 21460 MiB, 100 %
2026/03/27 11:52:08.958, 0, NVIDIA RTX 6000 Ada Generation, 49140 MiB, 15890 MiB, 6 %
2026/03/27 11:52:08.958, 1, NVIDIA RTX 6000 Ada Generation, 49140 MiB, 29003 MiB, 100 %
2026/03/27 11:52:08.958, 2, NVIDIA RTX 6000 Ada Generation, 49140 MiB, 21991 MiB, 100 %
2026/03/27 11:52:08.958, 3, NVIDIA RTX 6000 Ada Generation, 49140 MiB, 17248 MiB, 100 %
2026/03/27 11:52:09.072, 4, NVIDIA RTX 6000 Ada Generation, 49140 MiB, 17260 MiB, 100 %
2026/03/27 11:52:09.072, 5, NVIDIA RTX 6000 Ada Generation, 49140 MiB, 2 MiB, 0 %
2026/03/27 11:52:09.072, 6, NVIDIA RTX 6000 Ada Generation, 49140 MiB, 16254 MiB, 13 %
2026/03/27 11:52:09.072, 7, NVIDIA RTX 6000 Ada Generation, 49140 MiB, 21460 MiB, 100 %
2026/03/27 11:52:10.073, 0, NVIDIA RTX 6000 Ada Generation, 49140 MiB, 15890 MiB, 6 %
2026/03/27 11:52:10.073, 1, NVIDIA RTX 6000 Ada Generation, 49140 MiB, 29003 MiB, 100 %
2026/03/27 11:52:10.073, 2, NVIDIA RTX 6000 Ada Generation, 49140 MiB, 21991 MiB, 100 %
2026/03/27 11:52:10.073, 3, NVIDIA RTX 6000 Ada Generation, 49140 MiB, 17248 MiB, 100 %
2026/03/27 11:52:10.073, 4, NVIDIA RTX 6000 Ada Generation, 49140 MiB, 17260 MiB, 100 %
2026/03/27 11:52:10.073, 5, NVIDIA RTX 6000 Ada Generation, 49140 MiB, 2 MiB, 0 %
2026/03/27 11:52:10.073, 6, NVIDIA RTX 6000 Ada Generation, 49140 MiB, 16254 MiB, 16 %
2026/03/27 11:52:10.073, 7, NVIDIA RTX 6000 Ada Generation, 49140 MiB, 21460 MiB, 100 %
2026/03/27 11:52:11.073, 0, NVIDIA RTX 6000 Ada Generation, 49140 MiB, 15890 MiB, 6 %
2026/03/27 11:52:11.165, 1, NVIDIA RTX 6000 Ada Generation, 49140 MiB, 29003 MiB, 100 %
2026/03/27 11:52:11.166, 2, NVIDIA RTX 6000 Ada Generation, 49140 MiB, 21991 MiB, 100 %
2026/03/27 11:52:11.166, 3, NVIDIA RTX 6000 Ada Generation, 49140 MiB, 17248 MiB, 100 %
2026/03/27 11:52:11.166, 4, NVIDIA RTX 6000 Ada Generation, 49140 MiB, 17260 MiB, 100 %
2026/03/27 11:52:11.167, 5, NVIDIA RTX 6000 Ada Generation, 49140 MiB, 2 MiB, 0 %
2026/03/27 11:52:11.167, 6, NVIDIA RTX 6000 Ada Generation, 49140 MiB, 16254 MiB, 0 %
2026/03/27 11:52:11.167, 7, NVIDIA RTX 6000 Ada Generation, 49140 MiB, 21460 MiB, 100 %
2026/03/27 11:52:12.167, 0, NVIDIA RTX 6000 Ada Generation, 49140 MiB, 15890 MiB, 6 %
2026/03/27 11:52:12.167, 1, NVIDIA RTX 6000 Ada Generation, 49140 MiB, 29003 MiB, 100 %
2026/03/27 11:52:12.167, 2, NVIDIA RTX 6000 Ada Generation, 49140 MiB, 21991 MiB, 100 %
2026/03/27 11:52:12.167, 3, NVIDIA RTX 6000 Ada Generation, 49140 MiB, 17248 MiB, 100 %
2026/03/27 11:52:12.167, 4, NVIDIA RTX 6000 Ada Generation, 49140 MiB, 17260 MiB, 100 %
2026/03/27 11:52:12.167, 5, NVIDIA RTX 6000 Ada Generation, 49140 MiB, 2 MiB, 0 %
2026/03/27 11:52:12.315, 6, NVIDIA RTX 6000 Ada Generation, 49140 MiB, 16254 MiB, 0 %
2026/03/27 11:52:12.315, 7, NVIDIA RTX 6000 Ada Generation, 49140 MiB, 21460 MiB, 100 %
2026/03/27 11:52:13.316, 0, NVIDIA RTX 6000 Ada Generation, 49140 MiB, 15890 MiB, 6 %
2026/03/27 11:52:13.316, 1, NVIDIA RTX 6000 Ada Generation, 49140 MiB, 29003 MiB, 100 %
2026/03/27 11:52:13.316, 2, NVIDIA RTX 6000 Ada Generation, 49140 MiB, 21991 MiB, 100 %
2026/03/27 11:52:13.316, 3, NVIDIA RTX 6000 Ada Generation, 49140 MiB, 17248 MiB, 100 %
2026/03/27 11:52:13.316, 4, NVIDIA RTX 6000 Ada Generation, 49140 MiB, 17260 MiB, 100 %
2026/03/27 11:52:13.316, 5, NVIDIA RTX 6000 Ada Generation, 49140 MiB, 2 MiB, 0 %
2026/03/27 11:52:13.316, 6, NVIDIA RTX 6000 Ada Generation, 49140 MiB, 16254 MiB, 0 %
2026/03/27 11:52:13.316, 7, NVIDIA RTX 6000 Ada Generation, 49140 MiB, 21460 MiB, 100 %
2026/03/27 11:52:14.316, 0, NVIDIA RTX 6000 Ada Generation, 49140 MiB, 15890 MiB, 0 %
2026/03/27 11:52:14.316, 1, NVIDIA RTX 6000 Ada Generation, 49140 MiB, 29003 MiB, 100 %
2026/03/27 11:52:14.317, 2, NVIDIA RTX 6000 Ada Generation, 49140 MiB, 21991 MiB, 100 %
2026/03/27 11:52:14.489, 3, NVIDIA RTX 6000 Ada Generation, 49140 MiB, 17248 MiB, 100 %
2026/03/27 11:52:14.490, 4, NVIDIA RTX 6000 Ada Generation, 49140 MiB, 17260 MiB, 100 %
2026/03/27 11:52:14.490, 5, NVIDIA RTX 6000 Ada Generation, 49140 MiB, 2 MiB, 0 %
2026/03/27 11:52:14.490, 6, NVIDIA RTX 6000 Ada Generation, 49140 MiB, 16254 MiB, 0 %
2026/03/27 11:52:14.490, 7, NVIDIA RTX 6000 Ada Generation, 49140 MiB, 21460 MiB, 100 %
2026/03/27 11:52:15.490, 0, NVIDIA RTX 6000 Ada Generation, 49140 MiB, 15890 MiB, 0 %
2026/03/27 11:52:15.490, 1, NVIDIA RTX 6000 Ada Generation, 49140 MiB, 29003 MiB, 100 %
2026/03/27 11:52:15.490, 2, NVIDIA RTX 6000 Ada Generation, 49140 MiB, 21991 MiB, 100 %
2026/03/27 11:52:15.490, 3, NVIDIA RTX 6000 Ada Generation, 49140 MiB, 17248 MiB, 100 %
2026/03/27 11:52:15.490, 4, NVIDIA RTX 6000 Ada Generation, 49140 MiB, 17260 MiB, 100 %
2026/03/27 11:52:15.490, 5, NVIDIA RTX 6000 Ada Generation, 49140 MiB, 2 MiB, 0 %
2026/03/27 11:52:15.490, 6, NVIDIA RTX 6000 Ada Generation, 49140 MiB, 16254 MiB, 0 %
2026/03/27 11:52:15.491, 7, NVIDIA RTX 6000 Ada Generation, 49140 MiB, 21460 MiB, 100 %
2026/03/27 11:52:16.491, 0, NVIDIA RTX 6000 Ada Generation, 49140 MiB, 15890 MiB, 0 %
2026/03/27 11:52:16.491, 1, NVIDIA RTX 6000 Ada Generation, 49140 MiB, 29003 MiB, 100 %
2026/03/27 11:52:16.491, 2, NVIDIA RTX 6000 Ada Generation, 49140 MiB, 21991 MiB, 100 %
2026/03/27 11:52:16.491, 3, NVIDIA RTX 6000 Ada Generation, 49140 MiB, 17248 MiB, 100 %
2026/03/27 11:52:16.491, 4, NVIDIA RTX 6000 Ada Generation, 49140 MiB, 17260 MiB, 100 %
2026/03/27 11:52:16.491, 5, NVIDIA RTX 6000 Ada Generation, 49140 MiB, 2 MiB, 0 %
2026/03/27 11:52:16.491, 6, NVIDIA RTX 6000 Ada Generation, 49140 MiB, 16254 MiB, 0 %
2026/03/27 11:52:16.491, 7, NVIDIA RTX 6000 Ada Generation, 49140 MiB, 21460 MiB, 100 %
2026/03/27 11:52:17.492, 0, NVIDIA RTX 6000 Ada Generation, 49140 MiB, 15890 MiB, 93 %
2026/03/27 11:52:17.492, 1, NVIDIA RTX 6000 Ada Generation, 49140 MiB, 29003 MiB, 100 %
2026/03/27 11:52:17.492, 2, NVIDIA RTX 6000 Ada Generation, 49140 MiB, 21991 MiB, 100 %
2026/03/27 11:52:17.492, 3, NVIDIA RTX 6000 Ada Generation, 49140 MiB, 17248 MiB, 100 %
2026/03/27 11:52:17.724, 4, NVIDIA RTX 6000 Ada Generation, 49140 MiB, 17260 MiB, 100 %
2026/03/27 11:52:17.724, 5, NVIDIA RTX 6000 Ada Generation, 49140 MiB, 2 MiB, 0 %
2026/03/27 11:52:17.724, 6, NVIDIA RTX 6000 Ada Generation, 49140 MiB, 16254 MiB, 0 %
2026/03/27 11:52:17.724, 7, NVIDIA RTX 6000 Ada Generation, 49140 MiB, 21460 MiB, 100 %
2026/03/27 11:52:18.724, 0, NVIDIA RTX 6000 Ada Generation, 49140 MiB, 15890 MiB, 98 %
2026/03/27 11:52:18.725, 1, NVIDIA RTX 6000 Ada Generation, 49140 MiB, 29003 MiB, 100 %
2026/03/27 11:52:18.725, 2, NVIDIA RTX 6000 Ada Generation, 49140 MiB, 21991 MiB, 100 %
2026/03/27 11:52:18.725, 3, NVIDIA RTX 6000 Ada Generation, 49140 MiB, 17248 MiB, 100 %
2026/03/27 11:52:18.725, 4, NVIDIA RTX 6000 Ada Generation, 49140 MiB, 17260 MiB, 100 %
2026/03/27 11:52:18.725, 5, NVIDIA RTX 6000 Ada Generation, 49140 MiB, 2 MiB, 0 %
2026/03/27 11:52:18.725, 6, NVIDIA RTX 6000 Ada Generation, 49140 MiB, 16254 MiB, 0 %
2026/03/27 11:52:18.725, 7, NVIDIA RTX 6000 Ada Generation, 49140 MiB, 21460 MiB, 100 %
2026/03/27 11:52:19.725, 0, NVIDIA RTX 6000 Ada Generation, 49140 MiB, 15890 MiB, 0 %
2026/03/27 11:52:19.788, 1, NVIDIA RTX 6000 Ada Generation, 49140 MiB, 29003 MiB, 100 %
2026/03/27 11:52:19.788, 2, NVIDIA RTX 6000 Ada Generation, 49140 MiB, 21991 MiB, 100 %
2026/03/27 11:52:19.788, 3, NVIDIA RTX 6000 Ada Generation, 49140 MiB, 17248 MiB, 100 %
2026/03/27 11:52:19.789, 4, NVIDIA RTX 6000 Ada Generation, 49140 MiB, 17260 MiB, 100 %
2026/03/27 11:52:19.789, 5, NVIDIA RTX 6000 Ada Generation, 49140 MiB, 2 MiB, 0 %
2026/03/27 11:52:19.789, 6, NVIDIA RTX 6000 Ada Generation, 49140 MiB, 18988 MiB, 0 %
2026/03/27 11:52:19.789, 7, NVIDIA RTX 6000 Ada Generation, 49140 MiB, 21460 MiB, 100 %
2026/03/27 11:52:20.789, 0, NVIDIA RTX 6000 Ada Generation, 49140 MiB, 15890 MiB, 6 %
2026/03/27 11:52:20.916, 1, NVIDIA RTX 6000 Ada Generation, 49140 MiB, 29003 MiB, 100 %
2026/03/27 11:52:20.916, 2, NVIDIA RTX 6000 Ada Generation, 49140 MiB, 21991 MiB, 100 %
2026/03/27 11:52:20.917, 3, NVIDIA RTX 6000 Ada Generation, 49140 MiB, 17248 MiB, 100 %
2026/03/27 11:52:20.917, 4, NVIDIA RTX 6000 Ada Generation, 49140 MiB, 17260 MiB, 100 %
2026/03/27 11:52:20.917, 5, NVIDIA RTX 6000 Ada Generation, 49140 MiB, 2 MiB, 0 %
2026/03/27 11:52:20.917, 6, NVIDIA RTX 6000 Ada Generation, 49140 MiB, 19056 MiB, 0 %
2026/03/27 11:52:21.063, 7, NVIDIA RTX 6000 Ada Generation, 49140 MiB, 21460 MiB, 100 %
2026/03/27 11:52:22.064, 0, NVIDIA RTX 6000 Ada Generation, 49140 MiB, 15890 MiB, 6 %
2026/03/27 11:52:22.064, 1, NVIDIA RTX 6000 Ada Generation, 49140 MiB, 29003 MiB, 100 %
2026/03/27 11:52:22.064, 2, NVIDIA RTX 6000 Ada Generation, 49140 MiB, 21991 MiB, 100 %
2026/03/27 11:52:22.064, 3, NVIDIA RTX 6000 Ada Generation, 49140 MiB, 17248 MiB, 100 %
2026/03/27 11:52:22.064, 4, NVIDIA RTX 6000 Ada Generation, 49140 MiB, 17260 MiB, 100 %
2026/03/27 11:52:22.064, 5, NVIDIA RTX 6000 Ada Generation, 49140 MiB, 2 MiB, 0 %
2026/03/27 11:52:22.064, 6, NVIDIA RTX 6000 Ada Generation, 49140 MiB, 45774 MiB, 0 %
2026/03/27 11:52:22.064, 7, NVIDIA RTX 6000 Ada Generation, 49140 MiB, 21460 MiB, 100 %
2026/03/27 11:52:23.064, 0, NVIDIA RTX 6000 Ada Generation, 49140 MiB, 15890 MiB, 0 %
2026/03/27 11:52:23.327, 1, NVIDIA RTX 6000 Ada Generation, 49140 MiB, 29003 MiB, 100 %
2026/03/27 11:52:23.556, 2, NVIDIA RTX 6000 Ada Generation, 49140 MiB, 21991 MiB, 100 %
2026/03/27 11:52:23.557, 3, NVIDIA RTX 6000 Ada Generation, 49140 MiB, 17248 MiB, 100 %
2026/03/27 11:52:23.558, 4, NVIDIA RTX 6000 Ada Generation, 49140 MiB, 17260 MiB, 100 %
2026/03/27 11:52:23.558, 5, NVIDIA RTX 6000 Ada Generation, 49140 MiB, 2 MiB, 0 %
2026/03/27 11:52:23.719, 6, NVIDIA RTX 6000 Ada Generation, 49140 MiB, 45774 MiB, 0 %
2026/03/27 11:52:23.720, 7, NVIDIA RTX 6000 Ada Generation, 49140 MiB, 21460 MiB, 100 %
2026/03/27 11:52:24.877, 0, NVIDIA RTX 6000 Ada Generation, 49140 MiB, 15890 MiB, 91 %
2026/03/27 11:52:24.877, 1, NVIDIA RTX 6000 Ada Generation, 49140 MiB, 29003 MiB, 100 %
2026/03/27 11:52:24.877, 2, NVIDIA RTX 6000 Ada Generation, 49140 MiB, 21991 MiB, 100 %
2026/03/27 11:52:24.877, 3, NVIDIA RTX 6000 Ada Generation, 49140 MiB, 17248 MiB, 100 %
2026/03/27 11:52:24.877, 4, NVIDIA RTX 6000 Ada Generation, 49140 MiB, 17260 MiB, 100 %
2026/03/27 11:52:24.877, 5, NVIDIA RTX 6000 Ada Generation, 49140 MiB, 2 MiB, 0 %
2026/03/27 11:52:24.877, 6, NVIDIA RTX 6000 Ada Generation, 49140 MiB, 2 MiB, 100 %
2026/03/27 11:52:24.877, 7, NVIDIA RTX 6000 Ada Generation, 49140 MiB, 21460 MiB, 100 %
2026/03/27 11:52:25.877, 0, NVIDIA RTX 6000 Ada Generation, 49140 MiB, 15890 MiB, 95 %
2026/03/27 11:52:25.877, 1, NVIDIA RTX 6000 Ada Generation, 49140 MiB, 29003 MiB, 100 %
2026/03/27 11:52:25.878, 2, NVIDIA RTX 6000 Ada Generation, 49140 MiB, 21991 MiB, 100 %
2026/03/27 11:52:25.878, 3, NVIDIA RTX 6000 Ada Generation, 49140 MiB, 17248 MiB, 100 %
2026/03/27 11:52:25.878, 4, NVIDIA RTX 6000 Ada Generation, 49140 MiB, 17260 MiB, 99 %
2026/03/27 11:52:25.879, 5, NVIDIA RTX 6000 Ada Generation, 49140 MiB, 2 MiB, 0 %
2026/03/27 11:52:25.879, 6, NVIDIA RTX 6000 Ada Generation, 49140 MiB, 2 MiB, 0 %
2026/03/27 11:52:25.879, 7, NVIDIA RTX 6000 Ada Generation, 49140 MiB, 21460 MiB, 100 %
2026/03/27 11:52:26.879, 0, NVIDIA RTX 6000 Ada Generation, 49140 MiB, 15890 MiB, 90 %
2026/03/27 11:52:26.879, 1, NVIDIA RTX 6000 Ada Generation, 49140 MiB, 29003 MiB, 100 %
2026/03/27 11:52:26.879, 2, NVIDIA RTX 6000 Ada Generation, 49140 MiB, 21991 MiB, 100 %
2026/03/27 11:52:26.879, 3, NVIDIA RTX 6000 Ada Generation, 49140 MiB, 17248 MiB, 100 %
2026/03/27 11:52:26.879, 4, NVIDIA RTX 6000 Ada Generation, 49140 MiB, 17260 MiB, 100 %
2026/03/27 11:52:26.879, 5, NVIDIA RTX 6000 Ada Generation, 49140 MiB, 2 MiB, 0 %
2026/03/27 11:52:26.879, 6, NVIDIA RTX 6000 Ada Generation, 49140 MiB, 2 MiB, 0 %
2026/03/27 11:52:26.902, 7, NVIDIA RTX 6000 Ada Generation, 49140 MiB, 21460 MiB, 100 %
2026/03/27 11:52:27.902, 0, NVIDIA RTX 6000 Ada Generation, 49140 MiB, 15890 MiB, 0 %
2026/03/27 11:52:27.903, 1, NVIDIA RTX 6000 Ada Generation, 49140 MiB, 29003 MiB, 100 %
2026/03/27 11:52:27.903, 2, NVIDIA RTX 6000 Ada Generation, 49140 MiB, 21991 MiB, 100 %
2026/03/27 11:52:27.903, 3, NVIDIA RTX 6000 Ada Generation, 49140 MiB, 17248 MiB, 100 %
2026/03/27 11:52:27.903, 4, NVIDIA RTX 6000 Ada Generation, 49140 MiB, 17260 MiB, 100 %
2026/03/27 11:52:27.903, 5, NVIDIA RTX 6000 Ada Generation, 49140 MiB, 2 MiB, 0 %
2026/03/27 11:52:27.903, 6, NVIDIA RTX 6000 Ada Generation, 49140 MiB, 4 MiB, 0 %
2026/03/27 11:52:27.903, 7, NVIDIA RTX 6000 Ada Generation, 49140 MiB, 21460 MiB, 100 %
2026/03/27 11:52:28.903, 0, NVIDIA RTX 6000 Ada Generation, 49140 MiB, 15890 MiB, 0 %
2026/03/27 11:52:29.058, 1, NVIDIA RTX 6000 Ada Generation, 49140 MiB, 29003 MiB, 100 %
2026/03/27 11:52:29.058, 2, NVIDIA RTX 6000 Ada Generation, 49140 MiB, 21991 MiB, 100 %
2026/03/27 11:52:29.058, 3, NVIDIA RTX 6000 Ada Generation, 49140 MiB, 17248 MiB, 100 %
2026/03/27 11:52:29.059, 4, NVIDIA RTX 6000 Ada Generation, 49140 MiB, 17260 MiB, 100 %
2026/03/27 11:52:29.060, 5, NVIDIA RTX 6000 Ada Generation, 49140 MiB, 2 MiB, 0 %
2026/03/27 11:52:29.060, 6, NVIDIA RTX 6000 Ada Generation, 49140 MiB, 28 MiB, 0 %
2026/03/27 11:52:29.060, 7, NVIDIA RTX 6000 Ada Generation, 49140 MiB, 21460 MiB, 100 %
2026/03/27 11:52:30.060, 0, NVIDIA RTX 6000 Ada Generation, 49140 MiB, 15890 MiB, 6 %
2026/03/27 11:52:30.060, 1, NVIDIA RTX 6000 Ada Generation, 49140 MiB, 29003 MiB, 100 %
2026/03/27 11:52:30.061, 2, NVIDIA RTX 6000 Ada Generation, 49140 MiB, 21991 MiB, 100 %
2026/03/27 11:52:30.063, 3, NVIDIA RTX 6000 Ada Generation, 49140 MiB, 17248 MiB, 100 %
2026/03/27 11:52:30.064, 4, NVIDIA RTX 6000 Ada Generation, 49140 MiB, 17260 MiB, 100 %
2026/03/27 11:52:30.067, 5, NVIDIA RTX 6000 Ada Generation, 49140 MiB, 2 MiB, 0 %
2026/03/27 11:52:30.067, 6, NVIDIA RTX 6000 Ada Generation, 49140 MiB, 34 MiB, 0 %
2026/03/27 11:52:30.069, 7, NVIDIA RTX 6000 Ada Generation, 49140 MiB, 21460 MiB, 100 %
2026/03/27 11:52:31.070, 0, NVIDIA RTX 6000 Ada Generation, 49140 MiB, 15890 MiB, 6 %
2026/03/27 11:52:31.070, 1, NVIDIA RTX 6000 Ada Generation, 49140 MiB, 29003 MiB, 100 %
2026/03/27 11:52:31.070, 2, NVIDIA RTX 6000 Ada Generation, 49140 MiB, 21991 MiB, 100 %
2026/03/27 11:52:31.070, 3, NVIDIA RTX 6000 Ada Generation, 49140 MiB, 17248 MiB, 100 %
2026/03/27 11:52:31.070, 4, NVIDIA RTX 6000 Ada Generation, 49140 MiB, 17260 MiB, 100 %
2026/03/27 11:52:31.070, 5, NVIDIA RTX 6000 Ada Generation, 49140 MiB, 2 MiB, 0 %
2026/03/27 11:52:31.070, 6, NVIDIA RTX 6000 Ada Generation, 49140 MiB, 16254 MiB, 20 %
2026/03/27 11:52:31.070, 7, NVIDIA RTX 6000 Ada Generation, 49140 MiB, 21460 MiB, 100 %
2026/03/27 11:52:32.071, 0, NVIDIA RTX 6000 Ada Generation, 49140 MiB, 15890 MiB, 6 %
2026/03/27 11:52:32.071, 1, NVIDIA RTX 6000 Ada Generation, 49140 MiB, 29003 MiB, 100 %
2026/03/27 11:52:32.071, 2, NVIDIA RTX 6000 Ada Generation, 49140 MiB, 21991 MiB, 100 %
2026/03/27 11:52:32.071, 3, NVIDIA RTX 6000 Ada Generation, 49140 MiB, 17248 MiB, 100 %
2026/03/27 11:52:32.095, 4, NVIDIA RTX 6000 Ada Generation, 49140 MiB, 17260 MiB, 100 %
2026/03/27 11:52:32.096, 5, NVIDIA RTX 6000 Ada Generation, 49140 MiB, 2 MiB, 0 %
2026/03/27 11:52:32.096, 6, NVIDIA RTX 6000 Ada Generation, 49140 MiB, 16254 MiB, 13 %
2026/03/27 11:52:32.096, 7, NVIDIA RTX 6000 Ada Generation, 49140 MiB, 21460 MiB, 100 %
2026/03/27 11:52:33.097, 0, NVIDIA RTX 6000 Ada Generation, 49140 MiB, 15890 MiB, 6 %
2026/03/27 11:52:33.097, 1, NVIDIA RTX 6000 Ada Generation, 49140 MiB, 29003 MiB, 100 %
2026/03/27 11:52:33.097, 2, NVIDIA RTX 6000 Ada Generation, 49140 MiB, 21991 MiB, 100 %
2026/03/27 11:52:33.097, 3, NVIDIA RTX 6000 Ada Generation, 49140 MiB, 17248 MiB, 0 %
2026/03/27 11:52:33.097, 4, NVIDIA RTX 6000 Ada Generation, 49140 MiB, 17260 MiB, 100 %
2026/03/27 11:52:33.097, 5, NVIDIA RTX 6000 Ada Generation, 49140 MiB, 2 MiB, 0 %
2026/03/27 11:52:33.097, 6, NVIDIA RTX 6000 Ada Generation, 49140 MiB, 16254 MiB, 14 %
2026/03/27 11:52:33.097, 7, NVIDIA RTX 6000 Ada Generation, 49140 MiB, 21460 MiB, 100 %
2026/03/27 11:52:34.097, 0, NVIDIA RTX 6000 Ada Generation, 49140 MiB, 15890 MiB, 6 %
2026/03/27 11:52:34.199, 1, NVIDIA RTX 6000 Ada Generation, 49140 MiB, 29003 MiB, 100 %
2026/03/27 11:52:34.199, 2, NVIDIA RTX 6000 Ada Generation, 49140 MiB, 21991 MiB, 100 %
2026/03/27 11:52:34.200, 3, NVIDIA RTX 6000 Ada Generation, 49140 MiB, 17248 MiB, 0 %
2026/03/27 11:52:34.200, 4, NVIDIA RTX 6000 Ada Generation, 49140 MiB, 17260 MiB, 100 %
2026/03/27 11:52:34.200, 5, NVIDIA RTX 6000 Ada Generation, 49140 MiB, 2 MiB, 0 %
2026/03/27 11:52:34.200, 6, NVIDIA RTX 6000 Ada Generation, 49140 MiB, 16254 MiB, 13 %
2026/03/27 11:52:34.200, 7, NVIDIA RTX 6000 Ada Generation, 49140 MiB, 21460 MiB, 100 %
2026/03/27 11:52:35.200, 0, NVIDIA RTX 6000 Ada Generation, 49140 MiB, 15890 MiB, 0 %
2026/03/27 11:52:35.200, 1, NVIDIA RTX 6000 Ada Generation, 49140 MiB, 29003 MiB, 100 %
2026/03/27 11:52:35.200, 2, NVIDIA RTX 6000 Ada Generation, 49140 MiB, 21991 MiB, 100 %
2026/03/27 11:52:35.200, 3, NVIDIA RTX 6000 Ada Generation, 49140 MiB, 17248 MiB, 0 %
2026/03/27 11:52:35.200, 4, NVIDIA RTX 6000 Ada Generation, 49140 MiB, 17260 MiB, 100 %
2026/03/27 11:52:35.201, 5, NVIDIA RTX 6000 Ada Generation, 49140 MiB, 2 MiB, 0 %
2026/03/27 11:52:35.201, 6, NVIDIA RTX 6000 Ada Generation, 49140 MiB, 16254 MiB, 14 %
2026/03/27 11:52:35.335, 7, NVIDIA RTX 6000 Ada Generation, 49140 MiB, 21460 MiB, 100 %
2026/03/27 11:52:36.335, 0, NVIDIA RTX 6000 Ada Generation, 49140 MiB, 15890 MiB, 0 %
2026/03/27 11:52:36.335, 1, NVIDIA RTX 6000 Ada Generation, 49140 MiB, 29003 MiB, 100 %
2026/03/27 11:52:36.335, 2, NVIDIA RTX 6000 Ada Generation, 49140 MiB, 21991 MiB, 100 %
2026/03/27 11:52:36.335, 3, NVIDIA RTX 6000 Ada Generation, 49140 MiB, 17248 MiB, 0 %
2026/03/27 11:52:36.336, 4, NVIDIA RTX 6000 Ada Generation, 49140 MiB, 17260 MiB, 100 %
2026/03/27 11:52:36.336, 5, NVIDIA RTX 6000 Ada Generation, 49140 MiB, 2 MiB, 0 %
2026/03/27 11:52:36.336, 6, NVIDIA RTX 6000 Ada Generation, 49140 MiB, 16254 MiB, 0 %
2026/03/27 11:52:36.336, 7, NVIDIA RTX 6000 Ada Generation, 49140 MiB, 21460 MiB, 100 %
2026/03/27 11:52:37.336, 0, NVIDIA RTX 6000 Ada Generation, 49140 MiB, 15890 MiB, 95 %
2026/03/27 11:52:37.336, 1, NVIDIA RTX 6000 Ada Generation, 49140 MiB, 29003 MiB, 100 %
2026/03/27 11:52:37.336, 2, NVIDIA RTX 6000 Ada Generation, 49140 MiB, 21991 MiB, 100 %
2026/03/27 11:52:37.538, 3, NVIDIA RTX 6000 Ada Generation, 49140 MiB, 17248 MiB, 0 %
2026/03/27 11:52:37.538, 4, NVIDIA RTX 6000 Ada Generation, 49140 MiB, 17260 MiB, 100 %
2026/03/27 11:52:37.538, 5, NVIDIA RTX 6000 Ada Generation, 49140 MiB, 2 MiB, 0 %
2026/03/27 11:52:37.538, 6, NVIDIA RTX 6000 Ada Generation, 49140 MiB, 16254 MiB, 0 %
2026/03/27 11:52:37.539, 7, NVIDIA RTX 6000 Ada Generation, 49140 MiB, 21460 MiB, 100 %
2026/03/27 11:52:38.539, 0, NVIDIA RTX 6000 Ada Generation, 49140 MiB, 15890 MiB, 90 %
2026/03/27 11:52:38.539, 1, NVIDIA RTX 6000 Ada Generation, 49140 MiB, 29003 MiB, 100 %
2026/03/27 11:52:38.539, 2, NVIDIA RTX 6000 Ada Generation, 49140 MiB, 21991 MiB, 100 %
2026/03/27 11:52:38.539, 3, NVIDIA RTX 6000 Ada Generation, 49140 MiB, 17248 MiB, 100 %
2026/03/27 11:52:38.539, 4, NVIDIA RTX 6000 Ada Generation, 49140 MiB, 17260 MiB, 100 %
2026/03/27 11:52:38.539, 5, NVIDIA RTX 6000 Ada Generation, 49140 MiB, 2 MiB, 0 %
2026/03/27 11:52:38.539, 6, NVIDIA RTX 6000 Ada Generation, 49140 MiB, 16254 MiB, 0 %
2026/03/27 11:52:38.539, 7, NVIDIA RTX 6000 Ada Generation, 49140 MiB, 21460 MiB, 100 %
2026/03/27 11:52:39.539, 0, NVIDIA RTX 6000 Ada Generation, 49140 MiB, 15890 MiB, 0 %
2026/03/27 11:52:39.541, 1, NVIDIA RTX 6000 Ada Generation, 49140 MiB, 29003 MiB, 100 %
2026/03/27 11:52:39.541, 2, NVIDIA RTX 6000 Ada Generation, 49140 MiB, 21991 MiB, 100 %
2026/03/27 11:52:39.541, 3, NVIDIA RTX 6000 Ada Generation, 49140 MiB, 17248 MiB, 100 %
2026/03/27 11:52:39.541, 4, NVIDIA RTX 6000 Ada Generation, 49140 MiB, 17260 MiB, 100 %
2026/03/27 11:52:39.542, 5, NVIDIA RTX 6000 Ada Generation, 49140 MiB, 2 MiB, 0 %
2026/03/27 11:52:39.543, 6, NVIDIA RTX 6000 Ada Generation, 49140 MiB, 16254 MiB, 0 %
2026/03/27 11:52:39.543, 7, NVIDIA RTX 6000 Ada Generation, 49140 MiB, 21460 MiB, 100 %
2026/03/27 11:52:40.544, 0, NVIDIA RTX 6000 Ada Generation, 49140 MiB, 15890 MiB, 0 %
2026/03/27 11:52:40.544, 1, NVIDIA RTX 6000 Ada Generation, 49140 MiB, 29003 MiB, 100 %
2026/03/27 11:52:40.544, 2, NVIDIA RTX 6000 Ada Generation, 49140 MiB, 21991 MiB, 100 %
2026/03/27 11:52:40.544, 3, NVIDIA RTX 6000 Ada Generation, 49140 MiB, 17248 MiB, 99 %
2026/03/27 11:52:40.544, 4, NVIDIA RTX 6000 Ada Generation, 49140 MiB, 17260 MiB, 100 %
2026/03/27 11:52:40.652, 5, NVIDIA RTX 6000 Ada Generation, 49140 MiB, 2 MiB, 0 %
2026/03/27 11:52:40.652, 6, NVIDIA RTX 6000 Ada Generation, 49140 MiB, 16254 MiB, 0 %
2026/03/27 11:52:40.652, 7, NVIDIA RTX 6000 Ada Generation, 49140 MiB, 21460 MiB, 100 %
2026/03/27 11:52:41.653, 0, NVIDIA RTX 6000 Ada Generation, 49140 MiB, 15890 MiB, 6 %
2026/03/27 11:52:41.653, 1, NVIDIA RTX 6000 Ada Generation, 49140 MiB, 29003 MiB, 100 %
2026/03/27 11:52:41.653, 2, NVIDIA RTX 6000 Ada Generation, 49140 MiB, 21991 MiB, 100 %
2026/03/27 11:52:41.653, 3, NVIDIA RTX 6000 Ada Generation, 49140 MiB, 17248 MiB, 100 %
2026/03/27 11:52:41.653, 4, NVIDIA RTX 6000 Ada Generation, 49140 MiB, 17260 MiB, 100 %
2026/03/27 11:52:41.653, 5, NVIDIA RTX 6000 Ada Generation, 49140 MiB, 2 MiB, 0 %
2026/03/27 11:52:41.653, 6, NVIDIA RTX 6000 Ada Generation, 49140 MiB, 16254 MiB, 0 %
2026/03/27 11:52:41.653, 7, NVIDIA RTX 6000 Ada Generation, 49140 MiB, 21460 MiB, 100 %
2026/03/27 11:52:42.653, 0, NVIDIA RTX 6000 Ada Generation, 49140 MiB, 15890 MiB, 0 %
2026/03/27 11:52:42.653, 1, NVIDIA RTX 6000 Ada Generation, 49140 MiB, 29003 MiB, 100 %
2026/03/27 11:52:42.721, 2, NVIDIA RTX 6000 Ada Generation, 49140 MiB, 21991 MiB, 100 %
2026/03/27 11:52:42.721, 3, NVIDIA RTX 6000 Ada Generation, 49140 MiB, 17248 MiB, 100 %
2026/03/27 11:52:42.722, 4, NVIDIA RTX 6000 Ada Generation, 49140 MiB, 17260 MiB, 100 %
2026/03/27 11:52:42.722, 5, NVIDIA RTX 6000 Ada Generation, 49140 MiB, 2 MiB, 0 %
2026/03/27 11:52:42.722, 6, NVIDIA RTX 6000 Ada Generation, 49140 MiB, 16254 MiB, 0 %
2026/03/27 11:52:42.722, 7, NVIDIA RTX 6000 Ada Generation, 49140 MiB, 21460 MiB, 100 %
2026/03/27 11:52:43.722, 0, NVIDIA RTX 6000 Ada Generation, 49140 MiB, 15890 MiB, 0 %
2026/03/27 11:52:43.722, 1, NVIDIA RTX 6000 Ada Generation, 49140 MiB, 29003 MiB, 100 %
2026/03/27 11:52:43.722, 2, NVIDIA RTX 6000 Ada Generation, 49140 MiB, 21991 MiB, 100 %
2026/03/27 11:52:43.722, 3, NVIDIA RTX 6000 Ada Generation, 49140 MiB, 17248 MiB, 99 %
2026/03/27 11:52:43.722, 4, NVIDIA RTX 6000 Ada Generation, 49140 MiB, 17260 MiB, 100 %
2026/03/27 11:52:43.722, 5, NVIDIA RTX 6000 Ada Generation, 49140 MiB, 2 MiB, 0 %
2026/03/27 11:52:43.722, 6, NVIDIA RTX 6000 Ada Generation, 49140 MiB, 16254 MiB, 0 %
2026/03/27 11:52:43.723, 7, NVIDIA RTX 6000 Ada Generation, 49140 MiB, 21460 MiB, 100 %
2026/03/27 11:52:44.868, 0, NVIDIA RTX 6000 Ada Generation, 49140 MiB, 15890 MiB, 95 %
2026/03/27 11:52:44.868, 1, NVIDIA RTX 6000 Ada Generation, 49140 MiB, 29003 MiB, 100 %
2026/03/27 11:52:44.869, 2, NVIDIA RTX 6000 Ada Generation, 49140 MiB, 21991 MiB, 100 %
2026/03/27 11:52:44.869, 3, NVIDIA RTX 6000 Ada Generation, 49140 MiB, 17248 MiB, 100 %
2026/03/27 11:52:44.869, 4, NVIDIA RTX 6000 Ada Generation, 49140 MiB, 17260 MiB, 100 %
2026/03/27 11:52:44.869, 5, NVIDIA RTX 6000 Ada Generation, 49140 MiB, 2 MiB, 0 %
2026/03/27 11:52:44.869, 6, NVIDIA RTX 6000 Ada Generation, 49140 MiB, 18988 MiB, 0 %
2026/03/27 11:52:44.869, 7, NVIDIA RTX 6000 Ada Generation, 49140 MiB, 21460 MiB, 100 %
2026/03/27 11:52:45.869, 0, NVIDIA RTX 6000 Ada Generation, 49140 MiB, 15890 MiB, 90 %
2026/03/27 11:52:46.114, 1, NVIDIA RTX 6000 Ada Generation, 49140 MiB, 29003 MiB, 100 %
2026/03/27 11:52:46.114, 2, NVIDIA RTX 6000 Ada Generation, 49140 MiB, 21991 MiB, 100 %
2026/03/27 11:52:46.114, 3, NVIDIA RTX 6000 Ada Generation, 49140 MiB, 17248 MiB, 100 %
2026/03/27 11:52:46.338, 4, NVIDIA RTX 6000 Ada Generation, 49140 MiB, 17260 MiB, 100 %
2026/03/27 11:52:46.501, 5, NVIDIA RTX 6000 Ada Generation, 49140 MiB, 2 MiB, 0 %
2026/03/27 11:52:46.501, 6, NVIDIA RTX 6000 Ada Generation, 49140 MiB, 32466 MiB, 0 %
2026/03/27 11:52:46.501, 7, NVIDIA RTX 6000 Ada Generation, 49140 MiB, 21460 MiB, 100 %
2026/03/27 11:52:47.501, 0, NVIDIA RTX 6000 Ada Generation, 49140 MiB, 15890 MiB, 0 %
2026/03/27 11:52:47.502, 1, NVIDIA RTX 6000 Ada Generation, 49140 MiB, 29003 MiB, 100 %
2026/03/27 11:52:47.502, 2, NVIDIA RTX 6000 Ada Generation, 49140 MiB, 21991 MiB, 100 %
2026/03/27 11:52:47.502, 3, NVIDIA RTX 6000 Ada Generation, 49140 MiB, 17248 MiB, 100 %
2026/03/27 11:52:47.502, 4, NVIDIA RTX 6000 Ada Generation, 49140 MiB, 17260 MiB, 99 %
2026/03/27 11:52:47.502, 5, NVIDIA RTX 6000 Ada Generation, 49140 MiB, 2 MiB, 0 %
2026/03/27 11:52:47.502, 6, NVIDIA RTX 6000 Ada Generation, 49140 MiB, 45774 MiB, 0 %
2026/03/27 11:52:47.502, 7, NVIDIA RTX 6000 Ada Generation, 49140 MiB, 21460 MiB, 100 %
2026/03/27 11:52:48.502, 0, NVIDIA RTX 6000 Ada Generation, 49140 MiB, 15890 MiB, 6 %
2026/03/27 11:52:48.502, 1, NVIDIA RTX 6000 Ada Generation, 49140 MiB, 29003 MiB, 100 %
2026/03/27 11:52:48.579, 2, NVIDIA RTX 6000 Ada Generation, 49140 MiB, 21991 MiB, 99 %
2026/03/27 11:52:48.580, 3, NVIDIA RTX 6000 Ada Generation, 49140 MiB, 17248 MiB, 100 %
2026/03/27 11:52:48.580, 4, NVIDIA RTX 6000 Ada Generation, 49140 MiB, 17260 MiB, 100 %
2026/03/27 11:52:48.580, 5, NVIDIA RTX 6000 Ada Generation, 49140 MiB, 2 MiB, 0 %
2026/03/27 11:52:48.580, 6, NVIDIA RTX 6000 Ada Generation, 49140 MiB, 2 MiB, 100 %
2026/03/27 11:52:48.580, 7, NVIDIA RTX 6000 Ada Generation, 49140 MiB, 21460 MiB, 100 %
2026/03/27 11:52:49.580, 0, NVIDIA RTX 6000 Ada Generation, 49140 MiB, 15890 MiB, 6 %
2026/03/27 11:52:49.581, 1, NVIDIA RTX 6000 Ada Generation, 49140 MiB, 29003 MiB, 100 %
2026/03/27 11:52:49.581, 2, NVIDIA RTX 6000 Ada Generation, 49140 MiB, 21991 MiB, 100 %
2026/03/27 11:52:49.581, 3, NVIDIA RTX 6000 Ada Generation, 49140 MiB, 17248 MiB, 100 %
2026/03/27 11:52:49.581, 4, NVIDIA RTX 6000 Ada Generation, 49140 MiB, 17260 MiB, 100 %
2026/03/27 11:52:49.581, 5, NVIDIA RTX 6000 Ada Generation, 49140 MiB, 2 MiB, 0 %
2026/03/27 11:52:49.581, 6, NVIDIA RTX 6000 Ada Generation, 49140 MiB, 2 MiB, 0 %
2026/03/27 11:52:49.581, 7, NVIDIA RTX 6000 Ada Generation, 49140 MiB, 21460 MiB, 100 %
2026/03/27 11:52:50.759, 0, NVIDIA RTX 6000 Ada Generation, 49140 MiB, 15890 MiB, 6 %
2026/03/27 11:52:50.760, 1, NVIDIA RTX 6000 Ada Generation, 49140 MiB, 29003 MiB, 100 %
2026/03/27 11:52:50.760, 2, NVIDIA RTX 6000 Ada Generation, 49140 MiB, 21991 MiB, 100 %
2026/03/27 11:52:50.760, 3, NVIDIA RTX 6000 Ada Generation, 49140 MiB, 17248 MiB, 100 %
2026/03/27 11:52:50.760, 4, NVIDIA RTX 6000 Ada Generation, 49140 MiB, 17260 MiB, 100 %
2026/03/27 11:52:50.760, 5, NVIDIA RTX 6000 Ada Generation, 49140 MiB, 2 MiB, 0 %
2026/03/27 11:52:50.760, 6, NVIDIA RTX 6000 Ada Generation, 49140 MiB, 2 MiB, 0 %
2026/03/27 11:52:50.760, 7, NVIDIA RTX 6000 Ada Generation, 49140 MiB, 21460 MiB, 100 %
2026/03/27 11:52:51.760, 0, NVIDIA RTX 6000 Ada Generation, 49140 MiB, 15890 MiB, 6 %
2026/03/27 11:52:51.914, 1, NVIDIA RTX 6000 Ada Generation, 49140 MiB, 29003 MiB, 100 %
2026/03/27 11:52:51.914, 2, NVIDIA RTX 6000 Ada Generation, 49140 MiB, 21991 MiB, 100 %
2026/03/27 11:52:51.915, 3, NVIDIA RTX 6000 Ada Generation, 49140 MiB, 17248 MiB, 100 %
2026/03/27 11:52:52.140, 4, NVIDIA RTX 6000 Ada Generation, 49140 MiB, 17260 MiB, 100 %
2026/03/27 11:52:52.140, 5, NVIDIA RTX 6000 Ada Generation, 49140 MiB, 2 MiB, 0 %
2026/03/27 11:52:52.141, 6, NVIDIA RTX 6000 Ada Generation, 49140 MiB, 4 MiB, 0 %
2026/03/27 11:52:52.141, 7, NVIDIA RTX 6000 Ada Generation, 49140 MiB, 21460 MiB, 100 %
2026/03/27 11:52:53.141, 0, NVIDIA RTX 6000 Ada Generation, 49140 MiB, 15890 MiB, 0 %
2026/03/27 11:52:53.141, 1, NVIDIA RTX 6000 Ada Generation, 49140 MiB, 29003 MiB, 100 %
2026/03/27 11:52:53.141, 2, NVIDIA RTX 6000 Ada Generation, 49140 MiB, 21991 MiB, 100 %
2026/03/27 11:52:53.141, 3, NVIDIA RTX 6000 Ada Generation, 49140 MiB, 17248 MiB, 100 %
2026/03/27 11:52:53.141, 4, NVIDIA RTX 6000 Ada Generation, 49140 MiB, 17260 MiB, 100 %
2026/03/27 11:52:53.141, 5, NVIDIA RTX 6000 Ada Generation, 49140 MiB, 2 MiB, 0 %
2026/03/27 11:52:53.141, 6, NVIDIA RTX 6000 Ada Generation, 49140 MiB, 16254 MiB, 0 %
2026/03/27 11:52:53.141, 7, NVIDIA RTX 6000 Ada Generation, 49140 MiB, 21460 MiB, 100 %
2026/03/27 11:52:54.142, 0, NVIDIA RTX 6000 Ada Generation, 49140 MiB, 15890 MiB, 0 %
2026/03/27 11:52:54.206, 1, NVIDIA RTX 6000 Ada Generation, 49140 MiB, 29003 MiB, 100 %
2026/03/27 11:52:54.207, 2, NVIDIA RTX 6000 Ada Generation, 49140 MiB, 21991 MiB, 100 %
2026/03/27 11:52:54.207, 3, NVIDIA RTX 6000 Ada Generation, 49140 MiB, 17248 MiB, 100 %
2026/03/27 11:52:54.207, 4, NVIDIA RTX 6000 Ada Generation, 49140 MiB, 17260 MiB, 100 %
2026/03/27 11:52:54.207, 5, NVIDIA RTX 6000 Ada Generation, 49140 MiB, 2 MiB, 0 %
2026/03/27 11:52:54.207, 6, NVIDIA RTX 6000 Ada Generation, 49140 MiB, 16254 MiB, 14 %
2026/03/27 11:52:54.207, 7, NVIDIA RTX 6000 Ada Generation, 49140 MiB, 21460 MiB, 100 %
2026/03/27 11:52:55.207, 0, NVIDIA RTX 6000 Ada Generation, 49140 MiB, 15890 MiB, 99 %
2026/03/27 11:52:55.207, 1, NVIDIA RTX 6000 Ada Generation, 49140 MiB, 29003 MiB, 100 %
2026/03/27 11:52:55.207, 2, NVIDIA RTX 6000 Ada Generation, 49140 MiB, 21991 MiB, 100 %
2026/03/27 11:52:55.207, 3, NVIDIA RTX 6000 Ada Generation, 49140 MiB, 17248 MiB, 100 %
2026/03/27 11:52:55.208, 4, NVIDIA RTX 6000 Ada Generation, 49140 MiB, 17260 MiB, 100 %
2026/03/27 11:52:55.208, 5, NVIDIA RTX 6000 Ada Generation, 49140 MiB, 2 MiB, 0 %
2026/03/27 11:52:55.289, 6, NVIDIA RTX 6000 Ada Generation, 49140 MiB, 16254 MiB, 14 %
2026/03/27 11:52:55.289, 7, NVIDIA RTX 6000 Ada Generation, 49140 MiB, 21460 MiB, 100 %
2026/03/27 11:52:56.290, 0, NVIDIA RTX 6000 Ada Generation, 49140 MiB, 15890 MiB, 91 %
2026/03/27 11:52:56.290, 1, NVIDIA RTX 6000 Ada Generation, 49140 MiB, 29003 MiB, 100 %
2026/03/27 11:52:56.290, 2, NVIDIA RTX 6000 Ada Generation, 49140 MiB, 21991 MiB, 100 %
2026/03/27 11:52:56.290, 3, NVIDIA RTX 6000 Ada Generation, 49140 MiB, 17248 MiB, 100 %
2026/03/27 11:52:56.290, 4, NVIDIA RTX 6000 Ada Generation, 49140 MiB, 17260 MiB, 100 %
2026/03/27 11:52:56.290, 5, NVIDIA RTX 6000 Ada Generation, 49140 MiB, 2 MiB, 0 %
2026/03/27 11:52:56.290, 6, NVIDIA RTX 6000 Ada Generation, 49140 MiB, 16254 MiB, 14 %
2026/03/27 11:52:56.290, 7, NVIDIA RTX 6000 Ada Generation, 49140 MiB, 21460 MiB, 100 %
2026/03/27 11:52:57.290, 0, NVIDIA RTX 6000 Ada Generation, 49140 MiB, 15890 MiB, 0 %
2026/03/27 11:52:57.291, 1, NVIDIA RTX 6000 Ada Generation, 49140 MiB, 29003 MiB, 100 %
2026/03/27 11:52:57.291, 2, NVIDIA RTX 6000 Ada Generation, 49140 MiB, 21991 MiB, 100 %
2026/03/27 11:52:57.468, 3, NVIDIA RTX 6000 Ada Generation, 49140 MiB, 17248 MiB, 100 %
2026/03/27 11:52:57.469, 4, NVIDIA RTX 6000 Ada Generation, 49140 MiB, 17260 MiB, 100 %
2026/03/27 11:52:57.469, 5, NVIDIA RTX 6000 Ada Generation, 49140 MiB, 2 MiB, 0 %
2026/03/27 11:52:57.469, 6, NVIDIA RTX 6000 Ada Generation, 49140 MiB, 16254 MiB, 14 %
2026/03/27 11:52:57.469, 7, NVIDIA RTX 6000 Ada Generation, 49140 MiB, 21460 MiB, 100 %
2026/03/27 11:52:58.469, 0, NVIDIA RTX 6000 Ada Generation, 49140 MiB, 15890 MiB, 6 %
2026/03/27 11:52:58.469, 1, NVIDIA RTX 6000 Ada Generation, 49140 MiB, 29003 MiB, 100 %
2026/03/27 11:52:58.469, 2, NVIDIA RTX 6000 Ada Generation, 49140 MiB, 21991 MiB, 100 %
2026/03/27 11:52:58.469, 3, NVIDIA RTX 6000 Ada Generation, 49140 MiB, 17248 MiB, 100 %
2026/03/27 11:52:58.469, 4, NVIDIA RTX 6000 Ada Generation, 49140 MiB, 17260 MiB, 100 %
2026/03/27 11:52:58.470, 5, NVIDIA RTX 6000 Ada Generation, 49140 MiB, 2 MiB, 0 %
2026/03/27 11:52:58.470, 6, NVIDIA RTX 6000 Ada Generation, 49140 MiB, 16254 MiB, 12 %
2026/03/27 11:52:58.470, 7, NVIDIA RTX 6000 Ada Generation, 49140 MiB, 21460 MiB, 100 %
2026/03/27 11:52:59.470, 0, NVIDIA RTX 6000 Ada Generation, 49140 MiB, 15890 MiB, 6 %
2026/03/27 11:52:59.470, 1, NVIDIA RTX 6000 Ada Generation, 49140 MiB, 29003 MiB, 100 %
2026/03/27 11:52:59.470, 2, NVIDIA RTX 6000 Ada Generation, 49140 MiB, 21991 MiB, 100 %
2026/03/27 11:52:59.470, 3, NVIDIA RTX 6000 Ada Generation, 49140 MiB, 17248 MiB, 100 %
2026/03/27 11:52:59.470, 4, NVIDIA RTX 6000 Ada Generation, 49140 MiB, 17260 MiB, 100 %
2026/03/27 11:52:59.470, 5, NVIDIA RTX 6000 Ada Generation, 49140 MiB, 2 MiB, 0 %
2026/03/27 11:52:59.470, 6, NVIDIA RTX 6000 Ada Generation, 49140 MiB, 16254 MiB, 0 %
2026/03/27 11:52:59.470, 7, NVIDIA RTX 6000 Ada Generation, 49140 MiB, 21460 MiB, 100 %
2026/03/27 11:53:00.471, 0, NVIDIA RTX 6000 Ada Generation, 49140 MiB, 15890 MiB, 6 %
2026/03/27 11:53:00.471, 1, NVIDIA RTX 6000 Ada Generation, 49140 MiB, 29003 MiB, 100 %
2026/03/27 11:53:00.471, 2, NVIDIA RTX 6000 Ada Generation, 49140 MiB, 21991 MiB, 100 %
2026/03/27 11:53:00.471, 3, NVIDIA RTX 6000 Ada Generation, 49140 MiB, 17248 MiB, 100 %
2026/03/27 11:53:00.506, 4, NVIDIA RTX 6000 Ada Generation, 49140 MiB, 17260 MiB, 100 %
2026/03/27 11:53:00.507, 5, NVIDIA RTX 6000 Ada Generation, 49140 MiB, 2 MiB, 0 %
2026/03/27 11:53:00.507, 6, NVIDIA RTX 6000 Ada Generation, 49140 MiB, 16254 MiB, 0 %
2026/03/27 11:53:00.508, 7, NVIDIA RTX 6000 Ada Generation, 49140 MiB, 21460 MiB, 100 %
2026/03/27 11:53:01.508, 0, NVIDIA RTX 6000 Ada Generation, 49140 MiB, 15890 MiB, 6 %
2026/03/27 11:53:01.508, 1, NVIDIA RTX 6000 Ada Generation, 49140 MiB, 29003 MiB, 100 %
2026/03/27 11:53:01.508, 2, NVIDIA RTX 6000 Ada Generation, 49140 MiB, 21991 MiB, 100 %
2026/03/27 11:53:01.508, 3, NVIDIA RTX 6000 Ada Generation, 49140 MiB, 17248 MiB, 100 %
2026/03/27 11:53:01.508, 4, NVIDIA RTX 6000 Ada Generation, 49140 MiB, 17260 MiB, 100 %
2026/03/27 11:53:01.508, 5, NVIDIA RTX 6000 Ada Generation, 49140 MiB, 2 MiB, 0 %
2026/03/27 11:53:01.508, 6, NVIDIA RTX 6000 Ada Generation, 49140 MiB, 16254 MiB, 0 %
2026/03/27 11:53:01.508, 7, NVIDIA RTX 6000 Ada Generation, 49140 MiB, 21460 MiB, 100 %
2026/03/27 11:53:02.508, 0, NVIDIA RTX 6000 Ada Generation, 49140 MiB, 15890 MiB, 6 %
2026/03/27 11:53:02.587, 1, NVIDIA RTX 6000 Ada Generation, 49140 MiB, 29003 MiB, 100 %
2026/03/27 11:53:02.588, 2, NVIDIA RTX 6000 Ada Generation, 49140 MiB, 21991 MiB, 100 %
2026/03/27 11:53:02.588, 3, NVIDIA RTX 6000 Ada Generation, 49140 MiB, 17248 MiB, 100 %
2026/03/27 11:53:02.588, 4, NVIDIA RTX 6000 Ada Generation, 49140 MiB, 17260 MiB, 100 %
2026/03/27 11:53:02.588, 5, NVIDIA RTX 6000 Ada Generation, 49140 MiB, 2 MiB, 0 %
2026/03/27 11:53:02.588, 6, NVIDIA RTX 6000 Ada Generation, 49140 MiB, 16254 MiB, 0 %
2026/03/27 11:53:02.588, 7, NVIDIA RTX 6000 Ada Generation, 49140 MiB, 21460 MiB, 100 %
2026/03/27 11:53:03.588, 0, NVIDIA RTX 6000 Ada Generation, 49140 MiB, 15890 MiB, 6 %
2026/03/27 11:53:03.589, 1, NVIDIA RTX 6000 Ada Generation, 49140 MiB, 29003 MiB, 100 %
2026/03/27 11:53:03.589, 2, NVIDIA RTX 6000 Ada Generation, 49140 MiB, 21991 MiB, 100 %
2026/03/27 11:53:03.589, 3, NVIDIA RTX 6000 Ada Generation, 49140 MiB, 17248 MiB, 100 %
2026/03/27 11:53:03.589, 4, NVIDIA RTX 6000 Ada Generation, 49140 MiB, 17260 MiB, 100 %
2026/03/27 11:53:03.589, 5, NVIDIA RTX 6000 Ada Generation, 49140 MiB, 2 MiB, 0 %
2026/03/27 11:53:03.680, 6, NVIDIA RTX 6000 Ada Generation, 49140 MiB, 16254 MiB, 0 %
2026/03/27 11:53:03.680, 7, NVIDIA RTX 6000 Ada Generation, 49140 MiB, 21460 MiB, 100 %
2026/03/27 11:53:04.680, 0, NVIDIA RTX 6000 Ada Generation, 49140 MiB, 15890 MiB, 6 %
2026/03/27 11:53:04.681, 1, NVIDIA RTX 6000 Ada Generation, 49140 MiB, 29003 MiB, 100 %
2026/03/27 11:53:04.681, 2, NVIDIA RTX 6000 Ada Generation, 49140 MiB, 21991 MiB, 100 %
2026/03/27 11:53:04.681, 3, NVIDIA RTX 6000 Ada Generation, 49140 MiB, 17248 MiB, 100 %
2026/03/27 11:53:04.681, 4, NVIDIA RTX 6000 Ada Generation, 49140 MiB, 17260 MiB, 100 %
2026/03/27 11:53:04.681, 5, NVIDIA RTX 6000 Ada Generation, 49140 MiB, 2 MiB, 0 %
2026/03/27 11:53:04.681, 6, NVIDIA RTX 6000 Ada Generation, 49140 MiB, 16254 MiB, 0 %
2026/03/27 11:53:04.681, 7, NVIDIA RTX 6000 Ada Generation, 49140 MiB, 21460 MiB, 100 %
2026/03/27 11:53:05.681, 0, NVIDIA RTX 6000 Ada Generation, 49140 MiB, 15890 MiB, 0 %
2026/03/27 11:53:05.681, 1, NVIDIA RTX 6000 Ada Generation, 49140 MiB, 29003 MiB, 99 %
2026/03/27 11:53:05.682, 2, NVIDIA RTX 6000 Ada Generation, 49140 MiB, 21991 MiB, 100 %
2026/03/27 11:53:05.843, 3, NVIDIA RTX 6000 Ada Generation, 49140 MiB, 17248 MiB, 100 %
2026/03/27 11:53:05.843, 4, NVIDIA RTX 6000 Ada Generation, 49140 MiB, 17260 MiB, 100 %
2026/03/27 11:53:05.844, 5, NVIDIA RTX 6000 Ada Generation, 49140 MiB, 2 MiB, 0 %
2026/03/27 11:53:05.844, 6, NVIDIA RTX 6000 Ada Generation, 49140 MiB, 16254 MiB, 0 %
2026/03/27 11:53:05.844, 7, NVIDIA RTX 6000 Ada Generation, 49140 MiB, 21460 MiB, 100 %
2026/03/27 11:53:06.844, 0, NVIDIA RTX 6000 Ada Generation, 49140 MiB, 15890 MiB, 0 %
2026/03/27 11:53:06.844, 1, NVIDIA RTX 6000 Ada Generation, 49140 MiB, 29003 MiB, 100 %
2026/03/27 11:53:06.844, 2, NVIDIA RTX 6000 Ada Generation, 49140 MiB, 21991 MiB, 100 %
2026/03/27 11:53:06.844, 3, NVIDIA RTX 6000 Ada Generation, 49140 MiB, 17248 MiB, 100 %
2026/03/27 11:53:06.844, 4, NVIDIA RTX 6000 Ada Generation, 49140 MiB, 17260 MiB, 98 %
2026/03/27 11:53:06.844, 5, NVIDIA RTX 6000 Ada Generation, 49140 MiB, 2 MiB, 0 %
2026/03/27 11:53:06.844, 6, NVIDIA RTX 6000 Ada Generation, 49140 MiB, 16254 MiB, 0 %
2026/03/27 11:53:06.844, 7, NVIDIA RTX 6000 Ada Generation, 49140 MiB, 21460 MiB, 100 %
2026/03/27 11:53:07.845, 0, NVIDIA RTX 6000 Ada Generation, 49140 MiB, 15890 MiB, 91 %
2026/03/27 11:53:07.845, 1, NVIDIA RTX 6000 Ada Generation, 49140 MiB, 29003 MiB, 100 %
2026/03/27 11:53:07.845, 2, NVIDIA RTX 6000 Ada Generation, 49140 MiB, 21991 MiB, 100 %
2026/03/27 11:53:07.845, 3, NVIDIA RTX 6000 Ada Generation, 49140 MiB, 17248 MiB, 100 %
2026/03/27 11:53:07.845, 4, NVIDIA RTX 6000 Ada Generation, 49140 MiB, 17260 MiB, 100 %
2026/03/27 11:53:07.845, 5, NVIDIA RTX 6000 Ada Generation, 49140 MiB, 2 MiB, 0 %
2026/03/27 11:53:07.845, 6, NVIDIA RTX 6000 Ada Generation, 49140 MiB, 19056 MiB, 44 %
2026/03/27 11:53:07.845, 7, NVIDIA RTX 6000 Ada Generation, 49140 MiB, 21460 MiB, 100 %
2026/03/27 11:53:08.846, 0, NVIDIA RTX 6000 Ada Generation, 49140 MiB, 15890 MiB, 99 %
2026/03/27 11:53:08.846, 1, NVIDIA RTX 6000 Ada Generation, 49140 MiB, 29003 MiB, 100 %
2026/03/27 11:53:08.846, 2, NVIDIA RTX 6000 Ada Generation, 49140 MiB, 21991 MiB, 100 %
2026/03/27 11:53:08.846, 3, NVIDIA RTX 6000 Ada Generation, 49140 MiB, 17248 MiB, 100 %
2026/03/27 11:53:09.045, 4, NVIDIA RTX 6000 Ada Generation, 49140 MiB, 17260 MiB, 100 %
2026/03/27 11:53:09.046, 5, NVIDIA RTX 6000 Ada Generation, 49140 MiB, 2 MiB, 0 %
2026/03/27 11:53:09.046, 6, NVIDIA RTX 6000 Ada Generation, 49140 MiB, 36896 MiB, 0 %
2026/03/27 11:53:09.046, 7, NVIDIA RTX 6000 Ada Generation, 49140 MiB, 21460 MiB, 100 %
2026/03/27 11:53:10.047, 0, NVIDIA RTX 6000 Ada Generation, 49140 MiB, 15890 MiB, 0 %
2026/03/27 11:53:10.047, 1, NVIDIA RTX 6000 Ada Generation, 49140 MiB, 29003 MiB, 100 %
2026/03/27 11:53:10.047, 2, NVIDIA RTX 6000 Ada Generation, 49140 MiB, 21991 MiB, 99 %
2026/03/27 11:53:10.047, 3, NVIDIA RTX 6000 Ada Generation, 49140 MiB, 17248 MiB, 100 %
2026/03/27 11:53:10.047, 4, NVIDIA RTX 6000 Ada Generation, 49140 MiB, 17260 MiB, 100 %
2026/03/27 11:53:10.047, 5, NVIDIA RTX 6000 Ada Generation, 49140 MiB, 2 MiB, 0 %
2026/03/27 11:53:10.047, 6, NVIDIA RTX 6000 Ada Generation, 49140 MiB, 45774 MiB, 0 %
2026/03/27 11:53:10.047, 7, NVIDIA RTX 6000 Ada Generation, 49140 MiB, 21460 MiB, 100 %
2026/03/27 11:53:11.047, 0, NVIDIA RTX 6000 Ada Generation, 49140 MiB, 15890 MiB, 1 %
2026/03/27 11:53:11.168, 1, NVIDIA RTX 6000 Ada Generation, 49140 MiB, 29003 MiB, 100 %
2026/03/27 11:53:11.168, 2, NVIDIA RTX 6000 Ada Generation, 49140 MiB, 21991 MiB, 100 %
2026/03/27 11:53:11.168, 3, NVIDIA RTX 6000 Ada Generation, 49140 MiB, 17248 MiB, 100 %
2026/03/27 11:53:11.168, 4, NVIDIA RTX 6000 Ada Generation, 49140 MiB, 17260 MiB, 100 %
2026/03/27 11:53:11.169, 5, NVIDIA RTX 6000 Ada Generation, 49140 MiB, 2 MiB, 0 %
2026/03/27 11:53:11.169, 6, NVIDIA RTX 6000 Ada Generation, 49140 MiB, 2 MiB, 0 %
2026/03/27 11:53:11.169, 7, NVIDIA RTX 6000 Ada Generation, 49140 MiB, 21460 MiB, 100 %
2026/03/27 11:53:12.169, 0, NVIDIA RTX 6000 Ada Generation, 49140 MiB, 15890 MiB, 6 %
2026/03/27 11:53:12.169, 1, NVIDIA RTX 6000 Ada Generation, 49140 MiB, 29003 MiB, 100 %
2026/03/27 11:53:12.169, 2, NVIDIA RTX 6000 Ada Generation, 49140 MiB, 21991 MiB, 100 %
2026/03/27 11:53:12.169, 3, NVIDIA RTX 6000 Ada Generation, 49140 MiB, 17248 MiB, 100 %
2026/03/27 11:53:12.169, 4, NVIDIA RTX 6000 Ada Generation, 49140 MiB, 17260 MiB, 100 %
2026/03/27 11:53:12.169, 5, NVIDIA RTX 6000 Ada Generation, 49140 MiB, 2 MiB, 0 %
2026/03/27 11:53:12.307, 6, NVIDIA RTX 6000 Ada Generation, 49140 MiB, 2 MiB, 100 %
2026/03/27 11:53:12.307, 7, NVIDIA RTX 6000 Ada Generation, 49140 MiB, 21460 MiB, 100 %
2026/03/27 11:53:13.308, 0, NVIDIA RTX 6000 Ada Generation, 49140 MiB, 15890 MiB, 6 %
2026/03/27 11:53:13.308, 1, NVIDIA RTX 6000 Ada Generation, 49140 MiB, 29003 MiB, 100 %
2026/03/27 11:53:13.308, 2, NVIDIA RTX 6000 Ada Generation, 49140 MiB, 21991 MiB, 100 %
2026/03/27 11:53:13.308, 3, NVIDIA RTX 6000 Ada Generation, 49140 MiB, 17248 MiB, 100 %
2026/03/27 11:53:13.308, 4, NVIDIA RTX 6000 Ada Generation, 49140 MiB, 17260 MiB, 100 %
2026/03/27 11:53:13.308, 5, NVIDIA RTX 6000 Ada Generation, 49140 MiB, 2 MiB, 0 %
2026/03/27 11:53:13.308, 6, NVIDIA RTX 6000 Ada Generation, 49140 MiB, 2 MiB, 0 %
2026/03/27 11:53:13.308, 7, NVIDIA RTX 6000 Ada Generation, 49140 MiB, 21460 MiB, 100 %
2026/03/27 11:53:14.308, 0, NVIDIA RTX 6000 Ada Generation, 49140 MiB, 15890 MiB, 6 %
2026/03/27 11:53:14.309, 1, NVIDIA RTX 6000 Ada Generation, 49140 MiB, 29003 MiB, 100 %
2026/03/27 11:53:14.309, 2, NVIDIA RTX 6000 Ada Generation, 49140 MiB, 21991 MiB, 100 %
2026/03/27 11:53:14.512, 3, NVIDIA RTX 6000 Ada Generation, 49140 MiB, 17248 MiB, 100 %
2026/03/27 11:53:14.741, 4, NVIDIA RTX 6000 Ada Generation, 49140 MiB, 17260 MiB, 100 %
2026/03/27 11:53:14.743, 5, NVIDIA RTX 6000 Ada Generation, 49140 MiB, 2 MiB, 0 %
2026/03/27 11:53:14.744, 6, NVIDIA RTX 6000 Ada Generation, 49140 MiB, 2 MiB, 0 %
2026/03/27 11:53:14.987, 7, NVIDIA RTX 6000 Ada Generation, 49140 MiB, 21460 MiB, 100 %
2026/03/27 11:53:15.987, 0, NVIDIA RTX 6000 Ada Generation, 49140 MiB, 15890 MiB, 6 %
2026/03/27 11:53:15.987, 1, NVIDIA RTX 6000 Ada Generation, 49140 MiB, 29003 MiB, 100 %
2026/03/27 11:53:15.988, 2, NVIDIA RTX 6000 Ada Generation, 49140 MiB, 21991 MiB, 100 %
2026/03/27 11:53:15.988, 3, NVIDIA RTX 6000 Ada Generation, 49140 MiB, 17248 MiB, 100 %
2026/03/27 11:53:15.988, 4, NVIDIA RTX 6000 Ada Generation, 49140 MiB, 17260 MiB, 100 %
2026/03/27 11:53:15.988, 5, NVIDIA RTX 6000 Ada Generation, 49140 MiB, 2 MiB, 0 %
2026/03/27 11:53:15.988, 6, NVIDIA RTX 6000 Ada Generation, 49140 MiB, 4 MiB, 0 %
2026/03/27 11:53:15.988, 7, NVIDIA RTX 6000 Ada Generation, 49140 MiB, 21460 MiB, 100 %
2026/03/27 11:53:16.988, 0, NVIDIA RTX 6000 Ada Generation, 49140 MiB, 15890 MiB, 0 %
2026/03/27 11:53:16.988, 1, NVIDIA RTX 6000 Ada Generation, 49140 MiB, 29003 MiB, 100 %
2026/03/27 11:53:17.105, 2, NVIDIA RTX 6000 Ada Generation, 49140 MiB, 21991 MiB, 100 %
2026/03/27 11:53:17.106, 3, NVIDIA RTX 6000 Ada Generation, 49140 MiB, 17248 MiB, 100 %
2026/03/27 11:53:17.106, 4, NVIDIA RTX 6000 Ada Generation, 49140 MiB, 17260 MiB, 100 %
2026/03/27 11:53:17.106, 5, NVIDIA RTX 6000 Ada Generation, 49140 MiB, 2 MiB, 0 %
2026/03/27 11:53:17.106, 6, NVIDIA RTX 6000 Ada Generation, 49140 MiB, 16254 MiB, 20 %
2026/03/27 11:53:17.106, 7, NVIDIA RTX 6000 Ada Generation, 49140 MiB, 21460 MiB, 100 %
2026/03/27 11:53:18.106, 0, NVIDIA RTX 6000 Ada Generation, 49140 MiB, 15890 MiB, 87 %
2026/03/27 11:53:18.106, 1, NVIDIA RTX 6000 Ada Generation, 49140 MiB, 29003 MiB, 100 %
2026/03/27 11:53:18.106, 2, NVIDIA RTX 6000 Ada Generation, 49140 MiB, 21991 MiB, 100 %
2026/03/27 11:53:18.106, 3, NVIDIA RTX 6000 Ada Generation, 49140 MiB, 17248 MiB, 100 %
2026/03/27 11:53:18.106, 4, NVIDIA RTX 6000 Ada Generation, 49140 MiB, 17260 MiB, 100 %
2026/03/27 11:53:18.107, 5, NVIDIA RTX 6000 Ada Generation, 49140 MiB, 2 MiB, 0 %
2026/03/27 11:53:18.107, 6, NVIDIA RTX 6000 Ada Generation, 49140 MiB, 16254 MiB, 13 %
2026/03/27 11:53:18.121, 7, NVIDIA RTX 6000 Ada Generation, 49140 MiB, 21460 MiB, 100 %
2026/03/27 11:53:19.121, 0, NVIDIA RTX 6000 Ada Generation, 49140 MiB, 15890 MiB, 84 %
2026/03/27 11:53:19.121, 1, NVIDIA RTX 6000 Ada Generation, 49140 MiB, 29003 MiB, 100 %
2026/03/27 11:53:19.121, 2, NVIDIA RTX 6000 Ada Generation, 49140 MiB, 21991 MiB, 100 %
2026/03/27 11:53:19.121, 3, NVIDIA RTX 6000 Ada Generation, 49140 MiB, 17248 MiB, 100 %
2026/03/27 11:53:19.122, 4, NVIDIA RTX 6000 Ada Generation, 49140 MiB, 17260 MiB, 100 %
2026/03/27 11:53:19.122, 5, NVIDIA RTX 6000 Ada Generation, 49140 MiB, 2 MiB, 0 %
2026/03/27 11:53:19.122, 6, NVIDIA RTX 6000 Ada Generation, 49140 MiB, 16254 MiB, 14 %
2026/03/27 11:53:19.122, 7, NVIDIA RTX 6000 Ada Generation, 49140 MiB, 21460 MiB, 100 %
2026/03/27 11:53:20.122, 0, NVIDIA RTX 6000 Ada Generation, 49140 MiB, 15890 MiB, 88 %
2026/03/27 11:53:20.122, 1, NVIDIA RTX 6000 Ada Generation, 49140 MiB, 29003 MiB, 100 %
2026/03/27 11:53:20.122, 2, NVIDIA RTX 6000 Ada Generation, 49140 MiB, 21991 MiB, 100 %
2026/03/27 11:53:20.249, 3, NVIDIA RTX 6000 Ada Generation, 49140 MiB, 17248 MiB, 100 %
2026/03/27 11:53:20.250, 4, NVIDIA RTX 6000 Ada Generation, 49140 MiB, 17260 MiB, 100 %
2026/03/27 11:53:20.250, 5, NVIDIA RTX 6000 Ada Generation, 49140 MiB, 2 MiB, 0 %
2026/03/27 11:53:20.250, 6, NVIDIA RTX 6000 Ada Generation, 49140 MiB, 16254 MiB, 13 %
2026/03/27 11:53:20.250, 7, NVIDIA RTX 6000 Ada Generation, 49140 MiB, 21460 MiB, 100 %
2026/03/27 11:53:21.250, 0, NVIDIA RTX 6000 Ada Generation, 49140 MiB, 15890 MiB, 0 %
2026/03/27 11:53:21.251, 1, NVIDIA RTX 6000 Ada Generation, 49140 MiB, 29003 MiB, 100 %
2026/03/27 11:53:21.251, 2, NVIDIA RTX 6000 Ada Generation, 49140 MiB, 21991 MiB, 100 %
2026/03/27 11:53:21.251, 3, NVIDIA RTX 6000 Ada Generation, 49140 MiB, 17248 MiB, 100 %
2026/03/27 11:53:21.251, 4, NVIDIA RTX 6000 Ada Generation, 49140 MiB, 17260 MiB, 100 %
2026/03/27 11:53:21.251, 5, NVIDIA RTX 6000 Ada Generation, 49140 MiB, 2 MiB, 0 %
2026/03/27 11:53:21.251, 6, NVIDIA RTX 6000 Ada Generation, 49140 MiB, 16254 MiB, 14 %
2026/03/27 11:53:21.251, 7, NVIDIA RTX 6000 Ada Generation, 49140 MiB, 21460 MiB, 100 %
2026/03/27 11:53:22.275, 0, NVIDIA RTX 6000 Ada Generation, 49140 MiB, 15890 MiB, 6 %
2026/03/27 11:53:22.276, 1, NVIDIA RTX 6000 Ada Generation, 49140 MiB, 29003 MiB, 100 %
2026/03/27 11:53:22.276, 2, NVIDIA RTX 6000 Ada Generation, 49140 MiB, 21991 MiB, 100 %
2026/03/27 11:53:22.276, 3, NVIDIA RTX 6000 Ada Generation, 49140 MiB, 17248 MiB, 100 %
2026/03/27 11:53:22.276, 4, NVIDIA RTX 6000 Ada Generation, 49140 MiB, 17260 MiB, 100 %
2026/03/27 11:53:22.276, 5, NVIDIA RTX 6000 Ada Generation, 49140 MiB, 2 MiB, 0 %
2026/03/27 11:53:22.276, 6, NVIDIA RTX 6000 Ada Generation, 49140 MiB, 16254 MiB, 0 %
2026/03/27 11:53:22.276, 7, NVIDIA RTX 6000 Ada Generation, 49140 MiB, 21460 MiB, 100 %
2026/03/27 11:53:23.276, 0, NVIDIA RTX 6000 Ada Generation, 49140 MiB, 15890 MiB, 6 %
2026/03/27 11:53:23.276, 1, NVIDIA RTX 6000 Ada Generation, 49140 MiB, 29003 MiB, 100 %
2026/03/27 11:53:23.276, 2, NVIDIA RTX 6000 Ada Generation, 49140 MiB, 21991 MiB, 100 %
2026/03/27 11:53:23.276, 3, NVIDIA RTX 6000 Ada Generation, 49140 MiB, 17248 MiB, 100 %
2026/03/27 11:53:23.371, 4, NVIDIA RTX 6000 Ada Generation, 49140 MiB, 17260 MiB, 100 %
2026/03/27 11:53:23.372, 5, NVIDIA RTX 6000 Ada Generation, 49140 MiB, 2 MiB, 0 %
2026/03/27 11:53:23.372, 6, NVIDIA RTX 6000 Ada Generation, 49140 MiB, 16254 MiB, 0 %
2026/03/27 11:53:23.372, 7, NVIDIA RTX 6000 Ada Generation, 49140 MiB, 21460 MiB, 0 %
2026/03/27 11:53:24.372, 0, NVIDIA RTX 6000 Ada Generation, 49140 MiB, 15890 MiB, 6 %
2026/03/27 11:53:24.372, 1, NVIDIA RTX 6000 Ada Generation, 49140 MiB, 29003 MiB, 100 %
2026/03/27 11:53:24.373, 2, NVIDIA RTX 6000 Ada Generation, 49140 MiB, 21991 MiB, 100 %
2026/03/27 11:53:24.373, 3, NVIDIA RTX 6000 Ada Generation, 49140 MiB, 17248 MiB, 100 %
2026/03/27 11:53:24.373, 4, NVIDIA RTX 6000 Ada Generation, 49140 MiB, 17260 MiB, 100 %
2026/03/27 11:53:24.373, 5, NVIDIA RTX 6000 Ada Generation, 49140 MiB, 2 MiB, 0 %
2026/03/27 11:53:24.373, 6, NVIDIA RTX 6000 Ada Generation, 49140 MiB, 16254 MiB, 0 %
2026/03/27 11:53:24.373, 7, NVIDIA RTX 6000 Ada Generation, 49140 MiB, 21460 MiB, 94 %
2026/03/27 11:53:25.373, 0, NVIDIA RTX 6000 Ada Generation, 49140 MiB, 15890 MiB, 1 %
2026/03/27 11:53:25.394, 1, NVIDIA RTX 6000 Ada Generation, 49140 MiB, 29003 MiB, 100 %
2026/03/27 11:53:25.395, 2, NVIDIA RTX 6000 Ada Generation, 49140 MiB, 21991 MiB, 100 %
2026/03/27 11:53:25.395, 3, NVIDIA RTX 6000 Ada Generation, 49140 MiB, 17248 MiB, 100 %
2026/03/27 11:53:25.395, 4, NVIDIA RTX 6000 Ada Generation, 49140 MiB, 17260 MiB, 100 %
2026/03/27 11:53:25.395, 5, NVIDIA RTX 6000 Ada Generation, 49140 MiB, 2 MiB, 0 %
2026/03/27 11:53:25.395, 6, NVIDIA RTX 6000 Ada Generation, 49140 MiB, 16254 MiB, 0 %
2026/03/27 11:53:25.395, 7, NVIDIA RTX 6000 Ada Generation, 49140 MiB, 21460 MiB, 100 %
2026/03/27 11:53:26.396, 0, NVIDIA RTX 6000 Ada Generation, 49140 MiB, 15890 MiB, 6 %
2026/03/27 11:53:26.396, 1, NVIDIA RTX 6000 Ada Generation, 49140 MiB, 29003 MiB, 100 %
2026/03/27 11:53:26.396, 2, NVIDIA RTX 6000 Ada Generation, 49140 MiB, 21991 MiB, 100 %
2026/03/27 11:53:26.396, 3, NVIDIA RTX 6000 Ada Generation, 49140 MiB, 17248 MiB, 100 %
2026/03/27 11:53:26.396, 4, NVIDIA RTX 6000 Ada Generation, 49140 MiB, 17260 MiB, 100 %
2026/03/27 11:53:26.396, 5, NVIDIA RTX 6000 Ada Generation, 49140 MiB, 2 MiB, 0 %
2026/03/27 11:53:26.490, 6, NVIDIA RTX 6000 Ada Generation, 49140 MiB, 16254 MiB, 0 %
2026/03/27 11:53:26.490, 7, NVIDIA RTX 6000 Ada Generation, 49140 MiB, 21460 MiB, 100 %
2026/03/27 11:53:27.490, 0, NVIDIA RTX 6000 Ada Generation, 49140 MiB, 15890 MiB, 6 %
2026/03/27 11:53:27.490, 1, NVIDIA RTX 6000 Ada Generation, 49140 MiB, 29003 MiB, 100 %
2026/03/27 11:53:27.490, 2, NVIDIA RTX 6000 Ada Generation, 49140 MiB, 21991 MiB, 100 %
2026/03/27 11:53:27.490, 3, NVIDIA RTX 6000 Ada Generation, 49140 MiB, 17248 MiB, 100 %
2026/03/27 11:53:27.490, 4, NVIDIA RTX 6000 Ada Generation, 49140 MiB, 17260 MiB, 100 %
2026/03/27 11:53:27.491, 5, NVIDIA RTX 6000 Ada Generation, 49140 MiB, 2 MiB, 0 %
2026/03/27 11:53:27.491, 6, NVIDIA RTX 6000 Ada Generation, 49140 MiB, 16254 MiB, 0 %
2026/03/27 11:53:27.491, 7, NVIDIA RTX 6000 Ada Generation, 49140 MiB, 21460 MiB, 100 %
2026/03/27 11:53:28.491, 0, NVIDIA RTX 6000 Ada Generation, 49140 MiB, 15890 MiB, 0 %
2026/03/27 11:53:28.491, 1, NVIDIA RTX 6000 Ada Generation, 49140 MiB, 29003 MiB, 100 %
2026/03/27 11:53:28.491, 2, NVIDIA RTX 6000 Ada Generation, 49140 MiB, 21991 MiB, 100 %
2026/03/27 11:53:28.613, 3, NVIDIA RTX 6000 Ada Generation, 49140 MiB, 17248 MiB, 100 %
2026/03/27 11:53:28.614, 4, NVIDIA RTX 6000 Ada Generation, 49140 MiB, 17260 MiB, 100 %
2026/03/27 11:53:28.614, 5, NVIDIA RTX 6000 Ada Generation, 49140 MiB, 2 MiB, 0 %
2026/03/27 11:53:28.614, 6, NVIDIA RTX 6000 Ada Generation, 49140 MiB, 16254 MiB, 0 %
2026/03/27 11:53:28.614, 7, NVIDIA RTX 6000 Ada Generation, 49140 MiB, 21460 MiB, 99 %
2026/03/27 11:53:29.614, 0, NVIDIA RTX 6000 Ada Generation, 49140 MiB, 15890 MiB, 87 %
2026/03/27 11:53:29.614, 1, NVIDIA RTX 6000 Ada Generation, 49140 MiB, 29003 MiB, 100 %
2026/03/27 11:53:29.614, 2, NVIDIA RTX 6000 Ada Generation, 49140 MiB, 21991 MiB, 100 %
2026/03/27 11:53:29.614, 3, NVIDIA RTX 6000 Ada Generation, 49140 MiB, 17248 MiB, 100 %
2026/03/27 11:53:29.614, 4, NVIDIA RTX 6000 Ada Generation, 49140 MiB, 17260 MiB, 100 %
2026/03/27 11:53:29.614, 5, NVIDIA RTX 6000 Ada Generation, 49140 MiB, 2 MiB, 0 %
2026/03/27 11:53:29.615, 6, NVIDIA RTX 6000 Ada Generation, 49140 MiB, 16254 MiB, 0 %
2026/03/27 11:53:29.615, 7, NVIDIA RTX 6000 Ada Generation, 49140 MiB, 21460 MiB, 100 %
2026/03/27 11:53:30.615, 0, NVIDIA RTX 6000 Ada Generation, 49140 MiB, 15890 MiB, 84 %
2026/03/27 11:53:30.618, 1, NVIDIA RTX 6000 Ada Generation, 49140 MiB, 29003 MiB, 100 %
2026/03/27 11:53:30.620, 2, NVIDIA RTX 6000 Ada Generation, 49140 MiB, 21991 MiB, 100 %
2026/03/27 11:53:30.620, 3, NVIDIA RTX 6000 Ada Generation, 49140 MiB, 17248 MiB, 100 %
2026/03/27 11:53:30.620, 4, NVIDIA RTX 6000 Ada Generation, 49140 MiB, 17260 MiB, 100 %
2026/03/27 11:53:30.620, 5, NVIDIA RTX 6000 Ada Generation, 49140 MiB, 2 MiB, 0 %
2026/03/27 11:53:30.620, 6, NVIDIA RTX 6000 Ada Generation, 49140 MiB, 16254 MiB, 0 %
2026/03/27 11:53:30.620, 7, NVIDIA RTX 6000 Ada Generation, 49140 MiB, 21460 MiB, 100 %
2026/03/27 11:53:31.620, 0, NVIDIA RTX 6000 Ada Generation, 49140 MiB, 15890 MiB, 0 %
2026/03/27 11:53:31.697, 1, NVIDIA RTX 6000 Ada Generation, 49140 MiB, 29003 MiB, 100 %
2026/03/27 11:53:31.697, 2, NVIDIA RTX 6000 Ada Generation, 49140 MiB, 21991 MiB, 100 %
2026/03/27 11:53:31.697, 3, NVIDIA RTX 6000 Ada Generation, 49140 MiB, 17248 MiB, 100 %
2026/03/27 11:53:31.697, 4, NVIDIA RTX 6000 Ada Generation, 49140 MiB, 17260 MiB, 100 %
2026/03/27 11:53:31.698, 5, NVIDIA RTX 6000 Ada Generation, 49140 MiB, 2 MiB, 0 %
2026/03/27 11:53:31.698, 6, NVIDIA RTX 6000 Ada Generation, 49140 MiB, 18988 MiB, 0 %
2026/03/27 11:53:31.698, 7, NVIDIA RTX 6000 Ada Generation, 49140 MiB, 21460 MiB, 100 %
2026/03/27 11:53:32.698, 0, NVIDIA RTX 6000 Ada Generation, 49140 MiB, 15890 MiB, 6 %
2026/03/27 11:53:32.698, 1, NVIDIA RTX 6000 Ada Generation, 49140 MiB, 29003 MiB, 100 %
2026/03/27 11:53:32.698, 2, NVIDIA RTX 6000 Ada Generation, 49140 MiB, 21991 MiB, 100 %
2026/03/27 11:53:32.698, 3, NVIDIA RTX 6000 Ada Generation, 49140 MiB, 17248 MiB, 100 %
2026/03/27 11:53:32.698, 4, NVIDIA RTX 6000 Ada Generation, 49140 MiB, 17260 MiB, 100 %
2026/03/27 11:53:32.698, 5, NVIDIA RTX 6000 Ada Generation, 49140 MiB, 2 MiB, 0 %
2026/03/27 11:53:32.698, 6, NVIDIA RTX 6000 Ada Generation, 49140 MiB, 26558 MiB, 0 %
2026/03/27 11:53:32.699, 7, NVIDIA RTX 6000 Ada Generation, 49140 MiB, 21460 MiB, 100 %
2026/03/27 11:53:33.699, 0, NVIDIA RTX 6000 Ada Generation, 49140 MiB, 15890 MiB, 6 %
2026/03/27 11:53:33.797, 1, NVIDIA RTX 6000 Ada Generation, 49140 MiB, 29003 MiB, 100 %
2026/03/27 11:53:33.798, 2, NVIDIA RTX 6000 Ada Generation, 49140 MiB, 21991 MiB, 100 %
2026/03/27 11:53:33.798, 3, NVIDIA RTX 6000 Ada Generation, 49140 MiB, 17248 MiB, 100 %
2026/03/27 11:53:33.798, 4, NVIDIA RTX 6000 Ada Generation, 49140 MiB, 17260 MiB, 100 %
2026/03/27 11:53:33.798, 5, NVIDIA RTX 6000 Ada Generation, 49140 MiB, 2 MiB, 0 %
2026/03/27 11:53:33.798, 6, NVIDIA RTX 6000 Ada Generation, 49140 MiB, 45774 MiB, 0 %
2026/03/27 11:53:33.798, 7, NVIDIA RTX 6000 Ada Generation, 49140 MiB, 21460 MiB, 100 %
2026/03/27 11:53:34.798, 0, NVIDIA RTX 6000 Ada Generation, 49140 MiB, 15890 MiB, 0 %
2026/03/27 11:53:34.903, 1, NVIDIA RTX 6000 Ada Generation, 49140 MiB, 29003 MiB, 100 %
2026/03/27 11:53:35.058, 2, NVIDIA RTX 6000 Ada Generation, 49140 MiB, 21991 MiB, 100 %
2026/03/27 11:53:35.061, 3, NVIDIA RTX 6000 Ada Generation, 49140 MiB, 17248 MiB, 100 %
2026/03/27 11:53:35.250, 4, NVIDIA RTX 6000 Ada Generation, 49140 MiB, 17260 MiB, 100 %
2026/03/27 11:53:35.255, 5, NVIDIA RTX 6000 Ada Generation, 49140 MiB, 2 MiB, 0 %
2026/03/27 11:53:35.257, 6, NVIDIA RTX 6000 Ada Generation, 49140 MiB, 45774 MiB, 0 %
2026/03/27 11:53:35.261, 7, NVIDIA RTX 6000 Ada Generation, 49140 MiB, 21460 MiB, 100 %
2026/03/27 11:53:36.263, 0, NVIDIA RTX 6000 Ada Generation, 49140 MiB, 15890 MiB, 6 %
2026/03/27 11:53:36.264, 1, NVIDIA RTX 6000 Ada Generation, 49140 MiB, 29003 MiB, 100 %
2026/03/27 11:53:36.264, 2, NVIDIA RTX 6000 Ada Generation, 49140 MiB, 21991 MiB, 100 %
2026/03/27 11:53:36.264, 3, NVIDIA RTX 6000 Ada Generation, 49140 MiB, 17248 MiB, 100 %
2026/03/27 11:53:36.264, 4, NVIDIA RTX 6000 Ada Generation, 49140 MiB, 17260 MiB, 100 %
2026/03/27 11:53:36.264, 5, NVIDIA RTX 6000 Ada Generation, 49140 MiB, 2 MiB, 0 %
2026/03/27 11:53:36.264, 6, NVIDIA RTX 6000 Ada Generation, 49140 MiB, 2 MiB, 100 %
2026/03/27 11:53:36.264, 7, NVIDIA RTX 6000 Ada Generation, 49140 MiB, 21460 MiB, 100 %
2026/03/27 11:53:37.264, 0, NVIDIA RTX 6000 Ada Generation, 49140 MiB, 15890 MiB, 6 %
2026/03/27 11:53:37.264, 1, NVIDIA RTX 6000 Ada Generation, 49140 MiB, 29003 MiB, 100 %
2026/03/27 11:53:37.264, 2, NVIDIA RTX 6000 Ada Generation, 49140 MiB, 21991 MiB, 100 %
2026/03/27 11:53:37.264, 3, NVIDIA RTX 6000 Ada Generation, 49140 MiB, 17248 MiB, 100 %
2026/03/27 11:53:37.336, 4, NVIDIA RTX 6000 Ada Generation, 49140 MiB, 17260 MiB, 99 %
2026/03/27 11:53:37.336, 5, NVIDIA RTX 6000 Ada Generation, 49140 MiB, 2 MiB, 0 %
2026/03/27 11:53:37.336, 6, NVIDIA RTX 6000 Ada Generation, 49140 MiB, 2 MiB, 0 %
2026/03/27 11:53:37.336, 7, NVIDIA RTX 6000 Ada Generation, 49140 MiB, 21460 MiB, 100 %
2026/03/27 11:53:38.336, 0, NVIDIA RTX 6000 Ada Generation, 49140 MiB, 15890 MiB, 0 %
2026/03/27 11:53:38.337, 1, NVIDIA RTX 6000 Ada Generation, 49140 MiB, 29003 MiB, 100 %
2026/03/27 11:53:38.337, 2, NVIDIA RTX 6000 Ada Generation, 49140 MiB, 21991 MiB, 100 %
2026/03/27 11:53:38.337, 3, NVIDIA RTX 6000 Ada Generation, 49140 MiB, 17248 MiB, 100 %
2026/03/27 11:53:38.337, 4, NVIDIA RTX 6000 Ada Generation, 49140 MiB, 17260 MiB, 100 %
2026/03/27 11:53:38.337, 5, NVIDIA RTX 6000 Ada Generation, 49140 MiB, 2 MiB, 0 %
2026/03/27 11:53:38.337, 6, NVIDIA RTX 6000 Ada Generation, 49140 MiB, 4 MiB, 0 %
2026/03/27 11:53:38.337, 7, NVIDIA RTX 6000 Ada Generation, 49140 MiB, 21460 MiB, 100 %
2026/03/27 11:53:39.337, 0, NVIDIA RTX 6000 Ada Generation, 49140 MiB, 15890 MiB, 6 %
2026/03/27 11:53:39.399, 1, NVIDIA RTX 6000 Ada Generation, 49140 MiB, 29003 MiB, 100 %
2026/03/27 11:53:39.400, 2, NVIDIA RTX 6000 Ada Generation, 49140 MiB, 21991 MiB, 99 %
2026/03/27 11:53:39.400, 3, NVIDIA RTX 6000 Ada Generation, 49140 MiB, 17248 MiB, 100 %
2026/03/27 11:53:39.400, 4, NVIDIA RTX 6000 Ada Generation, 49140 MiB, 17260 MiB, 100 %
2026/03/27 11:53:39.400, 5, NVIDIA RTX 6000 Ada Generation, 49140 MiB, 2 MiB, 0 %
2026/03/27 11:53:39.400, 6, NVIDIA RTX 6000 Ada Generation, 49140 MiB, 16254 MiB, 0 %
2026/03/27 11:53:39.400, 7, NVIDIA RTX 6000 Ada Generation, 49140 MiB, 21460 MiB, 100 %
2026/03/27 11:53:40.401, 0, NVIDIA RTX 6000 Ada Generation, 49140 MiB, 15890 MiB, 0 %
2026/03/27 11:53:40.401, 1, NVIDIA RTX 6000 Ada Generation, 49140 MiB, 29003 MiB, 100 %
2026/03/27 11:53:40.401, 2, NVIDIA RTX 6000 Ada Generation, 49140 MiB, 21991 MiB, 100 %
2026/03/27 11:53:40.401, 3, NVIDIA RTX 6000 Ada Generation, 49140 MiB, 17248 MiB, 100 %
2026/03/27 11:53:40.401, 4, NVIDIA RTX 6000 Ada Generation, 49140 MiB, 17260 MiB, 100 %
2026/03/27 11:53:40.401, 5, NVIDIA RTX 6000 Ada Generation, 49140 MiB, 2 MiB, 0 %
2026/03/27 11:53:40.478, 6, NVIDIA RTX 6000 Ada Generation, 49140 MiB, 16254 MiB, 13 %
2026/03/27 11:53:40.478, 7, NVIDIA RTX 6000 Ada Generation, 49140 MiB, 21460 MiB, 100 %
2026/03/27 11:53:41.478, 0, NVIDIA RTX 6000 Ada Generation, 49140 MiB, 15890 MiB, 91 %
2026/03/27 11:53:41.479, 1, NVIDIA RTX 6000 Ada Generation, 49140 MiB, 29003 MiB, 100 %
2026/03/27 11:53:41.479, 2, NVIDIA RTX 6000 Ada Generation, 49140 MiB, 21991 MiB, 100 %
2026/03/27 11:53:41.479, 3, NVIDIA RTX 6000 Ada Generation, 49140 MiB, 17248 MiB, 100 %
2026/03/27 11:53:41.479, 4, NVIDIA RTX 6000 Ada Generation, 49140 MiB, 17260 MiB, 100 %
2026/03/27 11:53:41.479, 5, NVIDIA RTX 6000 Ada Generation, 49140 MiB, 2 MiB, 0 %
2026/03/27 11:53:41.479, 6, NVIDIA RTX 6000 Ada Generation, 49140 MiB, 16254 MiB, 13 %
2026/03/27 11:53:41.479, 7, NVIDIA RTX 6000 Ada Generation, 49140 MiB, 21460 MiB, 100 %
2026/03/27 11:53:42.479, 0, NVIDIA RTX 6000 Ada Generation, 49140 MiB, 15890 MiB, 90 %
2026/03/27 11:53:42.479, 1, NVIDIA RTX 6000 Ada Generation, 49140 MiB, 29003 MiB, 100 %
2026/03/27 11:53:42.606, 2, NVIDIA RTX 6000 Ada Generation, 49140 MiB, 21991 MiB, 100 %
2026/03/27 11:53:42.606, 3, NVIDIA RTX 6000 Ada Generation, 49140 MiB, 17248 MiB, 100 %
2026/03/27 11:53:42.607, 4, NVIDIA RTX 6000 Ada Generation, 49140 MiB, 17260 MiB, 100 %
2026/03/27 11:53:42.607, 5, NVIDIA RTX 6000 Ada Generation, 49140 MiB, 2 MiB, 0 %
2026/03/27 11:53:42.607, 6, NVIDIA RTX 6000 Ada Generation, 49140 MiB, 16254 MiB, 14 %
2026/03/27 11:53:42.607, 7, NVIDIA RTX 6000 Ada Generation, 49140 MiB, 21460 MiB, 100 %
2026/03/27 11:53:43.607, 0, NVIDIA RTX 6000 Ada Generation, 49140 MiB, 15890 MiB, 95 %
2026/03/27 11:53:43.607, 1, NVIDIA RTX 6000 Ada Generation, 49140 MiB, 29003 MiB, 100 %
2026/03/27 11:53:43.607, 2, NVIDIA RTX 6000 Ada Generation, 49140 MiB, 21991 MiB, 100 %
2026/03/27 11:53:43.607, 3, NVIDIA RTX 6000 Ada Generation, 49140 MiB, 17248 MiB, 100 %
2026/03/27 11:53:43.607, 4, NVIDIA RTX 6000 Ada Generation, 49140 MiB, 17260 MiB, 100 %
2026/03/27 11:53:43.607, 5, NVIDIA RTX 6000 Ada Generation, 49140 MiB, 2 MiB, 0 %
2026/03/27 11:53:43.607, 6, NVIDIA RTX 6000 Ada Generation, 49140 MiB, 16254 MiB, 13 %
2026/03/27 11:53:43.608, 7, NVIDIA RTX 6000 Ada Generation, 49140 MiB, 21460 MiB, 100 %
2026/03/27 11:53:44.784, 0, NVIDIA RTX 6000 Ada Generation, 49140 MiB, 15890 MiB, 0 %
2026/03/27 11:53:44.784, 1, NVIDIA RTX 6000 Ada Generation, 49140 MiB, 29003 MiB, 100 %
2026/03/27 11:53:44.785, 2, NVIDIA RTX 6000 Ada Generation, 49140 MiB, 21991 MiB, 100 %
2026/03/27 11:53:44.785, 3, NVIDIA RTX 6000 Ada Generation, 49140 MiB, 17248 MiB, 100 %
2026/03/27 11:53:44.785, 4, NVIDIA RTX 6000 Ada Generation, 49140 MiB, 17260 MiB, 100 %
2026/03/27 11:53:44.785, 5, NVIDIA RTX 6000 Ada Generation, 49140 MiB, 2 MiB, 0 %
2026/03/27 11:53:44.785, 6, NVIDIA RTX 6000 Ada Generation, 49140 MiB, 16254 MiB, 6 %
2026/03/27 11:53:44.785, 7, NVIDIA RTX 6000 Ada Generation, 49140 MiB, 21460 MiB, 100 %
2026/03/27 11:53:45.785, 0, NVIDIA RTX 6000 Ada Generation, 49140 MiB, 15890 MiB, 6 %
2026/03/27 11:53:45.785, 1, NVIDIA RTX 6000 Ada Generation, 49140 MiB, 29003 MiB, 100 %
2026/03/27 11:53:45.785, 2, NVIDIA RTX 6000 Ada Generation, 49140 MiB, 21991 MiB, 100 %
2026/03/27 11:53:45.785, 3, NVIDIA RTX 6000 Ada Generation, 49140 MiB, 17248 MiB, 100 %
2026/03/27 11:53:45.842, 4, NVIDIA RTX 6000 Ada Generation, 49140 MiB, 17260 MiB, 100 %
2026/03/27 11:53:45.843, 5, NVIDIA RTX 6000 Ada Generation, 49140 MiB, 2 MiB, 0 %
2026/03/27 11:53:45.843, 6, NVIDIA RTX 6000 Ada Generation, 49140 MiB, 16254 MiB, 0 %
2026/03/27 11:53:45.843, 7, NVIDIA RTX 6000 Ada Generation, 49140 MiB, 21460 MiB, 100 %
2026/03/27 11:53:46.843, 0, NVIDIA RTX 6000 Ada Generation, 49140 MiB, 15890 MiB, 6 %
2026/03/27 11:53:46.843, 1, NVIDIA RTX 6000 Ada Generation, 49140 MiB, 29003 MiB, 100 %
2026/03/27 11:53:46.843, 2, NVIDIA RTX 6000 Ada Generation, 49140 MiB, 21991 MiB, 100 %
2026/03/27 11:53:46.844, 3, NVIDIA RTX 6000 Ada Generation, 49140 MiB, 17248 MiB, 100 %
2026/03/27 11:53:46.844, 4, NVIDIA RTX 6000 Ada Generation, 49140 MiB, 17260 MiB, 100 %
2026/03/27 11:53:46.844, 5, NVIDIA RTX 6000 Ada Generation, 49140 MiB, 2 MiB, 0 %
2026/03/27 11:53:46.844, 6, NVIDIA RTX 6000 Ada Generation, 49140 MiB, 16254 MiB, 0 %
2026/03/27 11:53:46.844, 7, NVIDIA RTX 6000 Ada Generation, 49140 MiB, 21460 MiB, 100 %
2026/03/27 11:53:47.844, 0, NVIDIA RTX 6000 Ada Generation, 49140 MiB, 15890 MiB, 0 %
2026/03/27 11:53:47.917, 1, NVIDIA RTX 6000 Ada Generation, 49140 MiB, 29003 MiB, 100 %
2026/03/27 11:53:47.918, 2, NVIDIA RTX 6000 Ada Generation, 49140 MiB, 21991 MiB, 100 %
2026/03/27 11:53:47.918, 3, NVIDIA RTX 6000 Ada Generation, 49140 MiB, 17248 MiB, 100 %
2026/03/27 11:53:47.918, 4, NVIDIA RTX 6000 Ada Generation, 49140 MiB, 17260 MiB, 100 %
2026/03/27 11:53:47.918, 5, NVIDIA RTX 6000 Ada Generation, 49140 MiB, 2 MiB, 0 %
2026/03/27 11:53:47.918, 6, NVIDIA RTX 6000 Ada Generation, 49140 MiB, 16254 MiB, 0 %
2026/03/27 11:53:47.918, 7, NVIDIA RTX 6000 Ada Generation, 49140 MiB, 21460 MiB, 100 %
2026/03/27 11:53:48.918, 0, NVIDIA RTX 6000 Ada Generation, 49140 MiB, 15890 MiB, 6 %
2026/03/27 11:53:48.918, 1, NVIDIA RTX 6000 Ada Generation, 49140 MiB, 29003 MiB, 100 %
2026/03/27 11:53:48.918, 2, NVIDIA RTX 6000 Ada Generation, 49140 MiB, 21991 MiB, 100 %
2026/03/27 11:53:48.919, 3, NVIDIA RTX 6000 Ada Generation, 49140 MiB, 17248 MiB, 100 %
2026/03/27 11:53:48.919, 4, NVIDIA RTX 6000 Ada Generation, 49140 MiB, 17260 MiB, 100 %
2026/03/27 11:53:48.919, 5, NVIDIA RTX 6000 Ada Generation, 49140 MiB, 2 MiB, 0 %
2026/03/27 11:53:49.009, 6, NVIDIA RTX 6000 Ada Generation, 49140 MiB, 16254 MiB, 0 %
2026/03/27 11:53:49.009, 7, NVIDIA RTX 6000 Ada Generation, 49140 MiB, 21460 MiB, 100 %
2026/03/27 11:53:50.009, 0, NVIDIA RTX 6000 Ada Generation, 49140 MiB, 15890 MiB, 0 %
2026/03/27 11:53:50.010, 1, NVIDIA RTX 6000 Ada Generation, 49140 MiB, 29003 MiB, 100 %
2026/03/27 11:53:50.010, 2, NVIDIA RTX 6000 Ada Generation, 49140 MiB, 21991 MiB, 100 %
2026/03/27 11:53:50.010, 3, NVIDIA RTX 6000 Ada Generation, 49140 MiB, 17248 MiB, 100 %
2026/03/27 11:53:50.010, 4, NVIDIA RTX 6000 Ada Generation, 49140 MiB, 17260 MiB, 100 %
2026/03/27 11:53:50.010, 5, NVIDIA RTX 6000 Ada Generation, 49140 MiB, 2 MiB, 0 %
2026/03/27 11:53:50.010, 6, NVIDIA RTX 6000 Ada Generation, 49140 MiB, 16254 MiB, 0 %
2026/03/27 11:53:50.010, 7, NVIDIA RTX 6000 Ada Generation, 49140 MiB, 21460 MiB, 100 %
2026/03/27 11:53:51.010, 0, NVIDIA RTX 6000 Ada Generation, 49140 MiB, 15890 MiB, 6 %
2026/03/27 11:53:51.010, 1, NVIDIA RTX 6000 Ada Generation, 49140 MiB, 29003 MiB, 100 %
2026/03/27 11:53:51.011, 2, NVIDIA RTX 6000 Ada Generation, 49140 MiB, 21991 MiB, 100 %
2026/03/27 11:53:51.172, 3, NVIDIA RTX 6000 Ada Generation, 49140 MiB, 17248 MiB, 100 %
2026/03/27 11:53:51.173, 4, NVIDIA RTX 6000 Ada Generation, 49140 MiB, 17260 MiB, 100 %
2026/03/27 11:53:51.173, 5, NVIDIA RTX 6000 Ada Generation, 49140 MiB, 2 MiB, 0 %
2026/03/27 11:53:51.173, 6, NVIDIA RTX 6000 Ada Generation, 49140 MiB, 16254 MiB, 0 %
2026/03/27 11:53:51.173, 7, NVIDIA RTX 6000 Ada Generation, 49140 MiB, 21460 MiB, 100 %
2026/03/27 11:53:52.173, 0, NVIDIA RTX 6000 Ada Generation, 49140 MiB, 15890 MiB, 6 %
2026/03/27 11:53:52.173, 1, NVIDIA RTX 6000 Ada Generation, 49140 MiB, 29003 MiB, 100 %
2026/03/27 11:53:52.173, 2, NVIDIA RTX 6000 Ada Generation, 49140 MiB, 21991 MiB, 100 %
2026/03/27 11:53:52.173, 3, NVIDIA RTX 6000 Ada Generation, 49140 MiB, 17248 MiB, 100 %
2026/03/27 11:53:52.173, 4, NVIDIA RTX 6000 Ada Generation, 49140 MiB, 17260 MiB, 100 %
2026/03/27 11:53:52.174, 5, NVIDIA RTX 6000 Ada Generation, 49140 MiB, 2 MiB, 0 %
2026/03/27 11:53:52.174, 6, NVIDIA RTX 6000 Ada Generation, 49140 MiB, 16254 MiB, 0 %
2026/03/27 11:53:52.174, 7, NVIDIA RTX 6000 Ada Generation, 49140 MiB, 21460 MiB, 100 %
2026/03/27 11:53:53.174, 0, NVIDIA RTX 6000 Ada Generation, 49140 MiB, 15890 MiB, 0 %
2026/03/27 11:53:53.174, 1, NVIDIA RTX 6000 Ada Generation, 49140 MiB, 29003 MiB, 100 %
2026/03/27 11:53:53.174, 2, NVIDIA RTX 6000 Ada Generation, 49140 MiB, 21991 MiB, 100 %
2026/03/27 11:53:53.174, 3, NVIDIA RTX 6000 Ada Generation, 49140 MiB, 17248 MiB, 100 %
2026/03/27 11:53:53.174, 4, NVIDIA RTX 6000 Ada Generation, 49140 MiB, 17260 MiB, 100 %
2026/03/27 11:53:53.174, 5, NVIDIA RTX 6000 Ada Generation, 49140 MiB, 2 MiB, 0 %
2026/03/27 11:53:53.174, 6, NVIDIA RTX 6000 Ada Generation, 49140 MiB, 16254 MiB, 0 %
2026/03/27 11:53:53.174, 7, NVIDIA RTX 6000 Ada Generation, 49140 MiB, 21460 MiB, 100 %
2026/03/27 11:53:54.175, 0, NVIDIA RTX 6000 Ada Generation, 49140 MiB, 15890 MiB, 0 %
2026/03/27 11:53:54.175, 1, NVIDIA RTX 6000 Ada Generation, 49140 MiB, 29003 MiB, 100 %
2026/03/27 11:53:54.175, 2, NVIDIA RTX 6000 Ada Generation, 49140 MiB, 21991 MiB, 100 %
2026/03/27 11:53:54.175, 3, NVIDIA RTX 6000 Ada Generation, 49140 MiB, 17248 MiB, 100 %
2026/03/27 11:53:54.175, 4, NVIDIA RTX 6000 Ada Generation, 49140 MiB, 17260 MiB, 100 %
2026/03/27 11:53:54.379, 5, NVIDIA RTX 6000 Ada Generation, 49140 MiB, 2 MiB, 0 %
2026/03/27 11:53:54.379, 6, NVIDIA RTX 6000 Ada Generation, 49140 MiB, 16254 MiB, 0 %
2026/03/27 11:53:54.379, 7, NVIDIA RTX 6000 Ada Generation, 49140 MiB, 21460 MiB, 100 %
2026/03/27 11:53:55.379, 0, NVIDIA RTX 6000 Ada Generation, 49140 MiB, 15890 MiB, 95 %
2026/03/27 11:53:55.380, 1, NVIDIA RTX 6000 Ada Generation, 49140 MiB, 29003 MiB, 100 %
2026/03/27 11:53:55.380, 2, NVIDIA RTX 6000 Ada Generation, 49140 MiB, 21991 MiB, 99 %
2026/03/27 11:53:55.380, 3, NVIDIA RTX 6000 Ada Generation, 49140 MiB, 17248 MiB, 100 %
2026/03/27 11:53:55.380, 4, NVIDIA RTX 6000 Ada Generation, 49140 MiB, 17260 MiB, 100 %
2026/03/27 11:53:55.380, 5, NVIDIA RTX 6000 Ada Generation, 49140 MiB, 2 MiB, 0 %
2026/03/27 11:53:55.380, 6, NVIDIA RTX 6000 Ada Generation, 49140 MiB, 19944 MiB, 0 %
2026/03/27 11:53:55.380, 7, NVIDIA RTX 6000 Ada Generation, 49140 MiB, 21460 MiB, 100 %
2026/03/27 11:53:56.380, 0, NVIDIA RTX 6000 Ada Generation, 49140 MiB, 15890 MiB, 94 %
2026/03/27 11:53:56.429, 1, NVIDIA RTX 6000 Ada Generation, 49140 MiB, 29003 MiB, 100 %
2026/03/27 11:53:56.656, 2, NVIDIA RTX 6000 Ada Generation, 49140 MiB, 21991 MiB, 100 %
2026/03/27 11:53:56.657, 3, NVIDIA RTX 6000 Ada Generation, 49140 MiB, 17248 MiB, 100 %
2026/03/27 11:53:56.657, 4, NVIDIA RTX 6000 Ada Generation, 49140 MiB, 17260 MiB, 100 %
2026/03/27 11:53:56.657, 5, NVIDIA RTX 6000 Ada Generation, 49140 MiB, 2 MiB, 0 %
2026/03/27 11:53:56.657, 6, NVIDIA RTX 6000 Ada Generation, 49140 MiB, 43358 MiB, 27 %
2026/03/27 11:53:56.657, 7, NVIDIA RTX 6000 Ada Generation, 49140 MiB, 21460 MiB, 100 %
2026/03/27 11:53:57.658, 0, NVIDIA RTX 6000 Ada Generation, 49140 MiB, 15890 MiB, 0 %
2026/03/27 11:53:57.822, 1, NVIDIA RTX 6000 Ada Generation, 49140 MiB, 29003 MiB, 100 %
2026/03/27 11:53:57.822, 2, NVIDIA RTX 6000 Ada Generation, 49140 MiB, 21991 MiB, 100 %
2026/03/27 11:53:57.824, 3, NVIDIA RTX 6000 Ada Generation, 49140 MiB, 17248 MiB, 100 %
2026/03/27 11:53:57.825, 4, NVIDIA RTX 6000 Ada Generation, 49140 MiB, 17260 MiB, 100 %
2026/03/27 11:53:57.827, 5, NVIDIA RTX 6000 Ada Generation, 49140 MiB, 2 MiB, 0 %
2026/03/27 11:53:57.828, 6, NVIDIA RTX 6000 Ada Generation, 49140 MiB, 43372 MiB, 0 %
2026/03/27 11:53:57.830, 7, NVIDIA RTX 6000 Ada Generation, 49140 MiB, 21460 MiB, 100 %
2026/03/27 11:53:58.831, 0, NVIDIA RTX 6000 Ada Generation, 49140 MiB, 15890 MiB, 6 %
2026/03/27 11:53:58.831, 1, NVIDIA RTX 6000 Ada Generation, 49140 MiB, 29003 MiB, 100 %
2026/03/27 11:53:58.831, 2, NVIDIA RTX 6000 Ada Generation, 49140 MiB, 21991 MiB, 100 %
2026/03/27 11:53:58.831, 3, NVIDIA RTX 6000 Ada Generation, 49140 MiB, 17248 MiB, 100 %
2026/03/27 11:53:58.831, 4, NVIDIA RTX 6000 Ada Generation, 49140 MiB, 17260 MiB, 100 %
2026/03/27 11:53:58.831, 5, NVIDIA RTX 6000 Ada Generation, 49140 MiB, 2 MiB, 0 %
2026/03/27 11:53:58.831, 6, NVIDIA RTX 6000 Ada Generation, 49140 MiB, 45372 MiB, 0 %
2026/03/27 11:53:58.831, 7, NVIDIA RTX 6000 Ada Generation, 49140 MiB, 21460 MiB, 100 %
2026/03/27 11:53:59.831, 0, NVIDIA RTX 6000 Ada Generation, 49140 MiB, 15890 MiB, 6 %
2026/03/27 11:53:59.831, 1, NVIDIA RTX 6000 Ada Generation, 49140 MiB, 29003 MiB, 100 %
2026/03/27 11:53:59.832, 2, NVIDIA RTX 6000 Ada Generation, 49140 MiB, 21991 MiB, 100 %
2026/03/27 11:53:59.832, 3, NVIDIA RTX 6000 Ada Generation, 49140 MiB, 17248 MiB, 100 %
2026/03/27 11:54:00.038, 4, NVIDIA RTX 6000 Ada Generation, 49140 MiB, 17260 MiB, 100 %
2026/03/27 11:54:00.038, 5, NVIDIA RTX 6000 Ada Generation, 49140 MiB, 2 MiB, 0 %
2026/03/27 11:54:00.039, 6, NVIDIA RTX 6000 Ada Generation, 49140 MiB, 2 MiB, 100 %
2026/03/27 11:54:00.039, 7, NVIDIA RTX 6000 Ada Generation, 49140 MiB, 21460 MiB, 100 %
2026/03/27 11:54:01.039, 0, NVIDIA RTX 6000 Ada Generation, 49140 MiB, 15890 MiB, 3 %
2026/03/27 11:54:01.039, 1, NVIDIA RTX 6000 Ada Generation, 49140 MiB, 29003 MiB, 100 %
2026/03/27 11:54:01.039, 2, NVIDIA RTX 6000 Ada Generation, 49140 MiB, 21991 MiB, 100 %
2026/03/27 11:54:01.039, 3, NVIDIA RTX 6000 Ada Generation, 49140 MiB, 17248 MiB, 100 %
2026/03/27 11:54:01.039, 4, NVIDIA RTX 6000 Ada Generation, 49140 MiB, 17260 MiB, 100 %
2026/03/27 11:54:01.039, 5, NVIDIA RTX 6000 Ada Generation, 49140 MiB, 2 MiB, 0 %
2026/03/27 11:54:01.039, 6, NVIDIA RTX 6000 Ada Generation, 49140 MiB, 2 MiB, 100 %
2026/03/27 11:54:01.040, 7, NVIDIA RTX 6000 Ada Generation, 49140 MiB, 21460 MiB, 100 %
2026/03/27 11:54:02.040, 0, NVIDIA RTX 6000 Ada Generation, 49140 MiB, 15890 MiB, 6 %
2026/03/27 11:54:02.124, 1, NVIDIA RTX 6000 Ada Generation, 49140 MiB, 29003 MiB, 100 %
2026/03/27 11:54:02.124, 2, NVIDIA RTX 6000 Ada Generation, 49140 MiB, 21991 MiB, 100 %
2026/03/27 11:54:02.125, 3, NVIDIA RTX 6000 Ada Generation, 49140 MiB, 17248 MiB, 100 %
2026/03/27 11:54:02.125, 4, NVIDIA RTX 6000 Ada Generation, 49140 MiB, 17260 MiB, 100 %
2026/03/27 11:54:02.125, 5, NVIDIA RTX 6000 Ada Generation, 49140 MiB, 2 MiB, 0 %
2026/03/27 11:54:02.125, 6, NVIDIA RTX 6000 Ada Generation, 49140 MiB, 4 MiB, 0 %
2026/03/27 11:54:02.125, 7, NVIDIA RTX 6000 Ada Generation, 49140 MiB, 21460 MiB, 100 %
2026/03/27 11:54:03.125, 0, NVIDIA RTX 6000 Ada Generation, 49140 MiB, 15890 MiB, 6 %
2026/03/27 11:54:03.404, 1, NVIDIA RTX 6000 Ada Generation, 49140 MiB, 29003 MiB, 100 %
2026/03/27 11:54:03.598, 2, NVIDIA RTX 6000 Ada Generation, 49140 MiB, 21991 MiB, 100 %
2026/03/27 11:54:03.598, 3, NVIDIA RTX 6000 Ada Generation, 49140 MiB, 17248 MiB, 100 %
2026/03/27 11:54:03.600, 4, NVIDIA RTX 6000 Ada Generation, 49140 MiB, 17260 MiB, 100 %
2026/03/27 11:54:03.601, 5, NVIDIA RTX 6000 Ada Generation, 49140 MiB, 2 MiB, 0 %
2026/03/27 11:54:03.603, 6, NVIDIA RTX 6000 Ada Generation, 49140 MiB, 4 MiB, 0 %
2026/03/27 11:54:03.604, 7, NVIDIA RTX 6000 Ada Generation, 49140 MiB, 21460 MiB, 100 %
2026/03/27 11:54:04.605, 0, NVIDIA RTX 6000 Ada Generation, 49140 MiB, 15890 MiB, 6 %
2026/03/27 11:54:04.606, 1, NVIDIA RTX 6000 Ada Generation, 49140 MiB, 29003 MiB, 100 %
2026/03/27 11:54:04.606, 2, NVIDIA RTX 6000 Ada Generation, 49140 MiB, 21991 MiB, 100 %
2026/03/27 11:54:04.606, 3, NVIDIA RTX 6000 Ada Generation, 49140 MiB, 17248 MiB, 100 %
2026/03/27 11:54:04.606, 4, NVIDIA RTX 6000 Ada Generation, 49140 MiB, 17260 MiB, 100 %
2026/03/27 11:54:04.606, 5, NVIDIA RTX 6000 Ada Generation, 49140 MiB, 2 MiB, 0 %
2026/03/27 11:54:04.606, 6, NVIDIA RTX 6000 Ada Generation, 49140 MiB, 16254 MiB, 20 %
2026/03/27 11:54:04.606, 7, NVIDIA RTX 6000 Ada Generation, 49140 MiB, 21460 MiB, 100 %
2026/03/27 11:54:05.606, 0, NVIDIA RTX 6000 Ada Generation, 49140 MiB, 15890 MiB, 0 %
2026/03/27 11:54:05.606, 1, NVIDIA RTX 6000 Ada Generation, 49140 MiB, 29003 MiB, 100 %
2026/03/27 11:54:05.606, 2, NVIDIA RTX 6000 Ada Generation, 49140 MiB, 21991 MiB, 100 %
2026/03/27 11:54:05.606, 3, NVIDIA RTX 6000 Ada Generation, 49140 MiB, 17248 MiB, 100 %
2026/03/27 11:54:05.708, 4, NVIDIA RTX 6000 Ada Generation, 49140 MiB, 17260 MiB, 100 %
2026/03/27 11:54:05.709, 5, NVIDIA RTX 6000 Ada Generation, 49140 MiB, 2 MiB, 0 %
2026/03/27 11:54:05.709, 6, NVIDIA RTX 6000 Ada Generation, 49140 MiB, 16254 MiB, 13 %
2026/03/27 11:54:05.709, 7, NVIDIA RTX 6000 Ada Generation, 49140 MiB, 21460 MiB, 100 %
2026/03/27 11:54:06.709, 0, NVIDIA RTX 6000 Ada Generation, 49140 MiB, 15890 MiB, 6 %
2026/03/27 11:54:06.709, 1, NVIDIA RTX 6000 Ada Generation, 49140 MiB, 29003 MiB, 100 %
2026/03/27 11:54:06.710, 2, NVIDIA RTX 6000 Ada Generation, 49140 MiB, 21991 MiB, 100 %
2026/03/27 11:54:06.710, 3, NVIDIA RTX 6000 Ada Generation, 49140 MiB, 17248 MiB, 100 %
2026/03/27 11:54:06.710, 4, NVIDIA RTX 6000 Ada Generation, 49140 MiB, 17260 MiB, 100 %
2026/03/27 11:54:06.710, 5, NVIDIA RTX 6000 Ada Generation, 49140 MiB, 2 MiB, 0 %
2026/03/27 11:54:06.710, 6, NVIDIA RTX 6000 Ada Generation, 49140 MiB, 16254 MiB, 14 %
2026/03/27 11:54:06.710, 7, NVIDIA RTX 6000 Ada Generation, 49140 MiB, 21460 MiB, 100 %
2026/03/27 11:54:07.710, 0, NVIDIA RTX 6000 Ada Generation, 49140 MiB, 15890 MiB, 0 %
2026/03/27 11:54:07.789, 1, NVIDIA RTX 6000 Ada Generation, 49140 MiB, 29003 MiB, 100 %
2026/03/27 11:54:07.790, 2, NVIDIA RTX 6000 Ada Generation, 49140 MiB, 21991 MiB, 100 %
2026/03/27 11:54:07.790, 3, NVIDIA RTX 6000 Ada Generation, 49140 MiB, 17248 MiB, 100 %
2026/03/27 11:54:07.790, 4, NVIDIA RTX 6000 Ada Generation, 49140 MiB, 17260 MiB, 99 %
2026/03/27 11:54:07.790, 5, NVIDIA RTX 6000 Ada Generation, 49140 MiB, 2 MiB, 0 %
2026/03/27 11:54:07.790, 6, NVIDIA RTX 6000 Ada Generation, 49140 MiB, 16254 MiB, 13 %
2026/03/27 11:54:07.790, 7, NVIDIA RTX 6000 Ada Generation, 49140 MiB, 21460 MiB, 100 %
2026/03/27 11:54:08.791, 0, NVIDIA RTX 6000 Ada Generation, 49140 MiB, 15890 MiB, 0 %
2026/03/27 11:54:08.791, 1, NVIDIA RTX 6000 Ada Generation, 49140 MiB, 29003 MiB, 98 %
2026/03/27 11:54:08.791, 2, NVIDIA RTX 6000 Ada Generation, 49140 MiB, 21991 MiB, 99 %
2026/03/27 11:54:08.791, 3, NVIDIA RTX 6000 Ada Generation, 49140 MiB, 17248 MiB, 100 %
2026/03/27 11:54:08.791, 4, NVIDIA RTX 6000 Ada Generation, 49140 MiB, 17260 MiB, 100 %
2026/03/27 11:54:08.791, 5, NVIDIA RTX 6000 Ada Generation, 49140 MiB, 2 MiB, 0 %
2026/03/27 11:54:08.897, 6, NVIDIA RTX 6000 Ada Generation, 49140 MiB, 16254 MiB, 14 %
2026/03/27 11:54:08.898, 7, NVIDIA RTX 6000 Ada Generation, 49140 MiB, 21460 MiB, 100 %
2026/03/27 11:54:09.898, 0, NVIDIA RTX 6000 Ada Generation, 49140 MiB, 15890 MiB, 90 %
2026/03/27 11:54:09.898, 1, NVIDIA RTX 6000 Ada Generation, 49140 MiB, 29003 MiB, 100 %
2026/03/27 11:54:09.898, 2, NVIDIA RTX 6000 Ada Generation, 49140 MiB, 21991 MiB, 100 %
2026/03/27 11:54:09.898, 3, NVIDIA RTX 6000 Ada Generation, 49140 MiB, 17248 MiB, 100 %
2026/03/27 11:54:09.898, 4, NVIDIA RTX 6000 Ada Generation, 49140 MiB, 17260 MiB, 100 %
2026/03/27 11:54:09.898, 5, NVIDIA RTX 6000 Ada Generation, 49140 MiB, 2 MiB, 0 %
2026/03/27 11:54:09.898, 6, NVIDIA RTX 6000 Ada Generation, 49140 MiB, 16254 MiB, 0 %
2026/03/27 11:54:09.898, 7, NVIDIA RTX 6000 Ada Generation, 49140 MiB, 21460 MiB, 100 %
2026/03/27 11:54:10.898, 0, NVIDIA RTX 6000 Ada Generation, 49140 MiB, 15890 MiB, 95 %
2026/03/27 11:54:10.899, 1, NVIDIA RTX 6000 Ada Generation, 49140 MiB, 29003 MiB, 100 %
2026/03/27 11:54:11.063, 2, NVIDIA RTX 6000 Ada Generation, 49140 MiB, 21991 MiB, 100 %
2026/03/27 11:54:11.064, 3, NVIDIA RTX 6000 Ada Generation, 49140 MiB, 17248 MiB, 100 %
2026/03/27 11:54:11.064, 4, NVIDIA RTX 6000 Ada Generation, 49140 MiB, 17260 MiB, 100 %
2026/03/27 11:54:11.064, 5, NVIDIA RTX 6000 Ada Generation, 49140 MiB, 2 MiB, 0 %
2026/03/27 11:54:11.064, 6, NVIDIA RTX 6000 Ada Generation, 49140 MiB, 16254 MiB, 0 %
2026/03/27 11:54:11.064, 7, NVIDIA RTX 6000 Ada Generation, 49140 MiB, 21460 MiB, 100 %
2026/03/27 11:54:12.064, 0, NVIDIA RTX 6000 Ada Generation, 49140 MiB, 15890 MiB, 0 %
2026/03/27 11:54:12.064, 1, NVIDIA RTX 6000 Ada Generation, 49140 MiB, 29003 MiB, 100 %
2026/03/27 11:54:12.064, 2, NVIDIA RTX 6000 Ada Generation, 49140 MiB, 21991 MiB, 100 %
2026/03/27 11:54:12.064, 3, NVIDIA RTX 6000 Ada Generation, 49140 MiB, 17248 MiB, 100 %
2026/03/27 11:54:12.064, 4, NVIDIA RTX 6000 Ada Generation, 49140 MiB, 17260 MiB, 100 %
2026/03/27 11:54:12.064, 5, NVIDIA RTX 6000 Ada Generation, 49140 MiB, 2 MiB, 0 %
2026/03/27 11:54:12.065, 6, NVIDIA RTX 6000 Ada Generation, 49140 MiB, 16254 MiB, 0 %
2026/03/27 11:54:12.065, 7, NVIDIA RTX 6000 Ada Generation, 49140 MiB, 21460 MiB, 100 %
2026/03/27 11:54:13.228, 0, NVIDIA RTX 6000 Ada Generation, 49140 MiB, 15890 MiB, 6 %
2026/03/27 11:54:13.229, 1, NVIDIA RTX 6000 Ada Generation, 49140 MiB, 29003 MiB, 100 %
2026/03/27 11:54:13.229, 2, NVIDIA RTX 6000 Ada Generation, 49140 MiB, 21991 MiB, 100 %
2026/03/27 11:54:13.229, 3, NVIDIA RTX 6000 Ada Generation, 49140 MiB, 17248 MiB, 100 %
2026/03/27 11:54:13.229, 4, NVIDIA RTX 6000 Ada Generation, 49140 MiB, 17260 MiB, 100 %
2026/03/27 11:54:13.229, 5, NVIDIA RTX 6000 Ada Generation, 49140 MiB, 2 MiB, 0 %
2026/03/27 11:54:13.229, 6, NVIDIA RTX 6000 Ada Generation, 49140 MiB, 16254 MiB, 0 %
2026/03/27 11:54:13.229, 7, NVIDIA RTX 6000 Ada Generation, 49140 MiB, 21460 MiB, 100 %
2026/03/27 11:54:14.229, 0, NVIDIA RTX 6000 Ada Generation, 49140 MiB, 15890 MiB, 0 %
2026/03/27 11:54:14.229, 1, NVIDIA RTX 6000 Ada Generation, 49140 MiB, 29003 MiB, 100 %
2026/03/27 11:54:14.229, 2, NVIDIA RTX 6000 Ada Generation, 49140 MiB, 21991 MiB, 100 %
2026/03/27 11:54:14.230, 3, NVIDIA RTX 6000 Ada Generation, 49140 MiB, 17248 MiB, 100 %
2026/03/27 11:54:14.317, 4, NVIDIA RTX 6000 Ada Generation, 49140 MiB, 17260 MiB, 100 %
2026/03/27 11:54:14.317, 5, NVIDIA RTX 6000 Ada Generation, 49140 MiB, 2 MiB, 0 %
2026/03/27 11:54:14.318, 6, NVIDIA RTX 6000 Ada Generation, 49140 MiB, 16254 MiB, 0 %
2026/03/27 11:54:14.318, 7, NVIDIA RTX 6000 Ada Generation, 49140 MiB, 21460 MiB, 100 %
2026/03/27 11:54:15.318, 0, NVIDIA RTX 6000 Ada Generation, 49140 MiB, 15890 MiB, 6 %
2026/03/27 11:54:15.318, 1, NVIDIA RTX 6000 Ada Generation, 49140 MiB, 29003 MiB, 100 %
2026/03/27 11:54:15.318, 2, NVIDIA RTX 6000 Ada Generation, 49140 MiB, 21991 MiB, 100 %
2026/03/27 11:54:15.318, 3, NVIDIA RTX 6000 Ada Generation, 49140 MiB, 17248 MiB, 100 %
2026/03/27 11:54:15.318, 4, NVIDIA RTX 6000 Ada Generation, 49140 MiB, 17260 MiB, 100 %
2026/03/27 11:54:15.318, 5, NVIDIA RTX 6000 Ada Generation, 49140 MiB, 2 MiB, 0 %
2026/03/27 11:54:15.318, 6, NVIDIA RTX 6000 Ada Generation, 49140 MiB, 16254 MiB, 0 %
2026/03/27 11:54:15.318, 7, NVIDIA RTX 6000 Ada Generation, 49140 MiB, 21460 MiB, 100 %
2026/03/27 11:54:16.319, 0, NVIDIA RTX 6000 Ada Generation, 49140 MiB, 15890 MiB, 6 %
2026/03/27 11:54:16.389, 1, NVIDIA RTX 6000 Ada Generation, 49140 MiB, 29003 MiB, 100 %
2026/03/27 11:54:16.390, 2, NVIDIA RTX 6000 Ada Generation, 49140 MiB, 21991 MiB, 100 %
2026/03/27 11:54:16.390, 3, NVIDIA RTX 6000 Ada Generation, 49140 MiB, 17248 MiB, 100 %
2026/03/27 11:54:16.390, 4, NVIDIA RTX 6000 Ada Generation, 49140 MiB, 17260 MiB, 99 %
2026/03/27 11:54:16.390, 5, NVIDIA RTX 6000 Ada Generation, 49140 MiB, 2 MiB, 0 %
2026/03/27 11:54:16.390, 6, NVIDIA RTX 6000 Ada Generation, 49140 MiB, 16254 MiB, 0 %
2026/03/27 11:54:16.390, 7, NVIDIA RTX 6000 Ada Generation, 49140 MiB, 21460 MiB, 100 %
2026/03/27 11:54:17.390, 0, NVIDIA RTX 6000 Ada Generation, 49140 MiB, 15890 MiB, 6 %
2026/03/27 11:54:17.391, 1, NVIDIA RTX 6000 Ada Generation, 49140 MiB, 29003 MiB, 100 %
2026/03/27 11:54:17.391, 2, NVIDIA RTX 6000 Ada Generation, 49140 MiB, 21991 MiB, 100 %
2026/03/27 11:54:17.391, 3, NVIDIA RTX 6000 Ada Generation, 49140 MiB, 17248 MiB, 100 %
2026/03/27 11:54:17.391, 4, NVIDIA RTX 6000 Ada Generation, 49140 MiB, 17260 MiB, 100 %
2026/03/27 11:54:17.391, 5, NVIDIA RTX 6000 Ada Generation, 49140 MiB, 2 MiB, 0 %
2026/03/27 11:54:17.499, 6, NVIDIA RTX 6000 Ada Generation, 49140 MiB, 16254 MiB, 0 %
2026/03/27 11:54:17.499, 7, NVIDIA RTX 6000 Ada Generation, 49140 MiB, 21460 MiB, 100 %
2026/03/27 11:54:18.499, 0, NVIDIA RTX 6000 Ada Generation, 49140 MiB, 15890 MiB, 6 %
2026/03/27 11:54:18.499, 1, NVIDIA RTX 6000 Ada Generation, 49140 MiB, 29003 MiB, 100 %
2026/03/27 11:54:18.499, 2, NVIDIA RTX 6000 Ada Generation, 49140 MiB, 21991 MiB, 100 %
2026/03/27 11:54:18.500, 3, NVIDIA RTX 6000 Ada Generation, 49140 MiB, 17248 MiB, 100 %
2026/03/27 11:54:18.500, 4, NVIDIA RTX 6000 Ada Generation, 49140 MiB, 17260 MiB, 100 %
2026/03/27 11:54:18.500, 5, NVIDIA RTX 6000 Ada Generation, 49140 MiB, 2 MiB, 0 %
2026/03/27 11:54:18.500, 6, NVIDIA RTX 6000 Ada Generation, 49140 MiB, 16254 MiB, 0 %
2026/03/27 11:54:18.500, 7, NVIDIA RTX 6000 Ada Generation, 49140 MiB, 21460 MiB, 100 %
2026/03/27 11:54:19.500, 0, NVIDIA RTX 6000 Ada Generation, 49140 MiB, 15890 MiB, 6 %
2026/03/27 11:54:19.668, 1, NVIDIA RTX 6000 Ada Generation, 49140 MiB, 29003 MiB, 100 %
2026/03/27 11:54:19.668, 2, NVIDIA RTX 6000 Ada Generation, 49140 MiB, 21991 MiB, 100 %
2026/03/27 11:54:19.668, 3, NVIDIA RTX 6000 Ada Generation, 49140 MiB, 17248 MiB, 100 %
2026/03/27 11:54:19.669, 4, NVIDIA RTX 6000 Ada Generation, 49140 MiB, 17260 MiB, 100 %
2026/03/27 11:54:19.893, 5, NVIDIA RTX 6000 Ada Generation, 49140 MiB, 2 MiB, 0 %
2026/03/27 11:54:19.893, 6, NVIDIA RTX 6000 Ada Generation, 49140 MiB, 19944 MiB, 0 %
2026/03/27 11:54:19.893, 7, NVIDIA RTX 6000 Ada Generation, 49140 MiB, 21460 MiB, 100 %
2026/03/27 11:54:20.893, 0, NVIDIA RTX 6000 Ada Generation, 49140 MiB, 15890 MiB, 3 %
2026/03/27 11:54:20.893, 1, NVIDIA RTX 6000 Ada Generation, 49140 MiB, 29003 MiB, 100 %
2026/03/27 11:54:20.893, 2, NVIDIA RTX 6000 Ada Generation, 49140 MiB, 21991 MiB, 100 %
2026/03/27 11:54:20.894, 3, NVIDIA RTX 6000 Ada Generation, 49140 MiB, 17248 MiB, 100 %
2026/03/27 11:54:20.894, 4, NVIDIA RTX 6000 Ada Generation, 49140 MiB, 17260 MiB, 100 %
2026/03/27 11:54:20.894, 5, NVIDIA RTX 6000 Ada Generation, 49140 MiB, 2 MiB, 0 %
2026/03/27 11:54:20.894, 6, NVIDIA RTX 6000 Ada Generation, 49140 MiB, 29374 MiB, 32 %
2026/03/27 11:54:20.894, 7, NVIDIA RTX 6000 Ada Generation, 49140 MiB, 21460 MiB, 100 %
2026/03/27 11:54:21.894, 0, NVIDIA RTX 6000 Ada Generation, 49140 MiB, 15890 MiB, 6 %
2026/03/27 11:54:21.985, 1, NVIDIA RTX 6000 Ada Generation, 49140 MiB, 29003 MiB, 100 %
2026/03/27 11:54:21.985, 2, NVIDIA RTX 6000 Ada Generation, 49140 MiB, 21991 MiB, 100 %
2026/03/27 11:54:21.985, 3, NVIDIA RTX 6000 Ada Generation, 49140 MiB, 17248 MiB, 100 %
2026/03/27 11:54:21.985, 4, NVIDIA RTX 6000 Ada Generation, 49140 MiB, 17260 MiB, 100 %
2026/03/27 11:54:21.985, 5, NVIDIA RTX 6000 Ada Generation, 49140 MiB, 2 MiB, 0 %
2026/03/27 11:54:21.985, 6, NVIDIA RTX 6000 Ada Generation, 49140 MiB, 45372 MiB, 100 %
2026/03/27 11:54:21.985, 7, NVIDIA RTX 6000 Ada Generation, 49140 MiB, 21460 MiB, 100 %
2026/03/27 11:54:22.985, 0, NVIDIA RTX 6000 Ada Generation, 49140 MiB, 15890 MiB, 0 %
2026/03/27 11:54:23.040, 1, NVIDIA RTX 6000 Ada Generation, 49140 MiB, 29003 MiB, 100 %
2026/03/27 11:54:23.041, 2, NVIDIA RTX 6000 Ada Generation, 49140 MiB, 21991 MiB, 100 %
2026/03/27 11:54:23.043, 3, NVIDIA RTX 6000 Ada Generation, 49140 MiB, 17248 MiB, 100 %
2026/03/27 11:54:23.199, 4, NVIDIA RTX 6000 Ada Generation, 49140 MiB, 17260 MiB, 100 %
2026/03/27 11:54:23.199, 5, NVIDIA RTX 6000 Ada Generation, 49140 MiB, 2 MiB, 0 %
2026/03/27 11:54:23.199, 6, NVIDIA RTX 6000 Ada Generation, 49140 MiB, 45372 MiB, 0 %
2026/03/27 11:54:23.199, 7, NVIDIA RTX 6000 Ada Generation, 49140 MiB, 21460 MiB, 100 %
2026/03/27 11:54:24.199, 0, NVIDIA RTX 6000 Ada Generation, 49140 MiB, 15890 MiB, 89 %
2026/03/27 11:54:24.200, 1, NVIDIA RTX 6000 Ada Generation, 49140 MiB, 29003 MiB, 100 %
2026/03/27 11:54:24.200, 2, NVIDIA RTX 6000 Ada Generation, 49140 MiB, 21991 MiB, 100 %
2026/03/27 11:54:24.200, 3, NVIDIA RTX 6000 Ada Generation, 49140 MiB, 17248 MiB, 100 %
2026/03/27 11:54:24.200, 4, NVIDIA RTX 6000 Ada Generation, 49140 MiB, 17260 MiB, 100 %
2026/03/27 11:54:24.200, 5, NVIDIA RTX 6000 Ada Generation, 49140 MiB, 2 MiB, 0 %
2026/03/27 11:54:24.200, 6, NVIDIA RTX 6000 Ada Generation, 49140 MiB, 2 MiB, 100 %
2026/03/27 11:54:24.200, 7, NVIDIA RTX 6000 Ada Generation, 49140 MiB, 21460 MiB, 100 %
2026/03/27 11:54:25.200, 0, NVIDIA RTX 6000 Ada Generation, 49140 MiB, 15890 MiB, 95 %
2026/03/27 11:54:25.200, 1, NVIDIA RTX 6000 Ada Generation, 49140 MiB, 29003 MiB, 100 %
2026/03/27 11:54:25.204, 2, NVIDIA RTX 6000 Ada Generation, 49140 MiB, 21991 MiB, 100 %
2026/03/27 11:54:25.204, 3, NVIDIA RTX 6000 Ada Generation, 49140 MiB, 17248 MiB, 100 %
2026/03/27 11:54:25.204, 4, NVIDIA RTX 6000 Ada Generation, 49140 MiB, 17260 MiB, 100 %
2026/03/27 11:54:25.205, 5, NVIDIA RTX 6000 Ada Generation, 49140 MiB, 2 MiB, 0 %
2026/03/27 11:54:25.205, 6, NVIDIA RTX 6000 Ada Generation, 49140 MiB, 2 MiB, 0 %
2026/03/27 11:54:25.205, 7, NVIDIA RTX 6000 Ada Generation, 49140 MiB, 21460 MiB, 100 %
2026/03/27 11:54:26.205, 0, NVIDIA RTX 6000 Ada Generation, 49140 MiB, 15890 MiB, 78 %
2026/03/27 11:54:26.205, 1, NVIDIA RTX 6000 Ada Generation, 49140 MiB, 29003 MiB, 100 %
2026/03/27 11:54:26.205, 2, NVIDIA RTX 6000 Ada Generation, 49140 MiB, 21991 MiB, 100 %
2026/03/27 11:54:26.205, 3, NVIDIA RTX 6000 Ada Generation, 49140 MiB, 17248 MiB, 100 %
2026/03/27 11:54:26.205, 4, NVIDIA RTX 6000 Ada Generation, 49140 MiB, 17260 MiB, 100 %
2026/03/27 11:54:26.205, 5, NVIDIA RTX 6000 Ada Generation, 49140 MiB, 2 MiB, 0 %
2026/03/27 11:54:26.205, 6, NVIDIA RTX 6000 Ada Generation, 49140 MiB, 2 MiB, 0 %
2026/03/27 11:54:26.205, 7, NVIDIA RTX 6000 Ada Generation, 49140 MiB, 21460 MiB, 100 %
2026/03/27 11:54:27.357, 0, NVIDIA RTX 6000 Ada Generation, 49140 MiB, 15890 MiB, 6 %
2026/03/27 11:54:27.358, 1, NVIDIA RTX 6000 Ada Generation, 49140 MiB, 29003 MiB, 100 %
2026/03/27 11:54:27.358, 2, NVIDIA RTX 6000 Ada Generation, 49140 MiB, 21991 MiB, 100 %
2026/03/27 11:54:27.358, 3, NVIDIA RTX 6000 Ada Generation, 49140 MiB, 17248 MiB, 83 %
2026/03/27 11:54:27.358, 4, NVIDIA RTX 6000 Ada Generation, 49140 MiB, 17260 MiB, 99 %
2026/03/27 11:54:27.359, 5, NVIDIA RTX 6000 Ada Generation, 49140 MiB, 2 MiB, 0 %
2026/03/27 11:54:27.361, 6, NVIDIA RTX 6000 Ada Generation, 49140 MiB, 21 MiB, 0 %
2026/03/27 11:54:27.363, 7, NVIDIA RTX 6000 Ada Generation, 49140 MiB, 21460 MiB, 100 %
2026/03/27 11:54:28.365, 0, NVIDIA RTX 6000 Ada Generation, 49140 MiB, 15890 MiB, 5 %
2026/03/27 11:54:28.365, 1, NVIDIA RTX 6000 Ada Generation, 49140 MiB, 29003 MiB, 100 %
2026/03/27 11:54:28.366, 2, NVIDIA RTX 6000 Ada Generation, 49140 MiB, 21991 MiB, 100 %
2026/03/27 11:54:28.366, 3, NVIDIA RTX 6000 Ada Generation, 49140 MiB, 17248 MiB, 100 %
2026/03/27 11:54:28.467, 4, NVIDIA RTX 6000 Ada Generation, 49140 MiB, 17260 MiB, 100 %
2026/03/27 11:54:28.467, 5, NVIDIA RTX 6000 Ada Generation, 49140 MiB, 2 MiB, 0 %
2026/03/27 11:54:28.467, 6, NVIDIA RTX 6000 Ada Generation, 49140 MiB, 16254 MiB, 14 %
2026/03/27 11:54:28.467, 7, NVIDIA RTX 6000 Ada Generation, 49140 MiB, 21460 MiB, 100 %
2026/03/27 11:54:29.467, 0, NVIDIA RTX 6000 Ada Generation, 49140 MiB, 15890 MiB, 6 %
2026/03/27 11:54:29.467, 1, NVIDIA RTX 6000 Ada Generation, 49140 MiB, 29003 MiB, 100 %
2026/03/27 11:54:29.467, 2, NVIDIA RTX 6000 Ada Generation, 49140 MiB, 21991 MiB, 100 %
2026/03/27 11:54:29.467, 3, NVIDIA RTX 6000 Ada Generation, 49140 MiB, 17248 MiB, 100 %
2026/03/27 11:54:29.467, 4, NVIDIA RTX 6000 Ada Generation, 49140 MiB, 17260 MiB, 100 %
2026/03/27 11:54:29.467, 5, NVIDIA RTX 6000 Ada Generation, 49140 MiB, 2 MiB, 0 %
2026/03/27 11:54:29.467, 6, NVIDIA RTX 6000 Ada Generation, 49140 MiB, 16254 MiB, 14 %
2026/03/27 11:54:29.468, 7, NVIDIA RTX 6000 Ada Generation, 49140 MiB, 21460 MiB, 100 %
2026/03/27 11:54:30.468, 0, NVIDIA RTX 6000 Ada Generation, 49140 MiB, 15890 MiB, 6 %
2026/03/27 11:54:30.563, 1, NVIDIA RTX 6000 Ada Generation, 49140 MiB, 29003 MiB, 100 %
2026/03/27 11:54:30.563, 2, NVIDIA RTX 6000 Ada Generation, 49140 MiB, 21991 MiB, 100 %
2026/03/27 11:54:30.563, 3, NVIDIA RTX 6000 Ada Generation, 49140 MiB, 17248 MiB, 100 %
2026/03/27 11:54:30.564, 4, NVIDIA RTX 6000 Ada Generation, 49140 MiB, 17260 MiB, 100 %
2026/03/27 11:54:30.564, 5, NVIDIA RTX 6000 Ada Generation, 49140 MiB, 2 MiB, 0 %
2026/03/27 11:54:30.564, 6, NVIDIA RTX 6000 Ada Generation, 49140 MiB, 16254 MiB, 14 %
2026/03/27 11:54:30.564, 7, NVIDIA RTX 6000 Ada Generation, 49140 MiB, 21460 MiB, 100 %
2026/03/27 11:54:31.564, 0, NVIDIA RTX 6000 Ada Generation, 49140 MiB, 15890 MiB, 0 %
2026/03/27 11:54:31.564, 1, NVIDIA RTX 6000 Ada Generation, 49140 MiB, 29003 MiB, 100 %
2026/03/27 11:54:31.564, 2, NVIDIA RTX 6000 Ada Generation, 49140 MiB, 21991 MiB, 100 %
2026/03/27 11:54:31.564, 3, NVIDIA RTX 6000 Ada Generation, 49140 MiB, 17248 MiB, 100 %
2026/03/27 11:54:31.564, 4, NVIDIA RTX 6000 Ada Generation, 49140 MiB, 17260 MiB, 100 %
2026/03/27 11:54:31.564, 5, NVIDIA RTX 6000 Ada Generation, 49140 MiB, 2 MiB, 0 %
2026/03/27 11:54:31.691, 6, NVIDIA RTX 6000 Ada Generation, 49140 MiB, 16254 MiB, 14 %
2026/03/27 11:54:31.691, 7, NVIDIA RTX 6000 Ada Generation, 49140 MiB, 21460 MiB, 100 %
2026/03/27 11:54:32.692, 0, NVIDIA RTX 6000 Ada Generation, 49140 MiB, 15890 MiB, 6 %
2026/03/27 11:54:32.692, 1, NVIDIA RTX 6000 Ada Generation, 49140 MiB, 29003 MiB, 100 %
2026/03/27 11:54:32.692, 2, NVIDIA RTX 6000 Ada Generation, 49140 MiB, 21991 MiB, 100 %
2026/03/27 11:54:32.692, 3, NVIDIA RTX 6000 Ada Generation, 49140 MiB, 17248 MiB, 100 %
2026/03/27 11:54:32.692, 4, NVIDIA RTX 6000 Ada Generation, 49140 MiB, 17260 MiB, 100 %
2026/03/27 11:54:32.692, 5, NVIDIA RTX 6000 Ada Generation, 49140 MiB, 2 MiB, 0 %
2026/03/27 11:54:32.692, 6, NVIDIA RTX 6000 Ada Generation, 49140 MiB, 16254 MiB, 0 %
2026/03/27 11:54:32.692, 7, NVIDIA RTX 6000 Ada Generation, 49140 MiB, 21460 MiB, 100 %
2026/03/27 11:54:33.692, 0, NVIDIA RTX 6000 Ada Generation, 49140 MiB, 15890 MiB, 6 %
2026/03/27 11:54:33.692, 1, NVIDIA RTX 6000 Ada Generation, 49140 MiB, 29003 MiB, 100 %
2026/03/27 11:54:33.692, 2, NVIDIA RTX 6000 Ada Generation, 49140 MiB, 21991 MiB, 100 %
2026/03/27 11:54:33.876, 3, NVIDIA RTX 6000 Ada Generation, 49140 MiB, 17248 MiB, 100 %
2026/03/27 11:54:33.877, 4, NVIDIA RTX 6000 Ada Generation, 49140 MiB, 17260 MiB, 100 %
2026/03/27 11:54:33.877, 5, NVIDIA RTX 6000 Ada Generation, 49140 MiB, 2 MiB, 0 %
2026/03/27 11:54:33.877, 6, NVIDIA RTX 6000 Ada Generation, 49140 MiB, 16254 MiB, 0 %
2026/03/27 11:54:33.877, 7, NVIDIA RTX 6000 Ada Generation, 49140 MiB, 21460 MiB, 100 %
2026/03/27 11:54:34.877, 0, NVIDIA RTX 6000 Ada Generation, 49140 MiB, 15890 MiB, 6 %
2026/03/27 11:54:34.877, 1, NVIDIA RTX 6000 Ada Generation, 49140 MiB, 29003 MiB, 100 %
2026/03/27 11:54:34.877, 2, NVIDIA RTX 6000 Ada Generation, 49140 MiB, 21991 MiB, 100 %
2026/03/27 11:54:34.877, 3, NVIDIA RTX 6000 Ada Generation, 49140 MiB, 17248 MiB, 100 %
2026/03/27 11:54:34.877, 4, NVIDIA RTX 6000 Ada Generation, 49140 MiB, 17260 MiB, 100 %
2026/03/27 11:54:34.878, 5, NVIDIA RTX 6000 Ada Generation, 49140 MiB, 2 MiB, 0 %
2026/03/27 11:54:34.878, 6, NVIDIA RTX 6000 Ada Generation, 49140 MiB, 16254 MiB, 0 %
2026/03/27 11:54:34.878, 7, NVIDIA RTX 6000 Ada Generation, 49140 MiB, 21460 MiB, 100 %
2026/03/27 11:54:35.878, 0, NVIDIA RTX 6000 Ada Generation, 49140 MiB, 15890 MiB, 0 %
2026/03/27 11:54:35.878, 1, NVIDIA RTX 6000 Ada Generation, 49140 MiB, 29003 MiB, 100 %
2026/03/27 11:54:35.878, 2, NVIDIA RTX 6000 Ada Generation, 49140 MiB, 21991 MiB, 100 %
2026/03/27 11:54:35.878, 3, NVIDIA RTX 6000 Ada Generation, 49140 MiB, 17248 MiB, 100 %
2026/03/27 11:54:35.878, 4, NVIDIA RTX 6000 Ada Generation, 49140 MiB, 17260 MiB, 100 %
2026/03/27 11:54:35.878, 5, NVIDIA RTX 6000 Ada Generation, 49140 MiB, 2 MiB, 0 %
2026/03/27 11:54:35.878, 6, NVIDIA RTX 6000 Ada Generation, 49140 MiB, 16254 MiB, 0 %
2026/03/27 11:54:35.878, 7, NVIDIA RTX 6000 Ada Generation, 49140 MiB, 21460 MiB, 100 %
2026/03/27 11:54:36.879, 0, NVIDIA RTX 6000 Ada Generation, 49140 MiB, 15890 MiB, 0 %
2026/03/27 11:54:36.879, 1, NVIDIA RTX 6000 Ada Generation, 49140 MiB, 29003 MiB, 100 %
2026/03/27 11:54:36.879, 2, NVIDIA RTX 6000 Ada Generation, 49140 MiB, 21991 MiB, 100 %
2026/03/27 11:54:36.879, 3, NVIDIA RTX 6000 Ada Generation, 49140 MiB, 17248 MiB, 100 %
2026/03/27 11:54:36.914, 4, NVIDIA RTX 6000 Ada Generation, 49140 MiB, 17260 MiB, 100 %
2026/03/27 11:54:36.915, 5, NVIDIA RTX 6000 Ada Generation, 49140 MiB, 2 MiB, 0 %
2026/03/27 11:54:36.915, 6, NVIDIA RTX 6000 Ada Generation, 49140 MiB, 16254 MiB, 0 %
2026/03/27 11:54:36.915, 7, NVIDIA RTX 6000 Ada Generation, 49140 MiB, 21460 MiB, 100 %
2026/03/27 11:54:37.915, 0, NVIDIA RTX 6000 Ada Generation, 49140 MiB, 15890 MiB, 90 %
2026/03/27 11:54:37.915, 1, NVIDIA RTX 6000 Ada Generation, 49140 MiB, 29003 MiB, 100 %
2026/03/27 11:54:37.915, 2, NVIDIA RTX 6000 Ada Generation, 49140 MiB, 21991 MiB, 99 %
2026/03/27 11:54:37.915, 3, NVIDIA RTX 6000 Ada Generation, 49140 MiB, 17248 MiB, 100 %
2026/03/27 11:54:37.915, 4, NVIDIA RTX 6000 Ada Generation, 49140 MiB, 17260 MiB, 100 %
2026/03/27 11:54:37.916, 5, NVIDIA RTX 6000 Ada Generation, 49140 MiB, 2 MiB, 0 %
2026/03/27 11:54:37.916, 6, NVIDIA RTX 6000 Ada Generation, 49140 MiB, 16254 MiB, 0 %
2026/03/27 11:54:37.916, 7, NVIDIA RTX 6000 Ada Generation, 49140 MiB, 21460 MiB, 100 %
2026/03/27 11:54:38.916, 0, NVIDIA RTX 6000 Ada Generation, 49140 MiB, 15890 MiB, 95 %
2026/03/27 11:54:39.193, 1, NVIDIA RTX 6000 Ada Generation, 49140 MiB, 29003 MiB, 100 %
2026/03/27 11:54:39.194, 2, NVIDIA RTX 6000 Ada Generation, 49140 MiB, 21991 MiB, 100 %
2026/03/27 11:54:39.194, 3, NVIDIA RTX 6000 Ada Generation, 49140 MiB, 17248 MiB, 100 %
2026/03/27 11:54:39.194, 4, NVIDIA RTX 6000 Ada Generation, 49140 MiB, 17260 MiB, 100 %
2026/03/27 11:54:39.194, 5, NVIDIA RTX 6000 Ada Generation, 49140 MiB, 2 MiB, 0 %
2026/03/27 11:54:39.194, 6, NVIDIA RTX 6000 Ada Generation, 49140 MiB, 16254 MiB, 0 %
2026/03/27 11:54:39.194, 7, NVIDIA RTX 6000 Ada Generation, 49140 MiB, 21460 MiB, 100 %
2026/03/27 11:54:40.194, 0, NVIDIA RTX 6000 Ada Generation, 49140 MiB, 15890 MiB, 0 %
2026/03/27 11:54:40.194, 1, NVIDIA RTX 6000 Ada Generation, 49140 MiB, 29003 MiB, 100 %
2026/03/27 11:54:40.194, 2, NVIDIA RTX 6000 Ada Generation, 49140 MiB, 21991 MiB, 100 %
2026/03/27 11:54:40.195, 3, NVIDIA RTX 6000 Ada Generation, 49140 MiB, 17248 MiB, 100 %
2026/03/27 11:54:40.195, 4, NVIDIA RTX 6000 Ada Generation, 49140 MiB, 17260 MiB, 100 %
2026/03/27 11:54:40.195, 5, NVIDIA RTX 6000 Ada Generation, 49140 MiB, 2 MiB, 0 %
2026/03/27 11:54:40.296, 6, NVIDIA RTX 6000 Ada Generation, 49140 MiB, 16254 MiB, 0 %
2026/03/27 11:54:40.296, 7, NVIDIA RTX 6000 Ada Generation, 49140 MiB, 21460 MiB, 100 %
2026/03/27 11:54:41.297, 0, NVIDIA RTX 6000 Ada Generation, 49140 MiB, 15890 MiB, 6 %
2026/03/27 11:54:41.297, 1, NVIDIA RTX 6000 Ada Generation, 49140 MiB, 29003 MiB, 100 %
2026/03/27 11:54:41.297, 2, NVIDIA RTX 6000 Ada Generation, 49140 MiB, 21991 MiB, 100 %
2026/03/27 11:54:41.297, 3, NVIDIA RTX 6000 Ada Generation, 49140 MiB, 17248 MiB, 100 %
2026/03/27 11:54:41.297, 4, NVIDIA RTX 6000 Ada Generation, 49140 MiB, 17260 MiB, 100 %
2026/03/27 11:54:41.297, 5, NVIDIA RTX 6000 Ada Generation, 49140 MiB, 2 MiB, 0 %
2026/03/27 11:54:41.297, 6, NVIDIA RTX 6000 Ada Generation, 49140 MiB, 16254 MiB, 0 %
2026/03/27 11:54:41.297, 7, NVIDIA RTX 6000 Ada Generation, 49140 MiB, 21460 MiB, 100 %
2026/03/27 11:54:42.297, 0, NVIDIA RTX 6000 Ada Generation, 49140 MiB, 15890 MiB, 6 %
2026/03/27 11:54:42.298, 1, NVIDIA RTX 6000 Ada Generation, 49140 MiB, 29003 MiB, 100 %
2026/03/27 11:54:42.298, 2, NVIDIA RTX 6000 Ada Generation, 49140 MiB, 21991 MiB, 100 %
2026/03/27 11:54:42.463, 3, NVIDIA RTX 6000 Ada Generation, 49140 MiB, 17248 MiB, 100 %
2026/03/27 11:54:42.463, 4, NVIDIA RTX 6000 Ada Generation, 49140 MiB, 17260 MiB, 100 %
2026/03/27 11:54:42.463, 5, NVIDIA RTX 6000 Ada Generation, 49140 MiB, 2 MiB, 0 %
2026/03/27 11:54:42.464, 6, NVIDIA RTX 6000 Ada Generation, 49140 MiB, 16254 MiB, 0 %
2026/03/27 11:54:42.464, 7, NVIDIA RTX 6000 Ada Generation, 49140 MiB, 21460 MiB, 100 %
2026/03/27 11:54:43.464, 0, NVIDIA RTX 6000 Ada Generation, 49140 MiB, 15890 MiB, 6 %
2026/03/27 11:54:43.466, 1, NVIDIA RTX 6000 Ada Generation, 49140 MiB, 29003 MiB, 100 %
2026/03/27 11:54:43.467, 2, NVIDIA RTX 6000 Ada Generation, 49140 MiB, 21991 MiB, 100 %
2026/03/27 11:54:43.468, 3, NVIDIA RTX 6000 Ada Generation, 49140 MiB, 17248 MiB, 100 %
2026/03/27 11:54:43.469, 4, NVIDIA RTX 6000 Ada Generation, 49140 MiB, 17260 MiB, 100 %
2026/03/27 11:54:43.471, 5, NVIDIA RTX 6000 Ada Generation, 49140 MiB, 2 MiB, 0 %
2026/03/27 11:54:43.471, 6, NVIDIA RTX 6000 Ada Generation, 49140 MiB, 19944 MiB, 40 %
2026/03/27 11:54:43.473, 7, NVIDIA RTX 6000 Ada Generation, 49140 MiB, 21460 MiB, 100 %
2026/03/27 11:54:44.473, 0, NVIDIA RTX 6000 Ada Generation, 49140 MiB, 15890 MiB, 6 %
2026/03/27 11:54:44.473, 1, NVIDIA RTX 6000 Ada Generation, 49140 MiB, 29003 MiB, 100 %
2026/03/27 11:54:44.473, 2, NVIDIA RTX 6000 Ada Generation, 49140 MiB, 21991 MiB, 100 %
2026/03/27 11:54:44.473, 3, NVIDIA RTX 6000 Ada Generation, 49140 MiB, 17248 MiB, 100 %
2026/03/27 11:54:44.473, 4, NVIDIA RTX 6000 Ada Generation, 49140 MiB, 17260 MiB, 100 %
2026/03/27 11:54:44.473, 5, NVIDIA RTX 6000 Ada Generation, 49140 MiB, 2 MiB, 0 %
2026/03/27 11:54:44.473, 6, NVIDIA RTX 6000 Ada Generation, 49140 MiB, 45372 MiB, 77 %
2026/03/27 11:54:44.473, 7, NVIDIA RTX 6000 Ada Generation, 49140 MiB, 21460 MiB, 100 %
2026/03/27 11:54:45.474, 0, NVIDIA RTX 6000 Ada Generation, 49140 MiB, 15890 MiB, 6 %
2026/03/27 11:54:45.535, 1, NVIDIA RTX 6000 Ada Generation, 49140 MiB, 29003 MiB, 100 %
2026/03/27 11:54:45.537, 2, NVIDIA RTX 6000 Ada Generation, 49140 MiB, 21991 MiB, 100 %
2026/03/27 11:54:45.764, 3, NVIDIA RTX 6000 Ada Generation, 49140 MiB, 17248 MiB, 100 %
2026/03/27 11:54:45.765, 4, NVIDIA RTX 6000 Ada Generation, 49140 MiB, 17260 MiB, 100 %
2026/03/27 11:54:45.765, 5, NVIDIA RTX 6000 Ada Generation, 49140 MiB, 2 MiB, 0 %
2026/03/27 11:54:45.765, 6, NVIDIA RTX 6000 Ada Generation, 49140 MiB, 45372 MiB, 0 %
2026/03/27 11:54:45.766, 7, NVIDIA RTX 6000 Ada Generation, 49140 MiB, 21460 MiB, 100 %
2026/03/27 11:54:46.926, 0, NVIDIA RTX 6000 Ada Generation, 49140 MiB, 15890 MiB, 6 %
2026/03/27 11:54:46.927, 1, NVIDIA RTX 6000 Ada Generation, 49140 MiB, 29003 MiB, 100 %
2026/03/27 11:54:46.927, 2, NVIDIA RTX 6000 Ada Generation, 49140 MiB, 21991 MiB, 100 %
2026/03/27 11:54:46.927, 3, NVIDIA RTX 6000 Ada Generation, 49140 MiB, 17248 MiB, 100 %
2026/03/27 11:54:46.927, 4, NVIDIA RTX 6000 Ada Generation, 49140 MiB, 17260 MiB, 99 %
2026/03/27 11:54:46.927, 5, NVIDIA RTX 6000 Ada Generation, 49140 MiB, 2 MiB, 0 %
2026/03/27 11:54:46.927, 6, NVIDIA RTX 6000 Ada Generation, 49140 MiB, 2 MiB, 100 %
2026/03/27 11:54:46.927, 7, NVIDIA RTX 6000 Ada Generation, 49140 MiB, 21460 MiB, 100 %
2026/03/27 11:54:47.927, 0, NVIDIA RTX 6000 Ada Generation, 49140 MiB, 15890 MiB, 0 %
2026/03/27 11:54:47.927, 1, NVIDIA RTX 6000 Ada Generation, 49140 MiB, 29003 MiB, 100 %
2026/03/27 11:54:47.927, 2, NVIDIA RTX 6000 Ada Generation, 49140 MiB, 21991 MiB, 100 %
2026/03/27 11:54:48.106, 3, NVIDIA RTX 6000 Ada Generation, 49140 MiB, 17248 MiB, 100 %
2026/03/27 11:54:48.107, 4, NVIDIA RTX 6000 Ada Generation, 49140 MiB, 17260 MiB, 100 %
2026/03/27 11:54:48.107, 5, NVIDIA RTX 6000 Ada Generation, 49140 MiB, 2 MiB, 0 %
2026/03/27 11:54:48.107, 6, NVIDIA RTX 6000 Ada Generation, 49140 MiB, 2 MiB, 0 %
2026/03/27 11:54:48.107, 7, NVIDIA RTX 6000 Ada Generation, 49140 MiB, 21460 MiB, 100 %
2026/03/27 11:54:49.107, 0, NVIDIA RTX 6000 Ada Generation, 49140 MiB, 15890 MiB, 92 %
2026/03/27 11:54:49.107, 1, NVIDIA RTX 6000 Ada Generation, 49140 MiB, 29003 MiB, 100 %
2026/03/27 11:54:49.108, 2, NVIDIA RTX 6000 Ada Generation, 49140 MiB, 21991 MiB, 100 %
2026/03/27 11:54:49.108, 3, NVIDIA RTX 6000 Ada Generation, 49140 MiB, 17248 MiB, 100 %
2026/03/27 11:54:49.108, 4, NVIDIA RTX 6000 Ada Generation, 49140 MiB, 17260 MiB, 100 %
2026/03/27 11:54:49.110, 5, NVIDIA RTX 6000 Ada Generation, 49140 MiB, 2 MiB, 0 %
2026/03/27 11:54:49.110, 6, NVIDIA RTX 6000 Ada Generation, 49140 MiB, 2 MiB, 0 %
2026/03/27 11:54:49.110, 7, NVIDIA RTX 6000 Ada Generation, 49140 MiB, 21460 MiB, 100 %
2026/03/27 11:54:50.110, 0, NVIDIA RTX 6000 Ada Generation, 49140 MiB, 15890 MiB, 100 %
2026/03/27 11:54:50.110, 1, NVIDIA RTX 6000 Ada Generation, 49140 MiB, 29003 MiB, 100 %
2026/03/27 11:54:50.110, 2, NVIDIA RTX 6000 Ada Generation, 49140 MiB, 21991 MiB, 100 %
2026/03/27 11:54:50.110, 3, NVIDIA RTX 6000 Ada Generation, 49140 MiB, 17248 MiB, 100 %
2026/03/27 11:54:50.111, 4, NVIDIA RTX 6000 Ada Generation, 49140 MiB, 17260 MiB, 100 %
2026/03/27 11:54:50.111, 5, NVIDIA RTX 6000 Ada Generation, 49140 MiB, 2 MiB, 0 %
2026/03/27 11:54:50.111, 6, NVIDIA RTX 6000 Ada Generation, 49140 MiB, 436 MiB, 0 %
2026/03/27 11:54:50.111, 7, NVIDIA RTX 6000 Ada Generation, 49140 MiB, 21460 MiB, 100 %
2026/03/27 11:54:51.111, 0, NVIDIA RTX 6000 Ada Generation, 49140 MiB, 15890 MiB, 100 %
2026/03/27 11:54:51.111, 1, NVIDIA RTX 6000 Ada Generation, 49140 MiB, 29003 MiB, 100 %
2026/03/27 11:54:51.111, 2, NVIDIA RTX 6000 Ada Generation, 49140 MiB, 21991 MiB, 100 %
2026/03/27 11:54:51.111, 3, NVIDIA RTX 6000 Ada Generation, 49140 MiB, 17248 MiB, 100 %
2026/03/27 11:54:51.339, 4, NVIDIA RTX 6000 Ada Generation, 49140 MiB, 17260 MiB, 100 %
2026/03/27 11:54:51.339, 5, NVIDIA RTX 6000 Ada Generation, 49140 MiB, 2 MiB, 0 %
2026/03/27 11:54:51.340, 6, NVIDIA RTX 6000 Ada Generation, 49140 MiB, 16254 MiB, 19 %
2026/03/27 11:54:51.340, 7, NVIDIA RTX 6000 Ada Generation, 49140 MiB, 21460 MiB, 100 %
2026/03/27 11:54:52.340, 0, NVIDIA RTX 6000 Ada Generation, 49140 MiB, 15890 MiB, 6 %
2026/03/27 11:54:52.340, 1, NVIDIA RTX 6000 Ada Generation, 49140 MiB, 29003 MiB, 100 %
2026/03/27 11:54:52.340, 2, NVIDIA RTX 6000 Ada Generation, 49140 MiB, 21991 MiB, 100 %
2026/03/27 11:54:52.340, 3, NVIDIA RTX 6000 Ada Generation, 49140 MiB, 17248 MiB, 100 %
2026/03/27 11:54:52.340, 4, NVIDIA RTX 6000 Ada Generation, 49140 MiB, 17260 MiB, 100 %
2026/03/27 11:54:52.340, 5, NVIDIA RTX 6000 Ada Generation, 49140 MiB, 2 MiB, 0 %
2026/03/27 11:54:52.340, 6, NVIDIA RTX 6000 Ada Generation, 49140 MiB, 16254 MiB, 13 %
2026/03/27 11:54:52.340, 7, NVIDIA RTX 6000 Ada Generation, 49140 MiB, 21460 MiB, 100 %
2026/03/27 11:54:53.341, 0, NVIDIA RTX 6000 Ada Generation, 49140 MiB, 15890 MiB, 0 %
2026/03/27 11:54:53.436, 1, NVIDIA RTX 6000 Ada Generation, 49140 MiB, 29003 MiB, 100 %
2026/03/27 11:54:53.437, 2, NVIDIA RTX 6000 Ada Generation, 49140 MiB, 21991 MiB, 100 %
2026/03/27 11:54:53.437, 3, NVIDIA RTX 6000 Ada Generation, 49140 MiB, 17248 MiB, 100 %
2026/03/27 11:54:53.437, 4, NVIDIA RTX 6000 Ada Generation, 49140 MiB, 17260 MiB, 100 %
2026/03/27 11:54:53.437, 5, NVIDIA RTX 6000 Ada Generation, 49140 MiB, 2 MiB, 0 %
2026/03/27 11:54:53.437, 6, NVIDIA RTX 6000 Ada Generation, 49140 MiB, 16254 MiB, 13 %
2026/03/27 11:54:53.437, 7, NVIDIA RTX 6000 Ada Generation, 49140 MiB, 21460 MiB, 100 %
2026/03/27 11:54:54.437, 0, NVIDIA RTX 6000 Ada Generation, 49140 MiB, 15890 MiB, 6 %
2026/03/27 11:54:54.437, 1, NVIDIA RTX 6000 Ada Generation, 49140 MiB, 29003 MiB, 100 %
2026/03/27 11:54:54.437, 2, NVIDIA RTX 6000 Ada Generation, 49140 MiB, 21991 MiB, 100 %
2026/03/27 11:54:54.437, 3, NVIDIA RTX 6000 Ada Generation, 49140 MiB, 17248 MiB, 100 %
2026/03/27 11:54:54.438, 4, NVIDIA RTX 6000 Ada Generation, 49140 MiB, 17260 MiB, 100 %
2026/03/27 11:54:54.438, 5, NVIDIA RTX 6000 Ada Generation, 49140 MiB, 2 MiB, 0 %
2026/03/27 11:54:54.576, 6, NVIDIA RTX 6000 Ada Generation, 49140 MiB, 16254 MiB, 12 %
2026/03/27 11:54:54.577, 7, NVIDIA RTX 6000 Ada Generation, 49140 MiB, 21460 MiB, 100 %
2026/03/27 11:54:55.577, 0, NVIDIA RTX 6000 Ada Generation, 49140 MiB, 15890 MiB, 6 %
2026/03/27 11:54:55.577, 1, NVIDIA RTX 6000 Ada Generation, 49140 MiB, 29003 MiB, 100 %
2026/03/27 11:54:55.577, 2, NVIDIA RTX 6000 Ada Generation, 49140 MiB, 21991 MiB, 100 %
2026/03/27 11:54:55.577, 3, NVIDIA RTX 6000 Ada Generation, 49140 MiB, 17248 MiB, 100 %
2026/03/27 11:54:55.577, 4, NVIDIA RTX 6000 Ada Generation, 49140 MiB, 17260 MiB, 100 %
2026/03/27 11:54:55.577, 5, NVIDIA RTX 6000 Ada Generation, 49140 MiB, 2 MiB, 0 %
2026/03/27 11:54:55.577, 6, NVIDIA RTX 6000 Ada Generation, 49140 MiB, 16254 MiB, 0 %
2026/03/27 11:54:55.578, 7, NVIDIA RTX 6000 Ada Generation, 49140 MiB, 21460 MiB, 100 %
2026/03/27 11:54:56.578, 0, NVIDIA RTX 6000 Ada Generation, 49140 MiB, 15890 MiB, 6 %
2026/03/27 11:54:56.578, 1, NVIDIA RTX 6000 Ada Generation, 49140 MiB, 29003 MiB, 100 %
2026/03/27 11:54:56.578, 2, NVIDIA RTX 6000 Ada Generation, 49140 MiB, 21991 MiB, 100 %
2026/03/27 11:54:56.772, 3, NVIDIA RTX 6000 Ada Generation, 49140 MiB, 17248 MiB, 99 %
2026/03/27 11:54:56.773, 4, NVIDIA RTX 6000 Ada Generation, 49140 MiB, 17260 MiB, 100 %
2026/03/27 11:54:56.773, 5, NVIDIA RTX 6000 Ada Generation, 49140 MiB, 2 MiB, 0 %
2026/03/27 11:54:56.773, 6, NVIDIA RTX 6000 Ada Generation, 49140 MiB, 16254 MiB, 0 %
2026/03/27 11:54:56.773, 7, NVIDIA RTX 6000 Ada Generation, 49140 MiB, 21460 MiB, 100 %
2026/03/27 11:54:57.773, 0, NVIDIA RTX 6000 Ada Generation, 49140 MiB, 15890 MiB, 6 %
2026/03/27 11:54:57.773, 1, NVIDIA RTX 6000 Ada Generation, 49140 MiB, 29003 MiB, 100 %
2026/03/27 11:54:57.773, 2, NVIDIA RTX 6000 Ada Generation, 49140 MiB, 21991 MiB, 100 %
2026/03/27 11:54:57.774, 3, NVIDIA RTX 6000 Ada Generation, 49140 MiB, 17248 MiB, 100 %
2026/03/27 11:54:57.774, 4, NVIDIA RTX 6000 Ada Generation, 49140 MiB, 17260 MiB, 100 %
2026/03/27 11:54:57.774, 5, NVIDIA RTX 6000 Ada Generation, 49140 MiB, 2 MiB, 0 %
2026/03/27 11:54:57.774, 6, NVIDIA RTX 6000 Ada Generation, 49140 MiB, 16254 MiB, 0 %
2026/03/27 11:54:57.774, 7, NVIDIA RTX 6000 Ada Generation, 49140 MiB, 21460 MiB, 100 %
2026/03/27 11:54:58.774, 0, NVIDIA RTX 6000 Ada Generation, 49140 MiB, 15890 MiB, 2 %
2026/03/27 11:54:58.774, 1, NVIDIA RTX 6000 Ada Generation, 49140 MiB, 29003 MiB, 100 %
2026/03/27 11:54:58.774, 2, NVIDIA RTX 6000 Ada Generation, 49140 MiB, 21991 MiB, 100 %
2026/03/27 11:54:58.774, 3, NVIDIA RTX 6000 Ada Generation, 49140 MiB, 17248 MiB, 100 %
2026/03/27 11:54:58.774, 4, NVIDIA RTX 6000 Ada Generation, 49140 MiB, 17260 MiB, 100 %
2026/03/27 11:54:58.774, 5, NVIDIA RTX 6000 Ada Generation, 49140 MiB, 2 MiB, 0 %
2026/03/27 11:54:58.774, 6, NVIDIA RTX 6000 Ada Generation, 49140 MiB, 16254 MiB, 0 %
2026/03/27 11:54:58.775, 7, NVIDIA RTX 6000 Ada Generation, 49140 MiB, 21460 MiB, 100 %
2026/03/27 11:54:59.775, 0, NVIDIA RTX 6000 Ada Generation, 49140 MiB, 15890 MiB, 6 %
2026/03/27 11:54:59.775, 1, NVIDIA RTX 6000 Ada Generation, 49140 MiB, 29003 MiB, 100 %
2026/03/27 11:54:59.775, 2, NVIDIA RTX 6000 Ada Generation, 49140 MiB, 21991 MiB, 100 %
2026/03/27 11:54:59.775, 3, NVIDIA RTX 6000 Ada Generation, 49140 MiB, 17248 MiB, 100 %
2026/03/27 11:54:59.823, 4, NVIDIA RTX 6000 Ada Generation, 49140 MiB, 17260 MiB, 100 %
2026/03/27 11:54:59.824, 5, NVIDIA RTX 6000 Ada Generation, 49140 MiB, 2 MiB, 0 %
2026/03/27 11:54:59.824, 6, NVIDIA RTX 6000 Ada Generation, 49140 MiB, 16254 MiB, 0 %
2026/03/27 11:54:59.824, 7, NVIDIA RTX 6000 Ada Generation, 49140 MiB, 21460 MiB, 100 %
2026/03/27 11:55:00.824, 0, NVIDIA RTX 6000 Ada Generation, 49140 MiB, 15890 MiB, 6 %
2026/03/27 11:55:00.825, 1, NVIDIA RTX 6000 Ada Generation, 49140 MiB, 29003 MiB, 100 %
2026/03/27 11:55:00.825, 2, NVIDIA RTX 6000 Ada Generation, 49140 MiB, 21991 MiB, 100 %
2026/03/27 11:55:00.825, 3, NVIDIA RTX 6000 Ada Generation, 49140 MiB, 17248 MiB, 100 %
2026/03/27 11:55:00.825, 4, NVIDIA RTX 6000 Ada Generation, 49140 MiB, 17260 MiB, 100 %
2026/03/27 11:55:00.825, 5, NVIDIA RTX 6000 Ada Generation, 49140 MiB, 2 MiB, 0 %
2026/03/27 11:55:00.825, 6, NVIDIA RTX 6000 Ada Generation, 49140 MiB, 16254 MiB, 0 %
2026/03/27 11:55:00.825, 7, NVIDIA RTX 6000 Ada Generation, 49140 MiB, 21460 MiB, 100 %
2026/03/27 11:55:01.825, 0, NVIDIA RTX 6000 Ada Generation, 49140 MiB, 15890 MiB, 0 %
2026/03/27 11:55:01.912, 1, NVIDIA RTX 6000 Ada Generation, 49140 MiB, 29003 MiB, 100 %
2026/03/27 11:55:01.913, 2, NVIDIA RTX 6000 Ada Generation, 49140 MiB, 21991 MiB, 100 %
2026/03/27 11:55:01.913, 3, NVIDIA RTX 6000 Ada Generation, 49140 MiB, 17248 MiB, 100 %
2026/03/27 11:55:01.913, 4, NVIDIA RTX 6000 Ada Generation, 49140 MiB, 17260 MiB, 100 %
2026/03/27 11:55:01.913, 5, NVIDIA RTX 6000 Ada Generation, 49140 MiB, 2 MiB, 0 %
2026/03/27 11:55:01.914, 6, NVIDIA RTX 6000 Ada Generation, 49140 MiB, 16254 MiB, 0 %
2026/03/27 11:55:01.914, 7, NVIDIA RTX 6000 Ada Generation, 49140 MiB, 21460 MiB, 100 %
2026/03/27 11:55:02.914, 0, NVIDIA RTX 6000 Ada Generation, 49140 MiB, 15890 MiB, 0 %
2026/03/27 11:55:02.914, 1, NVIDIA RTX 6000 Ada Generation, 49140 MiB, 29003 MiB, 100 %
2026/03/27 11:55:02.914, 2, NVIDIA RTX 6000 Ada Generation, 49140 MiB, 21991 MiB, 100 %
2026/03/27 11:55:02.914, 3, NVIDIA RTX 6000 Ada Generation, 49140 MiB, 17248 MiB, 100 %
2026/03/27 11:55:02.914, 4, NVIDIA RTX 6000 Ada Generation, 49140 MiB, 17260 MiB, 100 %
2026/03/27 11:55:02.914, 5, NVIDIA RTX 6000 Ada Generation, 49140 MiB, 2 MiB, 0 %
2026/03/27 11:55:02.990, 6, NVIDIA RTX 6000 Ada Generation, 49140 MiB, 16254 MiB, 0 %
2026/03/27 11:55:02.990, 7, NVIDIA RTX 6000 Ada Generation, 49140 MiB, 21460 MiB, 100 %
2026/03/27 11:55:03.990, 0, NVIDIA RTX 6000 Ada Generation, 49140 MiB, 15890 MiB, 0 %
2026/03/27 11:55:03.991, 1, NVIDIA RTX 6000 Ada Generation, 49140 MiB, 29003 MiB, 100 %
2026/03/27 11:55:03.991, 2, NVIDIA RTX 6000 Ada Generation, 49140 MiB, 21991 MiB, 100 %
2026/03/27 11:55:03.991, 3, NVIDIA RTX 6000 Ada Generation, 49140 MiB, 17248 MiB, 100 %
2026/03/27 11:55:03.991, 4, NVIDIA RTX 6000 Ada Generation, 49140 MiB, 17260 MiB, 100 %
2026/03/27 11:55:03.991, 5, NVIDIA RTX 6000 Ada Generation, 49140 MiB, 2 MiB, 0 %
2026/03/27 11:55:03.991, 6, NVIDIA RTX 6000 Ada Generation, 49140 MiB, 16254 MiB, 0 %
2026/03/27 11:55:03.991, 7, NVIDIA RTX 6000 Ada Generation, 49140 MiB, 21460 MiB, 100 %
2026/03/27 11:55:04.991, 0, NVIDIA RTX 6000 Ada Generation, 49140 MiB, 15890 MiB, 90 %
2026/03/27 11:55:05.365, 1, NVIDIA RTX 6000 Ada Generation, 49140 MiB, 29003 MiB, 100 %
2026/03/27 11:55:05.366, 2, NVIDIA RTX 6000 Ada Generation, 49140 MiB, 21991 MiB, 100 %
2026/03/27 11:55:05.366, 3, NVIDIA RTX 6000 Ada Generation, 49140 MiB, 17248 MiB, 100 %
2026/03/27 11:55:05.366, 4, NVIDIA RTX 6000 Ada Generation, 49140 MiB, 17260 MiB, 100 %
2026/03/27 11:55:05.367, 5, NVIDIA RTX 6000 Ada Generation, 49140 MiB, 2 MiB, 0 %
2026/03/27 11:55:05.598, 6, NVIDIA RTX 6000 Ada Generation, 49140 MiB, 19944 MiB, 0 %
2026/03/27 11:55:05.598, 7, NVIDIA RTX 6000 Ada Generation, 49140 MiB, 21460 MiB, 100 %
2026/03/27 11:55:06.599, 0, NVIDIA RTX 6000 Ada Generation, 49140 MiB, 15890 MiB, 0 %
2026/03/27 11:55:06.599, 1, NVIDIA RTX 6000 Ada Generation, 49140 MiB, 29003 MiB, 100 %
2026/03/27 11:55:06.599, 2, NVIDIA RTX 6000 Ada Generation, 49140 MiB, 21991 MiB, 100 %
2026/03/27 11:55:06.600, 3, NVIDIA RTX 6000 Ada Generation, 49140 MiB, 17248 MiB, 100 %
2026/03/27 11:55:06.600, 4, NVIDIA RTX 6000 Ada Generation, 49140 MiB, 17260 MiB, 100 %
2026/03/27 11:55:06.600, 5, NVIDIA RTX 6000 Ada Generation, 49140 MiB, 2 MiB, 0 %
2026/03/27 11:55:06.600, 6, NVIDIA RTX 6000 Ada Generation, 49140 MiB, 29374 MiB, 4 %
2026/03/27 11:55:06.600, 7, NVIDIA RTX 6000 Ada Generation, 49140 MiB, 21460 MiB, 100 %
2026/03/27 11:55:07.600, 0, NVIDIA RTX 6000 Ada Generation, 49140 MiB, 15890 MiB, 6 %
2026/03/27 11:55:07.706, 1, NVIDIA RTX 6000 Ada Generation, 49140 MiB, 29003 MiB, 100 %
2026/03/27 11:55:07.707, 2, NVIDIA RTX 6000 Ada Generation, 49140 MiB, 21991 MiB, 100 %
2026/03/27 11:55:07.707, 3, NVIDIA RTX 6000 Ada Generation, 49140 MiB, 17248 MiB, 100 %
2026/03/27 11:55:07.707, 4, NVIDIA RTX 6000 Ada Generation, 49140 MiB, 17260 MiB, 100 %
2026/03/27 11:55:07.707, 5, NVIDIA RTX 6000 Ada Generation, 49140 MiB, 2 MiB, 0 %
2026/03/27 11:55:07.707, 6, NVIDIA RTX 6000 Ada Generation, 49140 MiB, 45372 MiB, 0 %
2026/03/27 11:55:07.707, 7, NVIDIA RTX 6000 Ada Generation, 49140 MiB, 21460 MiB, 100 %
2026/03/27 11:55:08.707, 0, NVIDIA RTX 6000 Ada Generation, 49140 MiB, 15890 MiB, 6 %
2026/03/27 11:55:08.835, 1, NVIDIA RTX 6000 Ada Generation, 49140 MiB, 29003 MiB, 100 %
2026/03/27 11:55:08.989, 2, NVIDIA RTX 6000 Ada Generation, 49140 MiB, 21991 MiB, 100 %
2026/03/27 11:55:08.990, 3, NVIDIA RTX 6000 Ada Generation, 49140 MiB, 17248 MiB, 100 %
2026/03/27 11:55:09.179, 4, NVIDIA RTX 6000 Ada Generation, 49140 MiB, 17260 MiB, 100 %
2026/03/27 11:55:09.180, 5, NVIDIA RTX 6000 Ada Generation, 49140 MiB, 2 MiB, 0 %
2026/03/27 11:55:09.189, 6, NVIDIA RTX 6000 Ada Generation, 49140 MiB, 45372 MiB, 0 %
2026/03/27 11:55:09.193, 7, NVIDIA RTX 6000 Ada Generation, 49140 MiB, 21460 MiB, 100 %
2026/03/27 11:55:10.195, 0, NVIDIA RTX 6000 Ada Generation, 49140 MiB, 15890 MiB, 6 %
2026/03/27 11:55:10.195, 1, NVIDIA RTX 6000 Ada Generation, 49140 MiB, 29003 MiB, 100 %
2026/03/27 11:55:10.195, 2, NVIDIA RTX 6000 Ada Generation, 49140 MiB, 21991 MiB, 100 %
2026/03/27 11:55:10.196, 3, NVIDIA RTX 6000 Ada Generation, 49140 MiB, 17248 MiB, 100 %
2026/03/27 11:55:10.196, 4, NVIDIA RTX 6000 Ada Generation, 49140 MiB, 17260 MiB, 100 %
2026/03/27 11:55:10.196, 5, NVIDIA RTX 6000 Ada Generation, 49140 MiB, 2 MiB, 0 %
2026/03/27 11:55:10.196, 6, NVIDIA RTX 6000 Ada Generation, 49140 MiB, 2 MiB, 100 %
2026/03/27 11:55:10.196, 7, NVIDIA RTX 6000 Ada Generation, 49140 MiB, 21460 MiB, 100 %
2026/03/27 11:55:11.196, 0, NVIDIA RTX 6000 Ada Generation, 49140 MiB, 15890 MiB, 4 %
2026/03/27 11:55:11.196, 1, NVIDIA RTX 6000 Ada Generation, 49140 MiB, 29003 MiB, 100 %
2026/03/27 11:55:11.196, 2, NVIDIA RTX 6000 Ada Generation, 49140 MiB, 21991 MiB, 100 %
2026/03/27 11:55:11.196, 3, NVIDIA RTX 6000 Ada Generation, 49140 MiB, 17248 MiB, 100 %
2026/03/27 11:55:11.312, 4, NVIDIA RTX 6000 Ada Generation, 49140 MiB, 17260 MiB, 100 %
2026/03/27 11:55:11.312, 5, NVIDIA RTX 6000 Ada Generation, 49140 MiB, 2 MiB, 0 %
2026/03/27 11:55:11.312, 6, NVIDIA RTX 6000 Ada Generation, 49140 MiB, 2 MiB, 0 %
2026/03/27 11:55:11.312, 7, NVIDIA RTX 6000 Ada Generation, 49140 MiB, 21460 MiB, 100 %
2026/03/27 11:55:12.313, 0, NVIDIA RTX 6000 Ada Generation, 49140 MiB, 15890 MiB, 6 %
2026/03/27 11:55:12.313, 1, NVIDIA RTX 6000 Ada Generation, 49140 MiB, 29003 MiB, 100 %
2026/03/27 11:55:12.313, 2, NVIDIA RTX 6000 Ada Generation, 49140 MiB, 21991 MiB, 100 %
2026/03/27 11:55:12.313, 3, NVIDIA RTX 6000 Ada Generation, 49140 MiB, 17248 MiB, 100 %
2026/03/27 11:55:12.313, 4, NVIDIA RTX 6000 Ada Generation, 49140 MiB, 17260 MiB, 100 %
2026/03/27 11:55:12.313, 5, NVIDIA RTX 6000 Ada Generation, 49140 MiB, 2 MiB, 0 %
2026/03/27 11:55:12.313, 6, NVIDIA RTX 6000 Ada Generation, 49140 MiB, 4 MiB, 0 %
2026/03/27 11:55:12.313, 7, NVIDIA RTX 6000 Ada Generation, 49140 MiB, 21460 MiB, 100 %
2026/03/27 11:55:13.313, 0, NVIDIA RTX 6000 Ada Generation, 49140 MiB, 15890 MiB, 6 %
2026/03/27 11:55:13.426, 1, NVIDIA RTX 6000 Ada Generation, 49140 MiB, 29003 MiB, 100 %
2026/03/27 11:55:13.427, 2, NVIDIA RTX 6000 Ada Generation, 49140 MiB, 21991 MiB, 100 %
2026/03/27 11:55:13.427, 3, NVIDIA RTX 6000 Ada Generation, 49140 MiB, 17248 MiB, 100 %
2026/03/27 11:55:13.427, 4, NVIDIA RTX 6000 Ada Generation, 49140 MiB, 17260 MiB, 100 %
2026/03/27 11:55:13.427, 5, NVIDIA RTX 6000 Ada Generation, 49140 MiB, 2 MiB, 0 %
2026/03/27 11:55:13.427, 6, NVIDIA RTX 6000 Ada Generation, 49140 MiB, 16254 MiB, 0 %
2026/03/27 11:55:13.427, 7, NVIDIA RTX 6000 Ada Generation, 49140 MiB, 21460 MiB, 100 %
2026/03/27 11:55:14.427, 0, NVIDIA RTX 6000 Ada Generation, 49140 MiB, 15890 MiB, 6 %
2026/03/27 11:55:14.427, 1, NVIDIA RTX 6000 Ada Generation, 49140 MiB, 29003 MiB, 100 %
2026/03/27 11:55:14.427, 2, NVIDIA RTX 6000 Ada Generation, 49140 MiB, 21991 MiB, 100 %
2026/03/27 11:55:14.428, 3, NVIDIA RTX 6000 Ada Generation, 49140 MiB, 17248 MiB, 100 %
2026/03/27 11:55:14.428, 4, NVIDIA RTX 6000 Ada Generation, 49140 MiB, 17260 MiB, 100 %
2026/03/27 11:55:14.428, 5, NVIDIA RTX 6000 Ada Generation, 49140 MiB, 2 MiB, 0 %
2026/03/27 11:55:14.560, 6, NVIDIA RTX 6000 Ada Generation, 49140 MiB, 16254 MiB, 19 %
2026/03/27 11:55:14.560, 7, NVIDIA RTX 6000 Ada Generation, 49140 MiB, 21460 MiB, 100 %
2026/03/27 11:55:15.560, 0, NVIDIA RTX 6000 Ada Generation, 49140 MiB, 15890 MiB, 0 %
2026/03/27 11:55:15.560, 1, NVIDIA RTX 6000 Ada Generation, 49140 MiB, 29003 MiB, 100 %
2026/03/27 11:55:15.560, 2, NVIDIA RTX 6000 Ada Generation, 49140 MiB, 21991 MiB, 99 %
2026/03/27 11:55:15.560, 3, NVIDIA RTX 6000 Ada Generation, 49140 MiB, 17248 MiB, 100 %
2026/03/27 11:55:15.561, 4, NVIDIA RTX 6000 Ada Generation, 49140 MiB, 17260 MiB, 100 %
2026/03/27 11:55:15.561, 5, NVIDIA RTX 6000 Ada Generation, 49140 MiB, 2 MiB, 0 %
2026/03/27 11:55:15.561, 6, NVIDIA RTX 6000 Ada Generation, 49140 MiB, 16254 MiB, 13 %
2026/03/27 11:55:15.561, 7, NVIDIA RTX 6000 Ada Generation, 49140 MiB, 21460 MiB, 100 %
2026/03/27 11:55:16.561, 0, NVIDIA RTX 6000 Ada Generation, 49140 MiB, 15890 MiB, 0 %
2026/03/27 11:55:16.561, 1, NVIDIA RTX 6000 Ada Generation, 49140 MiB, 29003 MiB, 100 %
2026/03/27 11:55:16.561, 2, NVIDIA RTX 6000 Ada Generation, 49140 MiB, 21991 MiB, 100 %
2026/03/27 11:55:16.747, 3, NVIDIA RTX 6000 Ada Generation, 49140 MiB, 17248 MiB, 100 %
2026/03/27 11:55:16.748, 4, NVIDIA RTX 6000 Ada Generation, 49140 MiB, 17260 MiB, 100 %
2026/03/27 11:55:16.748, 5, NVIDIA RTX 6000 Ada Generation, 49140 MiB, 2 MiB, 0 %
2026/03/27 11:55:16.748, 6, NVIDIA RTX 6000 Ada Generation, 49140 MiB, 16254 MiB, 14 %
2026/03/27 11:55:16.748, 7, NVIDIA RTX 6000 Ada Generation, 49140 MiB, 21460 MiB, 100 %
2026/03/27 11:55:17.748, 0, NVIDIA RTX 6000 Ada Generation, 49140 MiB, 15890 MiB, 89 %
2026/03/27 11:55:17.748, 1, NVIDIA RTX 6000 Ada Generation, 49140 MiB, 29003 MiB, 100 %
2026/03/27 11:55:17.748, 2, NVIDIA RTX 6000 Ada Generation, 49140 MiB, 21991 MiB, 100 %
2026/03/27 11:55:17.748, 3, NVIDIA RTX 6000 Ada Generation, 49140 MiB, 17248 MiB, 100 %
2026/03/27 11:55:17.748, 4, NVIDIA RTX 6000 Ada Generation, 49140 MiB, 17260 MiB, 100 %
2026/03/27 11:55:17.749, 5, NVIDIA RTX 6000 Ada Generation, 49140 MiB, 2 MiB, 0 %
2026/03/27 11:55:17.749, 6, NVIDIA RTX 6000 Ada Generation, 49140 MiB, 16254 MiB, 12 %
2026/03/27 11:55:17.749, 7, NVIDIA RTX 6000 Ada Generation, 49140 MiB, 21460 MiB, 100 %
2026/03/27 11:55:18.749, 0, NVIDIA RTX 6000 Ada Generation, 49140 MiB, 15890 MiB, 90 %
2026/03/27 11:55:18.749, 1, NVIDIA RTX 6000 Ada Generation, 49140 MiB, 29003 MiB, 100 %
2026/03/27 11:55:18.749, 2, NVIDIA RTX 6000 Ada Generation, 49140 MiB, 21991 MiB, 100 %
2026/03/27 11:55:18.749, 3, NVIDIA RTX 6000 Ada Generation, 49140 MiB, 17248 MiB, 100 %
2026/03/27 11:55:18.749, 4, NVIDIA RTX 6000 Ada Generation, 49140 MiB, 17260 MiB, 100 %
2026/03/27 11:55:18.749, 5, NVIDIA RTX 6000 Ada Generation, 49140 MiB, 2 MiB, 0 %
2026/03/27 11:55:18.749, 6, NVIDIA RTX 6000 Ada Generation, 49140 MiB, 16254 MiB, 0 %
2026/03/27 11:55:18.749, 7, NVIDIA RTX 6000 Ada Generation, 49140 MiB, 21460 MiB, 100 %
2026/03/27 11:55:19.750, 0, NVIDIA RTX 6000 Ada Generation, 49140 MiB, 15890 MiB, 93 %
2026/03/27 11:55:19.750, 1, NVIDIA RTX 6000 Ada Generation, 49140 MiB, 29003 MiB, 100 %
2026/03/27 11:55:19.750, 2, NVIDIA RTX 6000 Ada Generation, 49140 MiB, 21991 MiB, 100 %
2026/03/27 11:55:19.757, 3, NVIDIA RTX 6000 Ada Generation, 49140 MiB, 17248 MiB, 100 %
2026/03/27 11:55:19.758, 4, NVIDIA RTX 6000 Ada Generation, 49140 MiB, 17260 MiB, 100 %
2026/03/27 11:55:19.758, 5, NVIDIA RTX 6000 Ada Generation, 49140 MiB, 2 MiB, 0 %
2026/03/27 11:55:19.758, 6, NVIDIA RTX 6000 Ada Generation, 49140 MiB, 16254 MiB, 0 %
2026/03/27 11:55:19.758, 7, NVIDIA RTX 6000 Ada Generation, 49140 MiB, 21460 MiB, 100 %
2026/03/27 11:55:20.758, 0, NVIDIA RTX 6000 Ada Generation, 49140 MiB, 15890 MiB, 6 %
2026/03/27 11:55:20.758, 1, NVIDIA RTX 6000 Ada Generation, 49140 MiB, 29003 MiB, 100 %
2026/03/27 11:55:20.758, 2, NVIDIA RTX 6000 Ada Generation, 49140 MiB, 21991 MiB, 100 %
2026/03/27 11:55:20.758, 3, NVIDIA RTX 6000 Ada Generation, 49140 MiB, 17248 MiB, 99 %
2026/03/27 11:55:20.758, 4, NVIDIA RTX 6000 Ada Generation, 49140 MiB, 17260 MiB, 100 %
2026/03/27 11:55:20.758, 5, NVIDIA RTX 6000 Ada Generation, 49140 MiB, 2 MiB, 0 %
2026/03/27 11:55:20.758, 6, NVIDIA RTX 6000 Ada Generation, 49140 MiB, 16254 MiB, 0 %
2026/03/27 11:55:20.758, 7, NVIDIA RTX 6000 Ada Generation, 49140 MiB, 21460 MiB, 100 %
2026/03/27 11:55:21.799, 0, NVIDIA RTX 6000 Ada Generation, 49140 MiB, 15890 MiB, 6 %
2026/03/27 11:55:21.799, 1, NVIDIA RTX 6000 Ada Generation, 49140 MiB, 29003 MiB, 100 %
2026/03/27 11:55:21.799, 2, NVIDIA RTX 6000 Ada Generation, 49140 MiB, 21991 MiB, 100 %
2026/03/27 11:55:21.799, 3, NVIDIA RTX 6000 Ada Generation, 49140 MiB, 17248 MiB, 100 %
2026/03/27 11:55:21.799, 4, NVIDIA RTX 6000 Ada Generation, 49140 MiB, 17260 MiB, 100 %
2026/03/27 11:55:21.799, 5, NVIDIA RTX 6000 Ada Generation, 49140 MiB, 2 MiB, 0 %
2026/03/27 11:55:21.799, 6, NVIDIA RTX 6000 Ada Generation, 49140 MiB, 16254 MiB, 0 %
2026/03/27 11:55:21.799, 7, NVIDIA RTX 6000 Ada Generation, 49140 MiB, 21460 MiB, 100 %
2026/03/27 11:55:22.799, 0, NVIDIA RTX 6000 Ada Generation, 49140 MiB, 15890 MiB, 6 %
2026/03/27 11:55:22.799, 1, NVIDIA RTX 6000 Ada Generation, 49140 MiB, 29003 MiB, 100 %
2026/03/27 11:55:22.800, 2, NVIDIA RTX 6000 Ada Generation, 49140 MiB, 21991 MiB, 100 %
2026/03/27 11:55:22.800, 3, NVIDIA RTX 6000 Ada Generation, 49140 MiB, 17248 MiB, 100 %
2026/03/27 11:55:22.902, 4, NVIDIA RTX 6000 Ada Generation, 49140 MiB, 17260 MiB, 100 %
2026/03/27 11:55:22.903, 5, NVIDIA RTX 6000 Ada Generation, 49140 MiB, 2 MiB, 0 %
2026/03/27 11:55:22.903, 6, NVIDIA RTX 6000 Ada Generation, 49140 MiB, 16254 MiB, 0 %
2026/03/27 11:55:22.903, 7, NVIDIA RTX 6000 Ada Generation, 49140 MiB, 21460 MiB, 0 %
2026/03/27 11:55:23.903, 0, NVIDIA RTX 6000 Ada Generation, 49140 MiB, 15890 MiB, 4 %
2026/03/27 11:55:23.904, 1, NVIDIA RTX 6000 Ada Generation, 49140 MiB, 29003 MiB, 100 %
2026/03/27 11:55:23.904, 2, NVIDIA RTX 6000 Ada Generation, 49140 MiB, 21991 MiB, 98 %
2026/03/27 11:55:23.904, 3, NVIDIA RTX 6000 Ada Generation, 49140 MiB, 17248 MiB, 100 %
2026/03/27 11:55:23.904, 4, NVIDIA RTX 6000 Ada Generation, 49140 MiB, 17260 MiB, 100 %
2026/03/27 11:55:23.904, 5, NVIDIA RTX 6000 Ada Generation, 49140 MiB, 2 MiB, 0 %
2026/03/27 11:55:23.904, 6, NVIDIA RTX 6000 Ada Generation, 49140 MiB, 16254 MiB, 0 %
2026/03/27 11:55:23.904, 7, NVIDIA RTX 6000 Ada Generation, 49140 MiB, 21460 MiB, 0 %
2026/03/27 11:55:24.904, 0, NVIDIA RTX 6000 Ada Generation, 49140 MiB, 15890 MiB, 6 %
2026/03/27 11:55:24.926, 1, NVIDIA RTX 6000 Ada Generation, 49140 MiB, 29003 MiB, 100 %
2026/03/27 11:55:24.927, 2, NVIDIA RTX 6000 Ada Generation, 49140 MiB, 21991 MiB, 100 %
2026/03/27 11:55:24.927, 3, NVIDIA RTX 6000 Ada Generation, 49140 MiB, 17248 MiB, 100 %
2026/03/27 11:55:24.927, 4, NVIDIA RTX 6000 Ada Generation, 49140 MiB, 17260 MiB, 100 %
2026/03/27 11:55:24.927, 5, NVIDIA RTX 6000 Ada Generation, 49140 MiB, 2 MiB, 0 %
2026/03/27 11:55:24.928, 6, NVIDIA RTX 6000 Ada Generation, 49140 MiB, 16254 MiB, 0 %
2026/03/27 11:55:24.928, 7, NVIDIA RTX 6000 Ada Generation, 49140 MiB, 21460 MiB, 100 %
2026/03/27 11:55:25.928, 0, NVIDIA RTX 6000 Ada Generation, 49140 MiB, 15890 MiB, 6 %
2026/03/27 11:55:25.928, 1, NVIDIA RTX 6000 Ada Generation, 49140 MiB, 29003 MiB, 100 %
2026/03/27 11:55:25.928, 2, NVIDIA RTX 6000 Ada Generation, 49140 MiB, 21991 MiB, 100 %
2026/03/27 11:55:25.928, 3, NVIDIA RTX 6000 Ada Generation, 49140 MiB, 17248 MiB, 100 %
2026/03/27 11:55:25.928, 4, NVIDIA RTX 6000 Ada Generation, 49140 MiB, 17260 MiB, 100 %
2026/03/27 11:55:25.928, 5, NVIDIA RTX 6000 Ada Generation, 49140 MiB, 2 MiB, 0 %
2026/03/27 11:55:26.075, 6, NVIDIA RTX 6000 Ada Generation, 49140 MiB, 16254 MiB, 0 %
2026/03/27 11:55:26.075, 7, NVIDIA RTX 6000 Ada Generation, 49140 MiB, 21460 MiB, 100 %
2026/03/27 11:55:27.075, 0, NVIDIA RTX 6000 Ada Generation, 49140 MiB, 15890 MiB, 0 %
2026/03/27 11:55:27.076, 1, NVIDIA RTX 6000 Ada Generation, 49140 MiB, 29003 MiB, 100 %
2026/03/27 11:55:27.076, 2, NVIDIA RTX 6000 Ada Generation, 49140 MiB, 21991 MiB, 100 %
2026/03/27 11:55:27.076, 3, NVIDIA RTX 6000 Ada Generation, 49140 MiB, 17248 MiB, 100 %
2026/03/27 11:55:27.076, 4, NVIDIA RTX 6000 Ada Generation, 49140 MiB, 17260 MiB, 100 %
2026/03/27 11:55:27.076, 5, NVIDIA RTX 6000 Ada Generation, 49140 MiB, 2 MiB, 0 %
2026/03/27 11:55:27.076, 6, NVIDIA RTX 6000 Ada Generation, 49140 MiB, 16254 MiB, 0 %
2026/03/27 11:55:27.076, 7, NVIDIA RTX 6000 Ada Generation, 49140 MiB, 21460 MiB, 100 %
2026/03/27 11:55:28.076, 0, NVIDIA RTX 6000 Ada Generation, 49140 MiB, 15890 MiB, 6 %
2026/03/27 11:55:28.076, 1, NVIDIA RTX 6000 Ada Generation, 49140 MiB, 29003 MiB, 100 %
2026/03/27 11:55:28.076, 2, NVIDIA RTX 6000 Ada Generation, 49140 MiB, 21991 MiB, 100 %
2026/03/27 11:55:28.283, 3, NVIDIA RTX 6000 Ada Generation, 49140 MiB, 17248 MiB, 100 %
2026/03/27 11:55:28.284, 4, NVIDIA RTX 6000 Ada Generation, 49140 MiB, 17260 MiB, 100 %
2026/03/27 11:55:28.284, 5, NVIDIA RTX 6000 Ada Generation, 49140 MiB, 2 MiB, 0 %
2026/03/27 11:55:28.284, 6, NVIDIA RTX 6000 Ada Generation, 49140 MiB, 16254 MiB, 0 %
2026/03/27 11:55:28.284, 7, NVIDIA RTX 6000 Ada Generation, 49140 MiB, 21460 MiB, 100 %
2026/03/27 11:55:29.284, 0, NVIDIA RTX 6000 Ada Generation, 49140 MiB, 15890 MiB, 6 %
2026/03/27 11:55:29.285, 1, NVIDIA RTX 6000 Ada Generation, 49140 MiB, 29003 MiB, 100 %
2026/03/27 11:55:29.285, 2, NVIDIA RTX 6000 Ada Generation, 49140 MiB, 21991 MiB, 100 %
2026/03/27 11:55:29.285, 3, NVIDIA RTX 6000 Ada Generation, 49140 MiB, 17248 MiB, 100 %
2026/03/27 11:55:29.285, 4, NVIDIA RTX 6000 Ada Generation, 49140 MiB, 17260 MiB, 100 %
2026/03/27 11:55:29.285, 5, NVIDIA RTX 6000 Ada Generation, 49140 MiB, 2 MiB, 0 %
2026/03/27 11:55:29.285, 6, NVIDIA RTX 6000 Ada Generation, 49140 MiB, 16254 MiB, 0 %
2026/03/27 11:55:29.285, 7, NVIDIA RTX 6000 Ada Generation, 49140 MiB, 21460 MiB, 100 %
2026/03/27 11:55:30.285, 0, NVIDIA RTX 6000 Ada Generation, 49140 MiB, 15890 MiB, 0 %
2026/03/27 11:55:30.286, 1, NVIDIA RTX 6000 Ada Generation, 49140 MiB, 29003 MiB, 100 %
2026/03/27 11:55:30.286, 2, NVIDIA RTX 6000 Ada Generation, 49140 MiB, 21991 MiB, 100 %
2026/03/27 11:55:30.286, 3, NVIDIA RTX 6000 Ada Generation, 49140 MiB, 17248 MiB, 100 %
2026/03/27 11:55:30.286, 4, NVIDIA RTX 6000 Ada Generation, 49140 MiB, 17260 MiB, 100 %
2026/03/27 11:55:30.286, 5, NVIDIA RTX 6000 Ada Generation, 49140 MiB, 2 MiB, 0 %
2026/03/27 11:55:30.286, 6, NVIDIA RTX 6000 Ada Generation, 49140 MiB, 16254 MiB, 0 %
2026/03/27 11:55:30.286, 7, NVIDIA RTX 6000 Ada Generation, 49140 MiB, 21460 MiB, 100 %
2026/03/27 11:55:31.286, 0, NVIDIA RTX 6000 Ada Generation, 49140 MiB, 15890 MiB, 0 %
2026/03/27 11:55:31.286, 1, NVIDIA RTX 6000 Ada Generation, 49140 MiB, 29003 MiB, 100 %
2026/03/27 11:55:31.287, 2, NVIDIA RTX 6000 Ada Generation, 49140 MiB, 21991 MiB, 100 %
2026/03/27 11:55:31.287, 3, NVIDIA RTX 6000 Ada Generation, 49140 MiB, 17248 MiB, 100 %
2026/03/27 11:55:31.287, 4, NVIDIA RTX 6000 Ada Generation, 49140 MiB, 17260 MiB, 100 %
2026/03/27 11:55:31.497, 5, NVIDIA RTX 6000 Ada Generation, 49140 MiB, 2 MiB, 0 %
2026/03/27 11:55:31.497, 6, NVIDIA RTX 6000 Ada Generation, 49140 MiB, 21074 MiB, 0 %
2026/03/27 11:55:31.497, 7, NVIDIA RTX 6000 Ada Generation, 49140 MiB, 21460 MiB, 100 %
2026/03/27 11:55:32.498, 0, NVIDIA RTX 6000 Ada Generation, 49140 MiB, 15890 MiB, 95 %
2026/03/27 11:55:32.498, 1, NVIDIA RTX 6000 Ada Generation, 49140 MiB, 29003 MiB, 100 %
2026/03/27 11:55:32.498, 2, NVIDIA RTX 6000 Ada Generation, 49140 MiB, 21991 MiB, 100 %
2026/03/27 11:55:32.498, 3, NVIDIA RTX 6000 Ada Generation, 49140 MiB, 17248 MiB, 100 %
2026/03/27 11:55:32.498, 4, NVIDIA RTX 6000 Ada Generation, 49140 MiB, 17260 MiB, 100 %
2026/03/27 11:55:32.498, 5, NVIDIA RTX 6000 Ada Generation, 49140 MiB, 2 MiB, 0 %
2026/03/27 11:55:32.498, 6, NVIDIA RTX 6000 Ada Generation, 49140 MiB, 32132 MiB, 45 %
2026/03/27 11:55:32.498, 7, NVIDIA RTX 6000 Ada Generation, 49140 MiB, 21460 MiB, 100 %
2026/03/27 11:55:33.498, 0, NVIDIA RTX 6000 Ada Generation, 49140 MiB, 15890 MiB, 90 %
2026/03/27 11:55:33.499, 1, NVIDIA RTX 6000 Ada Generation, 49140 MiB, 29003 MiB, 100 %
2026/03/27 11:55:33.647, 2, NVIDIA RTX 6000 Ada Generation, 49140 MiB, 21991 MiB, 100 %
2026/03/27 11:55:33.647, 3, NVIDIA RTX 6000 Ada Generation, 49140 MiB, 17248 MiB, 100 %
2026/03/27 11:55:33.647, 4, NVIDIA RTX 6000 Ada Generation, 49140 MiB, 17260 MiB, 100 %
2026/03/27 11:55:33.648, 5, NVIDIA RTX 6000 Ada Generation, 49140 MiB, 2 MiB, 0 %
2026/03/27 11:55:33.648, 6, NVIDIA RTX 6000 Ada Generation, 49140 MiB, 47800 MiB, 90 %
2026/03/27 11:55:33.648, 7, NVIDIA RTX 6000 Ada Generation, 49140 MiB, 21460 MiB, 100 %
2026/03/27 11:55:34.648, 0, NVIDIA RTX 6000 Ada Generation, 49140 MiB, 15890 MiB, 6 %
2026/03/27 11:55:34.833, 1, NVIDIA RTX 6000 Ada Generation, 49140 MiB, 29003 MiB, 100 %
2026/03/27 11:55:34.834, 2, NVIDIA RTX 6000 Ada Generation, 49140 MiB, 21991 MiB, 100 %
2026/03/27 11:55:34.836, 3, NVIDIA RTX 6000 Ada Generation, 49140 MiB, 17248 MiB, 100 %
2026/03/27 11:55:34.841, 4, NVIDIA RTX 6000 Ada Generation, 49140 MiB, 17260 MiB, 100 %
2026/03/27 11:55:34.849, 5, NVIDIA RTX 6000 Ada Generation, 49140 MiB, 2 MiB, 0 %
2026/03/27 11:55:34.858, 6, NVIDIA RTX 6000 Ada Generation, 49140 MiB, 47800 MiB, 0 %
2026/03/27 11:55:34.859, 7, NVIDIA RTX 6000 Ada Generation, 49140 MiB, 21460 MiB, 100 %
2026/03/27 11:55:35.861, 0, NVIDIA RTX 6000 Ada Generation, 49140 MiB, 15890 MiB, 0 %
2026/03/27 11:55:35.861, 1, NVIDIA RTX 6000 Ada Generation, 49140 MiB, 29003 MiB, 100 %
2026/03/27 11:55:35.861, 2, NVIDIA RTX 6000 Ada Generation, 49140 MiB, 21991 MiB, 100 %
2026/03/27 11:55:35.861, 3, NVIDIA RTX 6000 Ada Generation, 49140 MiB, 17248 MiB, 100 %
2026/03/27 11:55:35.861, 4, NVIDIA RTX 6000 Ada Generation, 49140 MiB, 17260 MiB, 100 %
2026/03/27 11:55:35.861, 5, NVIDIA RTX 6000 Ada Generation, 49140 MiB, 2 MiB, 0 %
2026/03/27 11:55:35.861, 6, NVIDIA RTX 6000 Ada Generation, 49140 MiB, 2 MiB, 41 %
2026/03/27 11:55:35.861, 7, NVIDIA RTX 6000 Ada Generation, 49140 MiB, 21460 MiB, 100 %
2026/03/27 11:55:36.861, 0, NVIDIA RTX 6000 Ada Generation, 49140 MiB, 15890 MiB, 6 %
2026/03/27 11:55:36.861, 1, NVIDIA RTX 6000 Ada Generation, 49140 MiB, 29003 MiB, 100 %
2026/03/27 11:55:36.862, 2, NVIDIA RTX 6000 Ada Generation, 49140 MiB, 21991 MiB, 100 %
2026/03/27 11:55:36.862, 3, NVIDIA RTX 6000 Ada Generation, 49140 MiB, 17248 MiB, 100 %
2026/03/27 11:55:36.974, 4, NVIDIA RTX 6000 Ada Generation, 49140 MiB, 17260 MiB, 100 %
2026/03/27 11:55:36.974, 5, NVIDIA RTX 6000 Ada Generation, 49140 MiB, 2 MiB, 0 %
2026/03/27 11:55:36.974, 6, NVIDIA RTX 6000 Ada Generation, 49140 MiB, 2 MiB, 0 %
2026/03/27 11:55:36.974, 7, NVIDIA RTX 6000 Ada Generation, 49140 MiB, 21460 MiB, 100 %
2026/03/27 11:55:37.974, 0, NVIDIA RTX 6000 Ada Generation, 49140 MiB, 15890 MiB, 6 %
2026/03/27 11:55:37.974, 1, NVIDIA RTX 6000 Ada Generation, 49140 MiB, 29003 MiB, 100 %
2026/03/27 11:55:37.974, 2, NVIDIA RTX 6000 Ada Generation, 49140 MiB, 21991 MiB, 100 %
2026/03/27 11:55:37.974, 3, NVIDIA RTX 6000 Ada Generation, 49140 MiB, 17248 MiB, 100 %
2026/03/27 11:55:37.974, 4, NVIDIA RTX 6000 Ada Generation, 49140 MiB, 17260 MiB, 100 %
2026/03/27 11:55:37.974, 5, NVIDIA RTX 6000 Ada Generation, 49140 MiB, 2 MiB, 0 %
2026/03/27 11:55:37.974, 6, NVIDIA RTX 6000 Ada Generation, 49140 MiB, 2 MiB, 0 %
2026/03/27 11:55:37.974, 7, NVIDIA RTX 6000 Ada Generation, 49140 MiB, 21460 MiB, 100 %
2026/03/27 11:55:38.975, 0, NVIDIA RTX 6000 Ada Generation, 49140 MiB, 15890 MiB, 5 %
2026/03/27 11:55:39.034, 1, NVIDIA RTX 6000 Ada Generation, 49140 MiB, 29003 MiB, 100 %
2026/03/27 11:55:39.035, 2, NVIDIA RTX 6000 Ada Generation, 49140 MiB, 21991 MiB, 100 %
2026/03/27 11:55:39.036, 3, NVIDIA RTX 6000 Ada Generation, 49140 MiB, 17248 MiB, 100 %
2026/03/27 11:55:39.036, 4, NVIDIA RTX 6000 Ada Generation, 49140 MiB, 17260 MiB, 100 %
2026/03/27 11:55:39.036, 5, NVIDIA RTX 6000 Ada Generation, 49140 MiB, 2 MiB, 0 %
2026/03/27 11:55:39.036, 6, NVIDIA RTX 6000 Ada Generation, 49140 MiB, 4 MiB, 0 %
2026/03/27 11:55:39.036, 7, NVIDIA RTX 6000 Ada Generation, 49140 MiB, 21460 MiB, 100 %
2026/03/27 11:55:40.036, 0, NVIDIA RTX 6000 Ada Generation, 49140 MiB, 15890 MiB, 6 %
2026/03/27 11:55:40.172, 1, NVIDIA RTX 6000 Ada Generation, 49140 MiB, 29003 MiB, 100 %
2026/03/27 11:55:40.173, 2, NVIDIA RTX 6000 Ada Generation, 49140 MiB, 21991 MiB, 100 %
2026/03/27 11:55:40.174, 3, NVIDIA RTX 6000 Ada Generation, 49140 MiB, 17248 MiB, 99 %
2026/03/27 11:55:40.525, 4, NVIDIA RTX 6000 Ada Generation, 49140 MiB, 17260 MiB, 100 %
2026/03/27 11:55:40.525, 5, NVIDIA RTX 6000 Ada Generation, 49140 MiB, 2 MiB, 0 %
2026/03/27 11:55:40.527, 6, NVIDIA RTX 6000 Ada Generation, 49140 MiB, 4 MiB, 0 %
2026/03/27 11:55:40.528, 7, NVIDIA RTX 6000 Ada Generation, 49140 MiB, 21460 MiB, 100 %
2026/03/27 11:55:41.532, 0, NVIDIA RTX 6000 Ada Generation, 49140 MiB, 15890 MiB, 0 %
2026/03/27 11:55:41.532, 1, NVIDIA RTX 6000 Ada Generation, 49140 MiB, 29003 MiB, 100 %
2026/03/27 11:55:41.532, 2, NVIDIA RTX 6000 Ada Generation, 49140 MiB, 21991 MiB, 100 %
2026/03/27 11:55:41.532, 3, NVIDIA RTX 6000 Ada Generation, 49140 MiB, 17248 MiB, 100 %
2026/03/27 11:55:41.532, 4, NVIDIA RTX 6000 Ada Generation, 49140 MiB, 17260 MiB, 100 %
2026/03/27 11:55:41.532, 5, NVIDIA RTX 6000 Ada Generation, 49140 MiB, 2 MiB, 0 %
2026/03/27 11:55:41.532, 6, NVIDIA RTX 6000 Ada Generation, 49140 MiB, 16254 MiB, 3 %
2026/03/27 11:55:41.533, 7, NVIDIA RTX 6000 Ada Generation, 49140 MiB, 21460 MiB, 100 %
2026/03/27 11:55:42.533, 0, NVIDIA RTX 6000 Ada Generation, 49140 MiB, 15890 MiB, 0 %
2026/03/27 11:55:42.533, 1, NVIDIA RTX 6000 Ada Generation, 49140 MiB, 29003 MiB, 100 %
2026/03/27 11:55:42.533, 2, NVIDIA RTX 6000 Ada Generation, 49140 MiB, 21991 MiB, 100 %
2026/03/27 11:55:42.555, 3, NVIDIA RTX 6000 Ada Generation, 49140 MiB, 17248 MiB, 100 %
2026/03/27 11:55:42.556, 4, NVIDIA RTX 6000 Ada Generation, 49140 MiB, 17260 MiB, 100 %
2026/03/27 11:55:42.556, 5, NVIDIA RTX 6000 Ada Generation, 49140 MiB, 2 MiB, 0 %
2026/03/27 11:55:42.556, 6, NVIDIA RTX 6000 Ada Generation, 49140 MiB, 16254 MiB, 13 %
2026/03/27 11:55:42.556, 7, NVIDIA RTX 6000 Ada Generation, 49140 MiB, 21460 MiB, 100 %
2026/03/27 11:55:43.556, 0, NVIDIA RTX 6000 Ada Generation, 49140 MiB, 15890 MiB, 92 %
2026/03/27 11:55:43.556, 1, NVIDIA RTX 6000 Ada Generation, 49140 MiB, 29003 MiB, 100 %
2026/03/27 11:55:43.556, 2, NVIDIA RTX 6000 Ada Generation, 49140 MiB, 21991 MiB, 100 %
2026/03/27 11:55:43.557, 3, NVIDIA RTX 6000 Ada Generation, 49140 MiB, 17248 MiB, 100 %
2026/03/27 11:55:43.557, 4, NVIDIA RTX 6000 Ada Generation, 49140 MiB, 17260 MiB, 100 %
2026/03/27 11:55:43.557, 5, NVIDIA RTX 6000 Ada Generation, 49140 MiB, 2 MiB, 0 %
2026/03/27 11:55:43.557, 6, NVIDIA RTX 6000 Ada Generation, 49140 MiB, 16254 MiB, 13 %
2026/03/27 11:55:43.557, 7, NVIDIA RTX 6000 Ada Generation, 49140 MiB, 21460 MiB, 100 %
2026/03/27 11:55:44.557, 0, NVIDIA RTX 6000 Ada Generation, 49140 MiB, 15890 MiB, 95 %
2026/03/27 11:55:44.557, 1, NVIDIA RTX 6000 Ada Generation, 49140 MiB, 29003 MiB, 100 %
2026/03/27 11:55:44.557, 2, NVIDIA RTX 6000 Ada Generation, 49140 MiB, 21991 MiB, 100 %
2026/03/27 11:55:44.557, 3, NVIDIA RTX 6000 Ada Generation, 49140 MiB, 17248 MiB, 100 %
2026/03/27 11:55:44.557, 4, NVIDIA RTX 6000 Ada Generation, 49140 MiB, 17260 MiB, 100 %
2026/03/27 11:55:44.557, 5, NVIDIA RTX 6000 Ada Generation, 49140 MiB, 2 MiB, 0 %
2026/03/27 11:55:44.557, 6, NVIDIA RTX 6000 Ada Generation, 49140 MiB, 16254 MiB, 14 %
2026/03/27 11:55:44.558, 7, NVIDIA RTX 6000 Ada Generation, 49140 MiB, 21460 MiB, 100 %
2026/03/27 11:55:45.558, 0, NVIDIA RTX 6000 Ada Generation, 49140 MiB, 15890 MiB, 0 %
2026/03/27 11:55:45.558, 1, NVIDIA RTX 6000 Ada Generation, 49140 MiB, 29003 MiB, 100 %
2026/03/27 11:55:45.558, 2, NVIDIA RTX 6000 Ada Generation, 49140 MiB, 21991 MiB, 99 %
2026/03/27 11:55:45.558, 3, NVIDIA RTX 6000 Ada Generation, 49140 MiB, 17248 MiB, 100 %
2026/03/27 11:55:45.627, 4, NVIDIA RTX 6000 Ada Generation, 49140 MiB, 17260 MiB, 100 %
2026/03/27 11:55:45.842, 5, NVIDIA RTX 6000 Ada Generation, 49140 MiB, 2 MiB, 0 %
2026/03/27 11:55:45.842, 6, NVIDIA RTX 6000 Ada Generation, 49140 MiB, 16254 MiB, 0 %
2026/03/27 11:55:45.842, 7, NVIDIA RTX 6000 Ada Generation, 49140 MiB, 21460 MiB, 100 %
2026/03/27 11:55:46.842, 0, NVIDIA RTX 6000 Ada Generation, 49140 MiB, 15890 MiB, 6 %
2026/03/27 11:55:46.843, 1, NVIDIA RTX 6000 Ada Generation, 49140 MiB, 29003 MiB, 100 %
2026/03/27 11:55:46.843, 2, NVIDIA RTX 6000 Ada Generation, 49140 MiB, 21991 MiB, 100 %
2026/03/27 11:55:46.843, 3, NVIDIA RTX 6000 Ada Generation, 49140 MiB, 17248 MiB, 100 %
2026/03/27 11:55:46.843, 4, NVIDIA RTX 6000 Ada Generation, 49140 MiB, 17260 MiB, 100 %
2026/03/27 11:55:46.843, 5, NVIDIA RTX 6000 Ada Generation, 49140 MiB, 2 MiB, 0 %
2026/03/27 11:55:46.843, 6, NVIDIA RTX 6000 Ada Generation, 49140 MiB, 16254 MiB, 0 %
2026/03/27 11:55:46.843, 7, NVIDIA RTX 6000 Ada Generation, 49140 MiB, 21460 MiB, 100 %
2026/03/27 11:55:47.843, 0, NVIDIA RTX 6000 Ada Generation, 49140 MiB, 15890 MiB, 5 %
2026/03/27 11:55:47.843, 1, NVIDIA RTX 6000 Ada Generation, 49140 MiB, 29003 MiB, 100 %
2026/03/27 11:55:47.994, 2, NVIDIA RTX 6000 Ada Generation, 49140 MiB, 21991 MiB, 100 %
2026/03/27 11:55:47.995, 3, NVIDIA RTX 6000 Ada Generation, 49140 MiB, 17248 MiB, 100 %
2026/03/27 11:55:47.995, 4, NVIDIA RTX 6000 Ada Generation, 49140 MiB, 17260 MiB, 99 %
2026/03/27 11:55:47.995, 5, NVIDIA RTX 6000 Ada Generation, 49140 MiB, 2 MiB, 0 %
2026/03/27 11:55:47.995, 6, NVIDIA RTX 6000 Ada Generation, 49140 MiB, 16254 MiB, 0 %
2026/03/27 11:55:47.995, 7, NVIDIA RTX 6000 Ada Generation, 49140 MiB, 21460 MiB, 100 %
2026/03/27 11:55:48.995, 0, NVIDIA RTX 6000 Ada Generation, 49140 MiB, 15890 MiB, 6 %
2026/03/27 11:55:48.995, 1, NVIDIA RTX 6000 Ada Generation, 49140 MiB, 29003 MiB, 100 %
2026/03/27 11:55:48.995, 2, NVIDIA RTX 6000 Ada Generation, 49140 MiB, 21991 MiB, 100 %
2026/03/27 11:55:48.995, 3, NVIDIA RTX 6000 Ada Generation, 49140 MiB, 17248 MiB, 100 %
2026/03/27 11:55:48.995, 4, NVIDIA RTX 6000 Ada Generation, 49140 MiB, 17260 MiB, 100 %
2026/03/27 11:55:48.995, 5, NVIDIA RTX 6000 Ada Generation, 49140 MiB, 2 MiB, 0 %
2026/03/27 11:55:48.996, 6, NVIDIA RTX 6000 Ada Generation, 49140 MiB, 16254 MiB, 0 %
2026/03/27 11:55:48.996, 7, NVIDIA RTX 6000 Ada Generation, 49140 MiB, 21460 MiB, 100 %
2026/03/27 11:55:50.149, 0, NVIDIA RTX 6000 Ada Generation, 49140 MiB, 15890 MiB, 6 %
2026/03/27 11:55:50.149, 1, NVIDIA RTX 6000 Ada Generation, 49140 MiB, 29003 MiB, 100 %
2026/03/27 11:55:50.149, 2, NVIDIA RTX 6000 Ada Generation, 49140 MiB, 21991 MiB, 100 %
2026/03/27 11:55:50.149, 3, NVIDIA RTX 6000 Ada Generation, 49140 MiB, 17248 MiB, 100 %
2026/03/27 11:55:50.149, 4, NVIDIA RTX 6000 Ada Generation, 49140 MiB, 17260 MiB, 100 %
2026/03/27 11:55:50.149, 5, NVIDIA RTX 6000 Ada Generation, 49140 MiB, 2 MiB, 0 %
2026/03/27 11:55:50.149, 6, NVIDIA RTX 6000 Ada Generation, 49140 MiB, 16254 MiB, 0 %
2026/03/27 11:55:50.149, 7, NVIDIA RTX 6000 Ada Generation, 49140 MiB, 21460 MiB, 100 %
2026/03/27 11:55:51.149, 0, NVIDIA RTX 6000 Ada Generation, 49140 MiB, 15890 MiB, 0 %
2026/03/27 11:55:51.150, 1, NVIDIA RTX 6000 Ada Generation, 49140 MiB, 29003 MiB, 100 %
2026/03/27 11:55:51.150, 2, NVIDIA RTX 6000 Ada Generation, 49140 MiB, 21991 MiB, 100 %
2026/03/27 11:55:51.150, 3, NVIDIA RTX 6000 Ada Generation, 49140 MiB, 17248 MiB, 100 %
2026/03/27 11:55:51.280, 4, NVIDIA RTX 6000 Ada Generation, 49140 MiB, 17260 MiB, 100 %
2026/03/27 11:55:51.280, 5, NVIDIA RTX 6000 Ada Generation, 49140 MiB, 2 MiB, 0 %
2026/03/27 11:55:51.281, 6, NVIDIA RTX 6000 Ada Generation, 49140 MiB, 16254 MiB, 0 %
2026/03/27 11:55:51.281, 7, NVIDIA RTX 6000 Ada Generation, 49140 MiB, 21460 MiB, 100 %
2026/03/27 11:55:52.281, 0, NVIDIA RTX 6000 Ada Generation, 49140 MiB, 15890 MiB, 6 %
2026/03/27 11:55:52.281, 1, NVIDIA RTX 6000 Ada Generation, 49140 MiB, 29003 MiB, 100 %
2026/03/27 11:55:52.281, 2, NVIDIA RTX 6000 Ada Generation, 49140 MiB, 21991 MiB, 100 %
2026/03/27 11:55:52.281, 3, NVIDIA RTX 6000 Ada Generation, 49140 MiB, 17248 MiB, 100 %
2026/03/27 11:55:52.281, 4, NVIDIA RTX 6000 Ada Generation, 49140 MiB, 17260 MiB, 100 %
2026/03/27 11:55:52.281, 5, NVIDIA RTX 6000 Ada Generation, 49140 MiB, 2 MiB, 0 %
2026/03/27 11:55:52.281, 6, NVIDIA RTX 6000 Ada Generation, 49140 MiB, 16254 MiB, 0 %
2026/03/27 11:55:52.281, 7, NVIDIA RTX 6000 Ada Generation, 49140 MiB, 21460 MiB, 100 %
2026/03/27 11:55:53.282, 0, NVIDIA RTX 6000 Ada Generation, 49140 MiB, 15890 MiB, 2 %
2026/03/27 11:55:53.348, 1, NVIDIA RTX 6000 Ada Generation, 49140 MiB, 29003 MiB, 100 %
2026/03/27 11:55:53.349, 2, NVIDIA RTX 6000 Ada Generation, 49140 MiB, 21991 MiB, 100 %
2026/03/27 11:55:53.349, 3, NVIDIA RTX 6000 Ada Generation, 49140 MiB, 17248 MiB, 100 %
2026/03/27 11:55:53.349, 4, NVIDIA RTX 6000 Ada Generation, 49140 MiB, 17260 MiB, 100 %
2026/03/27 11:55:53.349, 5, NVIDIA RTX 6000 Ada Generation, 49140 MiB, 2 MiB, 0 %
2026/03/27 11:55:53.349, 6, NVIDIA RTX 6000 Ada Generation, 49140 MiB, 16254 MiB, 0 %
2026/03/27 11:55:53.349, 7, NVIDIA RTX 6000 Ada Generation, 49140 MiB, 21460 MiB, 100 %
2026/03/27 11:55:54.349, 0, NVIDIA RTX 6000 Ada Generation, 49140 MiB, 15890 MiB, 6 %
2026/03/27 11:55:54.349, 1, NVIDIA RTX 6000 Ada Generation, 49140 MiB, 29003 MiB, 100 %
2026/03/27 11:55:54.350, 2, NVIDIA RTX 6000 Ada Generation, 49140 MiB, 21991 MiB, 100 %
2026/03/27 11:55:54.350, 3, NVIDIA RTX 6000 Ada Generation, 49140 MiB, 17248 MiB, 100 %
2026/03/27 11:55:54.350, 4, NVIDIA RTX 6000 Ada Generation, 49140 MiB, 17260 MiB, 100 %
2026/03/27 11:55:54.350, 5, NVIDIA RTX 6000 Ada Generation, 49140 MiB, 2 MiB, 0 %
2026/03/27 11:55:54.482, 6, NVIDIA RTX 6000 Ada Generation, 49140 MiB, 16254 MiB, 0 %
2026/03/27 11:55:54.482, 7, NVIDIA RTX 6000 Ada Generation, 49140 MiB, 21460 MiB, 100 %
2026/03/27 11:55:55.482, 0, NVIDIA RTX 6000 Ada Generation, 49140 MiB, 15890 MiB, 0 %
2026/03/27 11:55:55.482, 1, NVIDIA RTX 6000 Ada Generation, 49140 MiB, 29003 MiB, 100 %
2026/03/27 11:55:55.482, 2, NVIDIA RTX 6000 Ada Generation, 49140 MiB, 21991 MiB, 100 %
2026/03/27 11:55:55.482, 3, NVIDIA RTX 6000 Ada Generation, 49140 MiB, 17248 MiB, 100 %
2026/03/27 11:55:55.483, 4, NVIDIA RTX 6000 Ada Generation, 49140 MiB, 17260 MiB, 100 %
2026/03/27 11:55:55.483, 5, NVIDIA RTX 6000 Ada Generation, 49140 MiB, 2 MiB, 0 %
2026/03/27 11:55:55.483, 6, NVIDIA RTX 6000 Ada Generation, 49140 MiB, 16254 MiB, 0 %
2026/03/27 11:55:55.483, 7, NVIDIA RTX 6000 Ada Generation, 49140 MiB, 21460 MiB, 100 %
2026/03/27 11:55:56.483, 0, NVIDIA RTX 6000 Ada Generation, 49140 MiB, 15890 MiB, 0 %
2026/03/27 11:55:56.483, 1, NVIDIA RTX 6000 Ada Generation, 49140 MiB, 29003 MiB, 100 %
2026/03/27 11:55:56.554, 2, NVIDIA RTX 6000 Ada Generation, 49140 MiB, 21991 MiB, 100 %
2026/03/27 11:55:56.554, 3, NVIDIA RTX 6000 Ada Generation, 49140 MiB, 17248 MiB, 100 %
2026/03/27 11:55:56.554, 4, NVIDIA RTX 6000 Ada Generation, 49140 MiB, 17260 MiB, 100 %
2026/03/27 11:55:56.554, 5, NVIDIA RTX 6000 Ada Generation, 49140 MiB, 2 MiB, 0 %
2026/03/27 11:55:56.554, 6, NVIDIA RTX 6000 Ada Generation, 49140 MiB, 16254 MiB, 0 %
2026/03/27 11:55:56.554, 7, NVIDIA RTX 6000 Ada Generation, 49140 MiB, 21460 MiB, 100 %
2026/03/27 11:55:57.555, 0, NVIDIA RTX 6000 Ada Generation, 49140 MiB, 15890 MiB, 90 %
2026/03/27 11:55:57.555, 1, NVIDIA RTX 6000 Ada Generation, 49140 MiB, 29003 MiB, 100 %
2026/03/27 11:55:57.555, 2, NVIDIA RTX 6000 Ada Generation, 49140 MiB, 21991 MiB, 100 %
2026/03/27 11:55:57.555, 3, NVIDIA RTX 6000 Ada Generation, 49140 MiB, 17248 MiB, 99 %
2026/03/27 11:55:57.555, 4, NVIDIA RTX 6000 Ada Generation, 49140 MiB, 17260 MiB, 100 %
2026/03/27 11:55:57.555, 5, NVIDIA RTX 6000 Ada Generation, 49140 MiB, 2 MiB, 0 %
2026/03/27 11:55:57.555, 6, NVIDIA RTX 6000 Ada Generation, 49140 MiB, 16254 MiB, 0 %
2026/03/27 11:55:57.555, 7, NVIDIA RTX 6000 Ada Generation, 49140 MiB, 21460 MiB, 100 %
2026/03/27 11:55:58.732, 0, NVIDIA RTX 6000 Ada Generation, 49140 MiB, 15890 MiB, 95 %
2026/03/27 11:55:58.732, 1, NVIDIA RTX 6000 Ada Generation, 49140 MiB, 29003 MiB, 100 %
2026/03/27 11:55:58.732, 2, NVIDIA RTX 6000 Ada Generation, 49140 MiB, 21991 MiB, 99 %
2026/03/27 11:55:58.732, 3, NVIDIA RTX 6000 Ada Generation, 49140 MiB, 17248 MiB, 100 %
2026/03/27 11:55:58.732, 4, NVIDIA RTX 6000 Ada Generation, 49140 MiB, 17260 MiB, 100 %
2026/03/27 11:55:58.732, 5, NVIDIA RTX 6000 Ada Generation, 49140 MiB, 2 MiB, 0 %
2026/03/27 11:55:58.732, 6, NVIDIA RTX 6000 Ada Generation, 49140 MiB, 21142 MiB, 0 %
2026/03/27 11:55:58.732, 7, NVIDIA RTX 6000 Ada Generation, 49140 MiB, 21460 MiB, 100 %
2026/03/27 11:55:59.733, 0, NVIDIA RTX 6000 Ada Generation, 49140 MiB, 15890 MiB, 0 %
2026/03/27 11:55:59.826, 1, NVIDIA RTX 6000 Ada Generation, 49140 MiB, 29003 MiB, 100 %
2026/03/27 11:55:59.826, 2, NVIDIA RTX 6000 Ada Generation, 49140 MiB, 21991 MiB, 100 %
2026/03/27 11:55:59.826, 3, NVIDIA RTX 6000 Ada Generation, 49140 MiB, 17248 MiB, 100 %
2026/03/27 11:55:59.826, 4, NVIDIA RTX 6000 Ada Generation, 49140 MiB, 17260 MiB, 100 %
2026/03/27 11:55:59.827, 5, NVIDIA RTX 6000 Ada Generation, 49140 MiB, 2 MiB, 0 %
2026/03/27 11:55:59.827, 6, NVIDIA RTX 6000 Ada Generation, 49140 MiB, 42580 MiB, 100 %
2026/03/27 11:55:59.827, 7, NVIDIA RTX 6000 Ada Generation, 49140 MiB, 21460 MiB, 100 %
2026/03/27 11:56:00.828, 0, NVIDIA RTX 6000 Ada Generation, 49140 MiB, 15890 MiB, 6 %
2026/03/27 11:56:00.828, 1, NVIDIA RTX 6000 Ada Generation, 49140 MiB, 29003 MiB, 100 %
2026/03/27 11:56:00.828, 2, NVIDIA RTX 6000 Ada Generation, 49140 MiB, 21991 MiB, 100 %
2026/03/27 11:56:00.828, 3, NVIDIA RTX 6000 Ada Generation, 49140 MiB, 17248 MiB, 100 %
2026/03/27 11:56:00.828, 4, NVIDIA RTX 6000 Ada Generation, 49140 MiB, 17260 MiB, 100 %
2026/03/27 11:56:00.828, 5, NVIDIA RTX 6000 Ada Generation, 49140 MiB, 2 MiB, 0 %
2026/03/27 11:56:00.829, 6, NVIDIA RTX 6000 Ada Generation, 49140 MiB, 47800 MiB, 0 %
2026/03/27 11:56:00.829, 7, NVIDIA RTX 6000 Ada Generation, 49140 MiB, 21460 MiB, 100 %
2026/03/27 11:56:01.829, 0, NVIDIA RTX 6000 Ada Generation, 49140 MiB, 15890 MiB, 3 %
2026/03/27 11:56:01.980, 1, NVIDIA RTX 6000 Ada Generation, 49140 MiB, 29003 MiB, 100 %
2026/03/27 11:56:01.981, 2, NVIDIA RTX 6000 Ada Generation, 49140 MiB, 21991 MiB, 100 %
2026/03/27 11:56:01.981, 3, NVIDIA RTX 6000 Ada Generation, 49140 MiB, 17248 MiB, 100 %
2026/03/27 11:56:01.981, 4, NVIDIA RTX 6000 Ada Generation, 49140 MiB, 17260 MiB, 100 %
2026/03/27 11:56:01.982, 5, NVIDIA RTX 6000 Ada Generation, 49140 MiB, 2 MiB, 0 %
2026/03/27 11:56:01.982, 6, NVIDIA RTX 6000 Ada Generation, 49140 MiB, 2 MiB, 0 %
2026/03/27 11:56:01.982, 7, NVIDIA RTX 6000 Ada Generation, 49140 MiB, 21460 MiB, 100 %
2026/03/27 11:56:02.982, 0, NVIDIA RTX 6000 Ada Generation, 49140 MiB, 15890 MiB, 6 %
2026/03/27 11:56:02.982, 1, NVIDIA RTX 6000 Ada Generation, 49140 MiB, 29003 MiB, 100 %
2026/03/27 11:56:02.982, 2, NVIDIA RTX 6000 Ada Generation, 49140 MiB, 21991 MiB, 100 %
2026/03/27 11:56:02.982, 3, NVIDIA RTX 6000 Ada Generation, 49140 MiB, 17248 MiB, 100 %
2026/03/27 11:56:02.982, 4, NVIDIA RTX 6000 Ada Generation, 49140 MiB, 17260 MiB, 100 %
2026/03/27 11:56:02.982, 5, NVIDIA RTX 6000 Ada Generation, 49140 MiB, 2 MiB, 0 %
2026/03/27 11:56:03.092, 6, NVIDIA RTX 6000 Ada Generation, 49140 MiB, 2 MiB, 0 %
2026/03/27 11:56:03.092, 7, NVIDIA RTX 6000 Ada Generation, 49140 MiB, 21460 MiB, 100 %
2026/03/27 11:56:04.092, 0, NVIDIA RTX 6000 Ada Generation, 49140 MiB, 15890 MiB, 6 %
2026/03/27 11:56:04.093, 1, NVIDIA RTX 6000 Ada Generation, 49140 MiB, 29003 MiB, 100 %
2026/03/27 11:56:04.093, 2, NVIDIA RTX 6000 Ada Generation, 49140 MiB, 21991 MiB, 100 %
2026/03/27 11:56:04.093, 3, NVIDIA RTX 6000 Ada Generation, 49140 MiB, 17248 MiB, 100 %
2026/03/27 11:56:04.093, 4, NVIDIA RTX 6000 Ada Generation, 49140 MiB, 17260 MiB, 100 %
2026/03/27 11:56:04.093, 5, NVIDIA RTX 6000 Ada Generation, 49140 MiB, 2 MiB, 0 %
2026/03/27 11:56:04.093, 6, NVIDIA RTX 6000 Ada Generation, 49140 MiB, 2 MiB, 0 %
2026/03/27 11:56:04.093, 7, NVIDIA RTX 6000 Ada Generation, 49140 MiB, 21460 MiB, 100 %
2026/03/27 11:56:05.093, 0, NVIDIA RTX 6000 Ada Generation, 49140 MiB, 15890 MiB, 6 %
2026/03/27 11:56:05.311, 1, NVIDIA RTX 6000 Ada Generation, 49140 MiB, 29003 MiB, 100 %
2026/03/27 11:56:05.312, 2, NVIDIA RTX 6000 Ada Generation, 49140 MiB, 21991 MiB, 100 %
2026/03/27 11:56:05.312, 3, NVIDIA RTX 6000 Ada Generation, 49140 MiB, 17248 MiB, 100 %
2026/03/27 11:56:05.312, 4, NVIDIA RTX 6000 Ada Generation, 49140 MiB, 17260 MiB, 100 %
2026/03/27 11:56:05.312, 5, NVIDIA RTX 6000 Ada Generation, 49140 MiB, 2 MiB, 0 %
2026/03/27 11:56:05.313, 6, NVIDIA RTX 6000 Ada Generation, 49140 MiB, 2 MiB, 0 %
2026/03/27 11:56:05.313, 7, NVIDIA RTX 6000 Ada Generation, 49140 MiB, 21460 MiB, 100 %
2026/03/27 11:56:06.548, 0, NVIDIA RTX 6000 Ada Generation, 49140 MiB, 15890 MiB, 0 %
2026/03/27 11:56:06.548, 1, NVIDIA RTX 6000 Ada Generation, 49140 MiB, 29003 MiB, 100 %
2026/03/27 11:56:06.548, 2, NVIDIA RTX 6000 Ada Generation, 49140 MiB, 21991 MiB, 68 %
2026/03/27 11:56:06.548, 3, NVIDIA RTX 6000 Ada Generation, 49140 MiB, 17248 MiB, 100 %
2026/03/27 11:56:06.548, 4, NVIDIA RTX 6000 Ada Generation, 49140 MiB, 17260 MiB, 100 %
2026/03/27 11:56:06.548, 5, NVIDIA RTX 6000 Ada Generation, 49140 MiB, 2 MiB, 0 %
2026/03/27 11:56:06.549, 6, NVIDIA RTX 6000 Ada Generation, 49140 MiB, 4 MiB, 0 %
2026/03/27 11:56:06.549, 7, NVIDIA RTX 6000 Ada Generation, 49140 MiB, 21460 MiB, 100 %
2026/03/27 11:56:07.549, 0, NVIDIA RTX 6000 Ada Generation, 49140 MiB, 15890 MiB, 0 %
2026/03/27 11:56:07.843, 1, NVIDIA RTX 6000 Ada Generation, 49140 MiB, 29003 MiB, 100 %
2026/03/27 11:56:07.844, 2, NVIDIA RTX 6000 Ada Generation, 49140 MiB, 21991 MiB, 100 %
2026/03/27 11:56:07.844, 3, NVIDIA RTX 6000 Ada Generation, 49140 MiB, 17248 MiB, 100 %
2026/03/27 11:56:07.844, 4, NVIDIA RTX 6000 Ada Generation, 49140 MiB, 17260 MiB, 100 %
2026/03/27 11:56:07.844, 5, NVIDIA RTX 6000 Ada Generation, 49140 MiB, 2 MiB, 0 %
2026/03/27 11:56:07.844, 6, NVIDIA RTX 6000 Ada Generation, 49140 MiB, 16254 MiB, 0 %
2026/03/27 11:56:07.844, 7, NVIDIA RTX 6000 Ada Generation, 49140 MiB, 21460 MiB, 100 %
2026/03/27 11:56:08.844, 0, NVIDIA RTX 6000 Ada Generation, 49140 MiB, 15890 MiB, 90 %
2026/03/27 11:56:08.844, 1, NVIDIA RTX 6000 Ada Generation, 49140 MiB, 29003 MiB, 100 %
2026/03/27 11:56:08.844, 2, NVIDIA RTX 6000 Ada Generation, 49140 MiB, 21991 MiB, 100 %
2026/03/27 11:56:08.844, 3, NVIDIA RTX 6000 Ada Generation, 49140 MiB, 17248 MiB, 100 %
2026/03/27 11:56:08.844, 4, NVIDIA RTX 6000 Ada Generation, 49140 MiB, 17260 MiB, 100 %
2026/03/27 11:56:08.845, 5, NVIDIA RTX 6000 Ada Generation, 49140 MiB, 2 MiB, 0 %
2026/03/27 11:56:08.975, 6, NVIDIA RTX 6000 Ada Generation, 49140 MiB, 16254 MiB, 14 %
2026/03/27 11:56:08.976, 7, NVIDIA RTX 6000 Ada Generation, 49140 MiB, 21460 MiB, 100 %
2026/03/27 11:56:09.976, 0, NVIDIA RTX 6000 Ada Generation, 49140 MiB, 15890 MiB, 90 %
2026/03/27 11:56:09.976, 1, NVIDIA RTX 6000 Ada Generation, 49140 MiB, 29003 MiB, 100 %
2026/03/27 11:56:09.976, 2, NVIDIA RTX 6000 Ada Generation, 49140 MiB, 21991 MiB, 100 %
2026/03/27 11:56:09.976, 3, NVIDIA RTX 6000 Ada Generation, 49140 MiB, 17248 MiB, 100 %
2026/03/27 11:56:09.976, 4, NVIDIA RTX 6000 Ada Generation, 49140 MiB, 17260 MiB, 100 %
2026/03/27 11:56:09.976, 5, NVIDIA RTX 6000 Ada Generation, 49140 MiB, 2 MiB, 0 %
2026/03/27 11:56:09.976, 6, NVIDIA RTX 6000 Ada Generation, 49140 MiB, 16254 MiB, 13 %
2026/03/27 11:56:09.977, 7, NVIDIA RTX 6000 Ada Generation, 49140 MiB, 21460 MiB, 100 %
2026/03/27 11:56:10.977, 0, NVIDIA RTX 6000 Ada Generation, 49140 MiB, 15890 MiB, 0 %
2026/03/27 11:56:10.977, 1, NVIDIA RTX 6000 Ada Generation, 49140 MiB, 29003 MiB, 100 %
2026/03/27 11:56:10.993, 2, NVIDIA RTX 6000 Ada Generation, 49140 MiB, 21991 MiB, 100 %
2026/03/27 11:56:10.994, 3, NVIDIA RTX 6000 Ada Generation, 49140 MiB, 17248 MiB, 100 %
2026/03/27 11:56:10.994, 4, NVIDIA RTX 6000 Ada Generation, 49140 MiB, 17260 MiB, 100 %
2026/03/27 11:56:10.994, 5, NVIDIA RTX 6000 Ada Generation, 49140 MiB, 2 MiB, 0 %
2026/03/27 11:56:10.994, 6, NVIDIA RTX 6000 Ada Generation, 49140 MiB, 16254 MiB, 14 %
2026/03/27 11:56:10.994, 7, NVIDIA RTX 6000 Ada Generation, 49140 MiB, 21460 MiB, 100 %
2026/03/27 11:56:11.994, 0, NVIDIA RTX 6000 Ada Generation, 49140 MiB, 15890 MiB, 6 %
2026/03/27 11:56:11.994, 1, NVIDIA RTX 6000 Ada Generation, 49140 MiB, 29003 MiB, 100 %
2026/03/27 11:56:11.994, 2, NVIDIA RTX 6000 Ada Generation, 49140 MiB, 21991 MiB, 100 %
2026/03/27 11:56:11.995, 3, NVIDIA RTX 6000 Ada Generation, 49140 MiB, 17248 MiB, 100 %
2026/03/27 11:56:11.995, 4, NVIDIA RTX 6000 Ada Generation, 49140 MiB, 17260 MiB, 100 %
2026/03/27 11:56:11.995, 5, NVIDIA RTX 6000 Ada Generation, 49140 MiB, 2 MiB, 0 %
2026/03/27 11:56:11.995, 6, NVIDIA RTX 6000 Ada Generation, 49140 MiB, 16254 MiB, 14 %
2026/03/27 11:56:12.026, 7, NVIDIA RTX 6000 Ada Generation, 49140 MiB, 21460 MiB, 100 %
2026/03/27 11:56:13.026, 0, NVIDIA RTX 6000 Ada Generation, 49140 MiB, 15890 MiB, 6 %
2026/03/27 11:56:13.027, 1, NVIDIA RTX 6000 Ada Generation, 49140 MiB, 29003 MiB, 100 %
2026/03/27 11:56:13.027, 2, NVIDIA RTX 6000 Ada Generation, 49140 MiB, 21991 MiB, 100 %
2026/03/27 11:56:13.027, 3, NVIDIA RTX 6000 Ada Generation, 49140 MiB, 17248 MiB, 100 %
2026/03/27 11:56:13.027, 4, NVIDIA RTX 6000 Ada Generation, 49140 MiB, 17260 MiB, 100 %
2026/03/27 11:56:13.027, 5, NVIDIA RTX 6000 Ada Generation, 49140 MiB, 2 MiB, 0 %
2026/03/27 11:56:13.027, 6, NVIDIA RTX 6000 Ada Generation, 49140 MiB, 16254 MiB, 9 %
2026/03/27 11:56:13.027, 7, NVIDIA RTX 6000 Ada Generation, 49140 MiB, 21460 MiB, 100 %
2026/03/27 11:56:14.027, 0, NVIDIA RTX 6000 Ada Generation, 49140 MiB, 15890 MiB, 6 %
2026/03/27 11:56:14.027, 1, NVIDIA RTX 6000 Ada Generation, 49140 MiB, 29003 MiB, 100 %
2026/03/27 11:56:14.027, 2, NVIDIA RTX 6000 Ada Generation, 49140 MiB, 21991 MiB, 100 %
2026/03/27 11:56:14.135, 3, NVIDIA RTX 6000 Ada Generation, 49140 MiB, 17248 MiB, 100 %
2026/03/27 11:56:14.136, 4, NVIDIA RTX 6000 Ada Generation, 49140 MiB, 17260 MiB, 100 %
2026/03/27 11:56:14.136, 5, NVIDIA RTX 6000 Ada Generation, 49140 MiB, 2 MiB, 0 %
2026/03/27 11:56:14.136, 6, NVIDIA RTX 6000 Ada Generation, 49140 MiB, 16254 MiB, 0 %
2026/03/27 11:56:14.136, 7, NVIDIA RTX 6000 Ada Generation, 49140 MiB, 21460 MiB, 100 %
2026/03/27 11:56:15.136, 0, NVIDIA RTX 6000 Ada Generation, 49140 MiB, 15890 MiB, 6 %
2026/03/27 11:56:15.136, 1, NVIDIA RTX 6000 Ada Generation, 49140 MiB, 29003 MiB, 100 %
2026/03/27 11:56:15.136, 2, NVIDIA RTX 6000 Ada Generation, 49140 MiB, 21991 MiB, 100 %
2026/03/27 11:56:15.136, 3, NVIDIA RTX 6000 Ada Generation, 49140 MiB, 17248 MiB, 100 %
2026/03/27 11:56:15.136, 4, NVIDIA RTX 6000 Ada Generation, 49140 MiB, 17260 MiB, 100 %
2026/03/27 11:56:15.136, 5, NVIDIA RTX 6000 Ada Generation, 49140 MiB, 2 MiB, 0 %
2026/03/27 11:56:15.136, 6, NVIDIA RTX 6000 Ada Generation, 49140 MiB, 16254 MiB, 0 %
2026/03/27 11:56:15.137, 7, NVIDIA RTX 6000 Ada Generation, 49140 MiB, 21460 MiB, 100 %
2026/03/27 11:56:16.137, 0, NVIDIA RTX 6000 Ada Generation, 49140 MiB, 15890 MiB, 0 %
2026/03/27 11:56:16.137, 1, NVIDIA RTX 6000 Ada Generation, 49140 MiB, 29003 MiB, 100 %
2026/03/27 11:56:16.137, 2, NVIDIA RTX 6000 Ada Generation, 49140 MiB, 21991 MiB, 100 %
2026/03/27 11:56:16.137, 3, NVIDIA RTX 6000 Ada Generation, 49140 MiB, 17248 MiB, 100 %
2026/03/27 11:56:16.137, 4, NVIDIA RTX 6000 Ada Generation, 49140 MiB, 17260 MiB, 100 %
2026/03/27 11:56:16.137, 5, NVIDIA RTX 6000 Ada Generation, 49140 MiB, 2 MiB, 0 %
2026/03/27 11:56:16.137, 6, NVIDIA RTX 6000 Ada Generation, 49140 MiB, 16254 MiB, 0 %
2026/03/27 11:56:16.137, 7, NVIDIA RTX 6000 Ada Generation, 49140 MiB, 21460 MiB, 100 %
2026/03/27 11:56:17.137, 0, NVIDIA RTX 6000 Ada Generation, 49140 MiB, 15890 MiB, 87 %
2026/03/27 11:56:17.138, 1, NVIDIA RTX 6000 Ada Generation, 49140 MiB, 29003 MiB, 0 %
2026/03/27 11:56:17.138, 2, NVIDIA RTX 6000 Ada Generation, 49140 MiB, 21991 MiB, 100 %
2026/03/27 11:56:17.138, 3, NVIDIA RTX 6000 Ada Generation, 49140 MiB, 17248 MiB, 100 %
2026/03/27 11:56:17.138, 4, NVIDIA RTX 6000 Ada Generation, 49140 MiB, 17260 MiB, 100 %
2026/03/27 11:56:17.304, 5, NVIDIA RTX 6000 Ada Generation, 49140 MiB, 2 MiB, 0 %
2026/03/27 11:56:17.304, 6, NVIDIA RTX 6000 Ada Generation, 49140 MiB, 16254 MiB, 0 %
2026/03/27 11:56:17.304, 7, NVIDIA RTX 6000 Ada Generation, 49140 MiB, 21460 MiB, 100 %
2026/03/27 11:56:18.304, 0, NVIDIA RTX 6000 Ada Generation, 49140 MiB, 15890 MiB, 95 %
2026/03/27 11:56:18.305, 1, NVIDIA RTX 6000 Ada Generation, 49140 MiB, 29003 MiB, 0 %
2026/03/27 11:56:18.305, 2, NVIDIA RTX 6000 Ada Generation, 49140 MiB, 21991 MiB, 100 %
2026/03/27 11:56:18.305, 3, NVIDIA RTX 6000 Ada Generation, 49140 MiB, 17248 MiB, 100 %
2026/03/27 11:56:18.305, 4, NVIDIA RTX 6000 Ada Generation, 49140 MiB, 17260 MiB, 99 %
2026/03/27 11:56:18.305, 5, NVIDIA RTX 6000 Ada Generation, 49140 MiB, 2 MiB, 0 %
2026/03/27 11:56:18.305, 6, NVIDIA RTX 6000 Ada Generation, 49140 MiB, 16254 MiB, 0 %
2026/03/27 11:56:18.305, 7, NVIDIA RTX 6000 Ada Generation, 49140 MiB, 21460 MiB, 100 %
2026/03/27 11:56:19.305, 0, NVIDIA RTX 6000 Ada Generation, 49140 MiB, 15890 MiB, 0 %
2026/03/27 11:56:19.305, 1, NVIDIA RTX 6000 Ada Generation, 49140 MiB, 29003 MiB, 2 %
2026/03/27 11:56:19.421, 2, NVIDIA RTX 6000 Ada Generation, 49140 MiB, 21991 MiB, 100 %
2026/03/27 11:56:19.421, 3, NVIDIA RTX 6000 Ada Generation, 49140 MiB, 17248 MiB, 100 %
2026/03/27 11:56:19.421, 4, NVIDIA RTX 6000 Ada Generation, 49140 MiB, 17260 MiB, 100 %
2026/03/27 11:56:19.421, 5, NVIDIA RTX 6000 Ada Generation, 49140 MiB, 2 MiB, 0 %
2026/03/27 11:56:19.422, 6, NVIDIA RTX 6000 Ada Generation, 49140 MiB, 16254 MiB, 0 %
2026/03/27 11:56:19.422, 7, NVIDIA RTX 6000 Ada Generation, 49140 MiB, 21460 MiB, 100 %
2026/03/27 11:56:20.422, 0, NVIDIA RTX 6000 Ada Generation, 49140 MiB, 15890 MiB, 23 %
2026/03/27 11:56:20.422, 1, NVIDIA RTX 6000 Ada Generation, 49140 MiB, 29003 MiB, 67 %
2026/03/27 11:56:20.422, 2, NVIDIA RTX 6000 Ada Generation, 49140 MiB, 21991 MiB, 100 %
2026/03/27 11:56:20.422, 3, NVIDIA RTX 6000 Ada Generation, 49140 MiB, 17248 MiB, 100 %
2026/03/27 11:56:20.422, 4, NVIDIA RTX 6000 Ada Generation, 49140 MiB, 17260 MiB, 100 %
2026/03/27 11:56:20.422, 5, NVIDIA RTX 6000 Ada Generation, 49140 MiB, 2 MiB, 0 %
2026/03/27 11:56:20.422, 6, NVIDIA RTX 6000 Ada Generation, 49140 MiB, 16254 MiB, 0 %
2026/03/27 11:56:20.429, 7, NVIDIA RTX 6000 Ada Generation, 49140 MiB, 21460 MiB, 100 %
2026/03/27 11:56:21.430, 0, NVIDIA RTX 6000 Ada Generation, 49140 MiB, 15890 MiB, 0 %
2026/03/27 11:56:21.430, 1, NVIDIA RTX 6000 Ada Generation, 49140 MiB, 29003 MiB, 0 %
2026/03/27 11:56:21.430, 2, NVIDIA RTX 6000 Ada Generation, 49140 MiB, 21991 MiB, 100 %
2026/03/27 11:56:21.430, 3, NVIDIA RTX 6000 Ada Generation, 49140 MiB, 17248 MiB, 100 %
2026/03/27 11:56:21.430, 4, NVIDIA RTX 6000 Ada Generation, 49140 MiB, 17260 MiB, 100 %
2026/03/27 11:56:21.430, 5, NVIDIA RTX 6000 Ada Generation, 49140 MiB, 2 MiB, 0 %
2026/03/27 11:56:21.431, 6, NVIDIA RTX 6000 Ada Generation, 49140 MiB, 16254 MiB, 0 %
2026/03/27 11:56:21.431, 7, NVIDIA RTX 6000 Ada Generation, 49140 MiB, 21460 MiB, 100 %
2026/03/27 11:56:22.431, 0, NVIDIA RTX 6000 Ada Generation, 49140 MiB, 15890 MiB, 0 %
2026/03/27 11:56:22.431, 1, NVIDIA RTX 6000 Ada Generation, 49140 MiB, 29003 MiB, 0 %
2026/03/27 11:56:22.431, 2, NVIDIA RTX 6000 Ada Generation, 49140 MiB, 21991 MiB, 100 %
2026/03/27 11:56:22.431, 3, NVIDIA RTX 6000 Ada Generation, 49140 MiB, 17248 MiB, 100 %
2026/03/27 11:56:22.578, 4, NVIDIA RTX 6000 Ada Generation, 49140 MiB, 17260 MiB, 100 %
2026/03/27 11:56:22.578, 5, NVIDIA RTX 6000 Ada Generation, 49140 MiB, 2 MiB, 0 %
2026/03/27 11:56:22.578, 6, NVIDIA RTX 6000 Ada Generation, 49140 MiB, 16254 MiB, 0 %
2026/03/27 11:56:22.578, 7, NVIDIA RTX 6000 Ada Generation, 49140 MiB, 21460 MiB, 100 %
2026/03/27 11:56:23.579, 0, NVIDIA RTX 6000 Ada Generation, 49140 MiB, 15890 MiB, 84 %
2026/03/27 11:56:23.579, 1, NVIDIA RTX 6000 Ada Generation, 49140 MiB, 29003 MiB, 0 %
2026/03/27 11:56:23.579, 2, NVIDIA RTX 6000 Ada Generation, 49140 MiB, 21991 MiB, 100 %
2026/03/27 11:56:23.579, 3, NVIDIA RTX 6000 Ada Generation, 49140 MiB, 17248 MiB, 100 %
2026/03/27 11:56:23.579, 4, NVIDIA RTX 6000 Ada Generation, 49140 MiB, 17260 MiB, 100 %
2026/03/27 11:56:23.579, 5, NVIDIA RTX 6000 Ada Generation, 49140 MiB, 2 MiB, 0 %
2026/03/27 11:56:23.579, 6, NVIDIA RTX 6000 Ada Generation, 49140 MiB, 16254 MiB, 0 %
2026/03/27 11:56:23.579, 7, NVIDIA RTX 6000 Ada Generation, 49140 MiB, 21460 MiB, 100 %
2026/03/27 11:56:24.579, 0, NVIDIA RTX 6000 Ada Generation, 49140 MiB, 15890 MiB, 92 %
2026/03/27 11:56:24.842, 1, NVIDIA RTX 6000 Ada Generation, 49140 MiB, 29003 MiB, 0 %
2026/03/27 11:56:24.843, 2, NVIDIA RTX 6000 Ada Generation, 49140 MiB, 21991 MiB, 100 %
2026/03/27 11:56:24.843, 3, NVIDIA RTX 6000 Ada Generation, 49140 MiB, 17248 MiB, 100 %
2026/03/27 11:56:24.843, 4, NVIDIA RTX 6000 Ada Generation, 49140 MiB, 17260 MiB, 100 %
2026/03/27 11:56:24.843, 5, NVIDIA RTX 6000 Ada Generation, 49140 MiB, 2 MiB, 0 %
2026/03/27 11:56:24.843, 6, NVIDIA RTX 6000 Ada Generation, 49140 MiB, 21074 MiB, 0 %
2026/03/27 11:56:24.843, 7, NVIDIA RTX 6000 Ada Generation, 49140 MiB, 21460 MiB, 100 %
2026/03/27 11:56:25.843, 0, NVIDIA RTX 6000 Ada Generation, 49140 MiB, 15890 MiB, 0 %
2026/03/27 11:56:25.959, 1, NVIDIA RTX 6000 Ada Generation, 49140 MiB, 29003 MiB, 97 %
2026/03/27 11:56:25.959, 2, NVIDIA RTX 6000 Ada Generation, 49140 MiB, 21991 MiB, 100 %
2026/03/27 11:56:25.959, 3, NVIDIA RTX 6000 Ada Generation, 49140 MiB, 17248 MiB, 100 %
2026/03/27 11:56:25.959, 4, NVIDIA RTX 6000 Ada Generation, 49140 MiB, 17260 MiB, 100 %
2026/03/27 11:56:25.959, 5, NVIDIA RTX 6000 Ada Generation, 49140 MiB, 2 MiB, 0 %
2026/03/27 11:56:25.959, 6, NVIDIA RTX 6000 Ada Generation, 49140 MiB, 21142 MiB, 0 %
2026/03/27 11:56:25.960, 7, NVIDIA RTX 6000 Ada Generation, 49140 MiB, 21460 MiB, 100 %
2026/03/27 11:56:26.960, 0, NVIDIA RTX 6000 Ada Generation, 49140 MiB, 15890 MiB, 6 %
2026/03/27 11:56:27.065, 1, NVIDIA RTX 6000 Ada Generation, 49140 MiB, 29003 MiB, 100 %
2026/03/27 11:56:27.065, 2, NVIDIA RTX 6000 Ada Generation, 49140 MiB, 21991 MiB, 100 %
2026/03/27 11:56:27.065, 3, NVIDIA RTX 6000 Ada Generation, 49140 MiB, 17248 MiB, 100 %
2026/03/27 11:56:27.065, 4, NVIDIA RTX 6000 Ada Generation, 49140 MiB, 17260 MiB, 100 %
2026/03/27 11:56:27.065, 5, NVIDIA RTX 6000 Ada Generation, 49140 MiB, 2 MiB, 0 %
2026/03/27 11:56:27.065, 6, NVIDIA RTX 6000 Ada Generation, 49140 MiB, 42560 MiB, 0 %
2026/03/27 11:56:27.065, 7, NVIDIA RTX 6000 Ada Generation, 49140 MiB, 21460 MiB, 100 %
2026/03/27 11:56:28.065, 0, NVIDIA RTX 6000 Ada Generation, 49140 MiB, 15890 MiB, 6 %
2026/03/27 11:56:28.066, 1, NVIDIA RTX 6000 Ada Generation, 49140 MiB, 29003 MiB, 100 %
2026/03/27 11:56:28.066, 2, NVIDIA RTX 6000 Ada Generation, 49140 MiB, 21991 MiB, 100 %
2026/03/27 11:56:28.162, 3, NVIDIA RTX 6000 Ada Generation, 49140 MiB, 17248 MiB, 100 %
2026/03/27 11:56:28.163, 4, NVIDIA RTX 6000 Ada Generation, 49140 MiB, 17260 MiB, 100 %
2026/03/27 11:56:28.163, 5, NVIDIA RTX 6000 Ada Generation, 49140 MiB, 2 MiB, 0 %
2026/03/27 11:56:28.163, 6, NVIDIA RTX 6000 Ada Generation, 49140 MiB, 47800 MiB, 0 %
2026/03/27 11:56:28.163, 7, NVIDIA RTX 6000 Ada Generation, 49140 MiB, 21460 MiB, 100 %
2026/03/27 11:56:29.163, 0, NVIDIA RTX 6000 Ada Generation, 49140 MiB, 15890 MiB, 6 %
2026/03/27 11:56:29.165, 1, NVIDIA RTX 6000 Ada Generation, 49140 MiB, 29003 MiB, 100 %
2026/03/27 11:56:29.168, 2, NVIDIA RTX 6000 Ada Generation, 49140 MiB, 21991 MiB, 100 %
2026/03/27 11:56:29.168, 3, NVIDIA RTX 6000 Ada Generation, 49140 MiB, 17248 MiB, 100 %
2026/03/27 11:56:29.168, 4, NVIDIA RTX 6000 Ada Generation, 49140 MiB, 17260 MiB, 100 %
2026/03/27 11:56:29.168, 5, NVIDIA RTX 6000 Ada Generation, 49140 MiB, 2 MiB, 0 %
2026/03/27 11:56:29.168, 6, NVIDIA RTX 6000 Ada Generation, 49140 MiB, 47800 MiB, 0 %
2026/03/27 11:56:29.168, 7, NVIDIA RTX 6000 Ada Generation, 49140 MiB, 21460 MiB, 100 %
2026/03/27 11:56:30.168, 0, NVIDIA RTX 6000 Ada Generation, 49140 MiB, 15890 MiB, 6 %
2026/03/27 11:56:30.168, 1, NVIDIA RTX 6000 Ada Generation, 49140 MiB, 29003 MiB, 100 %
2026/03/27 11:56:30.168, 2, NVIDIA RTX 6000 Ada Generation, 49140 MiB, 21991 MiB, 100 %
2026/03/27 11:56:30.169, 3, NVIDIA RTX 6000 Ada Generation, 49140 MiB, 17248 MiB, 100 %
2026/03/27 11:56:30.169, 4, NVIDIA RTX 6000 Ada Generation, 49140 MiB, 17260 MiB, 100 %
2026/03/27 11:56:30.169, 5, NVIDIA RTX 6000 Ada Generation, 49140 MiB, 2 MiB, 0 %
2026/03/27 11:56:30.169, 6, NVIDIA RTX 6000 Ada Generation, 49140 MiB, 2 MiB, 91 %
2026/03/27 11:56:30.169, 7, NVIDIA RTX 6000 Ada Generation, 49140 MiB, 21460 MiB, 100 %
2026/03/27 11:56:31.169, 0, NVIDIA RTX 6000 Ada Generation, 49140 MiB, 15890 MiB, 6 %
2026/03/27 11:56:31.169, 1, NVIDIA RTX 6000 Ada Generation, 49140 MiB, 29003 MiB, 100 %
2026/03/27 11:56:31.169, 2, NVIDIA RTX 6000 Ada Generation, 49140 MiB, 21991 MiB, 100 %
2026/03/27 11:56:31.169, 3, NVIDIA RTX 6000 Ada Generation, 49140 MiB, 17248 MiB, 100 %
2026/03/27 11:56:31.280, 4, NVIDIA RTX 6000 Ada Generation, 49140 MiB, 17260 MiB, 100 %
2026/03/27 11:56:31.281, 5, NVIDIA RTX 6000 Ada Generation, 49140 MiB, 2 MiB, 0 %
2026/03/27 11:56:31.281, 6, NVIDIA RTX 6000 Ada Generation, 49140 MiB, 2 MiB, 0 %
2026/03/27 11:56:31.281, 7, NVIDIA RTX 6000 Ada Generation, 49140 MiB, 21460 MiB, 100 %
2026/03/27 11:56:32.281, 0, NVIDIA RTX 6000 Ada Generation, 49140 MiB, 15890 MiB, 6 %
2026/03/27 11:56:32.281, 1, NVIDIA RTX 6000 Ada Generation, 49140 MiB, 29003 MiB, 100 %
2026/03/27 11:56:32.281, 2, NVIDIA RTX 6000 Ada Generation, 49140 MiB, 21991 MiB, 100 %
2026/03/27 11:56:32.281, 3, NVIDIA RTX 6000 Ada Generation, 49140 MiB, 17248 MiB, 100 %
2026/03/27 11:56:32.281, 4, NVIDIA RTX 6000 Ada Generation, 49140 MiB, 17260 MiB, 100 %
2026/03/27 11:56:32.281, 5, NVIDIA RTX 6000 Ada Generation, 49140 MiB, 2 MiB, 0 %
2026/03/27 11:56:32.281, 6, NVIDIA RTX 6000 Ada Generation, 49140 MiB, 4 MiB, 0 %
2026/03/27 11:56:32.281, 7, NVIDIA RTX 6000 Ada Generation, 49140 MiB, 21460 MiB, 100 %
2026/03/27 11:56:33.281, 0, NVIDIA RTX 6000 Ada Generation, 49140 MiB, 15890 MiB, 0 %
2026/03/27 11:56:33.513, 1, NVIDIA RTX 6000 Ada Generation, 49140 MiB, 29003 MiB, 100 %
2026/03/27 11:56:33.514, 2, NVIDIA RTX 6000 Ada Generation, 49140 MiB, 21991 MiB, 100 %
2026/03/27 11:56:33.514, 3, NVIDIA RTX 6000 Ada Generation, 49140 MiB, 17248 MiB, 100 %
2026/03/27 11:56:33.514, 4, NVIDIA RTX 6000 Ada Generation, 49140 MiB, 17260 MiB, 100 %
2026/03/27 11:56:33.514, 5, NVIDIA RTX 6000 Ada Generation, 49140 MiB, 2 MiB, 0 %
2026/03/27 11:56:33.514, 6, NVIDIA RTX 6000 Ada Generation, 49140 MiB, 16254 MiB, 6 %
2026/03/27 11:56:33.514, 7, NVIDIA RTX 6000 Ada Generation, 49140 MiB, 21460 MiB, 100 %
2026/03/27 11:56:34.514, 0, NVIDIA RTX 6000 Ada Generation, 49140 MiB, 15890 MiB, 95 %
2026/03/27 11:56:34.514, 1, NVIDIA RTX 6000 Ada Generation, 49140 MiB, 29003 MiB, 100 %
2026/03/27 11:56:34.515, 2, NVIDIA RTX 6000 Ada Generation, 49140 MiB, 21991 MiB, 100 %
2026/03/27 11:56:34.515, 3, NVIDIA RTX 6000 Ada Generation, 49140 MiB, 17248 MiB, 100 %
2026/03/27 11:56:34.515, 4, NVIDIA RTX 6000 Ada Generation, 49140 MiB, 17260 MiB, 100 %
2026/03/27 11:56:34.515, 5, NVIDIA RTX 6000 Ada Generation, 49140 MiB, 2 MiB, 0 %
2026/03/27 11:56:34.649, 6, NVIDIA RTX 6000 Ada Generation, 49140 MiB, 16254 MiB, 14 %
2026/03/27 11:56:34.649, 7, NVIDIA RTX 6000 Ada Generation, 49140 MiB, 21460 MiB, 100 %
2026/03/27 11:56:35.649, 0, NVIDIA RTX 6000 Ada Generation, 49140 MiB, 15890 MiB, 95 %
2026/03/27 11:56:35.650, 1, NVIDIA RTX 6000 Ada Generation, 49140 MiB, 29003 MiB, 100 %
2026/03/27 11:56:35.650, 2, NVIDIA RTX 6000 Ada Generation, 49140 MiB, 21991 MiB, 100 %
2026/03/27 11:56:35.650, 3, NVIDIA RTX 6000 Ada Generation, 49140 MiB, 17248 MiB, 100 %
2026/03/27 11:56:35.650, 4, NVIDIA RTX 6000 Ada Generation, 49140 MiB, 17260 MiB, 100 %
2026/03/27 11:56:35.650, 5, NVIDIA RTX 6000 Ada Generation, 49140 MiB, 2 MiB, 0 %
2026/03/27 11:56:35.650, 6, NVIDIA RTX 6000 Ada Generation, 49140 MiB, 16254 MiB, 14 %
2026/03/27 11:56:35.650, 7, NVIDIA RTX 6000 Ada Generation, 49140 MiB, 21460 MiB, 100 %
2026/03/27 11:56:36.650, 0, NVIDIA RTX 6000 Ada Generation, 49140 MiB, 15890 MiB, 1 %
2026/03/27 11:56:36.650, 1, NVIDIA RTX 6000 Ada Generation, 49140 MiB, 29003 MiB, 100 %
2026/03/27 11:56:36.650, 2, NVIDIA RTX 6000 Ada Generation, 49140 MiB, 21991 MiB, 100 %
2026/03/27 11:56:36.888, 3, NVIDIA RTX 6000 Ada Generation, 49140 MiB, 17248 MiB, 100 %
2026/03/27 11:56:36.888, 4, NVIDIA RTX 6000 Ada Generation, 49140 MiB, 17260 MiB, 100 %
2026/03/27 11:56:36.888, 5, NVIDIA RTX 6000 Ada Generation, 49140 MiB, 2 MiB, 0 %
2026/03/27 11:56:36.888, 6, NVIDIA RTX 6000 Ada Generation, 49140 MiB, 16254 MiB, 13 %
2026/03/27 11:56:36.888, 7, NVIDIA RTX 6000 Ada Generation, 49140 MiB, 21460 MiB, 100 %
2026/03/27 11:56:37.889, 0, NVIDIA RTX 6000 Ada Generation, 49140 MiB, 15890 MiB, 6 %
2026/03/27 11:56:37.889, 1, NVIDIA RTX 6000 Ada Generation, 49140 MiB, 29003 MiB, 100 %
2026/03/27 11:56:37.889, 2, NVIDIA RTX 6000 Ada Generation, 49140 MiB, 21991 MiB, 100 %
2026/03/27 11:56:37.889, 3, NVIDIA RTX 6000 Ada Generation, 49140 MiB, 17248 MiB, 100 %
2026/03/27 11:56:37.889, 4, NVIDIA RTX 6000 Ada Generation, 49140 MiB, 17260 MiB, 100 %
2026/03/27 11:56:37.889, 5, NVIDIA RTX 6000 Ada Generation, 49140 MiB, 2 MiB, 0 %
2026/03/27 11:56:37.889, 6, NVIDIA RTX 6000 Ada Generation, 49140 MiB, 16254 MiB, 14 %
2026/03/27 11:56:37.889, 7, NVIDIA RTX 6000 Ada Generation, 49140 MiB, 21460 MiB, 100 %
2026/03/27 11:56:38.889, 0, NVIDIA RTX 6000 Ada Generation, 49140 MiB, 15890 MiB, 0 %
2026/03/27 11:56:38.889, 1, NVIDIA RTX 6000 Ada Generation, 49140 MiB, 29003 MiB, 100 %
2026/03/27 11:56:38.889, 2, NVIDIA RTX 6000 Ada Generation, 49140 MiB, 21991 MiB, 100 %
2026/03/27 11:56:38.890, 3, NVIDIA RTX 6000 Ada Generation, 49140 MiB, 17248 MiB, 100 %
2026/03/27 11:56:38.890, 4, NVIDIA RTX 6000 Ada Generation, 49140 MiB, 17260 MiB, 100 %
2026/03/27 11:56:38.890, 5, NVIDIA RTX 6000 Ada Generation, 49140 MiB, 2 MiB, 0 %
2026/03/27 11:56:38.890, 6, NVIDIA RTX 6000 Ada Generation, 49140 MiB, 16254 MiB, 0 %
2026/03/27 11:56:38.890, 7, NVIDIA RTX 6000 Ada Generation, 49140 MiB, 21460 MiB, 100 %
2026/03/27 11:56:39.890, 0, NVIDIA RTX 6000 Ada Generation, 49140 MiB, 15890 MiB, 6 %
2026/03/27 11:56:39.890, 1, NVIDIA RTX 6000 Ada Generation, 49140 MiB, 29003 MiB, 100 %
2026/03/27 11:56:39.890, 2, NVIDIA RTX 6000 Ada Generation, 49140 MiB, 21991 MiB, 100 %
2026/03/27 11:56:39.890, 3, NVIDIA RTX 6000 Ada Generation, 49140 MiB, 17248 MiB, 100 %
2026/03/27 11:56:39.985, 4, NVIDIA RTX 6000 Ada Generation, 49140 MiB, 17260 MiB, 100 %
2026/03/27 11:56:39.985, 5, NVIDIA RTX 6000 Ada Generation, 49140 MiB, 2 MiB, 0 %
2026/03/27 11:56:39.985, 6, NVIDIA RTX 6000 Ada Generation, 49140 MiB, 16254 MiB, 0 %
2026/03/27 11:56:39.985, 7, NVIDIA RTX 6000 Ada Generation, 49140 MiB, 21460 MiB, 100 %
2026/03/27 11:56:40.985, 0, NVIDIA RTX 6000 Ada Generation, 49140 MiB, 15890 MiB, 6 %
2026/03/27 11:56:40.986, 1, NVIDIA RTX 6000 Ada Generation, 49140 MiB, 29003 MiB, 100 %
2026/03/27 11:56:40.986, 2, NVIDIA RTX 6000 Ada Generation, 49140 MiB, 21991 MiB, 100 %
2026/03/27 11:56:40.986, 3, NVIDIA RTX 6000 Ada Generation, 49140 MiB, 17248 MiB, 100 %
2026/03/27 11:56:40.986, 4, NVIDIA RTX 6000 Ada Generation, 49140 MiB, 17260 MiB, 100 %
2026/03/27 11:56:40.986, 5, NVIDIA RTX 6000 Ada Generation, 49140 MiB, 2 MiB, 0 %
2026/03/27 11:56:40.986, 6, NVIDIA RTX 6000 Ada Generation, 49140 MiB, 16254 MiB, 0 %
2026/03/27 11:56:40.986, 7, NVIDIA RTX 6000 Ada Generation, 49140 MiB, 21460 MiB, 100 %
2026/03/27 11:56:41.986, 0, NVIDIA RTX 6000 Ada Generation, 49140 MiB, 15890 MiB, 6 %
2026/03/27 11:56:42.083, 1, NVIDIA RTX 6000 Ada Generation, 49140 MiB, 29003 MiB, 100 %
2026/03/27 11:56:42.083, 2, NVIDIA RTX 6000 Ada Generation, 49140 MiB, 21991 MiB, 100 %
2026/03/27 11:56:42.084, 3, NVIDIA RTX 6000 Ada Generation, 49140 MiB, 17248 MiB, 100 %
2026/03/27 11:56:42.084, 4, NVIDIA RTX 6000 Ada Generation, 49140 MiB, 17260 MiB, 100 %
2026/03/27 11:56:42.084, 5, NVIDIA RTX 6000 Ada Generation, 49140 MiB, 2 MiB, 0 %
2026/03/27 11:56:42.084, 6, NVIDIA RTX 6000 Ada Generation, 49140 MiB, 16254 MiB, 0 %
2026/03/27 11:56:42.084, 7, NVIDIA RTX 6000 Ada Generation, 49140 MiB, 21460 MiB, 100 %
2026/03/27 11:56:43.084, 0, NVIDIA RTX 6000 Ada Generation, 49140 MiB, 15890 MiB, 6 %
2026/03/27 11:56:43.084, 1, NVIDIA RTX 6000 Ada Generation, 49140 MiB, 29003 MiB, 100 %
2026/03/27 11:56:43.084, 2, NVIDIA RTX 6000 Ada Generation, 49140 MiB, 21991 MiB, 100 %
2026/03/27 11:56:43.084, 3, NVIDIA RTX 6000 Ada Generation, 49140 MiB, 17248 MiB, 100 %
2026/03/27 11:56:43.084, 4, NVIDIA RTX 6000 Ada Generation, 49140 MiB, 17260 MiB, 100 %
2026/03/27 11:56:43.084, 5, NVIDIA RTX 6000 Ada Generation, 49140 MiB, 2 MiB, 0 %
2026/03/27 11:56:43.205, 6, NVIDIA RTX 6000 Ada Generation, 49140 MiB, 16254 MiB, 0 %
2026/03/27 11:56:43.205, 7, NVIDIA RTX 6000 Ada Generation, 49140 MiB, 21460 MiB, 100 %
2026/03/27 11:56:44.205, 0, NVIDIA RTX 6000 Ada Generation, 49140 MiB, 15890 MiB, 6 %
2026/03/27 11:56:44.206, 1, NVIDIA RTX 6000 Ada Generation, 49140 MiB, 29003 MiB, 100 %
2026/03/27 11:56:44.206, 2, NVIDIA RTX 6000 Ada Generation, 49140 MiB, 21991 MiB, 100 %
2026/03/27 11:56:44.206, 3, NVIDIA RTX 6000 Ada Generation, 49140 MiB, 17248 MiB, 100 %
2026/03/27 11:56:44.206, 4, NVIDIA RTX 6000 Ada Generation, 49140 MiB, 17260 MiB, 100 %
2026/03/27 11:56:44.206, 5, NVIDIA RTX 6000 Ada Generation, 49140 MiB, 2 MiB, 0 %
2026/03/27 11:56:44.206, 6, NVIDIA RTX 6000 Ada Generation, 49140 MiB, 16254 MiB, 0 %
2026/03/27 11:56:44.206, 7, NVIDIA RTX 6000 Ada Generation, 49140 MiB, 21460 MiB, 100 %
2026/03/27 11:56:45.206, 0, NVIDIA RTX 6000 Ada Generation, 49140 MiB, 15890 MiB, 6 %
2026/03/27 11:56:45.206, 1, NVIDIA RTX 6000 Ada Generation, 49140 MiB, 29003 MiB, 100 %
2026/03/27 11:56:45.206, 2, NVIDIA RTX 6000 Ada Generation, 49140 MiB, 21991 MiB, 100 %
2026/03/27 11:56:45.421, 3, NVIDIA RTX 6000 Ada Generation, 49140 MiB, 17248 MiB, 100 %
2026/03/27 11:56:45.422, 4, NVIDIA RTX 6000 Ada Generation, 49140 MiB, 17260 MiB, 100 %
2026/03/27 11:56:45.422, 5, NVIDIA RTX 6000 Ada Generation, 49140 MiB, 2 MiB, 0 %
2026/03/27 11:56:45.422, 6, NVIDIA RTX 6000 Ada Generation, 49140 MiB, 16254 MiB, 0 %
2026/03/27 11:56:45.422, 7, NVIDIA RTX 6000 Ada Generation, 49140 MiB, 21460 MiB, 100 %
2026/03/27 11:56:46.422, 0, NVIDIA RTX 6000 Ada Generation, 49140 MiB, 15890 MiB, 0 %
2026/03/27 11:56:46.423, 1, NVIDIA RTX 6000 Ada Generation, 49140 MiB, 29003 MiB, 100 %
2026/03/27 11:56:46.423, 2, NVIDIA RTX 6000 Ada Generation, 49140 MiB, 21991 MiB, 100 %
2026/03/27 11:56:46.423, 3, NVIDIA RTX 6000 Ada Generation, 49140 MiB, 17248 MiB, 100 %
2026/03/27 11:56:46.423, 4, NVIDIA RTX 6000 Ada Generation, 49140 MiB, 17260 MiB, 100 %
2026/03/27 11:56:46.423, 5, NVIDIA RTX 6000 Ada Generation, 49140 MiB, 2 MiB, 0 %
2026/03/27 11:56:46.423, 6, NVIDIA RTX 6000 Ada Generation, 49140 MiB, 16254 MiB, 0 %
2026/03/27 11:56:46.423, 7, NVIDIA RTX 6000 Ada Generation, 49140 MiB, 21460 MiB, 100 %
2026/03/27 11:56:47.423, 0, NVIDIA RTX 6000 Ada Generation, 49140 MiB, 15890 MiB, 0 %
2026/03/27 11:56:47.423, 1, NVIDIA RTX 6000 Ada Generation, 49140 MiB, 29003 MiB, 100 %
2026/03/27 11:56:47.423, 2, NVIDIA RTX 6000 Ada Generation, 49140 MiB, 21991 MiB, 100 %
2026/03/27 11:56:47.423, 3, NVIDIA RTX 6000 Ada Generation, 49140 MiB, 17248 MiB, 100 %
2026/03/27 11:56:47.424, 4, NVIDIA RTX 6000 Ada Generation, 49140 MiB, 17260 MiB, 100 %
2026/03/27 11:56:47.424, 5, NVIDIA RTX 6000 Ada Generation, 49140 MiB, 2 MiB, 0 %
2026/03/27 11:56:47.424, 6, NVIDIA RTX 6000 Ada Generation, 49140 MiB, 16254 MiB, 0 %
2026/03/27 11:56:47.424, 7, NVIDIA RTX 6000 Ada Generation, 49140 MiB, 21460 MiB, 100 %
2026/03/27 11:56:48.424, 0, NVIDIA RTX 6000 Ada Generation, 49140 MiB, 15890 MiB, 92 %
2026/03/27 11:56:48.424, 1, NVIDIA RTX 6000 Ada Generation, 49140 MiB, 29003 MiB, 100 %
2026/03/27 11:56:48.424, 2, NVIDIA RTX 6000 Ada Generation, 49140 MiB, 21991 MiB, 100 %
2026/03/27 11:56:48.424, 3, NVIDIA RTX 6000 Ada Generation, 49140 MiB, 17248 MiB, 100 %
2026/03/27 11:56:48.626, 4, NVIDIA RTX 6000 Ada Generation, 49140 MiB, 17260 MiB, 100 %
2026/03/27 11:56:48.626, 5, NVIDIA RTX 6000 Ada Generation, 49140 MiB, 2 MiB, 0 %
2026/03/27 11:56:48.626, 6, NVIDIA RTX 6000 Ada Generation, 49140 MiB, 16254 MiB, 0 %
2026/03/27 11:56:48.626, 7, NVIDIA RTX 6000 Ada Generation, 49140 MiB, 21460 MiB, 100 %
2026/03/27 11:56:49.626, 0, NVIDIA RTX 6000 Ada Generation, 49140 MiB, 15890 MiB, 87 %
2026/03/27 11:56:49.626, 1, NVIDIA RTX 6000 Ada Generation, 49140 MiB, 29003 MiB, 100 %
2026/03/27 11:56:49.627, 2, NVIDIA RTX 6000 Ada Generation, 49140 MiB, 21991 MiB, 100 %
2026/03/27 11:56:49.627, 3, NVIDIA RTX 6000 Ada Generation, 49140 MiB, 17248 MiB, 98 %
2026/03/27 11:56:49.627, 4, NVIDIA RTX 6000 Ada Generation, 49140 MiB, 17260 MiB, 100 %
2026/03/27 11:56:49.627, 5, NVIDIA RTX 6000 Ada Generation, 49140 MiB, 2 MiB, 0 %
2026/03/27 11:56:49.627, 6, NVIDIA RTX 6000 Ada Generation, 49140 MiB, 16254 MiB, 0 %
2026/03/27 11:56:49.627, 7, NVIDIA RTX 6000 Ada Generation, 49140 MiB, 21460 MiB, 100 %
2026/03/27 11:56:50.627, 0, NVIDIA RTX 6000 Ada Generation, 49140 MiB, 15890 MiB, 0 %
2026/03/27 11:56:50.715, 1, NVIDIA RTX 6000 Ada Generation, 49140 MiB, 29003 MiB, 100 %
2026/03/27 11:56:50.716, 2, NVIDIA RTX 6000 Ada Generation, 49140 MiB, 21991 MiB, 100 %
2026/03/27 11:56:50.716, 3, NVIDIA RTX 6000 Ada Generation, 49140 MiB, 17248 MiB, 100 %
2026/03/27 11:56:50.717, 4, NVIDIA RTX 6000 Ada Generation, 49140 MiB, 17260 MiB, 100 %
2026/03/27 11:56:50.717, 5, NVIDIA RTX 6000 Ada Generation, 49140 MiB, 2 MiB, 0 %
2026/03/27 11:56:50.717, 6, NVIDIA RTX 6000 Ada Generation, 49140 MiB, 16274 MiB, 0 %
2026/03/27 11:56:50.718, 7, NVIDIA RTX 6000 Ada Generation, 49140 MiB, 21460 MiB, 100 %
2026/03/27 11:56:51.718, 0, NVIDIA RTX 6000 Ada Generation, 49140 MiB, 15890 MiB, 6 %
2026/03/27 11:56:51.718, 1, NVIDIA RTX 6000 Ada Generation, 49140 MiB, 29003 MiB, 100 %
2026/03/27 11:56:51.718, 2, NVIDIA RTX 6000 Ada Generation, 49140 MiB, 21991 MiB, 100 %
2026/03/27 11:56:51.718, 3, NVIDIA RTX 6000 Ada Generation, 49140 MiB, 17248 MiB, 100 %
2026/03/27 11:56:51.718, 4, NVIDIA RTX 6000 Ada Generation, 49140 MiB, 17260 MiB, 100 %
2026/03/27 11:56:51.718, 5, NVIDIA RTX 6000 Ada Generation, 49140 MiB, 2 MiB, 0 %
2026/03/27 11:56:51.855, 6, NVIDIA RTX 6000 Ada Generation, 49140 MiB, 21074 MiB, 0 %
2026/03/27 11:56:51.856, 7, NVIDIA RTX 6000 Ada Generation, 49140 MiB, 21460 MiB, 100 %
2026/03/27 11:56:52.856, 0, NVIDIA RTX 6000 Ada Generation, 49140 MiB, 15890 MiB, 6 %
2026/03/27 11:56:52.997, 1, NVIDIA RTX 6000 Ada Generation, 49140 MiB, 29003 MiB, 100 %
2026/03/27 11:56:52.997, 2, NVIDIA RTX 6000 Ada Generation, 49140 MiB, 21991 MiB, 100 %
2026/03/27 11:56:52.997, 3, NVIDIA RTX 6000 Ada Generation, 49140 MiB, 17248 MiB, 100 %
2026/03/27 11:56:52.997, 4, NVIDIA RTX 6000 Ada Generation, 49140 MiB, 17260 MiB, 100 %
2026/03/27 11:56:52.997, 5, NVIDIA RTX 6000 Ada Generation, 49140 MiB, 2 MiB, 0 %
2026/03/27 11:56:52.997, 6, NVIDIA RTX 6000 Ada Generation, 49140 MiB, 42560 MiB, 0 %
2026/03/27 11:56:52.997, 7, NVIDIA RTX 6000 Ada Generation, 49140 MiB, 21460 MiB, 100 %
2026/03/27 11:56:53.997, 0, NVIDIA RTX 6000 Ada Generation, 49140 MiB, 15890 MiB, 6 %
2026/03/27 11:56:53.998, 1, NVIDIA RTX 6000 Ada Generation, 49140 MiB, 29003 MiB, 100 %
2026/03/27 11:56:53.998, 2, NVIDIA RTX 6000 Ada Generation, 49140 MiB, 21991 MiB, 100 %
2026/03/27 11:56:54.081, 3, NVIDIA RTX 6000 Ada Generation, 49140 MiB, 17248 MiB, 99 %
2026/03/27 11:56:54.081, 4, NVIDIA RTX 6000 Ada Generation, 49140 MiB, 17260 MiB, 100 %
2026/03/27 11:56:54.081, 5, NVIDIA RTX 6000 Ada Generation, 49140 MiB, 2 MiB, 0 %
2026/03/27 11:56:54.081, 6, NVIDIA RTX 6000 Ada Generation, 49140 MiB, 47800 MiB, 6 %
2026/03/27 11:56:54.081, 7, NVIDIA RTX 6000 Ada Generation, 49140 MiB, 21460 MiB, 100 %
2026/03/27 11:56:55.081, 0, NVIDIA RTX 6000 Ada Generation, 49140 MiB, 15890 MiB, 0 %
2026/03/27 11:56:55.081, 1, NVIDIA RTX 6000 Ada Generation, 49140 MiB, 29003 MiB, 100 %
2026/03/27 11:56:55.082, 2, NVIDIA RTX 6000 Ada Generation, 49140 MiB, 21991 MiB, 100 %
2026/03/27 11:56:55.082, 3, NVIDIA RTX 6000 Ada Generation, 49140 MiB, 17248 MiB, 100 %
2026/03/27 11:56:55.082, 4, NVIDIA RTX 6000 Ada Generation, 49140 MiB, 17260 MiB, 100 %
2026/03/27 11:56:55.082, 5, NVIDIA RTX 6000 Ada Generation, 49140 MiB, 2 MiB, 0 %
2026/03/27 11:56:55.082, 6, NVIDIA RTX 6000 Ada Generation, 49140 MiB, 47800 MiB, 0 %
2026/03/27 11:56:55.082, 7, NVIDIA RTX 6000 Ada Generation, 49140 MiB, 21460 MiB, 100 %
2026/03/27 11:56:56.082, 0, NVIDIA RTX 6000 Ada Generation, 49140 MiB, 15890 MiB, 0 %
2026/03/27 11:56:56.082, 1, NVIDIA RTX 6000 Ada Generation, 49140 MiB, 29003 MiB, 100 %
2026/03/27 11:56:56.082, 2, NVIDIA RTX 6000 Ada Generation, 49140 MiB, 21991 MiB, 100 %
2026/03/27 11:56:56.082, 3, NVIDIA RTX 6000 Ada Generation, 49140 MiB, 17248 MiB, 100 %
2026/03/27 11:56:56.082, 4, NVIDIA RTX 6000 Ada Generation, 49140 MiB, 17260 MiB, 100 %
2026/03/27 11:56:56.082, 5, NVIDIA RTX 6000 Ada Generation, 49140 MiB, 2 MiB, 0 %
2026/03/27 11:56:56.082, 6, NVIDIA RTX 6000 Ada Generation, 49140 MiB, 2 MiB, 0 %
2026/03/27 11:56:56.082, 7, NVIDIA RTX 6000 Ada Generation, 49140 MiB, 21460 MiB, 100 %
2026/03/27 11:56:57.082, 0, NVIDIA RTX 6000 Ada Generation, 49140 MiB, 15890 MiB, 90 %
2026/03/27 11:56:57.083, 1, NVIDIA RTX 6000 Ada Generation, 49140 MiB, 29003 MiB, 100 %
2026/03/27 11:56:57.083, 2, NVIDIA RTX 6000 Ada Generation, 49140 MiB, 21991 MiB, 100 %
2026/03/27 11:56:57.083, 3, NVIDIA RTX 6000 Ada Generation, 49140 MiB, 17248 MiB, 100 %
2026/03/27 11:56:57.178, 4, NVIDIA RTX 6000 Ada Generation, 49140 MiB, 17260 MiB, 99 %
2026/03/27 11:56:57.179, 5, NVIDIA RTX 6000 Ada Generation, 49140 MiB, 2 MiB, 0 %
2026/03/27 11:56:57.179, 6, NVIDIA RTX 6000 Ada Generation, 49140 MiB, 2 MiB, 0 %
2026/03/27 11:56:57.179, 7, NVIDIA RTX 6000 Ada Generation, 49140 MiB, 21460 MiB, 100 %
2026/03/27 11:56:58.179, 0, NVIDIA RTX 6000 Ada Generation, 49140 MiB, 15890 MiB, 95 %
2026/03/27 11:56:58.179, 1, NVIDIA RTX 6000 Ada Generation, 49140 MiB, 29003 MiB, 100 %
2026/03/27 11:56:58.180, 2, NVIDIA RTX 6000 Ada Generation, 49140 MiB, 21991 MiB, 100 %
2026/03/27 11:56:58.180, 3, NVIDIA RTX 6000 Ada Generation, 49140 MiB, 17248 MiB, 100 %
2026/03/27 11:56:58.180, 4, NVIDIA RTX 6000 Ada Generation, 49140 MiB, 17260 MiB, 100 %
2026/03/27 11:56:58.180, 5, NVIDIA RTX 6000 Ada Generation, 49140 MiB, 2 MiB, 0 %
2026/03/27 11:56:58.180, 6, NVIDIA RTX 6000 Ada Generation, 49140 MiB, 2 MiB, 0 %
2026/03/27 11:56:58.180, 7, NVIDIA RTX 6000 Ada Generation, 49140 MiB, 21460 MiB, 100 %
2026/03/27 11:56:59.180, 0, NVIDIA RTX 6000 Ada Generation, 49140 MiB, 15890 MiB, 23 %
2026/03/27 11:56:59.319, 1, NVIDIA RTX 6000 Ada Generation, 49140 MiB, 29003 MiB, 100 %
2026/03/27 11:56:59.320, 2, NVIDIA RTX 6000 Ada Generation, 49140 MiB, 21991 MiB, 100 %
2026/03/27 11:56:59.320, 3, NVIDIA RTX 6000 Ada Generation, 49140 MiB, 17248 MiB, 100 %
2026/03/27 11:56:59.320, 4, NVIDIA RTX 6000 Ada Generation, 49140 MiB, 17260 MiB, 100 %
2026/03/27 11:56:59.320, 5, NVIDIA RTX 6000 Ada Generation, 49140 MiB, 2 MiB, 0 %
2026/03/27 11:56:59.320, 6, NVIDIA RTX 6000 Ada Generation, 49140 MiB, 16254 MiB, 8 %
2026/03/27 11:56:59.320, 7, NVIDIA RTX 6000 Ada Generation, 49140 MiB, 21460 MiB, 100 %
2026/03/27 11:57:00.320, 0, NVIDIA RTX 6000 Ada Generation, 49140 MiB, 15890 MiB, 3 %
2026/03/27 11:57:00.320, 1, NVIDIA RTX 6000 Ada Generation, 49140 MiB, 29003 MiB, 100 %
2026/03/27 11:57:00.320, 2, NVIDIA RTX 6000 Ada Generation, 49140 MiB, 21991 MiB, 100 %
2026/03/27 11:57:00.321, 3, NVIDIA RTX 6000 Ada Generation, 49140 MiB, 17248 MiB, 100 %
2026/03/27 11:57:00.321, 4, NVIDIA RTX 6000 Ada Generation, 49140 MiB, 17260 MiB, 100 %
2026/03/27 11:57:00.321, 5, NVIDIA RTX 6000 Ada Generation, 49140 MiB, 2 MiB, 0 %
2026/03/27 11:57:00.450, 6, NVIDIA RTX 6000 Ada Generation, 49140 MiB, 16254 MiB, 15 %
2026/03/27 11:57:00.450, 7, NVIDIA RTX 6000 Ada Generation, 49140 MiB, 21460 MiB, 100 %
2026/03/27 11:57:01.450, 0, NVIDIA RTX 6000 Ada Generation, 49140 MiB, 15890 MiB, 6 %
2026/03/27 11:57:01.450, 1, NVIDIA RTX 6000 Ada Generation, 49140 MiB, 29003 MiB, 100 %
2026/03/27 11:57:01.451, 2, NVIDIA RTX 6000 Ada Generation, 49140 MiB, 21991 MiB, 100 %
2026/03/27 11:57:01.451, 3, NVIDIA RTX 6000 Ada Generation, 49140 MiB, 17248 MiB, 100 %
2026/03/27 11:57:01.451, 4, NVIDIA RTX 6000 Ada Generation, 49140 MiB, 17260 MiB, 100 %
2026/03/27 11:57:01.451, 5, NVIDIA RTX 6000 Ada Generation, 49140 MiB, 2 MiB, 0 %
2026/03/27 11:57:01.451, 6, NVIDIA RTX 6000 Ada Generation, 49140 MiB, 16254 MiB, 14 %
2026/03/27 11:57:01.451, 7, NVIDIA RTX 6000 Ada Generation, 49140 MiB, 21460 MiB, 100 %
2026/03/27 11:57:02.451, 0, NVIDIA RTX 6000 Ada Generation, 49140 MiB, 15890 MiB, 6 %
2026/03/27 11:57:02.451, 1, NVIDIA RTX 6000 Ada Generation, 49140 MiB, 29003 MiB, 100 %
2026/03/27 11:57:02.451, 2, NVIDIA RTX 6000 Ada Generation, 49140 MiB, 21991 MiB, 100 %
2026/03/27 11:57:02.667, 3, NVIDIA RTX 6000 Ada Generation, 49140 MiB, 17248 MiB, 100 %
2026/03/27 11:57:02.668, 4, NVIDIA RTX 6000 Ada Generation, 49140 MiB, 17260 MiB, 100 %
2026/03/27 11:57:02.668, 5, NVIDIA RTX 6000 Ada Generation, 49140 MiB, 2 MiB, 0 %
2026/03/27 11:57:02.668, 6, NVIDIA RTX 6000 Ada Generation, 49140 MiB, 16254 MiB, 14 %
2026/03/27 11:57:02.668, 7, NVIDIA RTX 6000 Ada Generation, 49140 MiB, 21460 MiB, 100 %
2026/03/27 11:57:03.668, 0, NVIDIA RTX 6000 Ada Generation, 49140 MiB, 15890 MiB, 6 %
2026/03/27 11:57:03.668, 1, NVIDIA RTX 6000 Ada Generation, 49140 MiB, 29003 MiB, 100 %
2026/03/27 11:57:03.668, 2, NVIDIA RTX 6000 Ada Generation, 49140 MiB, 21991 MiB, 100 %
2026/03/27 11:57:03.668, 3, NVIDIA RTX 6000 Ada Generation, 49140 MiB, 17248 MiB, 100 %
2026/03/27 11:57:03.669, 4, NVIDIA RTX 6000 Ada Generation, 49140 MiB, 17260 MiB, 100 %
2026/03/27 11:57:03.669, 5, NVIDIA RTX 6000 Ada Generation, 49140 MiB, 2 MiB, 0 %
2026/03/27 11:57:03.669, 6, NVIDIA RTX 6000 Ada Generation, 49140 MiB, 16254 MiB, 13 %
2026/03/27 11:57:03.669, 7, NVIDIA RTX 6000 Ada Generation, 49140 MiB, 21460 MiB, 100 %
2026/03/27 11:57:04.669, 0, NVIDIA RTX 6000 Ada Generation, 49140 MiB, 15890 MiB, 6 %
2026/03/27 11:57:04.669, 1, NVIDIA RTX 6000 Ada Generation, 49140 MiB, 29003 MiB, 100 %
2026/03/27 11:57:04.669, 2, NVIDIA RTX 6000 Ada Generation, 49140 MiB, 21991 MiB, 100 %
2026/03/27 11:57:04.669, 3, NVIDIA RTX 6000 Ada Generation, 49140 MiB, 17248 MiB, 100 %
2026/03/27 11:57:04.669, 4, NVIDIA RTX 6000 Ada Generation, 49140 MiB, 17260 MiB, 100 %
2026/03/27 11:57:04.669, 5, NVIDIA RTX 6000 Ada Generation, 49140 MiB, 2 MiB, 0 %
2026/03/27 11:57:04.669, 6, NVIDIA RTX 6000 Ada Generation, 49140 MiB, 16254 MiB, 0 %
2026/03/27 11:57:04.669, 7, NVIDIA RTX 6000 Ada Generation, 49140 MiB, 21460 MiB, 100 %
2026/03/27 11:57:05.670, 0, NVIDIA RTX 6000 Ada Generation, 49140 MiB, 15890 MiB, 0 %
2026/03/27 11:57:05.670, 1, NVIDIA RTX 6000 Ada Generation, 49140 MiB, 29003 MiB, 100 %
2026/03/27 11:57:05.670, 2, NVIDIA RTX 6000 Ada Generation, 49140 MiB, 21991 MiB, 100 %
2026/03/27 11:57:05.670, 3, NVIDIA RTX 6000 Ada Generation, 49140 MiB, 17248 MiB, 100 %
2026/03/27 11:57:05.788, 4, NVIDIA RTX 6000 Ada Generation, 49140 MiB, 17260 MiB, 100 %
2026/03/27 11:57:05.789, 5, NVIDIA RTX 6000 Ada Generation, 49140 MiB, 2 MiB, 0 %
2026/03/27 11:57:05.789, 6, NVIDIA RTX 6000 Ada Generation, 49140 MiB, 16254 MiB, 0 %
2026/03/27 11:57:05.789, 7, NVIDIA RTX 6000 Ada Generation, 49140 MiB, 21460 MiB, 100 %
2026/03/27 11:57:06.789, 0, NVIDIA RTX 6000 Ada Generation, 49140 MiB, 15890 MiB, 6 %
2026/03/27 11:57:06.789, 1, NVIDIA RTX 6000 Ada Generation, 49140 MiB, 29003 MiB, 100 %
2026/03/27 11:57:06.789, 2, NVIDIA RTX 6000 Ada Generation, 49140 MiB, 21991 MiB, 100 %
2026/03/27 11:57:06.789, 3, NVIDIA RTX 6000 Ada Generation, 49140 MiB, 17248 MiB, 100 %
2026/03/27 11:57:06.789, 4, NVIDIA RTX 6000 Ada Generation, 49140 MiB, 17260 MiB, 100 %
2026/03/27 11:57:06.789, 5, NVIDIA RTX 6000 Ada Generation, 49140 MiB, 2 MiB, 0 %
2026/03/27 11:57:06.789, 6, NVIDIA RTX 6000 Ada Generation, 49140 MiB, 16254 MiB, 0 %
2026/03/27 11:57:06.790, 7, NVIDIA RTX 6000 Ada Generation, 49140 MiB, 21460 MiB, 100 %
2026/03/27 11:57:07.790, 0, NVIDIA RTX 6000 Ada Generation, 49140 MiB, 15890 MiB, 0 %
2026/03/27 11:57:08.048, 1, NVIDIA RTX 6000 Ada Generation, 49140 MiB, 29003 MiB, 100 %
2026/03/27 11:57:08.048, 2, NVIDIA RTX 6000 Ada Generation, 49140 MiB, 21991 MiB, 100 %
2026/03/27 11:57:08.048, 3, NVIDIA RTX 6000 Ada Generation, 49140 MiB, 17248 MiB, 100 %
2026/03/27 11:57:08.048, 4, NVIDIA RTX 6000 Ada Generation, 49140 MiB, 17260 MiB, 99 %
2026/03/27 11:57:08.049, 5, NVIDIA RTX 6000 Ada Generation, 49140 MiB, 2 MiB, 0 %
2026/03/27 11:57:08.049, 6, NVIDIA RTX 6000 Ada Generation, 49140 MiB, 16254 MiB, 0 %
2026/03/27 11:57:08.049, 7, NVIDIA RTX 6000 Ada Generation, 49140 MiB, 21460 MiB, 100 %
2026/03/27 11:57:09.049, 0, NVIDIA RTX 6000 Ada Generation, 49140 MiB, 15890 MiB, 95 %
2026/03/27 11:57:09.049, 1, NVIDIA RTX 6000 Ada Generation, 49140 MiB, 29003 MiB, 100 %
2026/03/27 11:57:09.049, 2, NVIDIA RTX 6000 Ada Generation, 49140 MiB, 21991 MiB, 100 %
2026/03/27 11:57:09.050, 3, NVIDIA RTX 6000 Ada Generation, 49140 MiB, 17248 MiB, 100 %
2026/03/27 11:57:09.050, 4, NVIDIA RTX 6000 Ada Generation, 49140 MiB, 17260 MiB, 100 %
2026/03/27 11:57:09.050, 5, NVIDIA RTX 6000 Ada Generation, 49140 MiB, 2 MiB, 0 %
2026/03/27 11:57:09.167, 6, NVIDIA RTX 6000 Ada Generation, 49140 MiB, 16254 MiB, 0 %
2026/03/27 11:57:09.167, 7, NVIDIA RTX 6000 Ada Generation, 49140 MiB, 21460 MiB, 100 %
2026/03/27 11:57:10.167, 0, NVIDIA RTX 6000 Ada Generation, 49140 MiB, 15890 MiB, 78 %
2026/03/27 11:57:10.167, 1, NVIDIA RTX 6000 Ada Generation, 49140 MiB, 29003 MiB, 100 %
2026/03/27 11:57:10.168, 2, NVIDIA RTX 6000 Ada Generation, 49140 MiB, 21991 MiB, 100 %
2026/03/27 11:57:10.168, 3, NVIDIA RTX 6000 Ada Generation, 49140 MiB, 17248 MiB, 100 %
2026/03/27 11:57:10.168, 4, NVIDIA RTX 6000 Ada Generation, 49140 MiB, 17260 MiB, 100 %
2026/03/27 11:57:10.168, 5, NVIDIA RTX 6000 Ada Generation, 49140 MiB, 2 MiB, 0 %
2026/03/27 11:57:10.168, 6, NVIDIA RTX 6000 Ada Generation, 49140 MiB, 16254 MiB, 0 %
2026/03/27 11:57:10.168, 7, NVIDIA RTX 6000 Ada Generation, 49140 MiB, 21460 MiB, 100 %
2026/03/27 11:57:11.168, 0, NVIDIA RTX 6000 Ada Generation, 49140 MiB, 15890 MiB, 6 %
2026/03/27 11:57:11.168, 1, NVIDIA RTX 6000 Ada Generation, 49140 MiB, 29003 MiB, 100 %
2026/03/27 11:57:11.168, 2, NVIDIA RTX 6000 Ada Generation, 49140 MiB, 21991 MiB, 0 %
2026/03/27 11:57:11.226, 3, NVIDIA RTX 6000 Ada Generation, 49140 MiB, 17248 MiB, 100 %
2026/03/27 11:57:11.227, 4, NVIDIA RTX 6000 Ada Generation, 49140 MiB, 17260 MiB, 100 %
2026/03/27 11:57:11.227, 5, NVIDIA RTX 6000 Ada Generation, 49140 MiB, 2 MiB, 0 %
2026/03/27 11:57:11.227, 6, NVIDIA RTX 6000 Ada Generation, 49140 MiB, 16254 MiB, 0 %
2026/03/27 11:57:11.227, 7, NVIDIA RTX 6000 Ada Generation, 49140 MiB, 21460 MiB, 100 %
2026/03/27 11:57:12.227, 0, NVIDIA RTX 6000 Ada Generation, 49140 MiB, 15890 MiB, 0 %
2026/03/27 11:57:12.227, 1, NVIDIA RTX 6000 Ada Generation, 49140 MiB, 29003 MiB, 100 %
2026/03/27 11:57:12.227, 2, NVIDIA RTX 6000 Ada Generation, 49140 MiB, 21991 MiB, 0 %
2026/03/27 11:57:12.227, 3, NVIDIA RTX 6000 Ada Generation, 49140 MiB, 17248 MiB, 100 %
2026/03/27 11:57:12.228, 4, NVIDIA RTX 6000 Ada Generation, 49140 MiB, 17260 MiB, 100 %
2026/03/27 11:57:12.228, 5, NVIDIA RTX 6000 Ada Generation, 49140 MiB, 2 MiB, 0 %
2026/03/27 11:57:12.228, 6, NVIDIA RTX 6000 Ada Generation, 49140 MiB, 16254 MiB, 0 %
2026/03/27 11:57:12.228, 7, NVIDIA RTX 6000 Ada Generation, 49140 MiB, 21460 MiB, 100 %
2026/03/27 11:57:13.228, 0, NVIDIA RTX 6000 Ada Generation, 49140 MiB, 15890 MiB, 6 %
2026/03/27 11:57:13.228, 1, NVIDIA RTX 6000 Ada Generation, 49140 MiB, 29003 MiB, 100 %
2026/03/27 11:57:13.228, 2, NVIDIA RTX 6000 Ada Generation, 49140 MiB, 21991 MiB, 0 %
2026/03/27 11:57:13.228, 3, NVIDIA RTX 6000 Ada Generation, 49140 MiB, 17248 MiB, 100 %
2026/03/27 11:57:13.228, 4, NVIDIA RTX 6000 Ada Generation, 49140 MiB, 17260 MiB, 100 %
2026/03/27 11:57:13.228, 5, NVIDIA RTX 6000 Ada Generation, 49140 MiB, 2 MiB, 0 %
2026/03/27 11:57:13.228, 6, NVIDIA RTX 6000 Ada Generation, 49140 MiB, 16254 MiB, 0 %
2026/03/27 11:57:13.229, 7, NVIDIA RTX 6000 Ada Generation, 49140 MiB, 21460 MiB, 100 %
2026/03/27 11:57:14.229, 0, NVIDIA RTX 6000 Ada Generation, 49140 MiB, 15890 MiB, 6 %
2026/03/27 11:57:14.346, 1, NVIDIA RTX 6000 Ada Generation, 49140 MiB, 29003 MiB, 100 %
2026/03/27 11:57:14.346, 2, NVIDIA RTX 6000 Ada Generation, 49140 MiB, 21991 MiB, 0 %
2026/03/27 11:57:14.346, 3, NVIDIA RTX 6000 Ada Generation, 49140 MiB, 17248 MiB, 100 %
2026/03/27 11:57:14.346, 4, NVIDIA RTX 6000 Ada Generation, 49140 MiB, 17260 MiB, 100 %
2026/03/27 11:57:14.346, 5, NVIDIA RTX 6000 Ada Generation, 49140 MiB, 2 MiB, 0 %
2026/03/27 11:57:14.347, 6, NVIDIA RTX 6000 Ada Generation, 49140 MiB, 18988 MiB, 0 %
2026/03/27 11:57:14.347, 7, NVIDIA RTX 6000 Ada Generation, 49140 MiB, 21460 MiB, 100 %
2026/03/27 11:57:15.347, 0, NVIDIA RTX 6000 Ada Generation, 49140 MiB, 15890 MiB, 0 %
2026/03/27 11:57:15.347, 1, NVIDIA RTX 6000 Ada Generation, 49140 MiB, 29003 MiB, 100 %
2026/03/27 11:57:15.347, 2, NVIDIA RTX 6000 Ada Generation, 49140 MiB, 21991 MiB, 0 %
2026/03/27 11:57:15.347, 3, NVIDIA RTX 6000 Ada Generation, 49140 MiB, 17248 MiB, 100 %
2026/03/27 11:57:15.347, 4, NVIDIA RTX 6000 Ada Generation, 49140 MiB, 17260 MiB, 100 %
2026/03/27 11:57:15.347, 5, NVIDIA RTX 6000 Ada Generation, 49140 MiB, 2 MiB, 0 %
2026/03/27 11:57:15.348, 6, NVIDIA RTX 6000 Ada Generation, 49140 MiB, 36906 MiB, 94 %
2026/03/27 11:57:15.348, 7, NVIDIA RTX 6000 Ada Generation, 49140 MiB, 21460 MiB, 100 %
2026/03/27 11:57:16.348, 0, NVIDIA RTX 6000 Ada Generation, 49140 MiB, 15890 MiB, 46 %
2026/03/27 11:57:16.622, 1, NVIDIA RTX 6000 Ada Generation, 49140 MiB, 29003 MiB, 98 %
2026/03/27 11:57:16.771, 2, NVIDIA RTX 6000 Ada Generation, 49140 MiB, 21991 MiB, 0 %
2026/03/27 11:57:16.772, 3, NVIDIA RTX 6000 Ada Generation, 49140 MiB, 17248 MiB, 100 %
2026/03/27 11:57:16.998, 4, NVIDIA RTX 6000 Ada Generation, 49140 MiB, 17260 MiB, 100 %
2026/03/27 11:57:16.999, 5, NVIDIA RTX 6000 Ada Generation, 49140 MiB, 2 MiB, 0 %
2026/03/27 11:57:17.001, 6, NVIDIA RTX 6000 Ada Generation, 49140 MiB, 45774 MiB, 0 %
2026/03/27 11:57:17.227, 7, NVIDIA RTX 6000 Ada Generation, 49140 MiB, 21460 MiB, 100 %
2026/03/27 11:57:18.229, 0, NVIDIA RTX 6000 Ada Generation, 49140 MiB, 15890 MiB, 95 %
2026/03/27 11:57:18.229, 1, NVIDIA RTX 6000 Ada Generation, 49140 MiB, 29003 MiB, 100 %
2026/03/27 11:57:18.229, 2, NVIDIA RTX 6000 Ada Generation, 49140 MiB, 21991 MiB, 0 %
2026/03/27 11:57:18.229, 3, NVIDIA RTX 6000 Ada Generation, 49140 MiB, 17248 MiB, 100 %
2026/03/27 11:57:18.229, 4, NVIDIA RTX 6000 Ada Generation, 49140 MiB, 17260 MiB, 100 %
2026/03/27 11:57:18.229, 5, NVIDIA RTX 6000 Ada Generation, 49140 MiB, 2 MiB, 0 %
2026/03/27 11:57:18.229, 6, NVIDIA RTX 6000 Ada Generation, 49140 MiB, 2 MiB, 0 %
2026/03/27 11:57:18.229, 7, NVIDIA RTX 6000 Ada Generation, 49140 MiB, 21460 MiB, 100 %
2026/03/27 11:57:19.229, 0, NVIDIA RTX 6000 Ada Generation, 49140 MiB, 15890 MiB, 0 %
2026/03/27 11:57:19.229, 1, NVIDIA RTX 6000 Ada Generation, 49140 MiB, 29003 MiB, 99 %
2026/03/27 11:57:19.349, 2, NVIDIA RTX 6000 Ada Generation, 49140 MiB, 21991 MiB, 99 %
2026/03/27 11:57:19.349, 3, NVIDIA RTX 6000 Ada Generation, 49140 MiB, 17248 MiB, 100 %
2026/03/27 11:57:19.349, 4, NVIDIA RTX 6000 Ada Generation, 49140 MiB, 17260 MiB, 100 %
2026/03/27 11:57:19.349, 5, NVIDIA RTX 6000 Ada Generation, 49140 MiB, 2 MiB, 0 %
2026/03/27 11:57:19.349, 6, NVIDIA RTX 6000 Ada Generation, 49140 MiB, 2 MiB, 0 %
2026/03/27 11:57:19.349, 7, NVIDIA RTX 6000 Ada Generation, 49140 MiB, 21460 MiB, 100 %
2026/03/27 11:57:20.350, 0, NVIDIA RTX 6000 Ada Generation, 49140 MiB, 15890 MiB, 0 %
2026/03/27 11:57:20.350, 1, NVIDIA RTX 6000 Ada Generation, 49140 MiB, 29003 MiB, 100 %
2026/03/27 11:57:20.350, 2, NVIDIA RTX 6000 Ada Generation, 49140 MiB, 21991 MiB, 100 %
2026/03/27 11:57:20.350, 3, NVIDIA RTX 6000 Ada Generation, 49140 MiB, 17248 MiB, 100 %
2026/03/27 11:57:20.350, 4, NVIDIA RTX 6000 Ada Generation, 49140 MiB, 17260 MiB, 100 %
2026/03/27 11:57:20.350, 5, NVIDIA RTX 6000 Ada Generation, 49140 MiB, 2 MiB, 0 %
2026/03/27 11:57:20.350, 6, NVIDIA RTX 6000 Ada Generation, 49140 MiB, 2 MiB, 0 %
2026/03/27 11:57:20.350, 7, NVIDIA RTX 6000 Ada Generation, 49140 MiB, 21460 MiB, 100 %
2026/03/27 11:57:21.566, 0, NVIDIA RTX 6000 Ada Generation, 49140 MiB, 15890 MiB, 6 %
2026/03/27 11:57:21.566, 1, NVIDIA RTX 6000 Ada Generation, 49140 MiB, 29003 MiB, 100 %
2026/03/27 11:57:21.566, 2, NVIDIA RTX 6000 Ada Generation, 49140 MiB, 21991 MiB, 100 %
2026/03/27 11:57:21.566, 3, NVIDIA RTX 6000 Ada Generation, 49140 MiB, 17248 MiB, 100 %
2026/03/27 11:57:21.566, 4, NVIDIA RTX 6000 Ada Generation, 49140 MiB, 17260 MiB, 100 %
2026/03/27 11:57:21.567, 5, NVIDIA RTX 6000 Ada Generation, 49140 MiB, 2 MiB, 0 %
2026/03/27 11:57:21.567, 6, NVIDIA RTX 6000 Ada Generation, 49140 MiB, 4 MiB, 0 %
2026/03/27 11:57:21.567, 7, NVIDIA RTX 6000 Ada Generation, 49140 MiB, 21460 MiB, 100 %
2026/03/27 11:57:22.567, 0, NVIDIA RTX 6000 Ada Generation, 49140 MiB, 15890 MiB, 0 %
2026/03/27 11:57:22.770, 1, NVIDIA RTX 6000 Ada Generation, 49140 MiB, 29003 MiB, 100 %
2026/03/27 11:57:22.998, 2, NVIDIA RTX 6000 Ada Generation, 49140 MiB, 21991 MiB, 99 %
2026/03/27 11:57:22.998, 3, NVIDIA RTX 6000 Ada Generation, 49140 MiB, 17248 MiB, 100 %
2026/03/27 11:57:22.998, 4, NVIDIA RTX 6000 Ada Generation, 49140 MiB, 17260 MiB, 100 %
2026/03/27 11:57:22.998, 5, NVIDIA RTX 6000 Ada Generation, 49140 MiB, 2 MiB, 0 %
2026/03/27 11:57:22.999, 6, NVIDIA RTX 6000 Ada Generation, 49140 MiB, 102 MiB, 0 %
2026/03/27 11:57:22.999, 7, NVIDIA RTX 6000 Ada Generation, 49140 MiB, 21460 MiB, 0 %
2026/03/27 11:57:23.999, 0, NVIDIA RTX 6000 Ada Generation, 49140 MiB, 15890 MiB, 0 %
2026/03/27 11:57:23.999, 1, NVIDIA RTX 6000 Ada Generation, 49140 MiB, 29003 MiB, 100 %
2026/03/27 11:57:23.999, 2, NVIDIA RTX 6000 Ada Generation, 49140 MiB, 21991 MiB, 100 %
2026/03/27 11:57:23.999, 3, NVIDIA RTX 6000 Ada Generation, 49140 MiB, 17248 MiB, 100 %
2026/03/27 11:57:23.999, 4, NVIDIA RTX 6000 Ada Generation, 49140 MiB, 17260 MiB, 100 %
2026/03/27 11:57:23.999, 5, NVIDIA RTX 6000 Ada Generation, 49140 MiB, 2 MiB, 0 %
2026/03/27 11:57:23.999, 6, NVIDIA RTX 6000 Ada Generation, 49140 MiB, 16254 MiB, 0 %
2026/03/27 11:57:23.999, 7, NVIDIA RTX 6000 Ada Generation, 49140 MiB, 21460 MiB, 0 %
2026/03/27 11:57:24.999, 0, NVIDIA RTX 6000 Ada Generation, 49140 MiB, 15890 MiB, 95 %
2026/03/27 11:57:25.030, 1, NVIDIA RTX 6000 Ada Generation, 49140 MiB, 29003 MiB, 100 %
2026/03/27 11:57:25.031, 2, NVIDIA RTX 6000 Ada Generation, 49140 MiB, 21991 MiB, 100 %
2026/03/27 11:57:25.031, 3, NVIDIA RTX 6000 Ada Generation, 49140 MiB, 17248 MiB, 100 %
2026/03/27 11:57:25.031, 4, NVIDIA RTX 6000 Ada Generation, 49140 MiB, 17260 MiB, 100 %
2026/03/27 11:57:25.031, 5, NVIDIA RTX 6000 Ada Generation, 49140 MiB, 2 MiB, 0 %
2026/03/27 11:57:25.031, 6, NVIDIA RTX 6000 Ada Generation, 49140 MiB, 16254 MiB, 13 %
2026/03/27 11:57:25.032, 7, NVIDIA RTX 6000 Ada Generation, 49140 MiB, 21460 MiB, 100 %
2026/03/27 11:57:26.032, 0, NVIDIA RTX 6000 Ada Generation, 49140 MiB, 15890 MiB, 90 %
2026/03/27 11:57:26.032, 1, NVIDIA RTX 6000 Ada Generation, 49140 MiB, 29003 MiB, 100 %
2026/03/27 11:57:26.032, 2, NVIDIA RTX 6000 Ada Generation, 49140 MiB, 21991 MiB, 100 %
2026/03/27 11:57:26.032, 3, NVIDIA RTX 6000 Ada Generation, 49140 MiB, 17248 MiB, 100 %
2026/03/27 11:57:26.032, 4, NVIDIA RTX 6000 Ada Generation, 49140 MiB, 17260 MiB, 100 %
2026/03/27 11:57:26.032, 5, NVIDIA RTX 6000 Ada Generation, 49140 MiB, 2 MiB, 0 %
2026/03/27 11:57:26.156, 6, NVIDIA RTX 6000 Ada Generation, 49140 MiB, 16254 MiB, 13 %
2026/03/27 11:57:26.157, 7, NVIDIA RTX 6000 Ada Generation, 49140 MiB, 21460 MiB, 100 %
2026/03/27 11:57:27.157, 0, NVIDIA RTX 6000 Ada Generation, 49140 MiB, 15890 MiB, 1 %
2026/03/27 11:57:27.157, 1, NVIDIA RTX 6000 Ada Generation, 49140 MiB, 29003 MiB, 100 %
2026/03/27 11:57:27.157, 2, NVIDIA RTX 6000 Ada Generation, 49140 MiB, 21991 MiB, 100 %
2026/03/27 11:57:27.157, 3, NVIDIA RTX 6000 Ada Generation, 49140 MiB, 17248 MiB, 100 %
2026/03/27 11:57:27.157, 4, NVIDIA RTX 6000 Ada Generation, 49140 MiB, 17260 MiB, 98 %
2026/03/27 11:57:27.157, 5, NVIDIA RTX 6000 Ada Generation, 49140 MiB, 2 MiB, 0 %
2026/03/27 11:57:27.157, 6, NVIDIA RTX 6000 Ada Generation, 49140 MiB, 16254 MiB, 14 %
2026/03/27 11:57:27.157, 7, NVIDIA RTX 6000 Ada Generation, 49140 MiB, 21460 MiB, 100 %
2026/03/27 11:57:28.157, 0, NVIDIA RTX 6000 Ada Generation, 49140 MiB, 15890 MiB, 6 %
2026/03/27 11:57:28.157, 1, NVIDIA RTX 6000 Ada Generation, 49140 MiB, 29003 MiB, 100 %
2026/03/27 11:57:28.157, 2, NVIDIA RTX 6000 Ada Generation, 49140 MiB, 21991 MiB, 100 %
2026/03/27 11:57:28.323, 3, NVIDIA RTX 6000 Ada Generation, 49140 MiB, 17248 MiB, 100 %
2026/03/27 11:57:28.324, 4, NVIDIA RTX 6000 Ada Generation, 49140 MiB, 17260 MiB, 100 %
2026/03/27 11:57:28.324, 5, NVIDIA RTX 6000 Ada Generation, 49140 MiB, 2 MiB, 0 %
2026/03/27 11:57:28.324, 6, NVIDIA RTX 6000 Ada Generation, 49140 MiB, 16254 MiB, 9 %
2026/03/27 11:57:28.324, 7, NVIDIA RTX 6000 Ada Generation, 49140 MiB, 21460 MiB, 100 %
2026/03/27 11:57:29.324, 0, NVIDIA RTX 6000 Ada Generation, 49140 MiB, 15890 MiB, 6 %
2026/03/27 11:57:29.325, 1, NVIDIA RTX 6000 Ada Generation, 49140 MiB, 29003 MiB, 100 %
2026/03/27 11:57:29.325, 2, NVIDIA RTX 6000 Ada Generation, 49140 MiB, 21991 MiB, 100 %
2026/03/27 11:57:29.325, 3, NVIDIA RTX 6000 Ada Generation, 49140 MiB, 17248 MiB, 100 %
2026/03/27 11:57:29.325, 4, NVIDIA RTX 6000 Ada Generation, 49140 MiB, 17260 MiB, 100 %
2026/03/27 11:57:29.325, 5, NVIDIA RTX 6000 Ada Generation, 49140 MiB, 2 MiB, 0 %
2026/03/27 11:57:29.325, 6, NVIDIA RTX 6000 Ada Generation, 49140 MiB, 16254 MiB, 0 %
2026/03/27 11:57:29.325, 7, NVIDIA RTX 6000 Ada Generation, 49140 MiB, 21460 MiB, 100 %
2026/03/27 11:57:30.325, 0, NVIDIA RTX 6000 Ada Generation, 49140 MiB, 15890 MiB, 6 %
2026/03/27 11:57:30.325, 1, NVIDIA RTX 6000 Ada Generation, 49140 MiB, 29003 MiB, 100 %
2026/03/27 11:57:30.325, 2, NVIDIA RTX 6000 Ada Generation, 49140 MiB, 21991 MiB, 100 %
2026/03/27 11:57:30.325, 3, NVIDIA RTX 6000 Ada Generation, 49140 MiB, 17248 MiB, 100 %
2026/03/27 11:57:30.325, 4, NVIDIA RTX 6000 Ada Generation, 49140 MiB, 17260 MiB, 100 %
2026/03/27 11:57:30.325, 5, NVIDIA RTX 6000 Ada Generation, 49140 MiB, 2 MiB, 0 %
2026/03/27 11:57:30.325, 6, NVIDIA RTX 6000 Ada Generation, 49140 MiB, 16254 MiB, 0 %
2026/03/27 11:57:30.325, 7, NVIDIA RTX 6000 Ada Generation, 49140 MiB, 21460 MiB, 100 %
2026/03/27 11:57:31.325, 0, NVIDIA RTX 6000 Ada Generation, 49140 MiB, 15890 MiB, 6 %
2026/03/27 11:57:31.326, 1, NVIDIA RTX 6000 Ada Generation, 49140 MiB, 29003 MiB, 100 %
2026/03/27 11:57:31.326, 2, NVIDIA RTX 6000 Ada Generation, 49140 MiB, 21991 MiB, 100 %
2026/03/27 11:57:31.326, 3, NVIDIA RTX 6000 Ada Generation, 49140 MiB, 17248 MiB, 100 %
2026/03/27 11:57:31.368, 4, NVIDIA RTX 6000 Ada Generation, 49140 MiB, 17260 MiB, 100 %
2026/03/27 11:57:31.369, 5, NVIDIA RTX 6000 Ada Generation, 49140 MiB, 2 MiB, 0 %
2026/03/27 11:57:31.369, 6, NVIDIA RTX 6000 Ada Generation, 49140 MiB, 16254 MiB, 0 %
2026/03/27 11:57:31.369, 7, NVIDIA RTX 6000 Ada Generation, 49140 MiB, 21460 MiB, 100 %
2026/03/27 11:57:32.369, 0, NVIDIA RTX 6000 Ada Generation, 49140 MiB, 15890 MiB, 2 %
2026/03/27 11:57:32.369, 1, NVIDIA RTX 6000 Ada Generation, 49140 MiB, 29003 MiB, 100 %
2026/03/27 11:57:32.369, 2, NVIDIA RTX 6000 Ada Generation, 49140 MiB, 21991 MiB, 100 %
2026/03/27 11:57:32.369, 3, NVIDIA RTX 6000 Ada Generation, 49140 MiB, 17248 MiB, 100 %
2026/03/27 11:57:32.369, 4, NVIDIA RTX 6000 Ada Generation, 49140 MiB, 17260 MiB, 100 %
2026/03/27 11:57:32.369, 5, NVIDIA RTX 6000 Ada Generation, 49140 MiB, 2 MiB, 0 %
2026/03/27 11:57:32.369, 6, NVIDIA RTX 6000 Ada Generation, 49140 MiB, 16254 MiB, 0 %
2026/03/27 11:57:32.369, 7, NVIDIA RTX 6000 Ada Generation, 49140 MiB, 21460 MiB, 100 %
2026/03/27 11:57:33.370, 0, NVIDIA RTX 6000 Ada Generation, 49140 MiB, 15890 MiB, 6 %
2026/03/27 11:57:33.430, 1, NVIDIA RTX 6000 Ada Generation, 49140 MiB, 29003 MiB, 100 %
2026/03/27 11:57:33.431, 2, NVIDIA RTX 6000 Ada Generation, 49140 MiB, 21991 MiB, 100 %
2026/03/27 11:57:33.431, 3, NVIDIA RTX 6000 Ada Generation, 49140 MiB, 17248 MiB, 100 %
2026/03/27 11:57:33.431, 4, NVIDIA RTX 6000 Ada Generation, 49140 MiB, 17260 MiB, 100 %
2026/03/27 11:57:33.431, 5, NVIDIA RTX 6000 Ada Generation, 49140 MiB, 2 MiB, 0 %
2026/03/27 11:57:33.431, 6, NVIDIA RTX 6000 Ada Generation, 49140 MiB, 16254 MiB, 0 %
2026/03/27 11:57:33.431, 7, NVIDIA RTX 6000 Ada Generation, 49140 MiB, 21460 MiB, 100 %
2026/03/27 11:57:34.432, 0, NVIDIA RTX 6000 Ada Generation, 49140 MiB, 15890 MiB, 6 %
2026/03/27 11:57:34.432, 1, NVIDIA RTX 6000 Ada Generation, 49140 MiB, 29003 MiB, 100 %
2026/03/27 11:57:34.432, 2, NVIDIA RTX 6000 Ada Generation, 49140 MiB, 21991 MiB, 100 %
2026/03/27 11:57:34.432, 3, NVIDIA RTX 6000 Ada Generation, 49140 MiB, 17248 MiB, 100 %
2026/03/27 11:57:34.432, 4, NVIDIA RTX 6000 Ada Generation, 49140 MiB, 17260 MiB, 100 %
2026/03/27 11:57:34.432, 5, NVIDIA RTX 6000 Ada Generation, 49140 MiB, 2 MiB, 0 %
2026/03/27 11:57:34.515, 6, NVIDIA RTX 6000 Ada Generation, 49140 MiB, 16254 MiB, 0 %
2026/03/27 11:57:34.515, 7, NVIDIA RTX 6000 Ada Generation, 49140 MiB, 21460 MiB, 100 %
2026/03/27 11:57:35.516, 0, NVIDIA RTX 6000 Ada Generation, 49140 MiB, 15890 MiB, 6 %
2026/03/27 11:57:35.516, 1, NVIDIA RTX 6000 Ada Generation, 49140 MiB, 29003 MiB, 100 %
2026/03/27 11:57:35.516, 2, NVIDIA RTX 6000 Ada Generation, 49140 MiB, 21991 MiB, 100 %
2026/03/27 11:57:35.516, 3, NVIDIA RTX 6000 Ada Generation, 49140 MiB, 17248 MiB, 100 %
2026/03/27 11:57:35.516, 4, NVIDIA RTX 6000 Ada Generation, 49140 MiB, 17260 MiB, 100 %
2026/03/27 11:57:35.516, 5, NVIDIA RTX 6000 Ada Generation, 49140 MiB, 2 MiB, 0 %
2026/03/27 11:57:35.516, 6, NVIDIA RTX 6000 Ada Generation, 49140 MiB, 16254 MiB, 0 %
2026/03/27 11:57:35.516, 7, NVIDIA RTX 6000 Ada Generation, 49140 MiB, 21460 MiB, 100 %
2026/03/27 11:57:36.516, 0, NVIDIA RTX 6000 Ada Generation, 49140 MiB, 15890 MiB, 6 %
2026/03/27 11:57:36.517, 1, NVIDIA RTX 6000 Ada Generation, 49140 MiB, 29003 MiB, 100 %
2026/03/27 11:57:36.517, 2, NVIDIA RTX 6000 Ada Generation, 49140 MiB, 21991 MiB, 100 %
2026/03/27 11:57:36.711, 3, NVIDIA RTX 6000 Ada Generation, 49140 MiB, 17248 MiB, 100 %
2026/03/27 11:57:36.711, 4, NVIDIA RTX 6000 Ada Generation, 49140 MiB, 17260 MiB, 100 %
2026/03/27 11:57:36.711, 5, NVIDIA RTX 6000 Ada Generation, 49140 MiB, 2 MiB, 0 %
2026/03/27 11:57:36.711, 6, NVIDIA RTX 6000 Ada Generation, 49140 MiB, 16254 MiB, 0 %
2026/03/27 11:57:36.711, 7, NVIDIA RTX 6000 Ada Generation, 49140 MiB, 21460 MiB, 100 %
2026/03/27 11:57:37.712, 0, NVIDIA RTX 6000 Ada Generation, 49140 MiB, 15890 MiB, 0 %
2026/03/27 11:57:37.712, 1, NVIDIA RTX 6000 Ada Generation, 49140 MiB, 29003 MiB, 100 %
2026/03/27 11:57:37.712, 2, NVIDIA RTX 6000 Ada Generation, 49140 MiB, 21991 MiB, 100 %
2026/03/27 11:57:37.712, 3, NVIDIA RTX 6000 Ada Generation, 49140 MiB, 17248 MiB, 100 %
2026/03/27 11:57:37.712, 4, NVIDIA RTX 6000 Ada Generation, 49140 MiB, 17260 MiB, 100 %
2026/03/27 11:57:37.712, 5, NVIDIA RTX 6000 Ada Generation, 49140 MiB, 2 MiB, 0 %
2026/03/27 11:57:37.712, 6, NVIDIA RTX 6000 Ada Generation, 49140 MiB, 16254 MiB, 0 %
2026/03/27 11:57:37.712, 7, NVIDIA RTX 6000 Ada Generation, 49140 MiB, 21460 MiB, 100 %
2026/03/27 11:57:38.712, 0, NVIDIA RTX 6000 Ada Generation, 49140 MiB, 15890 MiB, 6 %
2026/03/27 11:57:38.712, 1, NVIDIA RTX 6000 Ada Generation, 49140 MiB, 29003 MiB, 100 %
2026/03/27 11:57:38.712, 2, NVIDIA RTX 6000 Ada Generation, 49140 MiB, 21991 MiB, 100 %
2026/03/27 11:57:38.712, 3, NVIDIA RTX 6000 Ada Generation, 49140 MiB, 17248 MiB, 100 %
2026/03/27 11:57:38.712, 4, NVIDIA RTX 6000 Ada Generation, 49140 MiB, 17260 MiB, 100 %
2026/03/27 11:57:38.712, 5, NVIDIA RTX 6000 Ada Generation, 49140 MiB, 2 MiB, 0 %
2026/03/27 11:57:38.712, 6, NVIDIA RTX 6000 Ada Generation, 49140 MiB, 18988 MiB, 45 %
2026/03/27 11:57:38.712, 7, NVIDIA RTX 6000 Ada Generation, 49140 MiB, 21460 MiB, 100 %
2026/03/27 11:57:39.712, 0, NVIDIA RTX 6000 Ada Generation, 49140 MiB, 15890 MiB, 6 %
2026/03/27 11:57:39.757, 1, NVIDIA RTX 6000 Ada Generation, 49140 MiB, 29003 MiB, 100 %
2026/03/27 11:57:39.757, 2, NVIDIA RTX 6000 Ada Generation, 49140 MiB, 21991 MiB, 100 %
2026/03/27 11:57:39.757, 3, NVIDIA RTX 6000 Ada Generation, 49140 MiB, 17248 MiB, 100 %
2026/03/27 11:57:39.757, 4, NVIDIA RTX 6000 Ada Generation, 49140 MiB, 17260 MiB, 100 %
2026/03/27 11:57:39.758, 5, NVIDIA RTX 6000 Ada Generation, 49140 MiB, 2 MiB, 0 %
2026/03/27 11:57:39.758, 6, NVIDIA RTX 6000 Ada Generation, 49140 MiB, 21450 MiB, 0 %
2026/03/27 11:57:39.758, 7, NVIDIA RTX 6000 Ada Generation, 49140 MiB, 21460 MiB, 100 %
2026/03/27 11:57:40.758, 0, NVIDIA RTX 6000 Ada Generation, 49140 MiB, 15890 MiB, 0 %
2026/03/27 11:57:40.758, 1, NVIDIA RTX 6000 Ada Generation, 49140 MiB, 29003 MiB, 100 %
2026/03/27 11:57:40.758, 2, NVIDIA RTX 6000 Ada Generation, 49140 MiB, 21991 MiB, 100 %
2026/03/27 11:57:40.758, 3, NVIDIA RTX 6000 Ada Generation, 49140 MiB, 17248 MiB, 100 %
2026/03/27 11:57:40.758, 4, NVIDIA RTX 6000 Ada Generation, 49140 MiB, 17260 MiB, 100 %
2026/03/27 11:57:40.758, 5, NVIDIA RTX 6000 Ada Generation, 49140 MiB, 2 MiB, 0 %
2026/03/27 11:57:40.758, 6, NVIDIA RTX 6000 Ada Generation, 49140 MiB, 32466 MiB, 0 %
2026/03/27 11:57:40.758, 7, NVIDIA RTX 6000 Ada Generation, 49140 MiB, 21460 MiB, 100 %
2026/03/27 11:57:41.758, 0, NVIDIA RTX 6000 Ada Generation, 49140 MiB, 15890 MiB, 92 %
2026/03/27 11:57:42.047, 1, NVIDIA RTX 6000 Ada Generation, 49140 MiB, 29003 MiB, 100 %
2026/03/27 11:57:42.272, 2, NVIDIA RTX 6000 Ada Generation, 49140 MiB, 21991 MiB, 100 %
2026/03/27 11:57:42.273, 3, NVIDIA RTX 6000 Ada Generation, 49140 MiB, 17248 MiB, 100 %
2026/03/27 11:57:42.274, 4, NVIDIA RTX 6000 Ada Generation, 49140 MiB, 17260 MiB, 100 %
2026/03/27 11:57:42.274, 5, NVIDIA RTX 6000 Ada Generation, 49140 MiB, 2 MiB, 0 %
2026/03/27 11:57:42.274, 6, NVIDIA RTX 6000 Ada Generation, 49140 MiB, 45774 MiB, 0 %
2026/03/27 11:57:42.274, 7, NVIDIA RTX 6000 Ada Generation, 49140 MiB, 21460 MiB, 100 %
2026/03/27 11:57:43.501, 0, NVIDIA RTX 6000 Ada Generation, 49140 MiB, 15890 MiB, 92 %
2026/03/27 11:57:43.509, 1, NVIDIA RTX 6000 Ada Generation, 49140 MiB, 29003 MiB, 100 %
2026/03/27 11:57:43.511, 2, NVIDIA RTX 6000 Ada Generation, 49140 MiB, 21991 MiB, 100 %
2026/03/27 11:57:43.513, 3, NVIDIA RTX 6000 Ada Generation, 49140 MiB, 17248 MiB, 100 %
2026/03/27 11:57:43.515, 4, NVIDIA RTX 6000 Ada Generation, 49140 MiB, 17260 MiB, 100 %
2026/03/27 11:57:43.516, 5, NVIDIA RTX 6000 Ada Generation, 49140 MiB, 2 MiB, 0 %
2026/03/27 11:57:43.518, 6, NVIDIA RTX 6000 Ada Generation, 49140 MiB, 45774 MiB, 0 %
2026/03/27 11:57:43.519, 7, NVIDIA RTX 6000 Ada Generation, 49140 MiB, 21460 MiB, 100 %
2026/03/27 11:57:44.521, 0, NVIDIA RTX 6000 Ada Generation, 49140 MiB, 15890 MiB, 0 %
2026/03/27 11:57:44.521, 1, NVIDIA RTX 6000 Ada Generation, 49140 MiB, 29003 MiB, 100 %
2026/03/27 11:57:44.521, 2, NVIDIA RTX 6000 Ada Generation, 49140 MiB, 21991 MiB, 100 %
2026/03/27 11:57:44.521, 3, NVIDIA RTX 6000 Ada Generation, 49140 MiB, 17248 MiB, 100 %
2026/03/27 11:57:44.521, 4, NVIDIA RTX 6000 Ada Generation, 49140 MiB, 17260 MiB, 100 %
2026/03/27 11:57:44.521, 5, NVIDIA RTX 6000 Ada Generation, 49140 MiB, 2 MiB, 0 %
2026/03/27 11:57:44.521, 6, NVIDIA RTX 6000 Ada Generation, 49140 MiB, 2 MiB, 25 %
2026/03/27 11:57:44.521, 7, NVIDIA RTX 6000 Ada Generation, 49140 MiB, 21460 MiB, 100 %
2026/03/27 11:57:45.521, 0, NVIDIA RTX 6000 Ada Generation, 49140 MiB, 15890 MiB, 6 %
2026/03/27 11:57:45.522, 1, NVIDIA RTX 6000 Ada Generation, 49140 MiB, 29003 MiB, 100 %
2026/03/27 11:57:45.522, 2, NVIDIA RTX 6000 Ada Generation, 49140 MiB, 21991 MiB, 100 %
2026/03/27 11:57:45.522, 3, NVIDIA RTX 6000 Ada Generation, 49140 MiB, 17248 MiB, 100 %
2026/03/27 11:57:45.559, 4, NVIDIA RTX 6000 Ada Generation, 49140 MiB, 17260 MiB, 100 %
2026/03/27 11:57:45.560, 5, NVIDIA RTX 6000 Ada Generation, 49140 MiB, 2 MiB, 0 %
2026/03/27 11:57:45.560, 6, NVIDIA RTX 6000 Ada Generation, 49140 MiB, 2 MiB, 0 %
2026/03/27 11:57:45.560, 7, NVIDIA RTX 6000 Ada Generation, 49140 MiB, 21460 MiB, 100 %
2026/03/27 11:57:46.560, 0, NVIDIA RTX 6000 Ada Generation, 49140 MiB, 15890 MiB, 6 %
2026/03/27 11:57:46.560, 1, NVIDIA RTX 6000 Ada Generation, 49140 MiB, 29003 MiB, 99 %
2026/03/27 11:57:46.560, 2, NVIDIA RTX 6000 Ada Generation, 49140 MiB, 21991 MiB, 100 %
2026/03/27 11:57:46.560, 3, NVIDIA RTX 6000 Ada Generation, 49140 MiB, 17248 MiB, 100 %
2026/03/27 11:57:46.560, 4, NVIDIA RTX 6000 Ada Generation, 49140 MiB, 17260 MiB, 99 %
2026/03/27 11:57:46.560, 5, NVIDIA RTX 6000 Ada Generation, 49140 MiB, 2 MiB, 0 %
2026/03/27 11:57:46.560, 6, NVIDIA RTX 6000 Ada Generation, 49140 MiB, 4 MiB, 0 %
2026/03/27 11:57:46.561, 7, NVIDIA RTX 6000 Ada Generation, 49140 MiB, 21460 MiB, 100 %
2026/03/27 11:57:47.561, 0, NVIDIA RTX 6000 Ada Generation, 49140 MiB, 15890 MiB, 6 %
2026/03/27 11:57:47.640, 1, NVIDIA RTX 6000 Ada Generation, 49140 MiB, 29003 MiB, 100 %
2026/03/27 11:57:47.640, 2, NVIDIA RTX 6000 Ada Generation, 49140 MiB, 21991 MiB, 100 %
2026/03/27 11:57:47.640, 3, NVIDIA RTX 6000 Ada Generation, 49140 MiB, 17248 MiB, 100 %
2026/03/27 11:57:47.641, 4, NVIDIA RTX 6000 Ada Generation, 49140 MiB, 17260 MiB, 100 %
2026/03/27 11:57:47.641, 5, NVIDIA RTX 6000 Ada Generation, 49140 MiB, 2 MiB, 0 %
2026/03/27 11:57:47.641, 6, NVIDIA RTX 6000 Ada Generation, 49140 MiB, 16254 MiB, 20 %
2026/03/27 11:57:47.641, 7, NVIDIA RTX 6000 Ada Generation, 49140 MiB, 21460 MiB, 100 %
2026/03/27 11:57:48.641, 0, NVIDIA RTX 6000 Ada Generation, 49140 MiB, 15890 MiB, 6 %
2026/03/27 11:57:48.641, 1, NVIDIA RTX 6000 Ada Generation, 49140 MiB, 29003 MiB, 100 %
2026/03/27 11:57:48.641, 2, NVIDIA RTX 6000 Ada Generation, 49140 MiB, 21991 MiB, 100 %
2026/03/27 11:57:48.641, 3, NVIDIA RTX 6000 Ada Generation, 49140 MiB, 17248 MiB, 100 %
2026/03/27 11:57:48.641, 4, NVIDIA RTX 6000 Ada Generation, 49140 MiB, 17260 MiB, 100 %
2026/03/27 11:57:48.641, 5, NVIDIA RTX 6000 Ada Generation, 49140 MiB, 2 MiB, 0 %
2026/03/27 11:57:48.751, 6, NVIDIA RTX 6000 Ada Generation, 49140 MiB, 16254 MiB, 13 %
2026/03/27 11:57:48.751, 7, NVIDIA RTX 6000 Ada Generation, 49140 MiB, 21460 MiB, 100 %
2026/03/27 11:57:49.751, 0, NVIDIA RTX 6000 Ada Generation, 49140 MiB, 15890 MiB, 6 %
2026/03/27 11:57:49.751, 1, NVIDIA RTX 6000 Ada Generation, 49140 MiB, 29003 MiB, 100 %
2026/03/27 11:57:49.752, 2, NVIDIA RTX 6000 Ada Generation, 49140 MiB, 21991 MiB, 100 %
2026/03/27 11:57:49.752, 3, NVIDIA RTX 6000 Ada Generation, 49140 MiB, 17248 MiB, 100 %
2026/03/27 11:57:49.752, 4, NVIDIA RTX 6000 Ada Generation, 49140 MiB, 17260 MiB, 100 %
2026/03/27 11:57:49.752, 5, NVIDIA RTX 6000 Ada Generation, 49140 MiB, 2 MiB, 0 %
2026/03/27 11:57:49.752, 6, NVIDIA RTX 6000 Ada Generation, 49140 MiB, 16254 MiB, 14 %
2026/03/27 11:57:49.752, 7, NVIDIA RTX 6000 Ada Generation, 49140 MiB, 21460 MiB, 100 %
2026/03/27 11:57:50.752, 0, NVIDIA RTX 6000 Ada Generation, 49140 MiB, 15890 MiB, 6 %
2026/03/27 11:57:50.752, 1, NVIDIA RTX 6000 Ada Generation, 49140 MiB, 29003 MiB, 100 %
2026/03/27 11:57:50.752, 2, NVIDIA RTX 6000 Ada Generation, 49140 MiB, 21991 MiB, 100 %
2026/03/27 11:57:50.940, 3, NVIDIA RTX 6000 Ada Generation, 49140 MiB, 17248 MiB, 100 %
2026/03/27 11:57:50.941, 4, NVIDIA RTX 6000 Ada Generation, 49140 MiB, 17260 MiB, 100 %
2026/03/27 11:57:50.941, 5, NVIDIA RTX 6000 Ada Generation, 49140 MiB, 2 MiB, 0 %
2026/03/27 11:57:50.941, 6, NVIDIA RTX 6000 Ada Generation, 49140 MiB, 16254 MiB, 14 %
2026/03/27 11:57:50.941, 7, NVIDIA RTX 6000 Ada Generation, 49140 MiB, 21460 MiB, 100 %
2026/03/27 11:57:51.942, 0, NVIDIA RTX 6000 Ada Generation, 49140 MiB, 15890 MiB, 0 %
2026/03/27 11:57:51.942, 1, NVIDIA RTX 6000 Ada Generation, 49140 MiB, 29003 MiB, 100 %
2026/03/27 11:57:51.942, 2, NVIDIA RTX 6000 Ada Generation, 49140 MiB, 21991 MiB, 100 %
2026/03/27 11:57:51.942, 3, NVIDIA RTX 6000 Ada Generation, 49140 MiB, 17248 MiB, 100 %
2026/03/27 11:57:51.942, 4, NVIDIA RTX 6000 Ada Generation, 49140 MiB, 17260 MiB, 100 %
2026/03/27 11:57:51.942, 5, NVIDIA RTX 6000 Ada Generation, 49140 MiB, 2 MiB, 0 %
2026/03/27 11:57:51.942, 6, NVIDIA RTX 6000 Ada Generation, 49140 MiB, 16254 MiB, 12 %
2026/03/27 11:57:51.942, 7, NVIDIA RTX 6000 Ada Generation, 49140 MiB, 21460 MiB, 100 %
2026/03/27 11:57:52.942, 0, NVIDIA RTX 6000 Ada Generation, 49140 MiB, 15890 MiB, 91 %
2026/03/27 11:57:52.942, 1, NVIDIA RTX 6000 Ada Generation, 49140 MiB, 29003 MiB, 100 %
2026/03/27 11:57:52.943, 2, NVIDIA RTX 6000 Ada Generation, 49140 MiB, 21991 MiB, 100 %
2026/03/27 11:57:52.943, 3, NVIDIA RTX 6000 Ada Generation, 49140 MiB, 17248 MiB, 99 %
2026/03/27 11:57:52.943, 4, NVIDIA RTX 6000 Ada Generation, 49140 MiB, 17260 MiB, 100 %
2026/03/27 11:57:52.943, 5, NVIDIA RTX 6000 Ada Generation, 49140 MiB, 2 MiB, 0 %
2026/03/27 11:57:52.943, 6, NVIDIA RTX 6000 Ada Generation, 49140 MiB, 16254 MiB, 0 %
2026/03/27 11:57:52.943, 7, NVIDIA RTX 6000 Ada Generation, 49140 MiB, 21460 MiB, 100 %
2026/03/27 11:57:53.943, 0, NVIDIA RTX 6000 Ada Generation, 49140 MiB, 15890 MiB, 90 %
2026/03/27 11:57:53.943, 1, NVIDIA RTX 6000 Ada Generation, 49140 MiB, 29003 MiB, 100 %
2026/03/27 11:57:53.943, 2, NVIDIA RTX 6000 Ada Generation, 49140 MiB, 21991 MiB, 100 %
2026/03/27 11:57:53.943, 3, NVIDIA RTX 6000 Ada Generation, 49140 MiB, 17248 MiB, 100 %
2026/03/27 11:57:54.162, 4, NVIDIA RTX 6000 Ada Generation, 49140 MiB, 17260 MiB, 100 %
2026/03/27 11:57:54.162, 5, NVIDIA RTX 6000 Ada Generation, 49140 MiB, 2 MiB, 0 %
2026/03/27 11:57:54.163, 6, NVIDIA RTX 6000 Ada Generation, 49140 MiB, 16254 MiB, 0 %
2026/03/27 11:57:54.163, 7, NVIDIA RTX 6000 Ada Generation, 49140 MiB, 21460 MiB, 100 %
2026/03/27 11:57:55.163, 0, NVIDIA RTX 6000 Ada Generation, 49140 MiB, 15890 MiB, 73 %
2026/03/27 11:57:55.163, 1, NVIDIA RTX 6000 Ada Generation, 49140 MiB, 29003 MiB, 100 %
2026/03/27 11:57:55.163, 2, NVIDIA RTX 6000 Ada Generation, 49140 MiB, 21991 MiB, 100 %
2026/03/27 11:57:55.163, 3, NVIDIA RTX 6000 Ada Generation, 49140 MiB, 17248 MiB, 100 %
2026/03/27 11:57:55.163, 4, NVIDIA RTX 6000 Ada Generation, 49140 MiB, 17260 MiB, 100 %
2026/03/27 11:57:55.163, 5, NVIDIA RTX 6000 Ada Generation, 49140 MiB, 2 MiB, 0 %
2026/03/27 11:57:55.163, 6, NVIDIA RTX 6000 Ada Generation, 49140 MiB, 16254 MiB, 0 %
2026/03/27 11:57:55.163, 7, NVIDIA RTX 6000 Ada Generation, 49140 MiB, 21460 MiB, 100 %
2026/03/27 11:57:56.164, 0, NVIDIA RTX 6000 Ada Generation, 49140 MiB, 15890 MiB, 6 %
2026/03/27 11:57:56.248, 1, NVIDIA RTX 6000 Ada Generation, 49140 MiB, 29003 MiB, 100 %
2026/03/27 11:57:56.249, 2, NVIDIA RTX 6000 Ada Generation, 49140 MiB, 21991 MiB, 100 %
2026/03/27 11:57:56.249, 3, NVIDIA RTX 6000 Ada Generation, 49140 MiB, 17248 MiB, 100 %
2026/03/27 11:57:56.249, 4, NVIDIA RTX 6000 Ada Generation, 49140 MiB, 17260 MiB, 100 %
2026/03/27 11:57:56.249, 5, NVIDIA RTX 6000 Ada Generation, 49140 MiB, 2 MiB, 0 %
2026/03/27 11:57:56.249, 6, NVIDIA RTX 6000 Ada Generation, 49140 MiB, 16254 MiB, 0 %
2026/03/27 11:57:56.249, 7, NVIDIA RTX 6000 Ada Generation, 49140 MiB, 21460 MiB, 100 %
2026/03/27 11:57:57.249, 0, NVIDIA RTX 6000 Ada Generation, 49140 MiB, 15890 MiB, 1 %
2026/03/27 11:57:57.249, 1, NVIDIA RTX 6000 Ada Generation, 49140 MiB, 29003 MiB, 100 %
2026/03/27 11:57:57.250, 2, NVIDIA RTX 6000 Ada Generation, 49140 MiB, 21991 MiB, 100 %
2026/03/27 11:57:57.250, 3, NVIDIA RTX 6000 Ada Generation, 49140 MiB, 17248 MiB, 100 %
2026/03/27 11:57:57.250, 4, NVIDIA RTX 6000 Ada Generation, 49140 MiB, 17260 MiB, 100 %
2026/03/27 11:57:57.250, 5, NVIDIA RTX 6000 Ada Generation, 49140 MiB, 2 MiB, 0 %
2026/03/27 11:57:57.338, 6, NVIDIA RTX 6000 Ada Generation, 49140 MiB, 16254 MiB, 0 %
2026/03/27 11:57:57.338, 7, NVIDIA RTX 6000 Ada Generation, 49140 MiB, 21460 MiB, 100 %
2026/03/27 11:57:58.338, 0, NVIDIA RTX 6000 Ada Generation, 49140 MiB, 15890 MiB, 6 %
2026/03/27 11:57:58.339, 1, NVIDIA RTX 6000 Ada Generation, 49140 MiB, 29003 MiB, 100 %
2026/03/27 11:57:58.339, 2, NVIDIA RTX 6000 Ada Generation, 49140 MiB, 21991 MiB, 98 %
2026/03/27 11:57:58.339, 3, NVIDIA RTX 6000 Ada Generation, 49140 MiB, 17248 MiB, 100 %
2026/03/27 11:57:58.339, 4, NVIDIA RTX 6000 Ada Generation, 49140 MiB, 17260 MiB, 99 %
2026/03/27 11:57:58.339, 5, NVIDIA RTX 6000 Ada Generation, 49140 MiB, 2 MiB, 0 %
2026/03/27 11:57:58.339, 6, NVIDIA RTX 6000 Ada Generation, 49140 MiB, 16254 MiB, 0 %
2026/03/27 11:57:58.339, 7, NVIDIA RTX 6000 Ada Generation, 49140 MiB, 21460 MiB, 100 %
2026/03/27 11:57:59.339, 0, NVIDIA RTX 6000 Ada Generation, 49140 MiB, 15890 MiB, 6 %
2026/03/27 11:57:59.339, 1, NVIDIA RTX 6000 Ada Generation, 49140 MiB, 29003 MiB, 100 %
2026/03/27 11:57:59.339, 2, NVIDIA RTX 6000 Ada Generation, 49140 MiB, 21991 MiB, 100 %
2026/03/27 11:57:59.525, 3, NVIDIA RTX 6000 Ada Generation, 49140 MiB, 17248 MiB, 99 %
2026/03/27 11:57:59.526, 4, NVIDIA RTX 6000 Ada Generation, 49140 MiB, 17260 MiB, 100 %
2026/03/27 11:57:59.526, 5, NVIDIA RTX 6000 Ada Generation, 49140 MiB, 2 MiB, 0 %
2026/03/27 11:57:59.526, 6, NVIDIA RTX 6000 Ada Generation, 49140 MiB, 16254 MiB, 0 %
2026/03/27 11:57:59.526, 7, NVIDIA RTX 6000 Ada Generation, 49140 MiB, 21460 MiB, 100 %
2026/03/27 11:58:00.526, 0, NVIDIA RTX 6000 Ada Generation, 49140 MiB, 15890 MiB, 6 %
2026/03/27 11:58:00.526, 1, NVIDIA RTX 6000 Ada Generation, 49140 MiB, 29003 MiB, 100 %
2026/03/27 11:58:00.526, 2, NVIDIA RTX 6000 Ada Generation, 49140 MiB, 21991 MiB, 100 %
2026/03/27 11:58:00.526, 3, NVIDIA RTX 6000 Ada Generation, 49140 MiB, 17248 MiB, 100 %
2026/03/27 11:58:00.527, 4, NVIDIA RTX 6000 Ada Generation, 49140 MiB, 17260 MiB, 100 %
2026/03/27 11:58:00.527, 5, NVIDIA RTX 6000 Ada Generation, 49140 MiB, 2 MiB, 0 %
2026/03/27 11:58:00.527, 6, NVIDIA RTX 6000 Ada Generation, 49140 MiB, 16254 MiB, 0 %
2026/03/27 11:58:00.527, 7, NVIDIA RTX 6000 Ada Generation, 49140 MiB, 21460 MiB, 100 %
2026/03/27 11:58:01.527, 0, NVIDIA RTX 6000 Ada Generation, 49140 MiB, 15890 MiB, 6 %
2026/03/27 11:58:01.527, 1, NVIDIA RTX 6000 Ada Generation, 49140 MiB, 29003 MiB, 100 %
2026/03/27 11:58:01.527, 2, NVIDIA RTX 6000 Ada Generation, 49140 MiB, 21991 MiB, 100 %
2026/03/27 11:58:01.527, 3, NVIDIA RTX 6000 Ada Generation, 49140 MiB, 17248 MiB, 100 %
2026/03/27 11:58:01.527, 4, NVIDIA RTX 6000 Ada Generation, 49140 MiB, 17260 MiB, 100 %
2026/03/27 11:58:01.527, 5, NVIDIA RTX 6000 Ada Generation, 49140 MiB, 2 MiB, 0 %
2026/03/27 11:58:01.527, 6, NVIDIA RTX 6000 Ada Generation, 49140 MiB, 16254 MiB, 0 %
2026/03/27 11:58:01.527, 7, NVIDIA RTX 6000 Ada Generation, 49140 MiB, 21460 MiB, 100 %
2026/03/27 11:58:02.528, 0, NVIDIA RTX 6000 Ada Generation, 49140 MiB, 15890 MiB, 0 %
2026/03/27 11:58:02.528, 1, NVIDIA RTX 6000 Ada Generation, 49140 MiB, 29003 MiB, 100 %
2026/03/27 11:58:02.528, 2, NVIDIA RTX 6000 Ada Generation, 49140 MiB, 21991 MiB, 99 %
2026/03/27 11:58:02.528, 3, NVIDIA RTX 6000 Ada Generation, 49140 MiB, 17248 MiB, 100 %
2026/03/27 11:58:02.528, 4, NVIDIA RTX 6000 Ada Generation, 49140 MiB, 17260 MiB, 100 %
2026/03/27 11:58:02.720, 5, NVIDIA RTX 6000 Ada Generation, 49140 MiB, 2 MiB, 0 %
2026/03/27 11:58:02.720, 6, NVIDIA RTX 6000 Ada Generation, 49140 MiB, 18988 MiB, 0 %
2026/03/27 11:58:02.720, 7, NVIDIA RTX 6000 Ada Generation, 49140 MiB, 21460 MiB, 100 %
2026/03/27 11:58:03.720, 0, NVIDIA RTX 6000 Ada Generation, 49140 MiB, 15890 MiB, 93 %
2026/03/27 11:58:03.720, 1, NVIDIA RTX 6000 Ada Generation, 49140 MiB, 29003 MiB, 100 %
2026/03/27 11:58:03.721, 2, NVIDIA RTX 6000 Ada Generation, 49140 MiB, 21991 MiB, 100 %
2026/03/27 11:58:03.721, 3, NVIDIA RTX 6000 Ada Generation, 49140 MiB, 17248 MiB, 99 %
2026/03/27 11:58:03.721, 4, NVIDIA RTX 6000 Ada Generation, 49140 MiB, 17260 MiB, 100 %
2026/03/27 11:58:03.721, 5, NVIDIA RTX 6000 Ada Generation, 49140 MiB, 2 MiB, 0 %
2026/03/27 11:58:03.721, 6, NVIDIA RTX 6000 Ada Generation, 49140 MiB, 26558 MiB, 0 %
2026/03/27 11:58:03.721, 7, NVIDIA RTX 6000 Ada Generation, 49140 MiB, 21460 MiB, 100 %
2026/03/27 11:58:04.721, 0, NVIDIA RTX 6000 Ada Generation, 49140 MiB, 15890 MiB, 93 %
2026/03/27 11:58:04.791, 1, NVIDIA RTX 6000 Ada Generation, 49140 MiB, 29003 MiB, 99 %
2026/03/27 11:58:04.791, 2, NVIDIA RTX 6000 Ada Generation, 49140 MiB, 21991 MiB, 99 %
2026/03/27 11:58:04.791, 3, NVIDIA RTX 6000 Ada Generation, 49140 MiB, 17248 MiB, 100 %
2026/03/27 11:58:04.791, 4, NVIDIA RTX 6000 Ada Generation, 49140 MiB, 17260 MiB, 100 %
2026/03/27 11:58:04.791, 5, NVIDIA RTX 6000 Ada Generation, 49140 MiB, 2 MiB, 0 %
2026/03/27 11:58:04.791, 6, NVIDIA RTX 6000 Ada Generation, 49140 MiB, 45774 MiB, 0 %
2026/03/27 11:58:04.792, 7, NVIDIA RTX 6000 Ada Generation, 49140 MiB, 21460 MiB, 100 %
2026/03/27 11:58:05.792, 0, NVIDIA RTX 6000 Ada Generation, 49140 MiB, 15890 MiB, 0 %
2026/03/27 11:58:05.876, 1, NVIDIA RTX 6000 Ada Generation, 49140 MiB, 29003 MiB, 100 %
2026/03/27 11:58:05.878, 2, NVIDIA RTX 6000 Ada Generation, 49140 MiB, 21991 MiB, 100 %
2026/03/27 11:58:05.880, 3, NVIDIA RTX 6000 Ada Generation, 49140 MiB, 17248 MiB, 100 %
2026/03/27 11:58:06.031, 4, NVIDIA RTX 6000 Ada Generation, 49140 MiB, 17260 MiB, 100 %
2026/03/27 11:58:06.031, 5, NVIDIA RTX 6000 Ada Generation, 49140 MiB, 2 MiB, 0 %
2026/03/27 11:58:06.031, 6, NVIDIA RTX 6000 Ada Generation, 49140 MiB, 45774 MiB, 0 %
2026/03/27 11:58:06.031, 7, NVIDIA RTX 6000 Ada Generation, 49140 MiB, 21460 MiB, 100 %
2026/03/27 11:58:07.031, 0, NVIDIA RTX 6000 Ada Generation, 49140 MiB, 15890 MiB, 6 %
2026/03/27 11:58:07.032, 1, NVIDIA RTX 6000 Ada Generation, 49140 MiB, 29003 MiB, 100 %
2026/03/27 11:58:07.032, 2, NVIDIA RTX 6000 Ada Generation, 49140 MiB, 21991 MiB, 100 %
2026/03/27 11:58:07.032, 3, NVIDIA RTX 6000 Ada Generation, 49140 MiB, 17248 MiB, 100 %
2026/03/27 11:58:07.032, 4, NVIDIA RTX 6000 Ada Generation, 49140 MiB, 17260 MiB, 100 %
2026/03/27 11:58:07.032, 5, NVIDIA RTX 6000 Ada Generation, 49140 MiB, 2 MiB, 0 %
2026/03/27 11:58:07.032, 6, NVIDIA RTX 6000 Ada Generation, 49140 MiB, 2 MiB, 100 %
2026/03/27 11:58:07.032, 7, NVIDIA RTX 6000 Ada Generation, 49140 MiB, 21460 MiB, 100 %
2026/03/27 11:58:08.032, 0, NVIDIA RTX 6000 Ada Generation, 49140 MiB, 15890 MiB, 6 %
2026/03/27 11:58:08.032, 1, NVIDIA RTX 6000 Ada Generation, 49140 MiB, 29003 MiB, 100 %
2026/03/27 11:58:08.032, 2, NVIDIA RTX 6000 Ada Generation, 49140 MiB, 21991 MiB, 100 %
2026/03/27 11:58:08.092, 3, NVIDIA RTX 6000 Ada Generation, 49140 MiB, 17248 MiB, 100 %
2026/03/27 11:58:08.093, 4, NVIDIA RTX 6000 Ada Generation, 49140 MiB, 17260 MiB, 100 %
2026/03/27 11:58:08.093, 5, NVIDIA RTX 6000 Ada Generation, 49140 MiB, 2 MiB, 0 %
2026/03/27 11:58:08.093, 6, NVIDIA RTX 6000 Ada Generation, 49140 MiB, 2 MiB, 0 %
2026/03/27 11:58:08.093, 7, NVIDIA RTX 6000 Ada Generation, 49140 MiB, 21460 MiB, 100 %
2026/03/27 11:58:09.093, 0, NVIDIA RTX 6000 Ada Generation, 49140 MiB, 15890 MiB, 6 %
2026/03/27 11:58:09.093, 1, NVIDIA RTX 6000 Ada Generation, 49140 MiB, 29003 MiB, 100 %
2026/03/27 11:58:09.093, 2, NVIDIA RTX 6000 Ada Generation, 49140 MiB, 21991 MiB, 100 %
2026/03/27 11:58:09.094, 3, NVIDIA RTX 6000 Ada Generation, 49140 MiB, 17248 MiB, 100 %
2026/03/27 11:58:09.094, 4, NVIDIA RTX 6000 Ada Generation, 49140 MiB, 17260 MiB, 99 %
2026/03/27 11:58:09.095, 5, NVIDIA RTX 6000 Ada Generation, 49140 MiB, 2 MiB, 0 %
2026/03/27 11:58:09.095, 6, NVIDIA RTX 6000 Ada Generation, 49140 MiB, 2 MiB, 0 %
2026/03/27 11:58:09.095, 7, NVIDIA RTX 6000 Ada Generation, 49140 MiB, 21460 MiB, 100 %
2026/03/27 11:58:10.096, 0, NVIDIA RTX 6000 Ada Generation, 49140 MiB, 15890 MiB, 0 %
2026/03/27 11:58:10.096, 1, NVIDIA RTX 6000 Ada Generation, 49140 MiB, 29003 MiB, 100 %
2026/03/27 11:58:10.096, 2, NVIDIA RTX 6000 Ada Generation, 49140 MiB, 21991 MiB, 100 %
2026/03/27 11:58:10.096, 3, NVIDIA RTX 6000 Ada Generation, 49140 MiB, 17248 MiB, 100 %
2026/03/27 11:58:10.096, 4, NVIDIA RTX 6000 Ada Generation, 49140 MiB, 17260 MiB, 100 %
2026/03/27 11:58:10.096, 5, NVIDIA RTX 6000 Ada Generation, 49140 MiB, 2 MiB, 0 %
2026/03/27 11:58:10.096, 6, NVIDIA RTX 6000 Ada Generation, 49140 MiB, 16254 MiB, 0 %
2026/03/27 11:58:10.096, 7, NVIDIA RTX 6000 Ada Generation, 49140 MiB, 21460 MiB, 100 %
2026/03/27 11:58:11.096, 0, NVIDIA RTX 6000 Ada Generation, 49140 MiB, 15890 MiB, 0 %
2026/03/27 11:58:11.097, 1, NVIDIA RTX 6000 Ada Generation, 49140 MiB, 29003 MiB, 100 %
2026/03/27 11:58:11.097, 2, NVIDIA RTX 6000 Ada Generation, 49140 MiB, 21991 MiB, 100 %
2026/03/27 11:58:11.097, 3, NVIDIA RTX 6000 Ada Generation, 49140 MiB, 17248 MiB, 100 %
2026/03/27 11:58:11.131, 4, NVIDIA RTX 6000 Ada Generation, 49140 MiB, 17260 MiB, 100 %
2026/03/27 11:58:11.132, 5, NVIDIA RTX 6000 Ada Generation, 49140 MiB, 2 MiB, 0 %
2026/03/27 11:58:11.132, 6, NVIDIA RTX 6000 Ada Generation, 49140 MiB, 16254 MiB, 13 %
2026/03/27 11:58:11.132, 7, NVIDIA RTX 6000 Ada Generation, 49140 MiB, 21460 MiB, 100 %
2026/03/27 11:58:12.132, 0, NVIDIA RTX 6000 Ada Generation, 49140 MiB, 15890 MiB, 90 %
2026/03/27 11:58:12.133, 1, NVIDIA RTX 6000 Ada Generation, 49140 MiB, 29003 MiB, 100 %
2026/03/27 11:58:12.133, 2, NVIDIA RTX 6000 Ada Generation, 49140 MiB, 21991 MiB, 100 %
2026/03/27 11:58:12.133, 3, NVIDIA RTX 6000 Ada Generation, 49140 MiB, 17248 MiB, 100 %
2026/03/27 11:58:12.133, 4, NVIDIA RTX 6000 Ada Generation, 49140 MiB, 17260 MiB, 100 %
2026/03/27 11:58:12.133, 5, NVIDIA RTX 6000 Ada Generation, 49140 MiB, 2 MiB, 0 %
2026/03/27 11:58:12.133, 6, NVIDIA RTX 6000 Ada Generation, 49140 MiB, 16254 MiB, 13 %
2026/03/27 11:58:12.133, 7, NVIDIA RTX 6000 Ada Generation, 49140 MiB, 21460 MiB, 100 %
2026/03/27 11:58:13.133, 0, NVIDIA RTX 6000 Ada Generation, 49140 MiB, 15890 MiB, 90 %
2026/03/27 11:58:13.436, 1, NVIDIA RTX 6000 Ada Generation, 49140 MiB, 29003 MiB, 100 %
2026/03/27 11:58:13.436, 2, NVIDIA RTX 6000 Ada Generation, 49140 MiB, 21991 MiB, 100 %
2026/03/27 11:58:13.436, 3, NVIDIA RTX 6000 Ada Generation, 49140 MiB, 17248 MiB, 100 %
2026/03/27 11:58:13.436, 4, NVIDIA RTX 6000 Ada Generation, 49140 MiB, 17260 MiB, 100 %
2026/03/27 11:58:13.436, 5, NVIDIA RTX 6000 Ada Generation, 49140 MiB, 2 MiB, 0 %
2026/03/27 11:58:13.437, 6, NVIDIA RTX 6000 Ada Generation, 49140 MiB, 16254 MiB, 14 %
2026/03/27 11:58:13.437, 7, NVIDIA RTX 6000 Ada Generation, 49140 MiB, 21460 MiB, 100 %
2026/03/27 11:58:14.437, 0, NVIDIA RTX 6000 Ada Generation, 49140 MiB, 15890 MiB, 0 %
2026/03/27 11:58:14.437, 1, NVIDIA RTX 6000 Ada Generation, 49140 MiB, 29003 MiB, 100 %
2026/03/27 11:58:14.437, 2, NVIDIA RTX 6000 Ada Generation, 49140 MiB, 21991 MiB, 100 %
2026/03/27 11:58:14.437, 3, NVIDIA RTX 6000 Ada Generation, 49140 MiB, 17248 MiB, 100 %
2026/03/27 11:58:14.437, 4, NVIDIA RTX 6000 Ada Generation, 49140 MiB, 17260 MiB, 100 %
2026/03/27 11:58:14.437, 5, NVIDIA RTX 6000 Ada Generation, 49140 MiB, 2 MiB, 0 %
2026/03/27 11:58:14.539, 6, NVIDIA RTX 6000 Ada Generation, 49140 MiB, 16254 MiB, 14 %
2026/03/27 11:58:14.540, 7, NVIDIA RTX 6000 Ada Generation, 49140 MiB, 21460 MiB, 100 %
2026/03/27 11:58:15.540, 0, NVIDIA RTX 6000 Ada Generation, 49140 MiB, 15890 MiB, 4 %
2026/03/27 11:58:15.540, 1, NVIDIA RTX 6000 Ada Generation, 49140 MiB, 29003 MiB, 100 %
2026/03/27 11:58:15.540, 2, NVIDIA RTX 6000 Ada Generation, 49140 MiB, 21991 MiB, 100 %
2026/03/27 11:58:15.540, 3, NVIDIA RTX 6000 Ada Generation, 49140 MiB, 17248 MiB, 100 %
2026/03/27 11:58:15.540, 4, NVIDIA RTX 6000 Ada Generation, 49140 MiB, 17260 MiB, 100 %
2026/03/27 11:58:15.540, 5, NVIDIA RTX 6000 Ada Generation, 49140 MiB, 2 MiB, 0 %
2026/03/27 11:58:15.540, 6, NVIDIA RTX 6000 Ada Generation, 49140 MiB, 16254 MiB, 7 %
2026/03/27 11:58:15.540, 7, NVIDIA RTX 6000 Ada Generation, 49140 MiB, 21460 MiB, 100 %
2026/03/27 11:58:16.541, 0, NVIDIA RTX 6000 Ada Generation, 49140 MiB, 15890 MiB, 6 %
2026/03/27 11:58:16.541, 1, NVIDIA RTX 6000 Ada Generation, 49140 MiB, 29003 MiB, 100 %
2026/03/27 11:58:16.541, 2, NVIDIA RTX 6000 Ada Generation, 49140 MiB, 21991 MiB, 100 %
2026/03/27 11:58:16.710, 3, NVIDIA RTX 6000 Ada Generation, 49140 MiB, 17248 MiB, 100 %
2026/03/27 11:58:16.711, 4, NVIDIA RTX 6000 Ada Generation, 49140 MiB, 17260 MiB, 100 %
2026/03/27 11:58:16.711, 5, NVIDIA RTX 6000 Ada Generation, 49140 MiB, 2 MiB, 0 %
2026/03/27 11:58:16.711, 6, NVIDIA RTX 6000 Ada Generation, 49140 MiB, 16254 MiB, 0 %
2026/03/27 11:58:16.711, 7, NVIDIA RTX 6000 Ada Generation, 49140 MiB, 21460 MiB, 100 %
2026/03/27 11:58:17.711, 0, NVIDIA RTX 6000 Ada Generation, 49140 MiB, 15890 MiB, 6 %
2026/03/27 11:58:17.711, 1, NVIDIA RTX 6000 Ada Generation, 49140 MiB, 29003 MiB, 100 %
2026/03/27 11:58:17.712, 2, NVIDIA RTX 6000 Ada Generation, 49140 MiB, 21991 MiB, 100 %
2026/03/27 11:58:17.712, 3, NVIDIA RTX 6000 Ada Generation, 49140 MiB, 17248 MiB, 100 %
2026/03/27 11:58:17.712, 4, NVIDIA RTX 6000 Ada Generation, 49140 MiB, 17260 MiB, 100 %
2026/03/27 11:58:17.712, 5, NVIDIA RTX 6000 Ada Generation, 49140 MiB, 2 MiB, 0 %
2026/03/27 11:58:17.712, 6, NVIDIA RTX 6000 Ada Generation, 49140 MiB, 16254 MiB, 0 %
2026/03/27 11:58:17.712, 7, NVIDIA RTX 6000 Ada Generation, 49140 MiB, 21460 MiB, 100 %
2026/03/27 11:58:18.712, 0, NVIDIA RTX 6000 Ada Generation, 49140 MiB, 15890 MiB, 6 %
2026/03/27 11:58:18.712, 1, NVIDIA RTX 6000 Ada Generation, 49140 MiB, 29003 MiB, 100 %
2026/03/27 11:58:18.712, 2, NVIDIA RTX 6000 Ada Generation, 49140 MiB, 21991 MiB, 99 %
2026/03/27 11:58:18.712, 3, NVIDIA RTX 6000 Ada Generation, 49140 MiB, 17248 MiB, 100 %
2026/03/27 11:58:18.712, 4, NVIDIA RTX 6000 Ada Generation, 49140 MiB, 17260 MiB, 100 %
2026/03/27 11:58:18.712, 5, NVIDIA RTX 6000 Ada Generation, 49140 MiB, 2 MiB, 0 %
2026/03/27 11:58:18.712, 6, NVIDIA RTX 6000 Ada Generation, 49140 MiB, 16254 MiB, 0 %
2026/03/27 11:58:18.712, 7, NVIDIA RTX 6000 Ada Generation, 49140 MiB, 21460 MiB, 100 %
2026/03/27 11:58:19.712, 0, NVIDIA RTX 6000 Ada Generation, 49140 MiB, 15890 MiB, 0 %
2026/03/27 11:58:19.713, 1, NVIDIA RTX 6000 Ada Generation, 49140 MiB, 29003 MiB, 100 %
2026/03/27 11:58:19.713, 2, NVIDIA RTX 6000 Ada Generation, 49140 MiB, 21991 MiB, 100 %
2026/03/27 11:58:19.713, 3, NVIDIA RTX 6000 Ada Generation, 49140 MiB, 17248 MiB, 100 %
2026/03/27 11:58:19.722, 4, NVIDIA RTX 6000 Ada Generation, 49140 MiB, 17260 MiB, 100 %
2026/03/27 11:58:19.723, 5, NVIDIA RTX 6000 Ada Generation, 49140 MiB, 2 MiB, 0 %
2026/03/27 11:58:19.723, 6, NVIDIA RTX 6000 Ada Generation, 49140 MiB, 16254 MiB, 0 %
2026/03/27 11:58:19.723, 7, NVIDIA RTX 6000 Ada Generation, 49140 MiB, 21460 MiB, 100 %
2026/03/27 11:58:20.723, 0, NVIDIA RTX 6000 Ada Generation, 49140 MiB, 15890 MiB, 88 %
2026/03/27 11:58:20.723, 1, NVIDIA RTX 6000 Ada Generation, 49140 MiB, 29003 MiB, 100 %
2026/03/27 11:58:20.723, 2, NVIDIA RTX 6000 Ada Generation, 49140 MiB, 21991 MiB, 100 %
2026/03/27 11:58:20.723, 3, NVIDIA RTX 6000 Ada Generation, 49140 MiB, 17248 MiB, 100 %
2026/03/27 11:58:20.723, 4, NVIDIA RTX 6000 Ada Generation, 49140 MiB, 17260 MiB, 100 %
2026/03/27 11:58:20.723, 5, NVIDIA RTX 6000 Ada Generation, 49140 MiB, 2 MiB, 0 %
2026/03/27 11:58:20.723, 6, NVIDIA RTX 6000 Ada Generation, 49140 MiB, 16254 MiB, 0 %
2026/03/27 11:58:20.723, 7, NVIDIA RTX 6000 Ada Generation, 49140 MiB, 21460 MiB, 100 %
2026/03/27 11:58:21.724, 0, NVIDIA RTX 6000 Ada Generation, 49140 MiB, 15890 MiB, 90 %
2026/03/27 11:58:21.958, 1, NVIDIA RTX 6000 Ada Generation, 49140 MiB, 29043 MiB, 100 %
2026/03/27 11:58:21.959, 2, NVIDIA RTX 6000 Ada Generation, 49140 MiB, 21991 MiB, 100 %
2026/03/27 11:58:21.959, 3, NVIDIA RTX 6000 Ada Generation, 49140 MiB, 17248 MiB, 100 %
2026/03/27 11:58:21.959, 4, NVIDIA RTX 6000 Ada Generation, 49140 MiB, 17260 MiB, 100 %
2026/03/27 11:58:21.959, 5, NVIDIA RTX 6000 Ada Generation, 49140 MiB, 2 MiB, 0 %
2026/03/27 11:58:21.959, 6, NVIDIA RTX 6000 Ada Generation, 49140 MiB, 16254 MiB, 0 %
2026/03/27 11:58:21.959, 7, NVIDIA RTX 6000 Ada Generation, 49140 MiB, 21460 MiB, 100 %
2026/03/27 11:58:22.960, 0, NVIDIA RTX 6000 Ada Generation, 49140 MiB, 15890 MiB, 90 %
2026/03/27 11:58:22.960, 1, NVIDIA RTX 6000 Ada Generation, 49140 MiB, 29043 MiB, 100 %
2026/03/27 11:58:22.960, 2, NVIDIA RTX 6000 Ada Generation, 49140 MiB, 21991 MiB, 99 %
2026/03/27 11:58:22.960, 3, NVIDIA RTX 6000 Ada Generation, 49140 MiB, 17248 MiB, 98 %
2026/03/27 11:58:22.960, 4, NVIDIA RTX 6000 Ada Generation, 49140 MiB, 17260 MiB, 100 %
2026/03/27 11:58:22.961, 5, NVIDIA RTX 6000 Ada Generation, 49140 MiB, 2 MiB, 0 %
2026/03/27 11:58:23.068, 6, NVIDIA RTX 6000 Ada Generation, 49140 MiB, 16254 MiB, 0 %
2026/03/27 11:58:23.068, 7, NVIDIA RTX 6000 Ada Generation, 49140 MiB, 21460 MiB, 100 %
2026/03/27 11:58:24.068, 0, NVIDIA RTX 6000 Ada Generation, 49140 MiB, 15890 MiB, 6 %
2026/03/27 11:58:24.068, 1, NVIDIA RTX 6000 Ada Generation, 49140 MiB, 29043 MiB, 100 %
2026/03/27 11:58:24.068, 2, NVIDIA RTX 6000 Ada Generation, 49140 MiB, 21991 MiB, 100 %
2026/03/27 11:58:24.069, 3, NVIDIA RTX 6000 Ada Generation, 49140 MiB, 17248 MiB, 100 %
2026/03/27 11:58:24.069, 4, NVIDIA RTX 6000 Ada Generation, 49140 MiB, 17260 MiB, 100 %
2026/03/27 11:58:24.069, 5, NVIDIA RTX 6000 Ada Generation, 49140 MiB, 2 MiB, 0 %
2026/03/27 11:58:24.069, 6, NVIDIA RTX 6000 Ada Generation, 49140 MiB, 16254 MiB, 0 %
2026/03/27 11:58:24.069, 7, NVIDIA RTX 6000 Ada Generation, 49140 MiB, 21460 MiB, 100 %
2026/03/27 11:58:25.069, 0, NVIDIA RTX 6000 Ada Generation, 49140 MiB, 15890 MiB, 6 %
2026/03/27 11:58:25.220, 1, NVIDIA RTX 6000 Ada Generation, 49140 MiB, 29043 MiB, 100 %
2026/03/27 11:58:25.220, 2, NVIDIA RTX 6000 Ada Generation, 49140 MiB, 21991 MiB, 99 %
2026/03/27 11:58:25.220, 3, NVIDIA RTX 6000 Ada Generation, 49140 MiB, 17248 MiB, 100 %
2026/03/27 11:58:25.220, 4, NVIDIA RTX 6000 Ada Generation, 49140 MiB, 17260 MiB, 100 %
2026/03/27 11:58:25.220, 5, NVIDIA RTX 6000 Ada Generation, 49140 MiB, 2 MiB, 0 %
2026/03/27 11:58:25.221, 6, NVIDIA RTX 6000 Ada Generation, 49140 MiB, 21450 MiB, 0 %
2026/03/27 11:58:25.221, 7, NVIDIA RTX 6000 Ada Generation, 49140 MiB, 21460 MiB, 100 %
2026/03/27 11:58:26.221, 0, NVIDIA RTX 6000 Ada Generation, 49140 MiB, 15890 MiB, 6 %
2026/03/27 11:58:26.221, 1, NVIDIA RTX 6000 Ada Generation, 49140 MiB, 29043 MiB, 100 %
2026/03/27 11:58:26.221, 2, NVIDIA RTX 6000 Ada Generation, 49140 MiB, 21991 MiB, 100 %
2026/03/27 11:58:26.221, 3, NVIDIA RTX 6000 Ada Generation, 49140 MiB, 17248 MiB, 100 %
2026/03/27 11:58:26.221, 4, NVIDIA RTX 6000 Ada Generation, 49140 MiB, 17260 MiB, 100 %
2026/03/27 11:58:26.221, 5, NVIDIA RTX 6000 Ada Generation, 49140 MiB, 2 MiB, 0 %
2026/03/27 11:58:26.221, 6, NVIDIA RTX 6000 Ada Generation, 49140 MiB, 22932 MiB, 0 %
2026/03/27 11:58:26.221, 7, NVIDIA RTX 6000 Ada Generation, 49140 MiB, 21460 MiB, 100 %
2026/03/27 11:58:27.221, 0, NVIDIA RTX 6000 Ada Generation, 49140 MiB, 15890 MiB, 6 %
2026/03/27 11:58:27.221, 1, NVIDIA RTX 6000 Ada Generation, 49140 MiB, 29043 MiB, 100 %
2026/03/27 11:58:27.221, 2, NVIDIA RTX 6000 Ada Generation, 49140 MiB, 21991 MiB, 100 %
2026/03/27 11:58:27.221, 3, NVIDIA RTX 6000 Ada Generation, 49140 MiB, 17248 MiB, 99 %
2026/03/27 11:58:27.221, 4, NVIDIA RTX 6000 Ada Generation, 49140 MiB, 17260 MiB, 100 %
2026/03/27 11:58:27.221, 5, NVIDIA RTX 6000 Ada Generation, 49140 MiB, 2 MiB, 0 %
2026/03/27 11:58:27.221, 6, NVIDIA RTX 6000 Ada Generation, 49140 MiB, 45774 MiB, 0 %
2026/03/27 11:58:27.221, 7, NVIDIA RTX 6000 Ada Generation, 49140 MiB, 21460 MiB, 100 %
2026/03/27 11:58:28.222, 0, NVIDIA RTX 6000 Ada Generation, 49140 MiB, 15890 MiB, 6 %
2026/03/27 11:58:28.327, 1, NVIDIA RTX 6000 Ada Generation, 49140 MiB, 29043 MiB, 100 %
2026/03/27 11:58:28.327, 2, NVIDIA RTX 6000 Ada Generation, 49140 MiB, 21991 MiB, 100 %
2026/03/27 11:58:28.560, 3, NVIDIA RTX 6000 Ada Generation, 49140 MiB, 17248 MiB, 100 %
2026/03/27 11:58:28.562, 4, NVIDIA RTX 6000 Ada Generation, 49140 MiB, 17260 MiB, 100 %
2026/03/27 11:58:28.725, 5, NVIDIA RTX 6000 Ada Generation, 49140 MiB, 2 MiB, 0 %
2026/03/27 11:58:28.726, 6, NVIDIA RTX 6000 Ada Generation, 49140 MiB, 45774 MiB, 0 %
2026/03/27 11:58:28.882, 7, NVIDIA RTX 6000 Ada Generation, 49140 MiB, 21460 MiB, 100 %
2026/03/27 11:58:29.884, 0, NVIDIA RTX 6000 Ada Generation, 49140 MiB, 15890 MiB, 6 %
2026/03/27 11:58:29.884, 1, NVIDIA RTX 6000 Ada Generation, 49140 MiB, 29043 MiB, 100 %
2026/03/27 11:58:29.884, 2, NVIDIA RTX 6000 Ada Generation, 49140 MiB, 21991 MiB, 100 %
2026/03/27 11:58:29.884, 3, NVIDIA RTX 6000 Ada Generation, 49140 MiB, 17248 MiB, 100 %
2026/03/27 11:58:29.884, 4, NVIDIA RTX 6000 Ada Generation, 49140 MiB, 17260 MiB, 100 %
2026/03/27 11:58:29.884, 5, NVIDIA RTX 6000 Ada Generation, 49140 MiB, 2 MiB, 0 %
2026/03/27 11:58:29.884, 6, NVIDIA RTX 6000 Ada Generation, 49140 MiB, 2 MiB, 0 %
2026/03/27 11:58:29.884, 7, NVIDIA RTX 6000 Ada Generation, 49140 MiB, 21460 MiB, 100 %
2026/03/27 11:58:30.884, 0, NVIDIA RTX 6000 Ada Generation, 49140 MiB, 15890 MiB, 6 %
2026/03/27 11:58:30.885, 1, NVIDIA RTX 6000 Ada Generation, 49140 MiB, 29043 MiB, 100 %
2026/03/27 11:58:30.885, 2, NVIDIA RTX 6000 Ada Generation, 49140 MiB, 21991 MiB, 100 %
2026/03/27 11:58:30.964, 3, NVIDIA RTX 6000 Ada Generation, 49140 MiB, 17248 MiB, 100 %
2026/03/27 11:58:30.964, 4, NVIDIA RTX 6000 Ada Generation, 49140 MiB, 17260 MiB, 100 %
2026/03/27 11:58:30.964, 5, NVIDIA RTX 6000 Ada Generation, 49140 MiB, 2 MiB, 0 %
2026/03/27 11:58:30.965, 6, NVIDIA RTX 6000 Ada Generation, 49140 MiB, 2 MiB, 100 %
2026/03/27 11:58:30.965, 7, NVIDIA RTX 6000 Ada Generation, 49140 MiB, 21460 MiB, 100 %
2026/03/27 11:58:31.965, 0, NVIDIA RTX 6000 Ada Generation, 49140 MiB, 15890 MiB, 6 %
2026/03/27 11:58:31.965, 1, NVIDIA RTX 6000 Ada Generation, 49140 MiB, 29043 MiB, 100 %
2026/03/27 11:58:31.965, 2, NVIDIA RTX 6000 Ada Generation, 49140 MiB, 21991 MiB, 100 %
2026/03/27 11:58:31.965, 3, NVIDIA RTX 6000 Ada Generation, 49140 MiB, 17248 MiB, 100 %
2026/03/27 11:58:31.965, 4, NVIDIA RTX 6000 Ada Generation, 49140 MiB, 17260 MiB, 100 %
2026/03/27 11:58:31.965, 5, NVIDIA RTX 6000 Ada Generation, 49140 MiB, 2 MiB, 0 %
2026/03/27 11:58:31.965, 6, NVIDIA RTX 6000 Ada Generation, 49140 MiB, 2 MiB, 0 %
2026/03/27 11:58:31.965, 7, NVIDIA RTX 6000 Ada Generation, 49140 MiB, 21460 MiB, 100 %
2026/03/27 11:58:32.965, 0, NVIDIA RTX 6000 Ada Generation, 49140 MiB, 15890 MiB, 0 %
2026/03/27 11:58:32.966, 1, NVIDIA RTX 6000 Ada Generation, 49140 MiB, 29043 MiB, 100 %
2026/03/27 11:58:32.966, 2, NVIDIA RTX 6000 Ada Generation, 49140 MiB, 21991 MiB, 100 %
2026/03/27 11:58:32.966, 3, NVIDIA RTX 6000 Ada Generation, 49140 MiB, 17248 MiB, 100 %
2026/03/27 11:58:32.966, 4, NVIDIA RTX 6000 Ada Generation, 49140 MiB, 17260 MiB, 100 %
2026/03/27 11:58:32.966, 5, NVIDIA RTX 6000 Ada Generation, 49140 MiB, 2 MiB, 0 %
2026/03/27 11:58:32.966, 6, NVIDIA RTX 6000 Ada Generation, 49140 MiB, 4 MiB, 0 %
2026/03/27 11:58:32.966, 7, NVIDIA RTX 6000 Ada Generation, 49140 MiB, 21460 MiB, 100 %
2026/03/27 11:58:33.966, 0, NVIDIA RTX 6000 Ada Generation, 49140 MiB, 15890 MiB, 94 %
2026/03/27 11:58:34.180, 1, NVIDIA RTX 6000 Ada Generation, 49140 MiB, 29043 MiB, 100 %
2026/03/27 11:58:34.181, 2, NVIDIA RTX 6000 Ada Generation, 49140 MiB, 21991 MiB, 100 %
2026/03/27 11:58:34.182, 3, NVIDIA RTX 6000 Ada Generation, 49140 MiB, 17248 MiB, 100 %
2026/03/27 11:58:34.182, 4, NVIDIA RTX 6000 Ada Generation, 49140 MiB, 17260 MiB, 100 %
2026/03/27 11:58:34.182, 5, NVIDIA RTX 6000 Ada Generation, 49140 MiB, 2 MiB, 0 %
2026/03/27 11:58:34.183, 6, NVIDIA RTX 6000 Ada Generation, 49140 MiB, 4 MiB, 0 %
2026/03/27 11:58:34.183, 7, NVIDIA RTX 6000 Ada Generation, 49140 MiB, 21460 MiB, 100 %
2026/03/27 11:58:35.183, 0, NVIDIA RTX 6000 Ada Generation, 49140 MiB, 15890 MiB, 90 %
2026/03/27 11:58:35.183, 1, NVIDIA RTX 6000 Ada Generation, 49140 MiB, 29043 MiB, 100 %
2026/03/27 11:58:35.183, 2, NVIDIA RTX 6000 Ada Generation, 49140 MiB, 21991 MiB, 100 %
2026/03/27 11:58:35.183, 3, NVIDIA RTX 6000 Ada Generation, 49140 MiB, 17248 MiB, 100 %
2026/03/27 11:58:35.183, 4, NVIDIA RTX 6000 Ada Generation, 49140 MiB, 17260 MiB, 100 %
2026/03/27 11:58:35.183, 5, NVIDIA RTX 6000 Ada Generation, 49140 MiB, 2 MiB, 0 %
2026/03/27 11:58:35.183, 6, NVIDIA RTX 6000 Ada Generation, 49140 MiB, 16254 MiB, 6 %
2026/03/27 11:58:35.183, 7, NVIDIA RTX 6000 Ada Generation, 49140 MiB, 21460 MiB, 100 %
2026/03/27 11:58:36.184, 0, NVIDIA RTX 6000 Ada Generation, 49140 MiB, 15890 MiB, 0 %
2026/03/27 11:58:36.184, 1, NVIDIA RTX 6000 Ada Generation, 49140 MiB, 29043 MiB, 100 %
2026/03/27 11:58:36.315, 2, NVIDIA RTX 6000 Ada Generation, 49140 MiB, 21991 MiB, 100 %
2026/03/27 11:58:36.316, 3, NVIDIA RTX 6000 Ada Generation, 49140 MiB, 17248 MiB, 100 %
2026/03/27 11:58:36.316, 4, NVIDIA RTX 6000 Ada Generation, 49140 MiB, 17260 MiB, 100 %
2026/03/27 11:58:36.316, 5, NVIDIA RTX 6000 Ada Generation, 49140 MiB, 2 MiB, 0 %
2026/03/27 11:58:36.316, 6, NVIDIA RTX 6000 Ada Generation, 49140 MiB, 16254 MiB, 13 %
2026/03/27 11:58:36.316, 7, NVIDIA RTX 6000 Ada Generation, 49140 MiB, 21460 MiB, 100 %
2026/03/27 11:58:37.316, 0, NVIDIA RTX 6000 Ada Generation, 49140 MiB, 15890 MiB, 6 %
2026/03/27 11:58:37.316, 1, NVIDIA RTX 6000 Ada Generation, 49140 MiB, 29043 MiB, 100 %
2026/03/27 11:58:37.316, 2, NVIDIA RTX 6000 Ada Generation, 49140 MiB, 21991 MiB, 100 %
2026/03/27 11:58:37.316, 3, NVIDIA RTX 6000 Ada Generation, 49140 MiB, 17248 MiB, 100 %
2026/03/27 11:58:37.316, 4, NVIDIA RTX 6000 Ada Generation, 49140 MiB, 17260 MiB, 100 %
2026/03/27 11:58:37.317, 5, NVIDIA RTX 6000 Ada Generation, 49140 MiB, 2 MiB, 0 %
2026/03/27 11:58:37.317, 6, NVIDIA RTX 6000 Ada Generation, 49140 MiB, 16254 MiB, 14 %
2026/03/27 11:58:37.317, 7, NVIDIA RTX 6000 Ada Generation, 49140 MiB, 21460 MiB, 100 %
2026/03/27 11:58:38.478, 0, NVIDIA RTX 6000 Ada Generation, 49140 MiB, 15890 MiB, 4 %
2026/03/27 11:58:38.478, 1, NVIDIA RTX 6000 Ada Generation, 49140 MiB, 29043 MiB, 100 %
2026/03/27 11:58:38.478, 2, NVIDIA RTX 6000 Ada Generation, 49140 MiB, 21991 MiB, 100 %
2026/03/27 11:58:38.478, 3, NVIDIA RTX 6000 Ada Generation, 49140 MiB, 17248 MiB, 100 %
2026/03/27 11:58:38.478, 4, NVIDIA RTX 6000 Ada Generation, 49140 MiB, 17260 MiB, 100 %
2026/03/27 11:58:38.478, 5, NVIDIA RTX 6000 Ada Generation, 49140 MiB, 2 MiB, 0 %
2026/03/27 11:58:38.478, 6, NVIDIA RTX 6000 Ada Generation, 49140 MiB, 16254 MiB, 14 %
2026/03/27 11:58:38.478, 7, NVIDIA RTX 6000 Ada Generation, 49140 MiB, 21460 MiB, 100 %
2026/03/27 11:58:39.478, 0, NVIDIA RTX 6000 Ada Generation, 49140 MiB, 15890 MiB, 6 %
2026/03/27 11:58:39.478, 1, NVIDIA RTX 6000 Ada Generation, 49140 MiB, 29043 MiB, 100 %
2026/03/27 11:58:39.479, 2, NVIDIA RTX 6000 Ada Generation, 49140 MiB, 21991 MiB, 100 %
2026/03/27 11:58:39.479, 3, NVIDIA RTX 6000 Ada Generation, 49140 MiB, 17248 MiB, 100 %
2026/03/27 11:58:39.593, 4, NVIDIA RTX 6000 Ada Generation, 49140 MiB, 17260 MiB, 99 %
2026/03/27 11:58:39.593, 5, NVIDIA RTX 6000 Ada Generation, 49140 MiB, 2 MiB, 0 %
2026/03/27 11:58:39.593, 6, NVIDIA RTX 6000 Ada Generation, 49140 MiB, 16254 MiB, 14 %
2026/03/27 11:58:39.593, 7, NVIDIA RTX 6000 Ada Generation, 49140 MiB, 21460 MiB, 100 %
2026/03/27 11:58:40.593, 0, NVIDIA RTX 6000 Ada Generation, 49140 MiB, 15890 MiB, 6 %
2026/03/27 11:58:40.593, 1, NVIDIA RTX 6000 Ada Generation, 49140 MiB, 29043 MiB, 100 %
2026/03/27 11:58:40.593, 2, NVIDIA RTX 6000 Ada Generation, 49140 MiB, 21991 MiB, 100 %
2026/03/27 11:58:40.593, 3, NVIDIA RTX 6000 Ada Generation, 49140 MiB, 17248 MiB, 100 %
2026/03/27 11:58:40.593, 4, NVIDIA RTX 6000 Ada Generation, 49140 MiB, 17260 MiB, 100 %
2026/03/27 11:58:40.593, 5, NVIDIA RTX 6000 Ada Generation, 49140 MiB, 2 MiB, 0 %
2026/03/27 11:58:40.593, 6, NVIDIA RTX 6000 Ada Generation, 49140 MiB, 16254 MiB, 0 %
2026/03/27 11:58:40.594, 7, NVIDIA RTX 6000 Ada Generation, 49140 MiB, 21460 MiB, 100 %
2026/03/27 11:58:41.594, 0, NVIDIA RTX 6000 Ada Generation, 49140 MiB, 15890 MiB, 6 %
2026/03/27 11:58:41.688, 1, NVIDIA RTX 6000 Ada Generation, 49140 MiB, 29043 MiB, 100 %
2026/03/27 11:58:41.689, 2, NVIDIA RTX 6000 Ada Generation, 49140 MiB, 21991 MiB, 100 %
2026/03/27 11:58:41.689, 3, NVIDIA RTX 6000 Ada Generation, 49140 MiB, 17248 MiB, 100 %
2026/03/27 11:58:41.689, 4, NVIDIA RTX 6000 Ada Generation, 49140 MiB, 17260 MiB, 100 %
2026/03/27 11:58:41.689, 5, NVIDIA RTX 6000 Ada Generation, 49140 MiB, 2 MiB, 0 %
2026/03/27 11:58:41.689, 6, NVIDIA RTX 6000 Ada Generation, 49140 MiB, 16254 MiB, 0 %
2026/03/27 11:58:41.689, 7, NVIDIA RTX 6000 Ada Generation, 49140 MiB, 21460 MiB, 100 %
2026/03/27 11:58:42.690, 0, NVIDIA RTX 6000 Ada Generation, 49140 MiB, 15890 MiB, 0 %
2026/03/27 11:58:42.690, 1, NVIDIA RTX 6000 Ada Generation, 49140 MiB, 29043 MiB, 100 %
2026/03/27 11:58:42.690, 2, NVIDIA RTX 6000 Ada Generation, 49140 MiB, 21991 MiB, 100 %
2026/03/27 11:58:42.690, 3, NVIDIA RTX 6000 Ada Generation, 49140 MiB, 17248 MiB, 100 %
2026/03/27 11:58:42.690, 4, NVIDIA RTX 6000 Ada Generation, 49140 MiB, 17260 MiB, 100 %
2026/03/27 11:58:42.690, 5, NVIDIA RTX 6000 Ada Generation, 49140 MiB, 2 MiB, 0 %
2026/03/27 11:58:42.808, 6, NVIDIA RTX 6000 Ada Generation, 49140 MiB, 16254 MiB, 0 %
2026/03/27 11:58:42.809, 7, NVIDIA RTX 6000 Ada Generation, 49140 MiB, 21460 MiB, 100 %
2026/03/27 11:58:43.809, 0, NVIDIA RTX 6000 Ada Generation, 49140 MiB, 15890 MiB, 0 %
2026/03/27 11:58:43.809, 1, NVIDIA RTX 6000 Ada Generation, 49140 MiB, 29043 MiB, 100 %
2026/03/27 11:58:43.809, 2, NVIDIA RTX 6000 Ada Generation, 49140 MiB, 21991 MiB, 100 %
2026/03/27 11:58:43.809, 3, NVIDIA RTX 6000 Ada Generation, 49140 MiB, 17248 MiB, 100 %
2026/03/27 11:58:43.809, 4, NVIDIA RTX 6000 Ada Generation, 49140 MiB, 17260 MiB, 100 %
2026/03/27 11:58:43.809, 5, NVIDIA RTX 6000 Ada Generation, 49140 MiB, 2 MiB, 0 %
2026/03/27 11:58:43.810, 6, NVIDIA RTX 6000 Ada Generation, 49140 MiB, 16254 MiB, 0 %
2026/03/27 11:58:43.810, 7, NVIDIA RTX 6000 Ada Generation, 49140 MiB, 21460 MiB, 100 %
2026/03/27 11:58:44.810, 0, NVIDIA RTX 6000 Ada Generation, 49140 MiB, 15890 MiB, 95 %
2026/03/27 11:58:44.810, 1, NVIDIA RTX 6000 Ada Generation, 49140 MiB, 29043 MiB, 100 %
2026/03/27 11:58:44.951, 2, NVIDIA RTX 6000 Ada Generation, 49140 MiB, 21991 MiB, 100 %
2026/03/27 11:58:44.952, 3, NVIDIA RTX 6000 Ada Generation, 49140 MiB, 17248 MiB, 100 %
2026/03/27 11:58:44.952, 4, NVIDIA RTX 6000 Ada Generation, 49140 MiB, 17260 MiB, 100 %
2026/03/27 11:58:44.952, 5, NVIDIA RTX 6000 Ada Generation, 49140 MiB, 2 MiB, 0 %
2026/03/27 11:58:44.952, 6, NVIDIA RTX 6000 Ada Generation, 49140 MiB, 16254 MiB, 0 %
2026/03/27 11:58:44.952, 7, NVIDIA RTX 6000 Ada Generation, 49140 MiB, 21460 MiB, 100 %
2026/03/27 11:58:45.953, 0, NVIDIA RTX 6000 Ada Generation, 49140 MiB, 15890 MiB, 95 %
2026/03/27 11:58:45.953, 1, NVIDIA RTX 6000 Ada Generation, 49140 MiB, 29043 MiB, 100 %
2026/03/27 11:58:45.953, 2, NVIDIA RTX 6000 Ada Generation, 49140 MiB, 21991 MiB, 100 %
2026/03/27 11:58:45.953, 3, NVIDIA RTX 6000 Ada Generation, 49140 MiB, 17248 MiB, 100 %
2026/03/27 11:58:45.953, 4, NVIDIA RTX 6000 Ada Generation, 49140 MiB, 17260 MiB, 100 %
2026/03/27 11:58:45.953, 5, NVIDIA RTX 6000 Ada Generation, 49140 MiB, 2 MiB, 0 %
2026/03/27 11:58:45.953, 6, NVIDIA RTX 6000 Ada Generation, 49140 MiB, 16254 MiB, 0 %
2026/03/27 11:58:45.953, 7, NVIDIA RTX 6000 Ada Generation, 49140 MiB, 21460 MiB, 100 %
2026/03/27 11:58:47.133, 0, NVIDIA RTX 6000 Ada Generation, 49140 MiB, 15890 MiB, 0 %
2026/03/27 11:58:47.133, 1, NVIDIA RTX 6000 Ada Generation, 49140 MiB, 29043 MiB, 100 %
2026/03/27 11:58:47.133, 2, NVIDIA RTX 6000 Ada Generation, 49140 MiB, 21991 MiB, 100 %
2026/03/27 11:58:47.133, 3, NVIDIA RTX 6000 Ada Generation, 49140 MiB, 17248 MiB, 100 %
2026/03/27 11:58:47.133, 4, NVIDIA RTX 6000 Ada Generation, 49140 MiB, 17260 MiB, 100 %
2026/03/27 11:58:47.133, 5, NVIDIA RTX 6000 Ada Generation, 49140 MiB, 2 MiB, 0 %
2026/03/27 11:58:47.134, 6, NVIDIA RTX 6000 Ada Generation, 49140 MiB, 16254 MiB, 0 %
2026/03/27 11:58:47.134, 7, NVIDIA RTX 6000 Ada Generation, 49140 MiB, 21460 MiB, 100 %
2026/03/27 11:58:48.134, 0, NVIDIA RTX 6000 Ada Generation, 49140 MiB, 15890 MiB, 6 %
2026/03/27 11:58:48.134, 1, NVIDIA RTX 6000 Ada Generation, 49140 MiB, 29043 MiB, 100 %
2026/03/27 11:58:48.134, 2, NVIDIA RTX 6000 Ada Generation, 49140 MiB, 21991 MiB, 100 %
2026/03/27 11:58:48.134, 3, NVIDIA RTX 6000 Ada Generation, 49140 MiB, 17248 MiB, 100 %
2026/03/27 11:58:48.242, 4, NVIDIA RTX 6000 Ada Generation, 49140 MiB, 17260 MiB, 100 %
2026/03/27 11:58:48.243, 5, NVIDIA RTX 6000 Ada Generation, 49140 MiB, 2 MiB, 0 %
2026/03/27 11:58:48.243, 6, NVIDIA RTX 6000 Ada Generation, 49140 MiB, 16254 MiB, 0 %
2026/03/27 11:58:48.243, 7, NVIDIA RTX 6000 Ada Generation, 49140 MiB, 21460 MiB, 100 %
2026/03/27 11:58:49.243, 0, NVIDIA RTX 6000 Ada Generation, 49140 MiB, 15890 MiB, 6 %
2026/03/27 11:58:49.243, 1, NVIDIA RTX 6000 Ada Generation, 49140 MiB, 29043 MiB, 100 %
2026/03/27 11:58:49.243, 2, NVIDIA RTX 6000 Ada Generation, 49140 MiB, 21991 MiB, 100 %
2026/03/27 11:58:49.243, 3, NVIDIA RTX 6000 Ada Generation, 49140 MiB, 17248 MiB, 100 %
2026/03/27 11:58:49.243, 4, NVIDIA RTX 6000 Ada Generation, 49140 MiB, 17260 MiB, 100 %
2026/03/27 11:58:49.243, 5, NVIDIA RTX 6000 Ada Generation, 49140 MiB, 2 MiB, 0 %
2026/03/27 11:58:49.243, 6, NVIDIA RTX 6000 Ada Generation, 49140 MiB, 16254 MiB, 0 %
2026/03/27 11:58:49.243, 7, NVIDIA RTX 6000 Ada Generation, 49140 MiB, 21460 MiB, 100 %
2026/03/27 11:58:50.243, 0, NVIDIA RTX 6000 Ada Generation, 49140 MiB, 15890 MiB, 6 %
2026/03/27 11:58:50.321, 1, NVIDIA RTX 6000 Ada Generation, 49140 MiB, 29043 MiB, 100 %
2026/03/27 11:58:50.322, 2, NVIDIA RTX 6000 Ada Generation, 49140 MiB, 21991 MiB, 100 %
2026/03/27 11:58:50.322, 3, NVIDIA RTX 6000 Ada Generation, 49140 MiB, 17248 MiB, 100 %
2026/03/27 11:58:50.322, 4, NVIDIA RTX 6000 Ada Generation, 49140 MiB, 17260 MiB, 100 %
2026/03/27 11:58:50.322, 5, NVIDIA RTX 6000 Ada Generation, 49140 MiB, 2 MiB, 0 %
2026/03/27 11:58:50.322, 6, NVIDIA RTX 6000 Ada Generation, 49140 MiB, 16254 MiB, 0 %
2026/03/27 11:58:50.322, 7, NVIDIA RTX 6000 Ada Generation, 49140 MiB, 21460 MiB, 100 %
2026/03/27 11:58:51.322, 0, NVIDIA RTX 6000 Ada Generation, 49140 MiB, 15890 MiB, 6 %
2026/03/27 11:58:51.322, 1, NVIDIA RTX 6000 Ada Generation, 49140 MiB, 29043 MiB, 100 %
2026/03/27 11:58:51.322, 2, NVIDIA RTX 6000 Ada Generation, 49140 MiB, 21991 MiB, 100 %
2026/03/27 11:58:51.322, 3, NVIDIA RTX 6000 Ada Generation, 49140 MiB, 17248 MiB, 100 %
2026/03/27 11:58:51.322, 4, NVIDIA RTX 6000 Ada Generation, 49140 MiB, 17260 MiB, 100 %
2026/03/27 11:58:51.322, 5, NVIDIA RTX 6000 Ada Generation, 49140 MiB, 2 MiB, 0 %
2026/03/27 11:58:51.424, 6, NVIDIA RTX 6000 Ada Generation, 49140 MiB, 16254 MiB, 0 %
2026/03/27 11:58:51.424, 7, NVIDIA RTX 6000 Ada Generation, 49140 MiB, 21460 MiB, 100 %
2026/03/27 11:58:52.424, 0, NVIDIA RTX 6000 Ada Generation, 49140 MiB, 15890 MiB, 0 %
2026/03/27 11:58:52.424, 1, NVIDIA RTX 6000 Ada Generation, 49140 MiB, 29043 MiB, 100 %
2026/03/27 11:58:52.424, 2, NVIDIA RTX 6000 Ada Generation, 49140 MiB, 21991 MiB, 100 %
2026/03/27 11:58:52.424, 3, NVIDIA RTX 6000 Ada Generation, 49140 MiB, 17248 MiB, 100 %
2026/03/27 11:58:52.425, 4, NVIDIA RTX 6000 Ada Generation, 49140 MiB, 17260 MiB, 100 %
2026/03/27 11:58:52.425, 5, NVIDIA RTX 6000 Ada Generation, 49140 MiB, 2 MiB, 0 %
2026/03/27 11:58:52.425, 6, NVIDIA RTX 6000 Ada Generation, 49140 MiB, 16254 MiB, 0 %
2026/03/27 11:58:52.425, 7, NVIDIA RTX 6000 Ada Generation, 49140 MiB, 21460 MiB, 100 %
2026/03/27 11:58:53.425, 0, NVIDIA RTX 6000 Ada Generation, 49140 MiB, 15890 MiB, 0 %
2026/03/27 11:58:53.569, 1, NVIDIA RTX 6000 Ada Generation, 49140 MiB, 29043 MiB, 100 %
2026/03/27 11:58:53.569, 2, NVIDIA RTX 6000 Ada Generation, 49140 MiB, 21991 MiB, 100 %
2026/03/27 11:58:53.569, 3, NVIDIA RTX 6000 Ada Generation, 49140 MiB, 17248 MiB, 100 %
2026/03/27 11:58:53.569, 4, NVIDIA RTX 6000 Ada Generation, 49140 MiB, 17260 MiB, 100 %
2026/03/27 11:58:53.570, 5, NVIDIA RTX 6000 Ada Generation, 49140 MiB, 2 MiB, 0 %
2026/03/27 11:58:53.801, 6, NVIDIA RTX 6000 Ada Generation, 49140 MiB, 21142 MiB, 44 %
2026/03/27 11:58:53.802, 7, NVIDIA RTX 6000 Ada Generation, 49140 MiB, 21460 MiB, 100 %
2026/03/27 11:58:54.803, 0, NVIDIA RTX 6000 Ada Generation, 49140 MiB, 15890 MiB, 0 %
2026/03/27 11:58:54.803, 1, NVIDIA RTX 6000 Ada Generation, 49140 MiB, 29043 MiB, 100 %
2026/03/27 11:58:54.803, 2, NVIDIA RTX 6000 Ada Generation, 49140 MiB, 21991 MiB, 100 %
2026/03/27 11:58:54.803, 3, NVIDIA RTX 6000 Ada Generation, 49140 MiB, 17248 MiB, 100 %
2026/03/27 11:58:54.803, 4, NVIDIA RTX 6000 Ada Generation, 49140 MiB, 17260 MiB, 100 %
2026/03/27 11:58:54.803, 5, NVIDIA RTX 6000 Ada Generation, 49140 MiB, 2 MiB, 0 %
2026/03/27 11:58:54.803, 6, NVIDIA RTX 6000 Ada Generation, 49140 MiB, 32132 MiB, 0 %
2026/03/27 11:58:54.803, 7, NVIDIA RTX 6000 Ada Generation, 49140 MiB, 21460 MiB, 100 %
2026/03/27 11:58:55.803, 0, NVIDIA RTX 6000 Ada Generation, 49140 MiB, 15890 MiB, 90 %
2026/03/27 11:58:56.089, 1, NVIDIA RTX 6000 Ada Generation, 49140 MiB, 29043 MiB, 100 %
2026/03/27 11:58:56.089, 2, NVIDIA RTX 6000 Ada Generation, 49140 MiB, 21991 MiB, 100 %
2026/03/27 11:58:56.089, 3, NVIDIA RTX 6000 Ada Generation, 49140 MiB, 17248 MiB, 100 %
2026/03/27 11:58:56.089, 4, NVIDIA RTX 6000 Ada Generation, 49140 MiB, 17260 MiB, 100 %
2026/03/27 11:58:56.090, 5, NVIDIA RTX 6000 Ada Generation, 49140 MiB, 2 MiB, 0 %
2026/03/27 11:58:56.090, 6, NVIDIA RTX 6000 Ada Generation, 49140 MiB, 47800 MiB, 100 %
2026/03/27 11:58:56.090, 7, NVIDIA RTX 6000 Ada Generation, 49140 MiB, 21460 MiB, 100 %
2026/03/27 11:58:57.090, 0, NVIDIA RTX 6000 Ada Generation, 49140 MiB, 15890 MiB, 95 %
2026/03/27 11:58:57.183, 1, NVIDIA RTX 6000 Ada Generation, 49140 MiB, 29043 MiB, 100 %
2026/03/27 11:58:57.183, 2, NVIDIA RTX 6000 Ada Generation, 49140 MiB, 21991 MiB, 100 %
2026/03/27 11:58:57.183, 3, NVIDIA RTX 6000 Ada Generation, 49140 MiB, 17248 MiB, 100 %
2026/03/27 11:58:57.183, 4, NVIDIA RTX 6000 Ada Generation, 49140 MiB, 17260 MiB, 100 %
2026/03/27 11:58:57.183, 5, NVIDIA RTX 6000 Ada Generation, 49140 MiB, 2 MiB, 0 %
2026/03/27 11:58:57.183, 6, NVIDIA RTX 6000 Ada Generation, 49140 MiB, 47800 MiB, 0 %
2026/03/27 11:58:57.338, 7, NVIDIA RTX 6000 Ada Generation, 49140 MiB, 21460 MiB, 100 %
2026/03/27 11:58:58.340, 0, NVIDIA RTX 6000 Ada Generation, 49140 MiB, 15890 MiB, 0 %
2026/03/27 11:58:58.340, 1, NVIDIA RTX 6000 Ada Generation, 49140 MiB, 29043 MiB, 100 %
2026/03/27 11:58:58.340, 2, NVIDIA RTX 6000 Ada Generation, 49140 MiB, 21991 MiB, 100 %
2026/03/27 11:58:58.340, 3, NVIDIA RTX 6000 Ada Generation, 49140 MiB, 17248 MiB, 100 %
2026/03/27 11:58:58.340, 4, NVIDIA RTX 6000 Ada Generation, 49140 MiB, 17260 MiB, 100 %
2026/03/27 11:58:58.340, 5, NVIDIA RTX 6000 Ada Generation, 49140 MiB, 2 MiB, 0 %
2026/03/27 11:58:58.340, 6, NVIDIA RTX 6000 Ada Generation, 49140 MiB, 2 MiB, 100 %
2026/03/27 11:58:58.340, 7, NVIDIA RTX 6000 Ada Generation, 49140 MiB, 21460 MiB, 100 %
2026/03/27 11:58:59.341, 0, NVIDIA RTX 6000 Ada Generation, 49140 MiB, 15890 MiB, 6 %
2026/03/27 11:58:59.341, 1, NVIDIA RTX 6000 Ada Generation, 49140 MiB, 29043 MiB, 100 %
2026/03/27 11:58:59.341, 2, NVIDIA RTX 6000 Ada Generation, 49140 MiB, 21991 MiB, 100 %
2026/03/27 11:58:59.387, 3, NVIDIA RTX 6000 Ada Generation, 49140 MiB, 17248 MiB, 100 %
2026/03/27 11:58:59.388, 4, NVIDIA RTX 6000 Ada Generation, 49140 MiB, 17260 MiB, 100 %
2026/03/27 11:58:59.388, 5, NVIDIA RTX 6000 Ada Generation, 49140 MiB, 2 MiB, 0 %
2026/03/27 11:58:59.388, 6, NVIDIA RTX 6000 Ada Generation, 49140 MiB, 2 MiB, 0 %
2026/03/27 11:58:59.388, 7, NVIDIA RTX 6000 Ada Generation, 49140 MiB, 21460 MiB, 100 %
2026/03/27 11:59:00.389, 0, NVIDIA RTX 6000 Ada Generation, 49140 MiB, 15890 MiB, 0 %
2026/03/27 11:59:00.389, 1, NVIDIA RTX 6000 Ada Generation, 49140 MiB, 29043 MiB, 100 %
2026/03/27 11:59:00.389, 2, NVIDIA RTX 6000 Ada Generation, 49140 MiB, 21991 MiB, 100 %
2026/03/27 11:59:00.389, 3, NVIDIA RTX 6000 Ada Generation, 49140 MiB, 17248 MiB, 100 %
2026/03/27 11:59:00.389, 4, NVIDIA RTX 6000 Ada Generation, 49140 MiB, 17260 MiB, 100 %
2026/03/27 11:59:00.389, 5, NVIDIA RTX 6000 Ada Generation, 49140 MiB, 2 MiB, 0 %
2026/03/27 11:59:00.389, 6, NVIDIA RTX 6000 Ada Generation, 49140 MiB, 2 MiB, 0 %
2026/03/27 11:59:00.389, 7, NVIDIA RTX 6000 Ada Generation, 49140 MiB, 21460 MiB, 100 %
2026/03/27 11:59:01.389, 0, NVIDIA RTX 6000 Ada Generation, 49140 MiB, 15890 MiB, 6 %
2026/03/27 11:59:01.389, 1, NVIDIA RTX 6000 Ada Generation, 49140 MiB, 29043 MiB, 100 %
2026/03/27 11:59:01.390, 2, NVIDIA RTX 6000 Ada Generation, 49140 MiB, 21991 MiB, 100 %
2026/03/27 11:59:01.390, 3, NVIDIA RTX 6000 Ada Generation, 49140 MiB, 17248 MiB, 100 %
2026/03/27 11:59:01.390, 4, NVIDIA RTX 6000 Ada Generation, 49140 MiB, 17260 MiB, 100 %
2026/03/27 11:59:01.390, 5, NVIDIA RTX 6000 Ada Generation, 49140 MiB, 2 MiB, 0 %
2026/03/27 11:59:01.390, 6, NVIDIA RTX 6000 Ada Generation, 49140 MiB, 4 MiB, 0 %
2026/03/27 11:59:01.390, 7, NVIDIA RTX 6000 Ada Generation, 49140 MiB, 21460 MiB, 100 %
2026/03/27 11:59:02.390, 0, NVIDIA RTX 6000 Ada Generation, 49140 MiB, 15890 MiB, 6 %
2026/03/27 11:59:02.559, 1, NVIDIA RTX 6000 Ada Generation, 49140 MiB, 29043 MiB, 100 %
2026/03/27 11:59:02.561, 2, NVIDIA RTX 6000 Ada Generation, 49140 MiB, 21991 MiB, 100 %
2026/03/27 11:59:02.786, 3, NVIDIA RTX 6000 Ada Generation, 49140 MiB, 17248 MiB, 100 %
2026/03/27 11:59:02.786, 4, NVIDIA RTX 6000 Ada Generation, 49140 MiB, 17260 MiB, 100 %
2026/03/27 11:59:02.786, 5, NVIDIA RTX 6000 Ada Generation, 49140 MiB, 2 MiB, 0 %
2026/03/27 11:59:02.950, 6, NVIDIA RTX 6000 Ada Generation, 49140 MiB, 22 MiB, 0 %
2026/03/27 11:59:03.082, 7, NVIDIA RTX 6000 Ada Generation, 49140 MiB, 21460 MiB, 100 %
2026/03/27 11:59:04.275, 0, NVIDIA RTX 6000 Ada Generation, 49140 MiB, 15890 MiB, 6 %
2026/03/27 11:59:04.275, 1, NVIDIA RTX 6000 Ada Generation, 49140 MiB, 29043 MiB, 100 %
2026/03/27 11:59:04.275, 2, NVIDIA RTX 6000 Ada Generation, 49140 MiB, 21991 MiB, 100 %
2026/03/27 11:59:04.275, 3, NVIDIA RTX 6000 Ada Generation, 49140 MiB, 17248 MiB, 100 %
2026/03/27 11:59:04.275, 4, NVIDIA RTX 6000 Ada Generation, 49140 MiB, 17260 MiB, 100 %
2026/03/27 11:59:04.275, 5, NVIDIA RTX 6000 Ada Generation, 49140 MiB, 2 MiB, 0 %
2026/03/27 11:59:04.275, 6, NVIDIA RTX 6000 Ada Generation, 49140 MiB, 16254 MiB, 13 %
2026/03/27 11:59:04.275, 7, NVIDIA RTX 6000 Ada Generation, 49140 MiB, 21460 MiB, 100 %
2026/03/27 11:59:05.276, 0, NVIDIA RTX 6000 Ada Generation, 49140 MiB, 15890 MiB, 6 %
2026/03/27 11:59:05.276, 1, NVIDIA RTX 6000 Ada Generation, 49140 MiB, 29043 MiB, 100 %
2026/03/27 11:59:05.276, 2, NVIDIA RTX 6000 Ada Generation, 49140 MiB, 21991 MiB, 100 %
2026/03/27 11:59:05.276, 3, NVIDIA RTX 6000 Ada Generation, 49140 MiB, 17248 MiB, 100 %
2026/03/27 11:59:05.399, 4, NVIDIA RTX 6000 Ada Generation, 49140 MiB, 17260 MiB, 100 %
2026/03/27 11:59:05.399, 5, NVIDIA RTX 6000 Ada Generation, 49140 MiB, 2 MiB, 0 %
2026/03/27 11:59:05.399, 6, NVIDIA RTX 6000 Ada Generation, 49140 MiB, 16254 MiB, 14 %
2026/03/27 11:59:05.399, 7, NVIDIA RTX 6000 Ada Generation, 49140 MiB, 21460 MiB, 100 %
2026/03/27 11:59:06.399, 0, NVIDIA RTX 6000 Ada Generation, 49140 MiB, 15890 MiB, 0 %
2026/03/27 11:59:06.399, 1, NVIDIA RTX 6000 Ada Generation, 49140 MiB, 29043 MiB, 100 %
2026/03/27 11:59:06.399, 2, NVIDIA RTX 6000 Ada Generation, 49140 MiB, 21991 MiB, 100 %
2026/03/27 11:59:06.399, 3, NVIDIA RTX 6000 Ada Generation, 49140 MiB, 17248 MiB, 100 %
2026/03/27 11:59:06.400, 4, NVIDIA RTX 6000 Ada Generation, 49140 MiB, 17260 MiB, 100 %
2026/03/27 11:59:06.400, 5, NVIDIA RTX 6000 Ada Generation, 49140 MiB, 2 MiB, 0 %
2026/03/27 11:59:06.400, 6, NVIDIA RTX 6000 Ada Generation, 49140 MiB, 16254 MiB, 13 %
2026/03/27 11:59:06.400, 7, NVIDIA RTX 6000 Ada Generation, 49140 MiB, 21460 MiB, 100 %
2026/03/27 11:59:07.400, 0, NVIDIA RTX 6000 Ada Generation, 49140 MiB, 15890 MiB, 6 %
2026/03/27 11:59:07.511, 1, NVIDIA RTX 6000 Ada Generation, 49140 MiB, 29043 MiB, 100 %
2026/03/27 11:59:07.512, 2, NVIDIA RTX 6000 Ada Generation, 49140 MiB, 21991 MiB, 99 %
2026/03/27 11:59:07.512, 3, NVIDIA RTX 6000 Ada Generation, 49140 MiB, 17248 MiB, 100 %
2026/03/27 11:59:07.512, 4, NVIDIA RTX 6000 Ada Generation, 49140 MiB, 17260 MiB, 100 %
2026/03/27 11:59:07.512, 5, NVIDIA RTX 6000 Ada Generation, 49140 MiB, 2 MiB, 0 %
2026/03/27 11:59:07.512, 6, NVIDIA RTX 6000 Ada Generation, 49140 MiB, 16254 MiB, 13 %
2026/03/27 11:59:07.512, 7, NVIDIA RTX 6000 Ada Generation, 49140 MiB, 21460 MiB, 100 %
2026/03/27 11:59:08.512, 0, NVIDIA RTX 6000 Ada Generation, 49140 MiB, 15890 MiB, 6 %
2026/03/27 11:59:08.513, 1, NVIDIA RTX 6000 Ada Generation, 49140 MiB, 29043 MiB, 100 %
2026/03/27 11:59:08.513, 2, NVIDIA RTX 6000 Ada Generation, 49140 MiB, 21991 MiB, 100 %
2026/03/27 11:59:08.513, 3, NVIDIA RTX 6000 Ada Generation, 49140 MiB, 17248 MiB, 100 %
2026/03/27 11:59:08.513, 4, NVIDIA RTX 6000 Ada Generation, 49140 MiB, 17260 MiB, 100 %
2026/03/27 11:59:08.513, 5, NVIDIA RTX 6000 Ada Generation, 49140 MiB, 2 MiB, 0 %
2026/03/27 11:59:08.654, 6, NVIDIA RTX 6000 Ada Generation, 49140 MiB, 16254 MiB, 0 %
2026/03/27 11:59:08.654, 7, NVIDIA RTX 6000 Ada Generation, 49140 MiB, 21460 MiB, 100 %
2026/03/27 11:59:09.654, 0, NVIDIA RTX 6000 Ada Generation, 49140 MiB, 15890 MiB, 0 %
2026/03/27 11:59:09.655, 1, NVIDIA RTX 6000 Ada Generation, 49140 MiB, 29043 MiB, 100 %
2026/03/27 11:59:09.655, 2, NVIDIA RTX 6000 Ada Generation, 49140 MiB, 21991 MiB, 100 %
2026/03/27 11:59:09.655, 3, NVIDIA RTX 6000 Ada Generation, 49140 MiB, 17248 MiB, 100 %
2026/03/27 11:59:09.655, 4, NVIDIA RTX 6000 Ada Generation, 49140 MiB, 17260 MiB, 100 %
2026/03/27 11:59:09.655, 5, NVIDIA RTX 6000 Ada Generation, 49140 MiB, 2 MiB, 0 %
2026/03/27 11:59:09.655, 6, NVIDIA RTX 6000 Ada Generation, 49140 MiB, 16254 MiB, 0 %
2026/03/27 11:59:09.655, 7, NVIDIA RTX 6000 Ada Generation, 49140 MiB, 21460 MiB, 100 %
2026/03/27 11:59:10.655, 0, NVIDIA RTX 6000 Ada Generation, 49140 MiB, 15890 MiB, 27 %
2026/03/27 11:59:10.655, 1, NVIDIA RTX 6000 Ada Generation, 49140 MiB, 29043 MiB, 100 %
2026/03/27 11:59:10.819, 2, NVIDIA RTX 6000 Ada Generation, 49140 MiB, 21991 MiB, 100 %
2026/03/27 11:59:10.819, 3, NVIDIA RTX 6000 Ada Generation, 49140 MiB, 17248 MiB, 100 %
2026/03/27 11:59:10.819, 4, NVIDIA RTX 6000 Ada Generation, 49140 MiB, 17260 MiB, 100 %
2026/03/27 11:59:10.819, 5, NVIDIA RTX 6000 Ada Generation, 49140 MiB, 2 MiB, 0 %
2026/03/27 11:59:10.819, 6, NVIDIA RTX 6000 Ada Generation, 49140 MiB, 16254 MiB, 0 %
2026/03/27 11:59:10.820, 7, NVIDIA RTX 6000 Ada Generation, 49140 MiB, 21460 MiB, 100 %
2026/03/27 11:59:11.820, 0, NVIDIA RTX 6000 Ada Generation, 49140 MiB, 15890 MiB, 95 %
2026/03/27 11:59:11.820, 1, NVIDIA RTX 6000 Ada Generation, 49140 MiB, 29043 MiB, 100 %
2026/03/27 11:59:11.820, 2, NVIDIA RTX 6000 Ada Generation, 49140 MiB, 21991 MiB, 100 %
2026/03/27 11:59:11.820, 3, NVIDIA RTX 6000 Ada Generation, 49140 MiB, 17248 MiB, 100 %
2026/03/27 11:59:11.820, 4, NVIDIA RTX 6000 Ada Generation, 49140 MiB, 17260 MiB, 100 %
2026/03/27 11:59:11.820, 5, NVIDIA RTX 6000 Ada Generation, 49140 MiB, 2 MiB, 0 %
2026/03/27 11:59:11.820, 6, NVIDIA RTX 6000 Ada Generation, 49140 MiB, 16254 MiB, 0 %
2026/03/27 11:59:11.822, 7, NVIDIA RTX 6000 Ada Generation, 49140 MiB, 21460 MiB, 100 %
2026/03/27 11:59:12.824, 0, NVIDIA RTX 6000 Ada Generation, 49140 MiB, 15890 MiB, 0 %
2026/03/27 11:59:12.824, 1, NVIDIA RTX 6000 Ada Generation, 49140 MiB, 29043 MiB, 100 %
2026/03/27 11:59:12.824, 2, NVIDIA RTX 6000 Ada Generation, 49140 MiB, 21991 MiB, 100 %
2026/03/27 11:59:12.824, 3, NVIDIA RTX 6000 Ada Generation, 49140 MiB, 17248 MiB, 100 %
2026/03/27 11:59:12.824, 4, NVIDIA RTX 6000 Ada Generation, 49140 MiB, 17260 MiB, 100 %
2026/03/27 11:59:12.824, 5, NVIDIA RTX 6000 Ada Generation, 49140 MiB, 2 MiB, 0 %
2026/03/27 11:59:12.824, 6, NVIDIA RTX 6000 Ada Generation, 49140 MiB, 16254 MiB, 0 %
2026/03/27 11:59:12.824, 7, NVIDIA RTX 6000 Ada Generation, 49140 MiB, 21460 MiB, 100 %
2026/03/27 11:59:13.824, 0, NVIDIA RTX 6000 Ada Generation, 49140 MiB, 15890 MiB, 6 %
2026/03/27 11:59:13.825, 1, NVIDIA RTX 6000 Ada Generation, 49140 MiB, 29043 MiB, 100 %
2026/03/27 11:59:13.825, 2, NVIDIA RTX 6000 Ada Generation, 49140 MiB, 21991 MiB, 100 %
2026/03/27 11:59:13.902, 3, NVIDIA RTX 6000 Ada Generation, 49140 MiB, 17248 MiB, 100 %
2026/03/27 11:59:13.903, 4, NVIDIA RTX 6000 Ada Generation, 49140 MiB, 17260 MiB, 100 %
2026/03/27 11:59:13.903, 5, NVIDIA RTX 6000 Ada Generation, 49140 MiB, 2 MiB, 0 %
2026/03/27 11:59:13.903, 6, NVIDIA RTX 6000 Ada Generation, 49140 MiB, 16254 MiB, 0 %
2026/03/27 11:59:13.903, 7, NVIDIA RTX 6000 Ada Generation, 49140 MiB, 21460 MiB, 100 %
2026/03/27 11:59:14.903, 0, NVIDIA RTX 6000 Ada Generation, 49140 MiB, 15890 MiB, 6 %
2026/03/27 11:59:14.903, 1, NVIDIA RTX 6000 Ada Generation, 49140 MiB, 29043 MiB, 100 %
2026/03/27 11:59:14.903, 2, NVIDIA RTX 6000 Ada Generation, 49140 MiB, 21991 MiB, 100 %
2026/03/27 11:59:14.903, 3, NVIDIA RTX 6000 Ada Generation, 49140 MiB, 17248 MiB, 100 %
2026/03/27 11:59:14.903, 4, NVIDIA RTX 6000 Ada Generation, 49140 MiB, 17260 MiB, 100 %
2026/03/27 11:59:14.904, 5, NVIDIA RTX 6000 Ada Generation, 49140 MiB, 2 MiB, 0 %
2026/03/27 11:59:14.904, 6, NVIDIA RTX 6000 Ada Generation, 49140 MiB, 16254 MiB, 0 %
2026/03/27 11:59:14.904, 7, NVIDIA RTX 6000 Ada Generation, 49140 MiB, 21460 MiB, 100 %
2026/03/27 11:59:15.904, 0, NVIDIA RTX 6000 Ada Generation, 49140 MiB, 15890 MiB, 6 %
2026/03/27 11:59:15.904, 1, NVIDIA RTX 6000 Ada Generation, 49140 MiB, 29043 MiB, 100 %
2026/03/27 11:59:15.904, 2, NVIDIA RTX 6000 Ada Generation, 49140 MiB, 21991 MiB, 100 %
2026/03/27 11:59:15.904, 3, NVIDIA RTX 6000 Ada Generation, 49140 MiB, 17248 MiB, 100 %
2026/03/27 11:59:15.904, 4, NVIDIA RTX 6000 Ada Generation, 49140 MiB, 17260 MiB, 100 %
2026/03/27 11:59:15.904, 5, NVIDIA RTX 6000 Ada Generation, 49140 MiB, 2 MiB, 0 %
2026/03/27 11:59:15.904, 6, NVIDIA RTX 6000 Ada Generation, 49140 MiB, 16254 MiB, 0 %
2026/03/27 11:59:15.904, 7, NVIDIA RTX 6000 Ada Generation, 49140 MiB, 21460 MiB, 100 %
2026/03/27 11:59:16.905, 0, NVIDIA RTX 6000 Ada Generation, 49140 MiB, 15890 MiB, 0 %
2026/03/27 11:59:16.905, 1, NVIDIA RTX 6000 Ada Generation, 49140 MiB, 29043 MiB, 100 %
2026/03/27 11:59:16.905, 2, NVIDIA RTX 6000 Ada Generation, 49140 MiB, 21991 MiB, 100 %
2026/03/27 11:59:16.905, 3, NVIDIA RTX 6000 Ada Generation, 49140 MiB, 17248 MiB, 100 %
2026/03/27 11:59:16.910, 4, NVIDIA RTX 6000 Ada Generation, 49140 MiB, 17260 MiB, 100 %
2026/03/27 11:59:16.911, 5, NVIDIA RTX 6000 Ada Generation, 49140 MiB, 2 MiB, 0 %
2026/03/27 11:59:16.911, 6, NVIDIA RTX 6000 Ada Generation, 49140 MiB, 16254 MiB, 0 %
2026/03/27 11:59:16.911, 7, NVIDIA RTX 6000 Ada Generation, 49140 MiB, 21460 MiB, 100 %
2026/03/27 11:59:17.912, 0, NVIDIA RTX 6000 Ada Generation, 49140 MiB, 15890 MiB, 91 %
2026/03/27 11:59:17.912, 1, NVIDIA RTX 6000 Ada Generation, 49140 MiB, 29043 MiB, 100 %
2026/03/27 11:59:17.912, 2, NVIDIA RTX 6000 Ada Generation, 49140 MiB, 21991 MiB, 100 %
2026/03/27 11:59:17.912, 3, NVIDIA RTX 6000 Ada Generation, 49140 MiB, 17248 MiB, 100 %
2026/03/27 11:59:17.912, 4, NVIDIA RTX 6000 Ada Generation, 49140 MiB, 17260 MiB, 100 %
2026/03/27 11:59:17.912, 5, NVIDIA RTX 6000 Ada Generation, 49140 MiB, 2 MiB, 0 %
2026/03/27 11:59:17.912, 6, NVIDIA RTX 6000 Ada Generation, 49140 MiB, 16254 MiB, 0 %
2026/03/27 11:59:17.912, 7, NVIDIA RTX 6000 Ada Generation, 49140 MiB, 21460 MiB, 100 %
2026/03/27 11:59:18.912, 0, NVIDIA RTX 6000 Ada Generation, 49140 MiB, 15890 MiB, 90 %
2026/03/27 11:59:19.183, 1, NVIDIA RTX 6000 Ada Generation, 49140 MiB, 29043 MiB, 100 %
2026/03/27 11:59:19.183, 2, NVIDIA RTX 6000 Ada Generation, 49140 MiB, 21991 MiB, 100 %
2026/03/27 11:59:19.183, 3, NVIDIA RTX 6000 Ada Generation, 49140 MiB, 17248 MiB, 100 %
2026/03/27 11:59:19.184, 4, NVIDIA RTX 6000 Ada Generation, 49140 MiB, 17260 MiB, 100 %
2026/03/27 11:59:19.184, 5, NVIDIA RTX 6000 Ada Generation, 49140 MiB, 2 MiB, 0 %
2026/03/27 11:59:19.184, 6, NVIDIA RTX 6000 Ada Generation, 49140 MiB, 16254 MiB, 0 %
2026/03/27 11:59:19.184, 7, NVIDIA RTX 6000 Ada Generation, 49140 MiB, 21460 MiB, 100 %
2026/03/27 11:59:20.184, 0, NVIDIA RTX 6000 Ada Generation, 49140 MiB, 15890 MiB, 89 %
2026/03/27 11:59:20.184, 1, NVIDIA RTX 6000 Ada Generation, 49140 MiB, 29043 MiB, 100 %
2026/03/27 11:59:20.184, 2, NVIDIA RTX 6000 Ada Generation, 49140 MiB, 21991 MiB, 100 %
2026/03/27 11:59:20.184, 3, NVIDIA RTX 6000 Ada Generation, 49140 MiB, 17248 MiB, 100 %
2026/03/27 11:59:20.184, 4, NVIDIA RTX 6000 Ada Generation, 49140 MiB, 17260 MiB, 100 %
2026/03/27 11:59:20.184, 5, NVIDIA RTX 6000 Ada Generation, 49140 MiB, 2 MiB, 0 %
2026/03/27 11:59:20.334, 6, NVIDIA RTX 6000 Ada Generation, 49140 MiB, 16254 MiB, 0 %
2026/03/27 11:59:20.334, 7, NVIDIA RTX 6000 Ada Generation, 49140 MiB, 21460 MiB, 100 %
2026/03/27 11:59:21.334, 0, NVIDIA RTX 6000 Ada Generation, 49140 MiB, 15890 MiB, 0 %
2026/03/27 11:59:21.334, 1, NVIDIA RTX 6000 Ada Generation, 49140 MiB, 29043 MiB, 100 %
2026/03/27 11:59:21.334, 2, NVIDIA RTX 6000 Ada Generation, 49140 MiB, 21991 MiB, 100 %
2026/03/27 11:59:21.335, 3, NVIDIA RTX 6000 Ada Generation, 49140 MiB, 17248 MiB, 100 %
2026/03/27 11:59:21.335, 4, NVIDIA RTX 6000 Ada Generation, 49140 MiB, 17260 MiB, 100 %
2026/03/27 11:59:21.335, 5, NVIDIA RTX 6000 Ada Generation, 49140 MiB, 2 MiB, 0 %
2026/03/27 11:59:21.335, 6, NVIDIA RTX 6000 Ada Generation, 49140 MiB, 16254 MiB, 0 %
2026/03/27 11:59:21.335, 7, NVIDIA RTX 6000 Ada Generation, 49140 MiB, 21460 MiB, 100 %
2026/03/27 11:59:22.335, 0, NVIDIA RTX 6000 Ada Generation, 49140 MiB, 15890 MiB, 6 %
2026/03/27 11:59:22.353, 1, NVIDIA RTX 6000 Ada Generation, 49140 MiB, 29043 MiB, 100 %
2026/03/27 11:59:22.353, 2, NVIDIA RTX 6000 Ada Generation, 49140 MiB, 21991 MiB, 100 %
2026/03/27 11:59:22.353, 3, NVIDIA RTX 6000 Ada Generation, 49140 MiB, 17248 MiB, 100 %
2026/03/27 11:59:22.354, 4, NVIDIA RTX 6000 Ada Generation, 49140 MiB, 17260 MiB, 100 %
2026/03/27 11:59:22.620, 5, NVIDIA RTX 6000 Ada Generation, 49140 MiB, 2 MiB, 0 %
2026/03/27 11:59:22.622, 6, NVIDIA RTX 6000 Ada Generation, 49140 MiB, 21142 MiB, 0 %
2026/03/27 11:59:22.622, 7, NVIDIA RTX 6000 Ada Generation, 49140 MiB, 21460 MiB, 100 %
2026/03/27 11:59:23.622, 0, NVIDIA RTX 6000 Ada Generation, 49140 MiB, 15890 MiB, 6 %
2026/03/27 11:59:23.622, 1, NVIDIA RTX 6000 Ada Generation, 49140 MiB, 29043 MiB, 100 %
2026/03/27 11:59:23.622, 2, NVIDIA RTX 6000 Ada Generation, 49140 MiB, 21991 MiB, 100 %
2026/03/27 11:59:23.622, 3, NVIDIA RTX 6000 Ada Generation, 49140 MiB, 17248 MiB, 100 %
2026/03/27 11:59:23.622, 4, NVIDIA RTX 6000 Ada Generation, 49140 MiB, 17260 MiB, 100 %
2026/03/27 11:59:23.623, 5, NVIDIA RTX 6000 Ada Generation, 49140 MiB, 2 MiB, 0 %
2026/03/27 11:59:23.623, 6, NVIDIA RTX 6000 Ada Generation, 49140 MiB, 21142 MiB, 0 %
2026/03/27 11:59:23.623, 7, NVIDIA RTX 6000 Ada Generation, 49140 MiB, 21460 MiB, 0 %
2026/03/27 11:59:24.623, 0, NVIDIA RTX 6000 Ada Generation, 49140 MiB, 15890 MiB, 6 %
2026/03/27 11:59:24.623, 1, NVIDIA RTX 6000 Ada Generation, 49140 MiB, 29043 MiB, 100 %
2026/03/27 11:59:24.623, 2, NVIDIA RTX 6000 Ada Generation, 49140 MiB, 21991 MiB, 100 %
2026/03/27 11:59:24.623, 3, NVIDIA RTX 6000 Ada Generation, 49140 MiB, 17248 MiB, 100 %
2026/03/27 11:59:24.623, 4, NVIDIA RTX 6000 Ada Generation, 49140 MiB, 17260 MiB, 100 %
2026/03/27 11:59:24.623, 5, NVIDIA RTX 6000 Ada Generation, 49140 MiB, 2 MiB, 0 %
2026/03/27 11:59:24.623, 6, NVIDIA RTX 6000 Ada Generation, 49140 MiB, 47800 MiB, 91 %
2026/03/27 11:59:24.624, 7, NVIDIA RTX 6000 Ada Generation, 49140 MiB, 21460 MiB, 0 %
2026/03/27 11:59:25.624, 0, NVIDIA RTX 6000 Ada Generation, 49140 MiB, 15890 MiB, 6 %
2026/03/27 11:59:25.646, 1, NVIDIA RTX 6000 Ada Generation, 49140 MiB, 29043 MiB, 100 %
2026/03/27 11:59:25.646, 2, NVIDIA RTX 6000 Ada Generation, 49140 MiB, 21991 MiB, 100 %
2026/03/27 11:59:25.646, 3, NVIDIA RTX 6000 Ada Generation, 49140 MiB, 17248 MiB, 100 %
2026/03/27 11:59:25.647, 4, NVIDIA RTX 6000 Ada Generation, 49140 MiB, 17260 MiB, 100 %
2026/03/27 11:59:25.880, 5, NVIDIA RTX 6000 Ada Generation, 49140 MiB, 2 MiB, 0 %
2026/03/27 11:59:25.882, 6, NVIDIA RTX 6000 Ada Generation, 49140 MiB, 47800 MiB, 0 %
2026/03/27 11:59:25.884, 7, NVIDIA RTX 6000 Ada Generation, 49140 MiB, 21460 MiB, 100 %
2026/03/27 11:59:27.043, 0, NVIDIA RTX 6000 Ada Generation, 49140 MiB, 15890 MiB, 0 %
2026/03/27 11:59:27.043, 1, NVIDIA RTX 6000 Ada Generation, 49140 MiB, 29043 MiB, 100 %
2026/03/27 11:59:27.043, 2, NVIDIA RTX 6000 Ada Generation, 49140 MiB, 21991 MiB, 100 %
2026/03/27 11:59:27.043, 3, NVIDIA RTX 6000 Ada Generation, 49140 MiB, 17248 MiB, 100 %
2026/03/27 11:59:27.043, 4, NVIDIA RTX 6000 Ada Generation, 49140 MiB, 17260 MiB, 100 %
2026/03/27 11:59:27.043, 5, NVIDIA RTX 6000 Ada Generation, 49140 MiB, 2 MiB, 0 %
2026/03/27 11:59:27.043, 6, NVIDIA RTX 6000 Ada Generation, 49140 MiB, 2 MiB, 0 %
2026/03/27 11:59:27.043, 7, NVIDIA RTX 6000 Ada Generation, 49140 MiB, 21460 MiB, 100 %
2026/03/27 11:59:28.044, 0, NVIDIA RTX 6000 Ada Generation, 49140 MiB, 15890 MiB, 6 %
2026/03/27 11:59:28.044, 1, NVIDIA RTX 6000 Ada Generation, 49140 MiB, 29043 MiB, 100 %
2026/03/27 11:59:28.044, 2, NVIDIA RTX 6000 Ada Generation, 49140 MiB, 21991 MiB, 100 %
2026/03/27 11:59:28.264, 3, NVIDIA RTX 6000 Ada Generation, 49140 MiB, 17248 MiB, 100 %
2026/03/27 11:59:28.265, 4, NVIDIA RTX 6000 Ada Generation, 49140 MiB, 17260 MiB, 100 %
2026/03/27 11:59:28.265, 5, NVIDIA RTX 6000 Ada Generation, 49140 MiB, 2 MiB, 0 %
2026/03/27 11:59:28.265, 6, NVIDIA RTX 6000 Ada Generation, 49140 MiB, 2 MiB, 0 %
2026/03/27 11:59:28.265, 7, NVIDIA RTX 6000 Ada Generation, 49140 MiB, 21460 MiB, 100 %
2026/03/27 11:59:29.265, 0, NVIDIA RTX 6000 Ada Generation, 49140 MiB, 15890 MiB, 6 %
2026/03/27 11:59:29.266, 1, NVIDIA RTX 6000 Ada Generation, 49140 MiB, 29043 MiB, 100 %
2026/03/27 11:59:29.267, 2, NVIDIA RTX 6000 Ada Generation, 49140 MiB, 21991 MiB, 100 %
2026/03/27 11:59:29.268, 3, NVIDIA RTX 6000 Ada Generation, 49140 MiB, 17248 MiB, 100 %
2026/03/27 11:59:29.269, 4, NVIDIA RTX 6000 Ada Generation, 49140 MiB, 17260 MiB, 100 %
2026/03/27 11:59:29.270, 5, NVIDIA RTX 6000 Ada Generation, 49140 MiB, 2 MiB, 0 %
2026/03/27 11:59:29.271, 6, NVIDIA RTX 6000 Ada Generation, 49140 MiB, 2 MiB, 0 %
2026/03/27 11:59:29.272, 7, NVIDIA RTX 6000 Ada Generation, 49140 MiB, 21460 MiB, 100 %
2026/03/27 11:59:30.272, 0, NVIDIA RTX 6000 Ada Generation, 49140 MiB, 15890 MiB, 0 %
2026/03/27 11:59:30.272, 1, NVIDIA RTX 6000 Ada Generation, 49140 MiB, 29043 MiB, 100 %
2026/03/27 11:59:30.273, 2, NVIDIA RTX 6000 Ada Generation, 49140 MiB, 21991 MiB, 100 %
2026/03/27 11:59:30.273, 3, NVIDIA RTX 6000 Ada Generation, 49140 MiB, 17248 MiB, 100 %
2026/03/27 11:59:30.273, 4, NVIDIA RTX 6000 Ada Generation, 49140 MiB, 17260 MiB, 100 %
2026/03/27 11:59:30.274, 5, NVIDIA RTX 6000 Ada Generation, 49140 MiB, 2 MiB, 0 %
2026/03/27 11:59:30.274, 6, NVIDIA RTX 6000 Ada Generation, 49140 MiB, 22 MiB, 0 %
2026/03/27 11:59:30.274, 7, NVIDIA RTX 6000 Ada Generation, 49140 MiB, 21460 MiB, 100 %
2026/03/27 11:59:31.275, 0, NVIDIA RTX 6000 Ada Generation, 49140 MiB, 15890 MiB, 0 %
2026/03/27 11:59:31.276, 1, NVIDIA RTX 6000 Ada Generation, 49140 MiB, 29043 MiB, 100 %
2026/03/27 11:59:31.276, 2, NVIDIA RTX 6000 Ada Generation, 49140 MiB, 21991 MiB, 100 %
2026/03/27 11:59:31.276, 3, NVIDIA RTX 6000 Ada Generation, 49140 MiB, 17248 MiB, 100 %
2026/03/27 11:59:31.326, 4, NVIDIA RTX 6000 Ada Generation, 49140 MiB, 17260 MiB, 100 %
2026/03/27 11:59:31.326, 5, NVIDIA RTX 6000 Ada Generation, 49140 MiB, 2 MiB, 0 %
2026/03/27 11:59:31.326, 6, NVIDIA RTX 6000 Ada Generation, 49140 MiB, 16254 MiB, 14 %
2026/03/27 11:59:31.326, 7, NVIDIA RTX 6000 Ada Generation, 49140 MiB, 21460 MiB, 100 %
2026/03/27 11:59:32.327, 0, NVIDIA RTX 6000 Ada Generation, 49140 MiB, 15890 MiB, 95 %
2026/03/27 11:59:32.327, 1, NVIDIA RTX 6000 Ada Generation, 49140 MiB, 29043 MiB, 100 %
2026/03/27 11:59:32.327, 2, NVIDIA RTX 6000 Ada Generation, 49140 MiB, 21991 MiB, 100 %
2026/03/27 11:59:32.327, 3, NVIDIA RTX 6000 Ada Generation, 49140 MiB, 17248 MiB, 100 %
2026/03/27 11:59:32.327, 4, NVIDIA RTX 6000 Ada Generation, 49140 MiB, 17260 MiB, 100 %
2026/03/27 11:59:32.327, 5, NVIDIA RTX 6000 Ada Generation, 49140 MiB, 2 MiB, 0 %
2026/03/27 11:59:32.327, 6, NVIDIA RTX 6000 Ada Generation, 49140 MiB, 16254 MiB, 13 %
2026/03/27 11:59:32.327, 7, NVIDIA RTX 6000 Ada Generation, 49140 MiB, 21460 MiB, 100 %
2026/03/27 11:59:33.327, 0, NVIDIA RTX 6000 Ada Generation, 49140 MiB, 15890 MiB, 95 %
2026/03/27 11:59:33.477, 1, NVIDIA RTX 6000 Ada Generation, 49140 MiB, 29043 MiB, 100 %
2026/03/27 11:59:33.477, 2, NVIDIA RTX 6000 Ada Generation, 49140 MiB, 21991 MiB, 100 %
2026/03/27 11:59:33.478, 3, NVIDIA RTX 6000 Ada Generation, 49140 MiB, 17248 MiB, 100 %
2026/03/27 11:59:33.478, 4, NVIDIA RTX 6000 Ada Generation, 49140 MiB, 17260 MiB, 100 %
2026/03/27 11:59:33.478, 5, NVIDIA RTX 6000 Ada Generation, 49140 MiB, 2 MiB, 0 %
2026/03/27 11:59:33.478, 6, NVIDIA RTX 6000 Ada Generation, 49140 MiB, 16254 MiB, 13 %
2026/03/27 11:59:33.478, 7, NVIDIA RTX 6000 Ada Generation, 49140 MiB, 21460 MiB, 100 %
2026/03/27 11:59:34.478, 0, NVIDIA RTX 6000 Ada Generation, 49140 MiB, 15890 MiB, 0 %
2026/03/27 11:59:34.478, 1, NVIDIA RTX 6000 Ada Generation, 49140 MiB, 29043 MiB, 100 %
2026/03/27 11:59:34.478, 2, NVIDIA RTX 6000 Ada Generation, 49140 MiB, 21991 MiB, 100 %
2026/03/27 11:59:34.478, 3, NVIDIA RTX 6000 Ada Generation, 49140 MiB, 17248 MiB, 100 %
2026/03/27 11:59:34.478, 4, NVIDIA RTX 6000 Ada Generation, 49140 MiB, 17260 MiB, 100 %
2026/03/27 11:59:34.478, 5, NVIDIA RTX 6000 Ada Generation, 49140 MiB, 2 MiB, 0 %
2026/03/27 11:59:34.600, 6, NVIDIA RTX 6000 Ada Generation, 49140 MiB, 16254 MiB, 14 %
2026/03/27 11:59:34.600, 7, NVIDIA RTX 6000 Ada Generation, 49140 MiB, 21460 MiB, 100 %
2026/03/27 11:59:35.600, 0, NVIDIA RTX 6000 Ada Generation, 49140 MiB, 15890 MiB, 6 %
2026/03/27 11:59:35.600, 1, NVIDIA RTX 6000 Ada Generation, 49140 MiB, 29043 MiB, 100 %
2026/03/27 11:59:35.600, 2, NVIDIA RTX 6000 Ada Generation, 49140 MiB, 21991 MiB, 100 %
2026/03/27 11:59:35.600, 3, NVIDIA RTX 6000 Ada Generation, 49140 MiB, 17248 MiB, 100 %
2026/03/27 11:59:35.601, 4, NVIDIA RTX 6000 Ada Generation, 49140 MiB, 17260 MiB, 100 %
2026/03/27 11:59:35.601, 5, NVIDIA RTX 6000 Ada Generation, 49140 MiB, 2 MiB, 0 %
2026/03/27 11:59:35.601, 6, NVIDIA RTX 6000 Ada Generation, 49140 MiB, 16254 MiB, 0 %
2026/03/27 11:59:35.601, 7, NVIDIA RTX 6000 Ada Generation, 49140 MiB, 21460 MiB, 100 %
2026/03/27 11:59:36.601, 0, NVIDIA RTX 6000 Ada Generation, 49140 MiB, 15890 MiB, 6 %
2026/03/27 11:59:36.601, 1, NVIDIA RTX 6000 Ada Generation, 49140 MiB, 29043 MiB, 100 %
2026/03/27 11:59:36.601, 2, NVIDIA RTX 6000 Ada Generation, 49140 MiB, 21991 MiB, 100 %
2026/03/27 11:59:36.782, 3, NVIDIA RTX 6000 Ada Generation, 49140 MiB, 17248 MiB, 100 %
2026/03/27 11:59:36.783, 4, NVIDIA RTX 6000 Ada Generation, 49140 MiB, 17260 MiB, 100 %
2026/03/27 11:59:36.783, 5, NVIDIA RTX 6000 Ada Generation, 49140 MiB, 2 MiB, 0 %
2026/03/27 11:59:36.783, 6, NVIDIA RTX 6000 Ada Generation, 49140 MiB, 16254 MiB, 0 %
2026/03/27 11:59:36.783, 7, NVIDIA RTX 6000 Ada Generation, 49140 MiB, 21460 MiB, 100 %
2026/03/27 11:59:37.784, 0, NVIDIA RTX 6000 Ada Generation, 49140 MiB, 15890 MiB, 5 %
2026/03/27 11:59:37.784, 1, NVIDIA RTX 6000 Ada Generation, 49140 MiB, 29043 MiB, 100 %
2026/03/27 11:59:37.784, 2, NVIDIA RTX 6000 Ada Generation, 49140 MiB, 21991 MiB, 100 %
2026/03/27 11:59:37.784, 3, NVIDIA RTX 6000 Ada Generation, 49140 MiB, 17248 MiB, 100 %
2026/03/27 11:59:37.784, 4, NVIDIA RTX 6000 Ada Generation, 49140 MiB, 17260 MiB, 100 %
2026/03/27 11:59:37.784, 5, NVIDIA RTX 6000 Ada Generation, 49140 MiB, 2 MiB, 0 %
2026/03/27 11:59:37.784, 6, NVIDIA RTX 6000 Ada Generation, 49140 MiB, 16254 MiB, 0 %
2026/03/27 11:59:37.784, 7, NVIDIA RTX 6000 Ada Generation, 49140 MiB, 21460 MiB, 100 %
2026/03/27 11:59:38.784, 0, NVIDIA RTX 6000 Ada Generation, 49140 MiB, 15890 MiB, 6 %
2026/03/27 11:59:38.784, 1, NVIDIA RTX 6000 Ada Generation, 49140 MiB, 29043 MiB, 100 %
2026/03/27 11:59:38.785, 2, NVIDIA RTX 6000 Ada Generation, 49140 MiB, 21991 MiB, 100 %
2026/03/27 11:59:38.785, 3, NVIDIA RTX 6000 Ada Generation, 49140 MiB, 17248 MiB, 100 %
2026/03/27 11:59:38.785, 4, NVIDIA RTX 6000 Ada Generation, 49140 MiB, 17260 MiB, 100 %
2026/03/27 11:59:38.785, 5, NVIDIA RTX 6000 Ada Generation, 49140 MiB, 2 MiB, 0 %
2026/03/27 11:59:38.785, 6, NVIDIA RTX 6000 Ada Generation, 49140 MiB, 16254 MiB, 0 %
2026/03/27 11:59:38.785, 7, NVIDIA RTX 6000 Ada Generation, 49140 MiB, 21460 MiB, 100 %
2026/03/27 11:59:39.785, 0, NVIDIA RTX 6000 Ada Generation, 49140 MiB, 15890 MiB, 6 %
2026/03/27 11:59:39.785, 1, NVIDIA RTX 6000 Ada Generation, 49140 MiB, 29043 MiB, 100 %
2026/03/27 11:59:39.785, 2, NVIDIA RTX 6000 Ada Generation, 49140 MiB, 21991 MiB, 100 %
2026/03/27 11:59:39.785, 3, NVIDIA RTX 6000 Ada Generation, 49140 MiB, 17248 MiB, 100 %
2026/03/27 11:59:39.861, 4, NVIDIA RTX 6000 Ada Generation, 49140 MiB, 17260 MiB, 100 %
2026/03/27 11:59:39.861, 5, NVIDIA RTX 6000 Ada Generation, 49140 MiB, 2 MiB, 0 %
2026/03/27 11:59:39.861, 6, NVIDIA RTX 6000 Ada Generation, 49140 MiB, 16254 MiB, 0 %
2026/03/27 11:59:39.861, 7, NVIDIA RTX 6000 Ada Generation, 49140 MiB, 21460 MiB, 100 %
2026/03/27 11:59:40.861, 0, NVIDIA RTX 6000 Ada Generation, 49140 MiB, 15890 MiB, 6 %
2026/03/27 11:59:40.861, 1, NVIDIA RTX 6000 Ada Generation, 49140 MiB, 29043 MiB, 100 %
2026/03/27 11:59:40.862, 2, NVIDIA RTX 6000 Ada Generation, 49140 MiB, 21991 MiB, 100 %
2026/03/27 11:59:40.862, 3, NVIDIA RTX 6000 Ada Generation, 49140 MiB, 17248 MiB, 100 %
2026/03/27 11:59:40.862, 4, NVIDIA RTX 6000 Ada Generation, 49140 MiB, 17260 MiB, 100 %
2026/03/27 11:59:40.862, 5, NVIDIA RTX 6000 Ada Generation, 49140 MiB, 2 MiB, 0 %
2026/03/27 11:59:40.862, 6, NVIDIA RTX 6000 Ada Generation, 49140 MiB, 16254 MiB, 0 %
2026/03/27 11:59:40.862, 7, NVIDIA RTX 6000 Ada Generation, 49140 MiB, 21460 MiB, 100 %
2026/03/27 11:59:41.862, 0, NVIDIA RTX 6000 Ada Generation, 49140 MiB, 15890 MiB, 6 %
2026/03/27 11:59:41.961, 1, NVIDIA RTX 6000 Ada Generation, 49140 MiB, 29043 MiB, 100 %
2026/03/27 11:59:41.962, 2, NVIDIA RTX 6000 Ada Generation, 49140 MiB, 21991 MiB, 100 %
2026/03/27 11:59:41.962, 3, NVIDIA RTX 6000 Ada Generation, 49140 MiB, 17248 MiB, 100 %
2026/03/27 11:59:41.962, 4, NVIDIA RTX 6000 Ada Generation, 49140 MiB, 17260 MiB, 100 %
2026/03/27 11:59:41.962, 5, NVIDIA RTX 6000 Ada Generation, 49140 MiB, 2 MiB, 0 %
2026/03/27 11:59:41.962, 6, NVIDIA RTX 6000 Ada Generation, 49140 MiB, 16254 MiB, 0 %
2026/03/27 11:59:41.962, 7, NVIDIA RTX 6000 Ada Generation, 49140 MiB, 21460 MiB, 100 %
2026/03/27 11:59:42.962, 0, NVIDIA RTX 6000 Ada Generation, 49140 MiB, 15890 MiB, 6 %
2026/03/27 11:59:42.963, 1, NVIDIA RTX 6000 Ada Generation, 49140 MiB, 29043 MiB, 100 %
2026/03/27 11:59:42.963, 2, NVIDIA RTX 6000 Ada Generation, 49140 MiB, 21991 MiB, 100 %
2026/03/27 11:59:42.963, 3, NVIDIA RTX 6000 Ada Generation, 49140 MiB, 17248 MiB, 100 %
2026/03/27 11:59:42.963, 4, NVIDIA RTX 6000 Ada Generation, 49140 MiB, 17260 MiB, 100 %
2026/03/27 11:59:42.963, 5, NVIDIA RTX 6000 Ada Generation, 49140 MiB, 2 MiB, 0 %
2026/03/27 11:59:43.112, 6, NVIDIA RTX 6000 Ada Generation, 49140 MiB, 16254 MiB, 0 %
2026/03/27 11:59:43.112, 7, NVIDIA RTX 6000 Ada Generation, 49140 MiB, 21460 MiB, 100 %
2026/03/27 11:59:44.112, 0, NVIDIA RTX 6000 Ada Generation, 49140 MiB, 15890 MiB, 0 %
2026/03/27 11:59:44.112, 1, NVIDIA RTX 6000 Ada Generation, 49140 MiB, 29043 MiB, 100 %
2026/03/27 11:59:44.112, 2, NVIDIA RTX 6000 Ada Generation, 49140 MiB, 21991 MiB, 100 %
2026/03/27 11:59:44.113, 3, NVIDIA RTX 6000 Ada Generation, 49140 MiB, 17248 MiB, 100 %
2026/03/27 11:59:44.113, 4, NVIDIA RTX 6000 Ada Generation, 49140 MiB, 17260 MiB, 100 %
2026/03/27 11:59:44.113, 5, NVIDIA RTX 6000 Ada Generation, 49140 MiB, 2 MiB, 0 %
2026/03/27 11:59:44.113, 6, NVIDIA RTX 6000 Ada Generation, 49140 MiB, 16254 MiB, 0 %
2026/03/27 11:59:44.113, 7, NVIDIA RTX 6000 Ada Generation, 49140 MiB, 21460 MiB, 100 %
2026/03/27 11:59:45.113, 0, NVIDIA RTX 6000 Ada Generation, 49140 MiB, 15890 MiB, 0 %
2026/03/27 11:59:45.113, 1, NVIDIA RTX 6000 Ada Generation, 49140 MiB, 29043 MiB, 100 %
2026/03/27 11:59:45.113, 2, NVIDIA RTX 6000 Ada Generation, 49140 MiB, 21991 MiB, 100 %
2026/03/27 11:59:45.220, 3, NVIDIA RTX 6000 Ada Generation, 49140 MiB, 17248 MiB, 100 %
2026/03/27 11:59:45.221, 4, NVIDIA RTX 6000 Ada Generation, 49140 MiB, 17260 MiB, 100 %
2026/03/27 11:59:45.221, 5, NVIDIA RTX 6000 Ada Generation, 49140 MiB, 2 MiB, 0 %
2026/03/27 11:59:45.221, 6, NVIDIA RTX 6000 Ada Generation, 49140 MiB, 16254 MiB, 0 %
2026/03/27 11:59:45.221, 7, NVIDIA RTX 6000 Ada Generation, 49140 MiB, 21460 MiB, 100 %
2026/03/27 11:59:46.221, 0, NVIDIA RTX 6000 Ada Generation, 49140 MiB, 15890 MiB, 89 %
2026/03/27 11:59:46.222, 1, NVIDIA RTX 6000 Ada Generation, 49140 MiB, 29043 MiB, 98 %
2026/03/27 11:59:46.224, 2, NVIDIA RTX 6000 Ada Generation, 49140 MiB, 21991 MiB, 100 %
2026/03/27 11:59:46.225, 3, NVIDIA RTX 6000 Ada Generation, 49140 MiB, 17248 MiB, 100 %
2026/03/27 11:59:46.226, 4, NVIDIA RTX 6000 Ada Generation, 49140 MiB, 17260 MiB, 100 %
2026/03/27 11:59:46.227, 5, NVIDIA RTX 6000 Ada Generation, 49140 MiB, 2 MiB, 0 %
2026/03/27 11:59:46.228, 6, NVIDIA RTX 6000 Ada Generation, 49140 MiB, 16254 MiB, 0 %
2026/03/27 11:59:46.229, 7, NVIDIA RTX 6000 Ada Generation, 49140 MiB, 21460 MiB, 100 %
2026/03/27 11:59:47.231, 0, NVIDIA RTX 6000 Ada Generation, 49140 MiB, 15890 MiB, 90 %
2026/03/27 11:59:47.232, 1, NVIDIA RTX 6000 Ada Generation, 49140 MiB, 29043 MiB, 100 %
2026/03/27 11:59:47.232, 2, NVIDIA RTX 6000 Ada Generation, 49140 MiB, 21991 MiB, 100 %
2026/03/27 11:59:47.232, 3, NVIDIA RTX 6000 Ada Generation, 49140 MiB, 17248 MiB, 100 %
2026/03/27 11:59:47.232, 4, NVIDIA RTX 6000 Ada Generation, 49140 MiB, 17260 MiB, 100 %
2026/03/27 11:59:47.232, 5, NVIDIA RTX 6000 Ada Generation, 49140 MiB, 2 MiB, 0 %
2026/03/27 11:59:47.232, 6, NVIDIA RTX 6000 Ada Generation, 49140 MiB, 16254 MiB, 0 %
2026/03/27 11:59:47.232, 7, NVIDIA RTX 6000 Ada Generation, 49140 MiB, 21460 MiB, 100 %
2026/03/27 11:59:48.232, 0, NVIDIA RTX 6000 Ada Generation, 49140 MiB, 15890 MiB, 0 %
2026/03/27 11:59:48.399, 1, NVIDIA RTX 6000 Ada Generation, 49140 MiB, 29043 MiB, 100 %
2026/03/27 11:59:48.400, 2, NVIDIA RTX 6000 Ada Generation, 49140 MiB, 21991 MiB, 100 %
2026/03/27 11:59:48.400, 3, NVIDIA RTX 6000 Ada Generation, 49140 MiB, 17248 MiB, 100 %
2026/03/27 11:59:48.400, 4, NVIDIA RTX 6000 Ada Generation, 49140 MiB, 17260 MiB, 100 %
2026/03/27 11:59:48.401, 5, NVIDIA RTX 6000 Ada Generation, 49140 MiB, 2 MiB, 0 %
2026/03/27 11:59:48.401, 6, NVIDIA RTX 6000 Ada Generation, 49140 MiB, 21074 MiB, 0 %
2026/03/27 11:59:48.401, 7, NVIDIA RTX 6000 Ada Generation, 49140 MiB, 21460 MiB, 100 %
2026/03/27 11:59:49.401, 0, NVIDIA RTX 6000 Ada Generation, 49140 MiB, 15890 MiB, 5 %
2026/03/27 11:59:49.401, 1, NVIDIA RTX 6000 Ada Generation, 49140 MiB, 29043 MiB, 100 %
2026/03/27 11:59:49.402, 2, NVIDIA RTX 6000 Ada Generation, 49140 MiB, 21991 MiB, 100 %
2026/03/27 11:59:49.402, 3, NVIDIA RTX 6000 Ada Generation, 49140 MiB, 17248 MiB, 100 %
2026/03/27 11:59:49.402, 4, NVIDIA RTX 6000 Ada Generation, 49140 MiB, 17260 MiB, 99 %
2026/03/27 11:59:49.402, 5, NVIDIA RTX 6000 Ada Generation, 49140 MiB, 2 MiB, 0 %
2026/03/27 11:59:49.402, 6, NVIDIA RTX 6000 Ada Generation, 49140 MiB, 32132 MiB, 0 %
2026/03/27 11:59:49.402, 7, NVIDIA RTX 6000 Ada Generation, 49140 MiB, 21460 MiB, 100 %
2026/03/27 11:59:50.402, 0, NVIDIA RTX 6000 Ada Generation, 49140 MiB, 15890 MiB, 6 %
2026/03/27 11:59:50.506, 1, NVIDIA RTX 6000 Ada Generation, 49140 MiB, 29043 MiB, 100 %
2026/03/27 11:59:50.507, 2, NVIDIA RTX 6000 Ada Generation, 49140 MiB, 21991 MiB, 100 %
2026/03/27 11:59:50.507, 3, NVIDIA RTX 6000 Ada Generation, 49140 MiB, 17248 MiB, 100 %
2026/03/27 11:59:50.507, 4, NVIDIA RTX 6000 Ada Generation, 49140 MiB, 17260 MiB, 100 %
2026/03/27 11:59:50.507, 5, NVIDIA RTX 6000 Ada Generation, 49140 MiB, 2 MiB, 0 %
2026/03/27 11:59:50.507, 6, NVIDIA RTX 6000 Ada Generation, 49140 MiB, 47800 MiB, 0 %
2026/03/27 11:59:50.507, 7, NVIDIA RTX 6000 Ada Generation, 49140 MiB, 21460 MiB, 100 %
2026/03/27 11:59:51.507, 0, NVIDIA RTX 6000 Ada Generation, 49140 MiB, 15890 MiB, 6 %
2026/03/27 11:59:51.528, 1, NVIDIA RTX 6000 Ada Generation, 49140 MiB, 29043 MiB, 100 %
2026/03/27 11:59:51.529, 2, NVIDIA RTX 6000 Ada Generation, 49140 MiB, 21991 MiB, 100 %
2026/03/27 11:59:51.531, 3, NVIDIA RTX 6000 Ada Generation, 49140 MiB, 17248 MiB, 100 %
2026/03/27 11:59:51.696, 4, NVIDIA RTX 6000 Ada Generation, 49140 MiB, 17260 MiB, 100 %
2026/03/27 11:59:51.855, 5, NVIDIA RTX 6000 Ada Generation, 49140 MiB, 2 MiB, 0 %
2026/03/27 11:59:51.856, 6, NVIDIA RTX 6000 Ada Generation, 49140 MiB, 47800 MiB, 0 %
2026/03/27 11:59:51.856, 7, NVIDIA RTX 6000 Ada Generation, 49140 MiB, 21460 MiB, 100 %
2026/03/27 11:59:52.857, 0, NVIDIA RTX 6000 Ada Generation, 49140 MiB, 15890 MiB, 3 %
2026/03/27 11:59:52.857, 1, NVIDIA RTX 6000 Ada Generation, 49140 MiB, 29043 MiB, 100 %
2026/03/27 11:59:52.857, 2, NVIDIA RTX 6000 Ada Generation, 49140 MiB, 21991 MiB, 100 %
2026/03/27 11:59:52.857, 3, NVIDIA RTX 6000 Ada Generation, 49140 MiB, 17248 MiB, 100 %
2026/03/27 11:59:52.857, 4, NVIDIA RTX 6000 Ada Generation, 49140 MiB, 17260 MiB, 100 %
2026/03/27 11:59:52.857, 5, NVIDIA RTX 6000 Ada Generation, 49140 MiB, 2 MiB, 0 %
2026/03/27 11:59:52.857, 6, NVIDIA RTX 6000 Ada Generation, 49140 MiB, 2 MiB, 100 %
2026/03/27 11:59:52.857, 7, NVIDIA RTX 6000 Ada Generation, 49140 MiB, 21460 MiB, 100 %
2026/03/27 11:59:53.857, 0, NVIDIA RTX 6000 Ada Generation, 49140 MiB, 15890 MiB, 6 %
2026/03/27 11:59:53.858, 1, NVIDIA RTX 6000 Ada Generation, 49140 MiB, 29043 MiB, 100 %
2026/03/27 11:59:53.858, 2, NVIDIA RTX 6000 Ada Generation, 49140 MiB, 21991 MiB, 100 %
2026/03/27 11:59:53.925, 3, NVIDIA RTX 6000 Ada Generation, 49140 MiB, 17248 MiB, 100 %
2026/03/27 11:59:53.926, 4, NVIDIA RTX 6000 Ada Generation, 49140 MiB, 17260 MiB, 100 %
2026/03/27 11:59:53.926, 5, NVIDIA RTX 6000 Ada Generation, 49140 MiB, 2 MiB, 0 %
2026/03/27 11:59:53.926, 6, NVIDIA RTX 6000 Ada Generation, 49140 MiB, 2 MiB, 0 %
2026/03/27 11:59:53.926, 7, NVIDIA RTX 6000 Ada Generation, 49140 MiB, 21460 MiB, 100 %
2026/03/27 11:59:54.926, 0, NVIDIA RTX 6000 Ada Generation, 49140 MiB, 15890 MiB, 6 %
2026/03/27 11:59:54.927, 1, NVIDIA RTX 6000 Ada Generation, 49140 MiB, 29043 MiB, 100 %
2026/03/27 11:59:54.927, 2, NVIDIA RTX 6000 Ada Generation, 49140 MiB, 21991 MiB, 100 %
2026/03/27 11:59:54.928, 3, NVIDIA RTX 6000 Ada Generation, 49140 MiB, 17248 MiB, 100 %
2026/03/27 11:59:54.928, 4, NVIDIA RTX 6000 Ada Generation, 49140 MiB, 17260 MiB, 100 %
2026/03/27 11:59:54.928, 5, NVIDIA RTX 6000 Ada Generation, 49140 MiB, 2 MiB, 0 %
2026/03/27 11:59:54.928, 6, NVIDIA RTX 6000 Ada Generation, 49140 MiB, 2 MiB, 0 %
2026/03/27 11:59:54.929, 7, NVIDIA RTX 6000 Ada Generation, 49140 MiB, 21460 MiB, 100 %
2026/03/27 11:59:55.929, 0, NVIDIA RTX 6000 Ada Generation, 49140 MiB, 15890 MiB, 3 %
2026/03/27 11:59:55.929, 1, NVIDIA RTX 6000 Ada Generation, 49140 MiB, 29043 MiB, 100 %
2026/03/27 11:59:55.929, 2, NVIDIA RTX 6000 Ada Generation, 49140 MiB, 21991 MiB, 99 %
2026/03/27 11:59:55.929, 3, NVIDIA RTX 6000 Ada Generation, 49140 MiB, 17248 MiB, 100 %
2026/03/27 11:59:55.930, 4, NVIDIA RTX 6000 Ada Generation, 49140 MiB, 17260 MiB, 100 %
2026/03/27 11:59:55.930, 5, NVIDIA RTX 6000 Ada Generation, 49140 MiB, 2 MiB, 0 %
2026/03/27 11:59:55.930, 6, NVIDIA RTX 6000 Ada Generation, 49140 MiB, 16254 MiB, 0 %
2026/03/27 11:59:55.930, 7, NVIDIA RTX 6000 Ada Generation, 49140 MiB, 21460 MiB, 100 %
2026/03/27 11:59:56.930, 0, NVIDIA RTX 6000 Ada Generation, 49140 MiB, 15890 MiB, 0 %
2026/03/27 11:59:56.930, 1, NVIDIA RTX 6000 Ada Generation, 49140 MiB, 29043 MiB, 100 %
2026/03/27 11:59:56.930, 2, NVIDIA RTX 6000 Ada Generation, 49140 MiB, 21991 MiB, 100 %
2026/03/27 11:59:56.930, 3, NVIDIA RTX 6000 Ada Generation, 49140 MiB, 17248 MiB, 100 %
2026/03/27 11:59:56.952, 4, NVIDIA RTX 6000 Ada Generation, 49140 MiB, 17260 MiB, 100 %
2026/03/27 11:59:56.953, 5, NVIDIA RTX 6000 Ada Generation, 49140 MiB, 2 MiB, 0 %
2026/03/27 11:59:56.953, 6, NVIDIA RTX 6000 Ada Generation, 49140 MiB, 16254 MiB, 13 %
2026/03/27 11:59:56.953, 7, NVIDIA RTX 6000 Ada Generation, 49140 MiB, 21460 MiB, 100 %
2026/03/27 11:59:57.953, 0, NVIDIA RTX 6000 Ada Generation, 49140 MiB, 15890 MiB, 91 %
2026/03/27 11:59:57.953, 1, NVIDIA RTX 6000 Ada Generation, 49140 MiB, 29043 MiB, 100 %
2026/03/27 11:59:57.953, 2, NVIDIA RTX 6000 Ada Generation, 49140 MiB, 21991 MiB, 100 %
2026/03/27 11:59:57.953, 3, NVIDIA RTX 6000 Ada Generation, 49140 MiB, 17248 MiB, 100 %
2026/03/27 11:59:57.954, 4, NVIDIA RTX 6000 Ada Generation, 49140 MiB, 17260 MiB, 100 %
2026/03/27 11:59:57.954, 5, NVIDIA RTX 6000 Ada Generation, 49140 MiB, 2 MiB, 0 %
2026/03/27 11:59:57.954, 6, NVIDIA RTX 6000 Ada Generation, 49140 MiB, 16254 MiB, 13 %
2026/03/27 11:59:57.954, 7, NVIDIA RTX 6000 Ada Generation, 49140 MiB, 21460 MiB, 100 %
2026/03/27 11:59:58.954, 0, NVIDIA RTX 6000 Ada Generation, 49140 MiB, 15890 MiB, 90 %
2026/03/27 11:59:59.264, 1, NVIDIA RTX 6000 Ada Generation, 49140 MiB, 29043 MiB, 100 %
2026/03/27 11:59:59.265, 2, NVIDIA RTX 6000 Ada Generation, 49140 MiB, 21991 MiB, 100 %
2026/03/27 11:59:59.265, 3, NVIDIA RTX 6000 Ada Generation, 49140 MiB, 17248 MiB, 100 %
2026/03/27 11:59:59.265, 4, NVIDIA RTX 6000 Ada Generation, 49140 MiB, 17260 MiB, 100 %
2026/03/27 11:59:59.265, 5, NVIDIA RTX 6000 Ada Generation, 49140 MiB, 2 MiB, 0 %
2026/03/27 11:59:59.265, 6, NVIDIA RTX 6000 Ada Generation, 49140 MiB, 16254 MiB, 14 %
2026/03/27 11:59:59.265, 7, NVIDIA RTX 6000 Ada Generation, 49140 MiB, 21460 MiB, 100 %
2026/03/27 12:00:00.265, 0, NVIDIA RTX 6000 Ada Generation, 49140 MiB, 15890 MiB, 0 %
2026/03/27 12:00:00.265, 1, NVIDIA RTX 6000 Ada Generation, 49140 MiB, 29043 MiB, 100 %
2026/03/27 12:00:00.265, 2, NVIDIA RTX 6000 Ada Generation, 49140 MiB, 21991 MiB, 100 %
2026/03/27 12:00:00.266, 3, NVIDIA RTX 6000 Ada Generation, 49140 MiB, 17248 MiB, 100 %
2026/03/27 12:00:00.266, 4, NVIDIA RTX 6000 Ada Generation, 49140 MiB, 17260 MiB, 100 %
2026/03/27 12:00:00.266, 5, NVIDIA RTX 6000 Ada Generation, 49140 MiB, 2 MiB, 0 %
2026/03/27 12:00:00.356, 6, NVIDIA RTX 6000 Ada Generation, 49140 MiB, 16254 MiB, 14 %
2026/03/27 12:00:00.356, 7, NVIDIA RTX 6000 Ada Generation, 49140 MiB, 21460 MiB, 100 %
2026/03/27 12:00:01.356, 0, NVIDIA RTX 6000 Ada Generation, 49140 MiB, 15890 MiB, 6 %
2026/03/27 12:00:01.357, 1, NVIDIA RTX 6000 Ada Generation, 49140 MiB, 29043 MiB, 100 %
2026/03/27 12:00:01.357, 2, NVIDIA RTX 6000 Ada Generation, 49140 MiB, 21991 MiB, 100 %
2026/03/27 12:00:01.357, 3, NVIDIA RTX 6000 Ada Generation, 49140 MiB, 17248 MiB, 100 %
2026/03/27 12:00:01.357, 4, NVIDIA RTX 6000 Ada Generation, 49140 MiB, 17260 MiB, 100 %
2026/03/27 12:00:01.357, 5, NVIDIA RTX 6000 Ada Generation, 49140 MiB, 2 MiB, 0 %
2026/03/27 12:00:01.357, 6, NVIDIA RTX 6000 Ada Generation, 49140 MiB, 16254 MiB, 9 %
2026/03/27 12:00:01.357, 7, NVIDIA RTX 6000 Ada Generation, 49140 MiB, 21460 MiB, 100 %
2026/03/27 12:00:02.357, 0, NVIDIA RTX 6000 Ada Generation, 49140 MiB, 15890 MiB, 6 %
2026/03/27 12:00:02.357, 1, NVIDIA RTX 6000 Ada Generation, 49140 MiB, 29043 MiB, 100 %
2026/03/27 12:00:02.357, 2, NVIDIA RTX 6000 Ada Generation, 49140 MiB, 21991 MiB, 100 %
2026/03/27 12:00:02.567, 3, NVIDIA RTX 6000 Ada Generation, 49140 MiB, 17248 MiB, 100 %
2026/03/27 12:00:02.567, 4, NVIDIA RTX 6000 Ada Generation, 49140 MiB, 17260 MiB, 100 %
2026/03/27 12:00:02.567, 5, NVIDIA RTX 6000 Ada Generation, 49140 MiB, 2 MiB, 0 %
2026/03/27 12:00:02.567, 6, NVIDIA RTX 6000 Ada Generation, 49140 MiB, 16254 MiB, 0 %
2026/03/27 12:00:02.567, 7, NVIDIA RTX 6000 Ada Generation, 49140 MiB, 21460 MiB, 100 %
2026/03/27 12:00:03.568, 0, NVIDIA RTX 6000 Ada Generation, 49140 MiB, 15890 MiB, 6 %
2026/03/27 12:00:03.568, 1, NVIDIA RTX 6000 Ada Generation, 49140 MiB, 29043 MiB, 100 %
2026/03/27 12:00:03.568, 2, NVIDIA RTX 6000 Ada Generation, 49140 MiB, 21991 MiB, 100 %
2026/03/27 12:00:03.568, 3, NVIDIA RTX 6000 Ada Generation, 49140 MiB, 17248 MiB, 100 %
2026/03/27 12:00:03.568, 4, NVIDIA RTX 6000 Ada Generation, 49140 MiB, 17260 MiB, 100 %
2026/03/27 12:00:03.568, 5, NVIDIA RTX 6000 Ada Generation, 49140 MiB, 2 MiB, 0 %
2026/03/27 12:00:03.568, 6, NVIDIA RTX 6000 Ada Generation, 49140 MiB, 16254 MiB, 0 %
2026/03/27 12:00:03.568, 7, NVIDIA RTX 6000 Ada Generation, 49140 MiB, 21460 MiB, 100 %
2026/03/27 12:00:04.568, 0, NVIDIA RTX 6000 Ada Generation, 49140 MiB, 15890 MiB, 6 %
2026/03/27 12:00:04.569, 1, NVIDIA RTX 6000 Ada Generation, 49140 MiB, 29043 MiB, 100 %
2026/03/27 12:00:04.569, 2, NVIDIA RTX 6000 Ada Generation, 49140 MiB, 21991 MiB, 100 %
2026/03/27 12:00:04.569, 3, NVIDIA RTX 6000 Ada Generation, 49140 MiB, 17248 MiB, 100 %
2026/03/27 12:00:04.569, 4, NVIDIA RTX 6000 Ada Generation, 49140 MiB, 17260 MiB, 100 %
2026/03/27 12:00:04.569, 5, NVIDIA RTX 6000 Ada Generation, 49140 MiB, 2 MiB, 0 %
2026/03/27 12:00:04.569, 6, NVIDIA RTX 6000 Ada Generation, 49140 MiB, 16254 MiB, 0 %
2026/03/27 12:00:04.569, 7, NVIDIA RTX 6000 Ada Generation, 49140 MiB, 21460 MiB, 100 %
2026/03/27 12:00:05.569, 0, NVIDIA RTX 6000 Ada Generation, 49140 MiB, 15890 MiB, 0 %
2026/03/27 12:00:05.569, 1, NVIDIA RTX 6000 Ada Generation, 49140 MiB, 29043 MiB, 100 %
2026/03/27 12:00:05.569, 2, NVIDIA RTX 6000 Ada Generation, 49140 MiB, 21991 MiB, 100 %
2026/03/27 12:00:05.569, 3, NVIDIA RTX 6000 Ada Generation, 49140 MiB, 17248 MiB, 100 %
2026/03/27 12:00:05.570, 4, NVIDIA RTX 6000 Ada Generation, 49140 MiB, 17260 MiB, 100 %
2026/03/27 12:00:05.774, 5, NVIDIA RTX 6000 Ada Generation, 49140 MiB, 2 MiB, 0 %
2026/03/27 12:00:05.775, 6, NVIDIA RTX 6000 Ada Generation, 49140 MiB, 16254 MiB, 0 %
2026/03/27 12:00:05.775, 7, NVIDIA RTX 6000 Ada Generation, 49140 MiB, 21460 MiB, 100 %
2026/03/27 12:00:06.775, 0, NVIDIA RTX 6000 Ada Generation, 49140 MiB, 15890 MiB, 91 %
2026/03/27 12:00:06.775, 1, NVIDIA RTX 6000 Ada Generation, 49140 MiB, 29043 MiB, 100 %
2026/03/27 12:00:06.775, 2, NVIDIA RTX 6000 Ada Generation, 49140 MiB, 21991 MiB, 99 %
2026/03/27 12:00:06.776, 3, NVIDIA RTX 6000 Ada Generation, 49140 MiB, 17248 MiB, 100 %
2026/03/27 12:00:06.776, 4, NVIDIA RTX 6000 Ada Generation, 49140 MiB, 17260 MiB, 100 %
2026/03/27 12:00:06.776, 5, NVIDIA RTX 6000 Ada Generation, 49140 MiB, 2 MiB, 0 %
2026/03/27 12:00:06.776, 6, NVIDIA RTX 6000 Ada Generation, 49140 MiB, 16254 MiB, 0 %
2026/03/27 12:00:06.776, 7, NVIDIA RTX 6000 Ada Generation, 49140 MiB, 21460 MiB, 100 %
2026/03/27 12:00:07.776, 0, NVIDIA RTX 6000 Ada Generation, 49140 MiB, 15890 MiB, 95 %
2026/03/27 12:00:07.846, 1, NVIDIA RTX 6000 Ada Generation, 49140 MiB, 29043 MiB, 100 %
2026/03/27 12:00:07.847, 2, NVIDIA RTX 6000 Ada Generation, 49140 MiB, 21991 MiB, 100 %
2026/03/27 12:00:07.847, 3, NVIDIA RTX 6000 Ada Generation, 49140 MiB, 17248 MiB, 100 %
2026/03/27 12:00:07.847, 4, NVIDIA RTX 6000 Ada Generation, 49140 MiB, 17260 MiB, 100 %
2026/03/27 12:00:07.847, 5, NVIDIA RTX 6000 Ada Generation, 49140 MiB, 2 MiB, 0 %
2026/03/27 12:00:07.847, 6, NVIDIA RTX 6000 Ada Generation, 49140 MiB, 16254 MiB, 0 %
2026/03/27 12:00:07.847, 7, NVIDIA RTX 6000 Ada Generation, 49140 MiB, 21460 MiB, 100 %
2026/03/27 12:00:08.847, 0, NVIDIA RTX 6000 Ada Generation, 49140 MiB, 15890 MiB, 95 %
2026/03/27 12:00:08.847, 1, NVIDIA RTX 6000 Ada Generation, 49140 MiB, 29043 MiB, 100 %
2026/03/27 12:00:08.847, 2, NVIDIA RTX 6000 Ada Generation, 49140 MiB, 21991 MiB, 100 %
2026/03/27 12:00:08.847, 3, NVIDIA RTX 6000 Ada Generation, 49140 MiB, 17248 MiB, 100 %
2026/03/27 12:00:08.848, 4, NVIDIA RTX 6000 Ada Generation, 49140 MiB, 17260 MiB, 100 %
2026/03/27 12:00:08.848, 5, NVIDIA RTX 6000 Ada Generation, 49140 MiB, 2 MiB, 0 %
2026/03/27 12:00:08.904, 6, NVIDIA RTX 6000 Ada Generation, 49140 MiB, 16254 MiB, 0 %
2026/03/27 12:00:08.904, 7, NVIDIA RTX 6000 Ada Generation, 49140 MiB, 21460 MiB, 100 %
2026/03/27 12:00:09.904, 0, NVIDIA RTX 6000 Ada Generation, 49140 MiB, 15890 MiB, 3 %
2026/03/27 12:00:09.904, 1, NVIDIA RTX 6000 Ada Generation, 49140 MiB, 29043 MiB, 100 %
2026/03/27 12:00:09.904, 2, NVIDIA RTX 6000 Ada Generation, 49140 MiB, 21991 MiB, 100 %
2026/03/27 12:00:09.904, 3, NVIDIA RTX 6000 Ada Generation, 49140 MiB, 17248 MiB, 98 %
2026/03/27 12:00:09.904, 4, NVIDIA RTX 6000 Ada Generation, 49140 MiB, 17260 MiB, 100 %
2026/03/27 12:00:09.905, 5, NVIDIA RTX 6000 Ada Generation, 49140 MiB, 2 MiB, 0 %
2026/03/27 12:00:09.905, 6, NVIDIA RTX 6000 Ada Generation, 49140 MiB, 16254 MiB, 0 %
2026/03/27 12:00:09.905, 7, NVIDIA RTX 6000 Ada Generation, 49140 MiB, 21460 MiB, 100 %
2026/03/27 12:00:10.905, 0, NVIDIA RTX 6000 Ada Generation, 49140 MiB, 15890 MiB, 6 %
2026/03/27 12:00:10.905, 1, NVIDIA RTX 6000 Ada Generation, 49140 MiB, 29043 MiB, 100 %
2026/03/27 12:00:10.905, 2, NVIDIA RTX 6000 Ada Generation, 49140 MiB, 21991 MiB, 100 %
2026/03/27 12:00:11.108, 3, NVIDIA RTX 6000 Ada Generation, 49140 MiB, 17248 MiB, 100 %
2026/03/27 12:00:11.109, 4, NVIDIA RTX 6000 Ada Generation, 49140 MiB, 17260 MiB, 100 %
2026/03/27 12:00:11.109, 5, NVIDIA RTX 6000 Ada Generation, 49140 MiB, 2 MiB, 0 %
2026/03/27 12:00:11.109, 6, NVIDIA RTX 6000 Ada Generation, 49140 MiB, 16254 MiB, 0 %
2026/03/27 12:00:11.109, 7, NVIDIA RTX 6000 Ada Generation, 49140 MiB, 21460 MiB, 100 %
2026/03/27 12:00:12.109, 0, NVIDIA RTX 6000 Ada Generation, 49140 MiB, 15890 MiB, 0 %
2026/03/27 12:00:12.109, 1, NVIDIA RTX 6000 Ada Generation, 49140 MiB, 29043 MiB, 100 %
2026/03/27 12:00:12.109, 2, NVIDIA RTX 6000 Ada Generation, 49140 MiB, 21991 MiB, 100 %
2026/03/27 12:00:12.109, 3, NVIDIA RTX 6000 Ada Generation, 49140 MiB, 17248 MiB, 100 %
2026/03/27 12:00:12.109, 4, NVIDIA RTX 6000 Ada Generation, 49140 MiB, 17260 MiB, 100 %
2026/03/27 12:00:12.110, 5, NVIDIA RTX 6000 Ada Generation, 49140 MiB, 2 MiB, 0 %
2026/03/27 12:00:12.110, 6, NVIDIA RTX 6000 Ada Generation, 49140 MiB, 16254 MiB, 0 %
2026/03/27 12:00:12.110, 7, NVIDIA RTX 6000 Ada Generation, 49140 MiB, 21460 MiB, 100 %
2026/03/27 12:00:13.110, 0, NVIDIA RTX 6000 Ada Generation, 49140 MiB, 15890 MiB, 6 %
2026/03/27 12:00:13.110, 1, NVIDIA RTX 6000 Ada Generation, 49140 MiB, 29043 MiB, 100 %
2026/03/27 12:00:13.110, 2, NVIDIA RTX 6000 Ada Generation, 49140 MiB, 21991 MiB, 100 %
2026/03/27 12:00:13.110, 3, NVIDIA RTX 6000 Ada Generation, 49140 MiB, 17248 MiB, 100 %
2026/03/27 12:00:13.110, 4, NVIDIA RTX 6000 Ada Generation, 49140 MiB, 17260 MiB, 100 %
2026/03/27 12:00:13.110, 5, NVIDIA RTX 6000 Ada Generation, 49140 MiB, 2 MiB, 0 %
2026/03/27 12:00:13.110, 6, NVIDIA RTX 6000 Ada Generation, 49140 MiB, 16254 MiB, 0 %
2026/03/27 12:00:13.110, 7, NVIDIA RTX 6000 Ada Generation, 49140 MiB, 21460 MiB, 100 %
2026/03/27 12:00:14.110, 0, NVIDIA RTX 6000 Ada Generation, 49140 MiB, 15890 MiB, 6 %
2026/03/27 12:00:14.122, 1, NVIDIA RTX 6000 Ada Generation, 49140 MiB, 29043 MiB, 100 %
2026/03/27 12:00:14.122, 2, NVIDIA RTX 6000 Ada Generation, 49140 MiB, 21991 MiB, 100 %
2026/03/27 12:00:14.122, 3, NVIDIA RTX 6000 Ada Generation, 49140 MiB, 17248 MiB, 100 %
2026/03/27 12:00:14.122, 4, NVIDIA RTX 6000 Ada Generation, 49140 MiB, 17260 MiB, 100 %
2026/03/27 12:00:14.123, 5, NVIDIA RTX 6000 Ada Generation, 49140 MiB, 2 MiB, 0 %
2026/03/27 12:00:14.123, 6, NVIDIA RTX 6000 Ada Generation, 49140 MiB, 21074 MiB, 0 %
2026/03/27 12:00:14.123, 7, NVIDIA RTX 6000 Ada Generation, 49140 MiB, 21460 MiB, 100 %
2026/03/27 12:00:15.123, 0, NVIDIA RTX 6000 Ada Generation, 49140 MiB, 15890 MiB, 3 %
2026/03/27 12:00:15.123, 1, NVIDIA RTX 6000 Ada Generation, 49140 MiB, 29043 MiB, 100 %
2026/03/27 12:00:15.123, 2, NVIDIA RTX 6000 Ada Generation, 49140 MiB, 21991 MiB, 100 %
2026/03/27 12:00:15.123, 3, NVIDIA RTX 6000 Ada Generation, 49140 MiB, 17248 MiB, 100 %
2026/03/27 12:00:15.123, 4, NVIDIA RTX 6000 Ada Generation, 49140 MiB, 17260 MiB, 100 %
2026/03/27 12:00:15.123, 5, NVIDIA RTX 6000 Ada Generation, 49140 MiB, 2 MiB, 0 %
2026/03/27 12:00:15.123, 6, NVIDIA RTX 6000 Ada Generation, 49140 MiB, 32132 MiB, 39 %
2026/03/27 12:00:15.123, 7, NVIDIA RTX 6000 Ada Generation, 49140 MiB, 21460 MiB, 100 %
2026/03/27 12:00:16.124, 0, NVIDIA RTX 6000 Ada Generation, 49140 MiB, 15890 MiB, 6 %
2026/03/27 12:00:16.208, 1, NVIDIA RTX 6000 Ada Generation, 49140 MiB, 29043 MiB, 99 %
2026/03/27 12:00:16.209, 2, NVIDIA RTX 6000 Ada Generation, 49140 MiB, 21991 MiB, 100 %
2026/03/27 12:00:16.209, 3, NVIDIA RTX 6000 Ada Generation, 49140 MiB, 17248 MiB, 100 %
2026/03/27 12:00:16.209, 4, NVIDIA RTX 6000 Ada Generation, 49140 MiB, 17260 MiB, 100 %
2026/03/27 12:00:16.209, 5, NVIDIA RTX 6000 Ada Generation, 49140 MiB, 2 MiB, 0 %
2026/03/27 12:00:16.209, 6, NVIDIA RTX 6000 Ada Generation, 49140 MiB, 47800 MiB, 70 %
2026/03/27 12:00:16.209, 7, NVIDIA RTX 6000 Ada Generation, 49140 MiB, 21460 MiB, 100 %
2026/03/27 12:00:17.209, 0, NVIDIA RTX 6000 Ada Generation, 49140 MiB, 15890 MiB, 6 %
2026/03/27 12:00:17.293, 1, NVIDIA RTX 6000 Ada Generation, 49140 MiB, 29043 MiB, 100 %
2026/03/27 12:00:17.450, 2, NVIDIA RTX 6000 Ada Generation, 49140 MiB, 21991 MiB, 100 %
2026/03/27 12:00:17.452, 3, NVIDIA RTX 6000 Ada Generation, 49140 MiB, 17248 MiB, 100 %
2026/03/27 12:00:17.641, 4, NVIDIA RTX 6000 Ada Generation, 49140 MiB, 17260 MiB, 100 %
2026/03/27 12:00:17.644, 5, NVIDIA RTX 6000 Ada Generation, 49140 MiB, 2 MiB, 0 %
2026/03/27 12:00:17.653, 6, NVIDIA RTX 6000 Ada Generation, 49140 MiB, 47800 MiB, 0 %
2026/03/27 12:00:17.657, 7, NVIDIA RTX 6000 Ada Generation, 49140 MiB, 21460 MiB, 100 %
2026/03/27 12:00:18.659, 0, NVIDIA RTX 6000 Ada Generation, 49140 MiB, 15890 MiB, 6 %
2026/03/27 12:00:18.659, 1, NVIDIA RTX 6000 Ada Generation, 49140 MiB, 29043 MiB, 100 %
2026/03/27 12:00:18.659, 2, NVIDIA RTX 6000 Ada Generation, 49140 MiB, 21991 MiB, 99 %
2026/03/27 12:00:18.659, 3, NVIDIA RTX 6000 Ada Generation, 49140 MiB, 17248 MiB, 100 %
2026/03/27 12:00:18.659, 4, NVIDIA RTX 6000 Ada Generation, 49140 MiB, 17260 MiB, 100 %
2026/03/27 12:00:18.660, 5, NVIDIA RTX 6000 Ada Generation, 49140 MiB, 2 MiB, 0 %
2026/03/27 12:00:18.660, 6, NVIDIA RTX 6000 Ada Generation, 49140 MiB, 2 MiB, 25 %
2026/03/27 12:00:18.660, 7, NVIDIA RTX 6000 Ada Generation, 49140 MiB, 21460 MiB, 100 %
2026/03/27 12:00:19.660, 0, NVIDIA RTX 6000 Ada Generation, 49140 MiB, 15890 MiB, 0 %
2026/03/27 12:00:19.660, 1, NVIDIA RTX 6000 Ada Generation, 49140 MiB, 29043 MiB, 100 %
2026/03/27 12:00:19.660, 2, NVIDIA RTX 6000 Ada Generation, 49140 MiB, 21991 MiB, 100 %
2026/03/27 12:00:19.660, 3, NVIDIA RTX 6000 Ada Generation, 49140 MiB, 17248 MiB, 100 %
2026/03/27 12:00:19.714, 4, NVIDIA RTX 6000 Ada Generation, 49140 MiB, 17260 MiB, 100 %
2026/03/27 12:00:19.714, 5, NVIDIA RTX 6000 Ada Generation, 49140 MiB, 2 MiB, 0 %
2026/03/27 12:00:19.715, 6, NVIDIA RTX 6000 Ada Generation, 49140 MiB, 2 MiB, 0 %
2026/03/27 12:00:19.715, 7, NVIDIA RTX 6000 Ada Generation, 49140 MiB, 21460 MiB, 100 %
2026/03/27 12:00:20.715, 0, NVIDIA RTX 6000 Ada Generation, 49140 MiB, 15890 MiB, 0 %
2026/03/27 12:00:20.715, 1, NVIDIA RTX 6000 Ada Generation, 49140 MiB, 29043 MiB, 100 %
2026/03/27 12:00:20.715, 2, NVIDIA RTX 6000 Ada Generation, 49140 MiB, 21991 MiB, 100 %
2026/03/27 12:00:20.715, 3, NVIDIA RTX 6000 Ada Generation, 49140 MiB, 17248 MiB, 100 %
2026/03/27 12:00:20.715, 4, NVIDIA RTX 6000 Ada Generation, 49140 MiB, 17260 MiB, 100 %
2026/03/27 12:00:20.715, 5, NVIDIA RTX 6000 Ada Generation, 49140 MiB, 2 MiB, 0 %
2026/03/27 12:00:20.715, 6, NVIDIA RTX 6000 Ada Generation, 49140 MiB, 2 MiB, 0 %
2026/03/27 12:00:20.715, 7, NVIDIA RTX 6000 Ada Generation, 49140 MiB, 21460 MiB, 100 %
2026/03/27 12:00:21.716, 0, NVIDIA RTX 6000 Ada Generation, 49140 MiB, 15890 MiB, 93 %
2026/03/27 12:00:22.053, 1, NVIDIA RTX 6000 Ada Generation, 49140 MiB, 29043 MiB, 100 %
2026/03/27 12:00:22.053, 2, NVIDIA RTX 6000 Ada Generation, 49140 MiB, 21991 MiB, 100 %
2026/03/27 12:00:22.053, 3, NVIDIA RTX 6000 Ada Generation, 49140 MiB, 17248 MiB, 100 %
2026/03/27 12:00:22.053, 4, NVIDIA RTX 6000 Ada Generation, 49140 MiB, 17260 MiB, 100 %
2026/03/27 12:00:22.053, 5, NVIDIA RTX 6000 Ada Generation, 49140 MiB, 2 MiB, 0 %
2026/03/27 12:00:22.053, 6, NVIDIA RTX 6000 Ada Generation, 49140 MiB, 16254 MiB, 13 %
2026/03/27 12:00:22.054, 7, NVIDIA RTX 6000 Ada Generation, 49140 MiB, 21460 MiB, 100 %
2026/03/27 12:00:23.054, 0, NVIDIA RTX 6000 Ada Generation, 49140 MiB, 15890 MiB, 90 %
2026/03/27 12:00:23.054, 1, NVIDIA RTX 6000 Ada Generation, 49140 MiB, 29043 MiB, 100 %
2026/03/27 12:00:23.054, 2, NVIDIA RTX 6000 Ada Generation, 49140 MiB, 21991 MiB, 100 %
2026/03/27 12:00:23.054, 3, NVIDIA RTX 6000 Ada Generation, 49140 MiB, 17248 MiB, 100 %
2026/03/27 12:00:23.054, 4, NVIDIA RTX 6000 Ada Generation, 49140 MiB, 17260 MiB, 100 %
2026/03/27 12:00:23.054, 5, NVIDIA RTX 6000 Ada Generation, 49140 MiB, 2 MiB, 0 %
2026/03/27 12:00:23.124, 6, NVIDIA RTX 6000 Ada Generation, 49140 MiB, 16254 MiB, 14 %
2026/03/27 12:00:23.124, 7, NVIDIA RTX 6000 Ada Generation, 49140 MiB, 21460 MiB, 100 %
2026/03/27 12:00:24.124, 0, NVIDIA RTX 6000 Ada Generation, 49140 MiB, 15890 MiB, 0 %
2026/03/27 12:00:24.124, 1, NVIDIA RTX 6000 Ada Generation, 49140 MiB, 29043 MiB, 100 %
2026/03/27 12:00:24.124, 2, NVIDIA RTX 6000 Ada Generation, 49140 MiB, 21991 MiB, 100 %
2026/03/27 12:00:24.124, 3, NVIDIA RTX 6000 Ada Generation, 49140 MiB, 17248 MiB, 100 %
2026/03/27 12:00:24.124, 4, NVIDIA RTX 6000 Ada Generation, 49140 MiB, 17260 MiB, 100 %
2026/03/27 12:00:24.124, 5, NVIDIA RTX 6000 Ada Generation, 49140 MiB, 2 MiB, 0 %
2026/03/27 12:00:24.125, 6, NVIDIA RTX 6000 Ada Generation, 49140 MiB, 16254 MiB, 14 %
2026/03/27 12:00:24.125, 7, NVIDIA RTX 6000 Ada Generation, 49140 MiB, 21460 MiB, 100 %
2026/03/27 12:00:25.125, 0, NVIDIA RTX 6000 Ada Generation, 49140 MiB, 15890 MiB, 6 %
2026/03/27 12:00:25.125, 1, NVIDIA RTX 6000 Ada Generation, 49140 MiB, 29043 MiB, 100 %
2026/03/27 12:00:25.125, 2, NVIDIA RTX 6000 Ada Generation, 49140 MiB, 21991 MiB, 98 %
2026/03/27 12:00:25.354, 3, NVIDIA RTX 6000 Ada Generation, 49140 MiB, 17248 MiB, 100 %
2026/03/27 12:00:25.354, 4, NVIDIA RTX 6000 Ada Generation, 49140 MiB, 17260 MiB, 100 %
2026/03/27 12:00:25.354, 5, NVIDIA RTX 6000 Ada Generation, 49140 MiB, 2 MiB, 0 %
2026/03/27 12:00:25.354, 6, NVIDIA RTX 6000 Ada Generation, 49140 MiB, 16254 MiB, 14 %
2026/03/27 12:00:25.354, 7, NVIDIA RTX 6000 Ada Generation, 49140 MiB, 21460 MiB, 100 %
2026/03/27 12:00:26.354, 0, NVIDIA RTX 6000 Ada Generation, 49140 MiB, 15890 MiB, 6 %
2026/03/27 12:00:26.355, 1, NVIDIA RTX 6000 Ada Generation, 49140 MiB, 29043 MiB, 100 %
2026/03/27 12:00:26.355, 2, NVIDIA RTX 6000 Ada Generation, 49140 MiB, 21991 MiB, 100 %
2026/03/27 12:00:26.355, 3, NVIDIA RTX 6000 Ada Generation, 49140 MiB, 17248 MiB, 100 %
2026/03/27 12:00:26.355, 4, NVIDIA RTX 6000 Ada Generation, 49140 MiB, 17260 MiB, 100 %
2026/03/27 12:00:26.355, 5, NVIDIA RTX 6000 Ada Generation, 49140 MiB, 2 MiB, 0 %
2026/03/27 12:00:26.355, 6, NVIDIA RTX 6000 Ada Generation, 49140 MiB, 16254 MiB, 14 %
2026/03/27 12:00:26.355, 7, NVIDIA RTX 6000 Ada Generation, 49140 MiB, 21460 MiB, 100 %
2026/03/27 12:00:27.355, 0, NVIDIA RTX 6000 Ada Generation, 49140 MiB, 15890 MiB, 6 %
2026/03/27 12:00:27.355, 1, NVIDIA RTX 6000 Ada Generation, 49140 MiB, 29043 MiB, 100 %
2026/03/27 12:00:27.355, 2, NVIDIA RTX 6000 Ada Generation, 49140 MiB, 21991 MiB, 100 %
2026/03/27 12:00:27.355, 3, NVIDIA RTX 6000 Ada Generation, 49140 MiB, 17248 MiB, 100 %
2026/03/27 12:00:27.356, 4, NVIDIA RTX 6000 Ada Generation, 49140 MiB, 17260 MiB, 100 %
2026/03/27 12:00:27.356, 5, NVIDIA RTX 6000 Ada Generation, 49140 MiB, 2 MiB, 0 %
2026/03/27 12:00:27.356, 6, NVIDIA RTX 6000 Ada Generation, 49140 MiB, 16254 MiB, 0 %
2026/03/27 12:00:27.356, 7, NVIDIA RTX 6000 Ada Generation, 49140 MiB, 21460 MiB, 100 %
2026/03/27 12:00:28.356, 0, NVIDIA RTX 6000 Ada Generation, 49140 MiB, 15890 MiB, 6 %
2026/03/27 12:00:28.356, 1, NVIDIA RTX 6000 Ada Generation, 49140 MiB, 29043 MiB, 100 %
2026/03/27 12:00:28.356, 2, NVIDIA RTX 6000 Ada Generation, 49140 MiB, 21991 MiB, 100 %
2026/03/27 12:00:28.356, 3, NVIDIA RTX 6000 Ada Generation, 49140 MiB, 17248 MiB, 100 %
2026/03/27 12:00:28.400, 4, NVIDIA RTX 6000 Ada Generation, 49140 MiB, 17260 MiB, 100 %
2026/03/27 12:00:28.400, 5, NVIDIA RTX 6000 Ada Generation, 49140 MiB, 2 MiB, 0 %
2026/03/27 12:00:28.400, 6, NVIDIA RTX 6000 Ada Generation, 49140 MiB, 16254 MiB, 0 %
2026/03/27 12:00:28.400, 7, NVIDIA RTX 6000 Ada Generation, 49140 MiB, 21460 MiB, 100 %
2026/03/27 12:00:29.400, 0, NVIDIA RTX 6000 Ada Generation, 49140 MiB, 15890 MiB, 0 %
2026/03/27 12:00:29.401, 1, NVIDIA RTX 6000 Ada Generation, 49140 MiB, 29043 MiB, 100 %
2026/03/27 12:00:29.401, 2, NVIDIA RTX 6000 Ada Generation, 49140 MiB, 21991 MiB, 100 %
2026/03/27 12:00:29.401, 3, NVIDIA RTX 6000 Ada Generation, 49140 MiB, 17248 MiB, 100 %
2026/03/27 12:00:29.401, 4, NVIDIA RTX 6000 Ada Generation, 49140 MiB, 17260 MiB, 100 %
2026/03/27 12:00:29.401, 5, NVIDIA RTX 6000 Ada Generation, 49140 MiB, 2 MiB, 0 %
2026/03/27 12:00:29.401, 6, NVIDIA RTX 6000 Ada Generation, 49140 MiB, 16254 MiB, 0 %
2026/03/27 12:00:29.401, 7, NVIDIA RTX 6000 Ada Generation, 49140 MiB, 21460 MiB, 100 %
2026/03/27 12:00:30.401, 0, NVIDIA RTX 6000 Ada Generation, 49140 MiB, 15890 MiB, 92 %
2026/03/27 12:00:30.689, 1, NVIDIA RTX 6000 Ada Generation, 49140 MiB, 29043 MiB, 98 %
2026/03/27 12:00:30.690, 2, NVIDIA RTX 6000 Ada Generation, 49140 MiB, 21991 MiB, 100 %
2026/03/27 12:00:30.690, 3, NVIDIA RTX 6000 Ada Generation, 49140 MiB, 17248 MiB, 100 %
2026/03/27 12:00:30.690, 4, NVIDIA RTX 6000 Ada Generation, 49140 MiB, 17260 MiB, 100 %
2026/03/27 12:00:30.690, 5, NVIDIA RTX 6000 Ada Generation, 49140 MiB, 2 MiB, 0 %
2026/03/27 12:00:30.690, 6, NVIDIA RTX 6000 Ada Generation, 49140 MiB, 16254 MiB, 0 %
2026/03/27 12:00:30.690, 7, NVIDIA RTX 6000 Ada Generation, 49140 MiB, 21460 MiB, 100 %
2026/03/27 12:00:31.691, 0, NVIDIA RTX 6000 Ada Generation, 49140 MiB, 15890 MiB, 92 %
2026/03/27 12:00:31.691, 1, NVIDIA RTX 6000 Ada Generation, 49140 MiB, 29043 MiB, 100 %
2026/03/27 12:00:31.691, 2, NVIDIA RTX 6000 Ada Generation, 49140 MiB, 21991 MiB, 100 %
2026/03/27 12:00:31.691, 3, NVIDIA RTX 6000 Ada Generation, 49140 MiB, 17248 MiB, 100 %
2026/03/27 12:00:31.691, 4, NVIDIA RTX 6000 Ada Generation, 49140 MiB, 17260 MiB, 100 %
2026/03/27 12:00:31.691, 5, NVIDIA RTX 6000 Ada Generation, 49140 MiB, 2 MiB, 0 %
2026/03/27 12:00:31.763, 6, NVIDIA RTX 6000 Ada Generation, 49140 MiB, 16254 MiB, 0 %
2026/03/27 12:00:31.764, 7, NVIDIA RTX 6000 Ada Generation, 49140 MiB, 21460 MiB, 100 %
2026/03/27 12:00:32.764, 0, NVIDIA RTX 6000 Ada Generation, 49140 MiB, 15890 MiB, 0 %
2026/03/27 12:00:32.764, 1, NVIDIA RTX 6000 Ada Generation, 49140 MiB, 29043 MiB, 100 %
2026/03/27 12:00:32.764, 2, NVIDIA RTX 6000 Ada Generation, 49140 MiB, 21991 MiB, 100 %
2026/03/27 12:00:32.764, 3, NVIDIA RTX 6000 Ada Generation, 49140 MiB, 17248 MiB, 100 %
2026/03/27 12:00:32.764, 4, NVIDIA RTX 6000 Ada Generation, 49140 MiB, 17260 MiB, 100 %
2026/03/27 12:00:32.764, 5, NVIDIA RTX 6000 Ada Generation, 49140 MiB, 2 MiB, 0 %
2026/03/27 12:00:32.764, 6, NVIDIA RTX 6000 Ada Generation, 49140 MiB, 16254 MiB, 0 %
2026/03/27 12:00:32.764, 7, NVIDIA RTX 6000 Ada Generation, 49140 MiB, 21460 MiB, 100 %
2026/03/27 12:00:33.764, 0, NVIDIA RTX 6000 Ada Generation, 49140 MiB, 15890 MiB, 0 %
2026/03/27 12:00:33.764, 1, NVIDIA RTX 6000 Ada Generation, 49140 MiB, 29043 MiB, 100 %
2026/03/27 12:00:33.764, 2, NVIDIA RTX 6000 Ada Generation, 49140 MiB, 21991 MiB, 100 %
2026/03/27 12:00:33.930, 3, NVIDIA RTX 6000 Ada Generation, 49140 MiB, 17248 MiB, 100 %
2026/03/27 12:00:33.931, 4, NVIDIA RTX 6000 Ada Generation, 49140 MiB, 17260 MiB, 100 %
2026/03/27 12:00:33.931, 5, NVIDIA RTX 6000 Ada Generation, 49140 MiB, 2 MiB, 0 %
2026/03/27 12:00:33.931, 6, NVIDIA RTX 6000 Ada Generation, 49140 MiB, 16254 MiB, 0 %
2026/03/27 12:00:33.931, 7, NVIDIA RTX 6000 Ada Generation, 49140 MiB, 21460 MiB, 100 %
2026/03/27 12:00:34.931, 0, NVIDIA RTX 6000 Ada Generation, 49140 MiB, 15890 MiB, 6 %
2026/03/27 12:00:34.931, 1, NVIDIA RTX 6000 Ada Generation, 49140 MiB, 29043 MiB, 100 %
2026/03/27 12:00:34.931, 2, NVIDIA RTX 6000 Ada Generation, 49140 MiB, 21991 MiB, 100 %
2026/03/27 12:00:34.931, 3, NVIDIA RTX 6000 Ada Generation, 49140 MiB, 17248 MiB, 100 %
2026/03/27 12:00:34.931, 4, NVIDIA RTX 6000 Ada Generation, 49140 MiB, 17260 MiB, 100 %
2026/03/27 12:00:34.931, 5, NVIDIA RTX 6000 Ada Generation, 49140 MiB, 2 MiB, 0 %
2026/03/27 12:00:34.931, 6, NVIDIA RTX 6000 Ada Generation, 49140 MiB, 16254 MiB, 0 %
2026/03/27 12:00:34.931, 7, NVIDIA RTX 6000 Ada Generation, 49140 MiB, 21460 MiB, 100 %
2026/03/27 12:00:35.931, 0, NVIDIA RTX 6000 Ada Generation, 49140 MiB, 15890 MiB, 6 %
2026/03/27 12:00:35.931, 1, NVIDIA RTX 6000 Ada Generation, 49140 MiB, 29043 MiB, 100 %
2026/03/27 12:00:35.931, 2, NVIDIA RTX 6000 Ada Generation, 49140 MiB, 21991 MiB, 100 %
2026/03/27 12:00:35.932, 3, NVIDIA RTX 6000 Ada Generation, 49140 MiB, 17248 MiB, 100 %
2026/03/27 12:00:35.932, 4, NVIDIA RTX 6000 Ada Generation, 49140 MiB, 17260 MiB, 100 %
2026/03/27 12:00:35.932, 5, NVIDIA RTX 6000 Ada Generation, 49140 MiB, 2 MiB, 0 %
2026/03/27 12:00:35.932, 6, NVIDIA RTX 6000 Ada Generation, 49140 MiB, 16254 MiB, 0 %
2026/03/27 12:00:35.932, 7, NVIDIA RTX 6000 Ada Generation, 49140 MiB, 21460 MiB, 100 %
2026/03/27 12:00:36.932, 0, NVIDIA RTX 6000 Ada Generation, 49140 MiB, 15890 MiB, 6 %
2026/03/27 12:00:36.932, 1, NVIDIA RTX 6000 Ada Generation, 49140 MiB, 29043 MiB, 100 %
2026/03/27 12:00:36.933, 2, NVIDIA RTX 6000 Ada Generation, 49140 MiB, 21991 MiB, 100 %
2026/03/27 12:00:36.933, 3, NVIDIA RTX 6000 Ada Generation, 49140 MiB, 17248 MiB, 100 %
2026/03/27 12:00:36.949, 4, NVIDIA RTX 6000 Ada Generation, 49140 MiB, 17260 MiB, 100 %
2026/03/27 12:00:36.950, 5, NVIDIA RTX 6000 Ada Generation, 49140 MiB, 2 MiB, 0 %
2026/03/27 12:00:36.950, 6, NVIDIA RTX 6000 Ada Generation, 49140 MiB, 18988 MiB, 5 %
2026/03/27 12:00:36.950, 7, NVIDIA RTX 6000 Ada Generation, 49140 MiB, 21460 MiB, 100 %
2026/03/27 12:00:37.950, 0, NVIDIA RTX 6000 Ada Generation, 49140 MiB, 15890 MiB, 6 %
2026/03/27 12:00:37.950, 1, NVIDIA RTX 6000 Ada Generation, 49140 MiB, 29043 MiB, 100 %
2026/03/27 12:00:37.950, 2, NVIDIA RTX 6000 Ada Generation, 49140 MiB, 21991 MiB, 100 %
2026/03/27 12:00:37.950, 3, NVIDIA RTX 6000 Ada Generation, 49140 MiB, 17248 MiB, 100 %
2026/03/27 12:00:37.950, 4, NVIDIA RTX 6000 Ada Generation, 49140 MiB, 17260 MiB, 100 %
2026/03/27 12:00:37.950, 5, NVIDIA RTX 6000 Ada Generation, 49140 MiB, 2 MiB, 0 %
2026/03/27 12:00:37.950, 6, NVIDIA RTX 6000 Ada Generation, 49140 MiB, 26558 MiB, 5 %
2026/03/27 12:00:37.950, 7, NVIDIA RTX 6000 Ada Generation, 49140 MiB, 21460 MiB, 100 %
2026/03/27 12:00:38.950, 0, NVIDIA RTX 6000 Ada Generation, 49140 MiB, 15890 MiB, 6 %
2026/03/27 12:00:39.045, 1, NVIDIA RTX 6000 Ada Generation, 49140 MiB, 29043 MiB, 100 %
2026/03/27 12:00:39.046, 2, NVIDIA RTX 6000 Ada Generation, 49140 MiB, 21991 MiB, 100 %
2026/03/27 12:00:39.046, 3, NVIDIA RTX 6000 Ada Generation, 49140 MiB, 17248 MiB, 100 %
2026/03/27 12:00:39.046, 4, NVIDIA RTX 6000 Ada Generation, 49140 MiB, 17260 MiB, 100 %
2026/03/27 12:00:39.046, 5, NVIDIA RTX 6000 Ada Generation, 49140 MiB, 2 MiB, 0 %
2026/03/27 12:00:39.046, 6, NVIDIA RTX 6000 Ada Generation, 49140 MiB, 45774 MiB, 0 %
2026/03/27 12:00:39.046, 7, NVIDIA RTX 6000 Ada Generation, 49140 MiB, 21460 MiB, 100 %
2026/03/27 12:00:40.046, 0, NVIDIA RTX 6000 Ada Generation, 49140 MiB, 15890 MiB, 6 %
2026/03/27 12:00:40.158, 1, NVIDIA RTX 6000 Ada Generation, 49140 MiB, 29043 MiB, 100 %
2026/03/27 12:00:40.160, 2, NVIDIA RTX 6000 Ada Generation, 49140 MiB, 21991 MiB, 100 %
2026/03/27 12:00:40.160, 3, NVIDIA RTX 6000 Ada Generation, 49140 MiB, 17248 MiB, 100 %
2026/03/27 12:00:40.160, 4, NVIDIA RTX 6000 Ada Generation, 49140 MiB, 17260 MiB, 100 %
2026/03/27 12:00:40.160, 5, NVIDIA RTX 6000 Ada Generation, 49140 MiB, 2 MiB, 0 %
2026/03/27 12:00:40.160, 6, NVIDIA RTX 6000 Ada Generation, 49140 MiB, 45774 MiB, 0 %
2026/03/27 12:00:40.314, 7, NVIDIA RTX 6000 Ada Generation, 49140 MiB, 21460 MiB, 100 %
2026/03/27 12:00:41.317, 0, NVIDIA RTX 6000 Ada Generation, 49140 MiB, 15890 MiB, 6 %
2026/03/27 12:00:41.317, 1, NVIDIA RTX 6000 Ada Generation, 49140 MiB, 29043 MiB, 100 %
2026/03/27 12:00:41.317, 2, NVIDIA RTX 6000 Ada Generation, 49140 MiB, 21991 MiB, 100 %
2026/03/27 12:00:41.317, 3, NVIDIA RTX 6000 Ada Generation, 49140 MiB, 17248 MiB, 100 %
2026/03/27 12:00:41.317, 4, NVIDIA RTX 6000 Ada Generation, 49140 MiB, 17260 MiB, 99 %
2026/03/27 12:00:41.317, 5, NVIDIA RTX 6000 Ada Generation, 49140 MiB, 2 MiB, 0 %
2026/03/27 12:00:41.317, 6, NVIDIA RTX 6000 Ada Generation, 49140 MiB, 2 MiB, 100 %
2026/03/27 12:00:41.317, 7, NVIDIA RTX 6000 Ada Generation, 49140 MiB, 21460 MiB, 100 %
2026/03/27 12:00:42.317, 0, NVIDIA RTX 6000 Ada Generation, 49140 MiB, 15890 MiB, 6 %
2026/03/27 12:00:42.317, 1, NVIDIA RTX 6000 Ada Generation, 49140 MiB, 29043 MiB, 100 %
2026/03/27 12:00:42.317, 2, NVIDIA RTX 6000 Ada Generation, 49140 MiB, 21991 MiB, 100 %
2026/03/27 12:00:42.393, 3, NVIDIA RTX 6000 Ada Generation, 49140 MiB, 17248 MiB, 100 %
2026/03/27 12:00:42.394, 4, NVIDIA RTX 6000 Ada Generation, 49140 MiB, 17260 MiB, 100 %
2026/03/27 12:00:42.394, 5, NVIDIA RTX 6000 Ada Generation, 49140 MiB, 2 MiB, 0 %
2026/03/27 12:00:42.394, 6, NVIDIA RTX 6000 Ada Generation, 49140 MiB, 2 MiB, 0 %
2026/03/27 12:00:42.394, 7, NVIDIA RTX 6000 Ada Generation, 49140 MiB, 21460 MiB, 100 %
2026/03/27 12:00:43.394, 0, NVIDIA RTX 6000 Ada Generation, 49140 MiB, 15890 MiB, 6 %
2026/03/27 12:00:43.394, 1, NVIDIA RTX 6000 Ada Generation, 49140 MiB, 29043 MiB, 100 %
2026/03/27 12:00:43.394, 2, NVIDIA RTX 6000 Ada Generation, 49140 MiB, 21991 MiB, 100 %
2026/03/27 12:00:43.394, 3, NVIDIA RTX 6000 Ada Generation, 49140 MiB, 17248 MiB, 100 %
2026/03/27 12:00:43.395, 4, NVIDIA RTX 6000 Ada Generation, 49140 MiB, 17260 MiB, 100 %
2026/03/27 12:00:43.395, 5, NVIDIA RTX 6000 Ada Generation, 49140 MiB, 2 MiB, 0 %
2026/03/27 12:00:43.395, 6, NVIDIA RTX 6000 Ada Generation, 49140 MiB, 2 MiB, 0 %
2026/03/27 12:00:43.395, 7, NVIDIA RTX 6000 Ada Generation, 49140 MiB, 21460 MiB, 100 %
2026/03/27 12:00:44.395, 0, NVIDIA RTX 6000 Ada Generation, 49140 MiB, 15890 MiB, 0 %
2026/03/27 12:00:44.395, 1, NVIDIA RTX 6000 Ada Generation, 49140 MiB, 29043 MiB, 100 %
2026/03/27 12:00:44.395, 2, NVIDIA RTX 6000 Ada Generation, 49140 MiB, 21991 MiB, 100 %
2026/03/27 12:00:44.395, 3, NVIDIA RTX 6000 Ada Generation, 49140 MiB, 17248 MiB, 99 %
2026/03/27 12:00:44.395, 4, NVIDIA RTX 6000 Ada Generation, 49140 MiB, 17260 MiB, 100 %
2026/03/27 12:00:44.395, 5, NVIDIA RTX 6000 Ada Generation, 49140 MiB, 2 MiB, 0 %
2026/03/27 12:00:44.395, 6, NVIDIA RTX 6000 Ada Generation, 49140 MiB, 4 MiB, 0 %
2026/03/27 12:00:44.395, 7, NVIDIA RTX 6000 Ada Generation, 49140 MiB, 21460 MiB, 100 %
2026/03/27 12:00:45.395, 0, NVIDIA RTX 6000 Ada Generation, 49140 MiB, 15890 MiB, 0 %
2026/03/27 12:00:45.574, 1, NVIDIA RTX 6000 Ada Generation, 49140 MiB, 29043 MiB, 100 %
2026/03/27 12:00:45.574, 2, NVIDIA RTX 6000 Ada Generation, 49140 MiB, 21991 MiB, 100 %
2026/03/27 12:00:45.575, 3, NVIDIA RTX 6000 Ada Generation, 49140 MiB, 17248 MiB, 100 %
2026/03/27 12:00:45.575, 4, NVIDIA RTX 6000 Ada Generation, 49140 MiB, 17260 MiB, 100 %
2026/03/27 12:00:45.575, 5, NVIDIA RTX 6000 Ada Generation, 49140 MiB, 2 MiB, 0 %
2026/03/27 12:00:45.575, 6, NVIDIA RTX 6000 Ada Generation, 49140 MiB, 4 MiB, 0 %
2026/03/27 12:00:45.575, 7, NVIDIA RTX 6000 Ada Generation, 49140 MiB, 21460 MiB, 100 %
2026/03/27 12:00:46.575, 0, NVIDIA RTX 6000 Ada Generation, 49140 MiB, 15890 MiB, 84 %
2026/03/27 12:00:46.576, 1, NVIDIA RTX 6000 Ada Generation, 49140 MiB, 29043 MiB, 100 %
2026/03/27 12:00:46.576, 2, NVIDIA RTX 6000 Ada Generation, 49140 MiB, 21991 MiB, 100 %
2026/03/27 12:00:46.576, 3, NVIDIA RTX 6000 Ada Generation, 49140 MiB, 17248 MiB, 100 %
2026/03/27 12:00:46.576, 4, NVIDIA RTX 6000 Ada Generation, 49140 MiB, 17260 MiB, 100 %
2026/03/27 12:00:46.576, 5, NVIDIA RTX 6000 Ada Generation, 49140 MiB, 2 MiB, 0 %
2026/03/27 12:00:46.576, 6, NVIDIA RTX 6000 Ada Generation, 49140 MiB, 16254 MiB, 0 %
2026/03/27 12:00:46.576, 7, NVIDIA RTX 6000 Ada Generation, 49140 MiB, 21460 MiB, 100 %
2026/03/27 12:00:47.576, 0, NVIDIA RTX 6000 Ada Generation, 49140 MiB, 15890 MiB, 92 %
2026/03/27 12:00:47.657, 1, NVIDIA RTX 6000 Ada Generation, 49140 MiB, 29043 MiB, 100 %
2026/03/27 12:00:47.658, 2, NVIDIA RTX 6000 Ada Generation, 49140 MiB, 21991 MiB, 100 %
2026/03/27 12:00:47.658, 3, NVIDIA RTX 6000 Ada Generation, 49140 MiB, 17248 MiB, 100 %
2026/03/27 12:00:47.658, 4, NVIDIA RTX 6000 Ada Generation, 49140 MiB, 17260 MiB, 100 %
2026/03/27 12:00:47.658, 5, NVIDIA RTX 6000 Ada Generation, 49140 MiB, 2 MiB, 0 %
2026/03/27 12:00:47.658, 6, NVIDIA RTX 6000 Ada Generation, 49140 MiB, 16254 MiB, 18 %
2026/03/27 12:00:47.658, 7, NVIDIA RTX 6000 Ada Generation, 49140 MiB, 21460 MiB, 100 %
2026/03/27 12:00:48.658, 0, NVIDIA RTX 6000 Ada Generation, 49140 MiB, 15890 MiB, 0 %
2026/03/27 12:00:48.658, 1, NVIDIA RTX 6000 Ada Generation, 49140 MiB, 29043 MiB, 100 %
2026/03/27 12:00:48.659, 2, NVIDIA RTX 6000 Ada Generation, 49140 MiB, 21991 MiB, 100 %
2026/03/27 12:00:48.659, 3, NVIDIA RTX 6000 Ada Generation, 49140 MiB, 17248 MiB, 100 %
2026/03/27 12:00:48.659, 4, NVIDIA RTX 6000 Ada Generation, 49140 MiB, 17260 MiB, 100 %
2026/03/27 12:00:48.659, 5, NVIDIA RTX 6000 Ada Generation, 49140 MiB, 2 MiB, 0 %
2026/03/27 12:00:48.715, 6, NVIDIA RTX 6000 Ada Generation, 49140 MiB, 16254 MiB, 13 %
2026/03/27 12:00:48.715, 7, NVIDIA RTX 6000 Ada Generation, 49140 MiB, 21460 MiB, 100 %
2026/03/27 12:00:49.715, 0, NVIDIA RTX 6000 Ada Generation, 49140 MiB, 15890 MiB, 6 %
2026/03/27 12:00:49.716, 1, NVIDIA RTX 6000 Ada Generation, 49140 MiB, 29043 MiB, 100 %
2026/03/27 12:00:49.716, 2, NVIDIA RTX 6000 Ada Generation, 49140 MiB, 21991 MiB, 100 %
2026/03/27 12:00:49.716, 3, NVIDIA RTX 6000 Ada Generation, 49140 MiB, 17248 MiB, 100 %
2026/03/27 12:00:49.716, 4, NVIDIA RTX 6000 Ada Generation, 49140 MiB, 17260 MiB, 99 %
2026/03/27 12:00:49.716, 5, NVIDIA RTX 6000 Ada Generation, 49140 MiB, 2 MiB, 0 %
2026/03/27 12:00:49.716, 6, NVIDIA RTX 6000 Ada Generation, 49140 MiB, 16254 MiB, 16 %
2026/03/27 12:00:49.716, 7, NVIDIA RTX 6000 Ada Generation, 49140 MiB, 21460 MiB, 100 %
2026/03/27 12:00:50.716, 0, NVIDIA RTX 6000 Ada Generation, 49140 MiB, 15890 MiB, 6 %
2026/03/27 12:00:50.716, 1, NVIDIA RTX 6000 Ada Generation, 49140 MiB, 29043 MiB, 100 %
2026/03/27 12:00:50.717, 2, NVIDIA RTX 6000 Ada Generation, 49140 MiB, 21991 MiB, 100 %
2026/03/27 12:00:50.717, 3, NVIDIA RTX 6000 Ada Generation, 49140 MiB, 17248 MiB, 100 %
2026/03/27 12:00:50.717, 4, NVIDIA RTX 6000 Ada Generation, 49140 MiB, 17260 MiB, 100 %
2026/03/27 12:00:50.717, 5, NVIDIA RTX 6000 Ada Generation, 49140 MiB, 2 MiB, 0 %
2026/03/27 12:00:50.717, 6, NVIDIA RTX 6000 Ada Generation, 49140 MiB, 16254 MiB, 14 %
2026/03/27 12:00:50.717, 7, NVIDIA RTX 6000 Ada Generation, 49140 MiB, 21460 MiB, 100 %
2026/03/27 12:00:51.718, 0, NVIDIA RTX 6000 Ada Generation, 49140 MiB, 15890 MiB, 6 %
2026/03/27 12:00:51.718, 1, NVIDIA RTX 6000 Ada Generation, 49140 MiB, 29043 MiB, 100 %
2026/03/27 12:00:51.718, 2, NVIDIA RTX 6000 Ada Generation, 49140 MiB, 21991 MiB, 100 %
2026/03/27 12:00:51.718, 3, NVIDIA RTX 6000 Ada Generation, 49140 MiB, 17248 MiB, 100 %
2026/03/27 12:00:51.718, 4, NVIDIA RTX 6000 Ada Generation, 49140 MiB, 17260 MiB, 100 %
2026/03/27 12:00:51.718, 5, NVIDIA RTX 6000 Ada Generation, 49140 MiB, 2 MiB, 0 %
2026/03/27 12:00:51.718, 6, NVIDIA RTX 6000 Ada Generation, 49140 MiB, 16254 MiB, 11 %
2026/03/27 12:00:51.736, 7, NVIDIA RTX 6000 Ada Generation, 49140 MiB, 21460 MiB, 100 %
2026/03/27 12:00:52.737, 0, NVIDIA RTX 6000 Ada Generation, 49140 MiB, 15890 MiB, 1 %
2026/03/27 12:00:52.737, 1, NVIDIA RTX 6000 Ada Generation, 49140 MiB, 29043 MiB, 100 %
2026/03/27 12:00:52.737, 2, NVIDIA RTX 6000 Ada Generation, 49140 MiB, 21991 MiB, 100 %
2026/03/27 12:00:52.737, 3, NVIDIA RTX 6000 Ada Generation, 49140 MiB, 17248 MiB, 100 %
2026/03/27 12:00:52.737, 4, NVIDIA RTX 6000 Ada Generation, 49140 MiB, 17260 MiB, 100 %
2026/03/27 12:00:52.737, 5, NVIDIA RTX 6000 Ada Generation, 49140 MiB, 2 MiB, 0 %
2026/03/27 12:00:52.738, 6, NVIDIA RTX 6000 Ada Generation, 49140 MiB, 16254 MiB, 0 %
2026/03/27 12:00:52.738, 7, NVIDIA RTX 6000 Ada Generation, 49140 MiB, 21460 MiB, 100 %
2026/03/27 12:00:53.738, 0, NVIDIA RTX 6000 Ada Generation, 49140 MiB, 15890 MiB, 6 %
2026/03/27 12:00:53.738, 1, NVIDIA RTX 6000 Ada Generation, 49140 MiB, 29043 MiB, 100 %
2026/03/27 12:00:53.738, 2, NVIDIA RTX 6000 Ada Generation, 49140 MiB, 21991 MiB, 100 %
2026/03/27 12:00:53.816, 3, NVIDIA RTX 6000 Ada Generation, 49140 MiB, 17248 MiB, 100 %
2026/03/27 12:00:53.817, 4, NVIDIA RTX 6000 Ada Generation, 49140 MiB, 17260 MiB, 100 %
2026/03/27 12:00:53.817, 5, NVIDIA RTX 6000 Ada Generation, 49140 MiB, 2 MiB, 0 %
2026/03/27 12:00:53.817, 6, NVIDIA RTX 6000 Ada Generation, 49140 MiB, 16254 MiB, 0 %
2026/03/27 12:00:53.817, 7, NVIDIA RTX 6000 Ada Generation, 49140 MiB, 21460 MiB, 100 %
2026/03/27 12:00:54.817, 0, NVIDIA RTX 6000 Ada Generation, 49140 MiB, 15890 MiB, 6 %
2026/03/27 12:00:54.817, 1, NVIDIA RTX 6000 Ada Generation, 49140 MiB, 29043 MiB, 100 %
2026/03/27 12:00:54.817, 2, NVIDIA RTX 6000 Ada Generation, 49140 MiB, 21991 MiB, 100 %
2026/03/27 12:00:54.817, 3, NVIDIA RTX 6000 Ada Generation, 49140 MiB, 17248 MiB, 99 %
2026/03/27 12:00:54.817, 4, NVIDIA RTX 6000 Ada Generation, 49140 MiB, 17260 MiB, 100 %
2026/03/27 12:00:54.817, 5, NVIDIA RTX 6000 Ada Generation, 49140 MiB, 2 MiB, 0 %
2026/03/27 12:00:54.818, 6, NVIDIA RTX 6000 Ada Generation, 49140 MiB, 16254 MiB, 0 %
2026/03/27 12:00:54.818, 7, NVIDIA RTX 6000 Ada Generation, 49140 MiB, 21460 MiB, 100 %
2026/03/27 12:00:55.818, 0, NVIDIA RTX 6000 Ada Generation, 49140 MiB, 15890 MiB, 0 %
2026/03/27 12:00:55.818, 1, NVIDIA RTX 6000 Ada Generation, 49140 MiB, 29043 MiB, 100 %
2026/03/27 12:00:55.819, 2, NVIDIA RTX 6000 Ada Generation, 49140 MiB, 21991 MiB, 100 %
2026/03/27 12:00:55.819, 3, NVIDIA RTX 6000 Ada Generation, 49140 MiB, 17248 MiB, 100 %
2026/03/27 12:00:55.819, 4, NVIDIA RTX 6000 Ada Generation, 49140 MiB, 17260 MiB, 100 %
2026/03/27 12:00:55.819, 5, NVIDIA RTX 6000 Ada Generation, 49140 MiB, 2 MiB, 0 %
2026/03/27 12:00:55.819, 6, NVIDIA RTX 6000 Ada Generation, 49140 MiB, 16254 MiB, 0 %
2026/03/27 12:00:55.819, 7, NVIDIA RTX 6000 Ada Generation, 49140 MiB, 21460 MiB, 100 %
2026/03/27 12:00:56.819, 0, NVIDIA RTX 6000 Ada Generation, 49140 MiB, 15890 MiB, 92 %
2026/03/27 12:00:56.819, 1, NVIDIA RTX 6000 Ada Generation, 49140 MiB, 29043 MiB, 100 %
2026/03/27 12:00:56.819, 2, NVIDIA RTX 6000 Ada Generation, 49140 MiB, 21991 MiB, 100 %
2026/03/27 12:00:56.819, 3, NVIDIA RTX 6000 Ada Generation, 49140 MiB, 17248 MiB, 100 %
2026/03/27 12:00:56.819, 4, NVIDIA RTX 6000 Ada Generation, 49140 MiB, 17260 MiB, 100 %
2026/03/27 12:00:56.997, 5, NVIDIA RTX 6000 Ada Generation, 49140 MiB, 2 MiB, 0 %
2026/03/27 12:00:56.997, 6, NVIDIA RTX 6000 Ada Generation, 49140 MiB, 16254 MiB, 0 %
2026/03/27 12:00:56.997, 7, NVIDIA RTX 6000 Ada Generation, 49140 MiB, 21460 MiB, 100 %
2026/03/27 12:00:57.997, 0, NVIDIA RTX 6000 Ada Generation, 49140 MiB, 15890 MiB, 95 %
2026/03/27 12:00:57.998, 1, NVIDIA RTX 6000 Ada Generation, 49140 MiB, 29043 MiB, 100 %
2026/03/27 12:00:57.998, 2, NVIDIA RTX 6000 Ada Generation, 49140 MiB, 21991 MiB, 100 %
2026/03/27 12:00:57.998, 3, NVIDIA RTX 6000 Ada Generation, 49140 MiB, 17248 MiB, 100 %
2026/03/27 12:00:57.998, 4, NVIDIA RTX 6000 Ada Generation, 49140 MiB, 17260 MiB, 100 %
2026/03/27 12:00:57.998, 5, NVIDIA RTX 6000 Ada Generation, 49140 MiB, 2 MiB, 0 %
2026/03/27 12:00:57.998, 6, NVIDIA RTX 6000 Ada Generation, 49140 MiB, 16254 MiB, 0 %
2026/03/27 12:00:57.998, 7, NVIDIA RTX 6000 Ada Generation, 49140 MiB, 21460 MiB, 100 %
2026/03/27 12:00:58.998, 0, NVIDIA RTX 6000 Ada Generation, 49140 MiB, 15890 MiB, 91 %
2026/03/27 12:00:58.998, 1, NVIDIA RTX 6000 Ada Generation, 49140 MiB, 29043 MiB, 100 %
2026/03/27 12:00:59.110, 2, NVIDIA RTX 6000 Ada Generation, 49140 MiB, 21991 MiB, 100 %
2026/03/27 12:00:59.110, 3, NVIDIA RTX 6000 Ada Generation, 49140 MiB, 17248 MiB, 100 %
2026/03/27 12:00:59.110, 4, NVIDIA RTX 6000 Ada Generation, 49140 MiB, 17260 MiB, 100 %
2026/03/27 12:00:59.111, 5, NVIDIA RTX 6000 Ada Generation, 49140 MiB, 2 MiB, 0 %
2026/03/27 12:00:59.111, 6, NVIDIA RTX 6000 Ada Generation, 49140 MiB, 16254 MiB, 0 %
2026/03/27 12:00:59.111, 7, NVIDIA RTX 6000 Ada Generation, 49140 MiB, 21460 MiB, 100 %
2026/03/27 12:01:00.111, 0, NVIDIA RTX 6000 Ada Generation, 49140 MiB, 15890 MiB, 0 %
2026/03/27 12:01:00.111, 1, NVIDIA RTX 6000 Ada Generation, 49140 MiB, 29043 MiB, 100 %
2026/03/27 12:01:00.111, 2, NVIDIA RTX 6000 Ada Generation, 49140 MiB, 21991 MiB, 100 %
2026/03/27 12:01:00.111, 3, NVIDIA RTX 6000 Ada Generation, 49140 MiB, 17248 MiB, 100 %
2026/03/27 12:01:00.111, 4, NVIDIA RTX 6000 Ada Generation, 49140 MiB, 17260 MiB, 100 %
2026/03/27 12:01:00.111, 5, NVIDIA RTX 6000 Ada Generation, 49140 MiB, 2 MiB, 0 %
2026/03/27 12:01:00.111, 6, NVIDIA RTX 6000 Ada Generation, 49140 MiB, 16254 MiB, 0 %
2026/03/27 12:01:00.112, 7, NVIDIA RTX 6000 Ada Generation, 49140 MiB, 21460 MiB, 100 %
2026/03/27 12:01:01.280, 0, NVIDIA RTX 6000 Ada Generation, 49140 MiB, 15890 MiB, 6 %
2026/03/27 12:01:01.280, 1, NVIDIA RTX 6000 Ada Generation, 49140 MiB, 29043 MiB, 100 %
2026/03/27 12:01:01.280, 2, NVIDIA RTX 6000 Ada Generation, 49140 MiB, 21991 MiB, 99 %
2026/03/27 12:01:01.280, 3, NVIDIA RTX 6000 Ada Generation, 49140 MiB, 17248 MiB, 100 %
2026/03/27 12:01:01.280, 4, NVIDIA RTX 6000 Ada Generation, 49140 MiB, 17260 MiB, 100 %
2026/03/27 12:01:01.280, 5, NVIDIA RTX 6000 Ada Generation, 49140 MiB, 2 MiB, 0 %
2026/03/27 12:01:01.280, 6, NVIDIA RTX 6000 Ada Generation, 49140 MiB, 18988 MiB, 0 %
2026/03/27 12:01:01.280, 7, NVIDIA RTX 6000 Ada Generation, 49140 MiB, 21460 MiB, 100 %
2026/03/27 12:01:02.280, 0, NVIDIA RTX 6000 Ada Generation, 49140 MiB, 15890 MiB, 6 %
2026/03/27 12:01:02.375, 1, NVIDIA RTX 6000 Ada Generation, 49140 MiB, 29043 MiB, 100 %
2026/03/27 12:01:02.375, 2, NVIDIA RTX 6000 Ada Generation, 49140 MiB, 21991 MiB, 100 %
2026/03/27 12:01:02.376, 3, NVIDIA RTX 6000 Ada Generation, 49140 MiB, 17248 MiB, 100 %
2026/03/27 12:01:02.376, 4, NVIDIA RTX 6000 Ada Generation, 49140 MiB, 17260 MiB, 100 %
2026/03/27 12:01:02.376, 5, NVIDIA RTX 6000 Ada Generation, 49140 MiB, 2 MiB, 0 %
2026/03/27 12:01:02.377, 6, NVIDIA RTX 6000 Ada Generation, 49140 MiB, 21450 MiB, 1 %
2026/03/27 12:01:02.377, 7, NVIDIA RTX 6000 Ada Generation, 49140 MiB, 21460 MiB, 100 %
2026/03/27 12:01:03.377, 0, NVIDIA RTX 6000 Ada Generation, 49140 MiB, 15890 MiB, 0 %
2026/03/27 12:01:03.377, 1, NVIDIA RTX 6000 Ada Generation, 49140 MiB, 29043 MiB, 100 %
2026/03/27 12:01:03.377, 2, NVIDIA RTX 6000 Ada Generation, 49140 MiB, 21991 MiB, 100 %
2026/03/27 12:01:03.377, 3, NVIDIA RTX 6000 Ada Generation, 49140 MiB, 17248 MiB, 99 %
2026/03/27 12:01:03.377, 4, NVIDIA RTX 6000 Ada Generation, 49140 MiB, 17260 MiB, 100 %
2026/03/27 12:01:03.377, 5, NVIDIA RTX 6000 Ada Generation, 49140 MiB, 2 MiB, 0 %
2026/03/27 12:01:03.377, 6, NVIDIA RTX 6000 Ada Generation, 49140 MiB, 26558 MiB, 0 %
2026/03/27 12:01:03.378, 7, NVIDIA RTX 6000 Ada Generation, 49140 MiB, 21460 MiB, 100 %
2026/03/27 12:01:04.378, 0, NVIDIA RTX 6000 Ada Generation, 49140 MiB, 15890 MiB, 6 %
2026/03/27 12:01:04.744, 1, NVIDIA RTX 6000 Ada Generation, 49140 MiB, 29043 MiB, 100 %
2026/03/27 12:01:04.971, 2, NVIDIA RTX 6000 Ada Generation, 49140 MiB, 21991 MiB, 100 %
2026/03/27 12:01:04.972, 3, NVIDIA RTX 6000 Ada Generation, 49140 MiB, 17248 MiB, 100 %
2026/03/27 12:01:05.202, 4, NVIDIA RTX 6000 Ada Generation, 49140 MiB, 17260 MiB, 100 %
2026/03/27 12:01:05.202, 5, NVIDIA RTX 6000 Ada Generation, 49140 MiB, 2 MiB, 0 %
2026/03/27 12:01:05.205, 6, NVIDIA RTX 6000 Ada Generation, 49140 MiB, 45774 MiB, 0 %
2026/03/27 12:01:05.435, 7, NVIDIA RTX 6000 Ada Generation, 49140 MiB, 21460 MiB, 100 %
2026/03/27 12:01:06.438, 0, NVIDIA RTX 6000 Ada Generation, 49140 MiB, 15890 MiB, 6 %
2026/03/27 12:01:06.438, 1, NVIDIA RTX 6000 Ada Generation, 49140 MiB, 29043 MiB, 100 %
2026/03/27 12:01:06.438, 2, NVIDIA RTX 6000 Ada Generation, 49140 MiB, 21991 MiB, 100 %
2026/03/27 12:01:06.438, 3, NVIDIA RTX 6000 Ada Generation, 49140 MiB, 17248 MiB, 100 %
2026/03/27 12:01:06.438, 4, NVIDIA RTX 6000 Ada Generation, 49140 MiB, 17260 MiB, 100 %
2026/03/27 12:01:06.438, 5, NVIDIA RTX 6000 Ada Generation, 49140 MiB, 2 MiB, 0 %
2026/03/27 12:01:06.438, 6, NVIDIA RTX 6000 Ada Generation, 49140 MiB, 2 MiB, 0 %
2026/03/27 12:01:06.438, 7, NVIDIA RTX 6000 Ada Generation, 49140 MiB, 21460 MiB, 100 %
2026/03/27 12:01:07.438, 0, NVIDIA RTX 6000 Ada Generation, 49140 MiB, 15890 MiB, 0 %
2026/03/27 12:01:07.515, 1, NVIDIA RTX 6000 Ada Generation, 49140 MiB, 29043 MiB, 100 %
2026/03/27 12:01:07.515, 2, NVIDIA RTX 6000 Ada Generation, 49140 MiB, 21991 MiB, 100 %
2026/03/27 12:01:07.515, 3, NVIDIA RTX 6000 Ada Generation, 49140 MiB, 17248 MiB, 100 %
2026/03/27 12:01:07.515, 4, NVIDIA RTX 6000 Ada Generation, 49140 MiB, 17260 MiB, 100 %
2026/03/27 12:01:07.516, 5, NVIDIA RTX 6000 Ada Generation, 49140 MiB, 2 MiB, 0 %
2026/03/27 12:01:07.516, 6, NVIDIA RTX 6000 Ada Generation, 49140 MiB, 2 MiB, 0 %
2026/03/27 12:01:07.516, 7, NVIDIA RTX 6000 Ada Generation, 49140 MiB, 21460 MiB, 100 %
2026/03/27 12:01:08.516, 0, NVIDIA RTX 6000 Ada Generation, 49140 MiB, 15890 MiB, 90 %
2026/03/27 12:01:08.516, 1, NVIDIA RTX 6000 Ada Generation, 49140 MiB, 29043 MiB, 100 %
2026/03/27 12:01:08.516, 2, NVIDIA RTX 6000 Ada Generation, 49140 MiB, 21991 MiB, 100 %
2026/03/27 12:01:08.516, 3, NVIDIA RTX 6000 Ada Generation, 49140 MiB, 17248 MiB, 100 %
2026/03/27 12:01:08.516, 4, NVIDIA RTX 6000 Ada Generation, 49140 MiB, 17260 MiB, 100 %
2026/03/27 12:01:08.516, 5, NVIDIA RTX 6000 Ada Generation, 49140 MiB, 2 MiB, 0 %
2026/03/27 12:01:08.613, 6, NVIDIA RTX 6000 Ada Generation, 49140 MiB, 2 MiB, 0 %
2026/03/27 12:01:08.764, 7, NVIDIA RTX 6000 Ada Generation, 49140 MiB, 21460 MiB, 100 %
2026/03/27 12:01:09.958, 0, NVIDIA RTX 6000 Ada Generation, 49140 MiB, 15890 MiB, 49 %
2026/03/27 12:01:09.958, 1, NVIDIA RTX 6000 Ada Generation, 49140 MiB, 29043 MiB, 100 %
2026/03/27 12:01:09.958, 2, NVIDIA RTX 6000 Ada Generation, 49140 MiB, 21991 MiB, 100 %
2026/03/27 12:01:09.958, 3, NVIDIA RTX 6000 Ada Generation, 49140 MiB, 17248 MiB, 100 %
2026/03/27 12:01:09.958, 4, NVIDIA RTX 6000 Ada Generation, 49140 MiB, 17260 MiB, 100 %
2026/03/27 12:01:09.959, 5, NVIDIA RTX 6000 Ada Generation, 49140 MiB, 2 MiB, 0 %
2026/03/27 12:01:09.959, 6, NVIDIA RTX 6000 Ada Generation, 49140 MiB, 436 MiB, 0 %
2026/03/27 12:01:09.959, 7, NVIDIA RTX 6000 Ada Generation, 49140 MiB, 21460 MiB, 100 %
2026/03/27 12:01:10.959, 0, NVIDIA RTX 6000 Ada Generation, 49140 MiB, 15890 MiB, 6 %
2026/03/27 12:01:10.959, 1, NVIDIA RTX 6000 Ada Generation, 49140 MiB, 29043 MiB, 100 %
2026/03/27 12:01:10.959, 2, NVIDIA RTX 6000 Ada Generation, 49140 MiB, 21991 MiB, 100 %
2026/03/27 12:01:10.959, 3, NVIDIA RTX 6000 Ada Generation, 49140 MiB, 17248 MiB, 100 %
2026/03/27 12:01:11.031, 4, NVIDIA RTX 6000 Ada Generation, 49140 MiB, 17260 MiB, 100 %
2026/03/27 12:01:11.031, 5, NVIDIA RTX 6000 Ada Generation, 49140 MiB, 2 MiB, 0 %
2026/03/27 12:01:11.031, 6, NVIDIA RTX 6000 Ada Generation, 49140 MiB, 16254 MiB, 10 %
2026/03/27 12:01:11.032, 7, NVIDIA RTX 6000 Ada Generation, 49140 MiB, 21460 MiB, 100 %
2026/03/27 12:01:12.032, 0, NVIDIA RTX 6000 Ada Generation, 49140 MiB, 15890 MiB, 6 %
2026/03/27 12:01:12.032, 1, NVIDIA RTX 6000 Ada Generation, 49140 MiB, 29043 MiB, 100 %
2026/03/27 12:01:12.032, 2, NVIDIA RTX 6000 Ada Generation, 49140 MiB, 21991 MiB, 100 %
2026/03/27 12:01:12.032, 3, NVIDIA RTX 6000 Ada Generation, 49140 MiB, 17248 MiB, 100 %
2026/03/27 12:01:12.032, 4, NVIDIA RTX 6000 Ada Generation, 49140 MiB, 17260 MiB, 100 %
2026/03/27 12:01:12.032, 5, NVIDIA RTX 6000 Ada Generation, 49140 MiB, 2 MiB, 0 %
2026/03/27 12:01:12.032, 6, NVIDIA RTX 6000 Ada Generation, 49140 MiB, 16254 MiB, 14 %
2026/03/27 12:01:12.032, 7, NVIDIA RTX 6000 Ada Generation, 49140 MiB, 21460 MiB, 100 %
2026/03/27 12:01:13.032, 0, NVIDIA RTX 6000 Ada Generation, 49140 MiB, 15890 MiB, 6 %
2026/03/27 12:01:13.158, 1, NVIDIA RTX 6000 Ada Generation, 49140 MiB, 29043 MiB, 100 %
2026/03/27 12:01:13.159, 2, NVIDIA RTX 6000 Ada Generation, 49140 MiB, 21991 MiB, 100 %
2026/03/27 12:01:13.159, 3, NVIDIA RTX 6000 Ada Generation, 49140 MiB, 17248 MiB, 100 %
2026/03/27 12:01:13.159, 4, NVIDIA RTX 6000 Ada Generation, 49140 MiB, 17260 MiB, 100 %
2026/03/27 12:01:13.159, 5, NVIDIA RTX 6000 Ada Generation, 49140 MiB, 2 MiB, 0 %
2026/03/27 12:01:13.159, 6, NVIDIA RTX 6000 Ada Generation, 49140 MiB, 16254 MiB, 11 %
2026/03/27 12:01:13.159, 7, NVIDIA RTX 6000 Ada Generation, 49140 MiB, 21460 MiB, 100 %
2026/03/27 12:01:14.159, 0, NVIDIA RTX 6000 Ada Generation, 49140 MiB, 15890 MiB, 6 %
2026/03/27 12:01:14.160, 1, NVIDIA RTX 6000 Ada Generation, 49140 MiB, 29043 MiB, 100 %
2026/03/27 12:01:14.160, 2, NVIDIA RTX 6000 Ada Generation, 49140 MiB, 21991 MiB, 100 %
2026/03/27 12:01:14.160, 3, NVIDIA RTX 6000 Ada Generation, 49140 MiB, 17248 MiB, 100 %
2026/03/27 12:01:14.160, 4, NVIDIA RTX 6000 Ada Generation, 49140 MiB, 17260 MiB, 100 %
2026/03/27 12:01:14.160, 5, NVIDIA RTX 6000 Ada Generation, 49140 MiB, 2 MiB, 0 %
2026/03/27 12:01:14.245, 6, NVIDIA RTX 6000 Ada Generation, 49140 MiB, 16254 MiB, 16 %
2026/03/27 12:01:14.246, 7, NVIDIA RTX 6000 Ada Generation, 49140 MiB, 21460 MiB, 100 %
2026/03/27 12:01:15.246, 0, NVIDIA RTX 6000 Ada Generation, 49140 MiB, 15890 MiB, 6 %
2026/03/27 12:01:15.246, 1, NVIDIA RTX 6000 Ada Generation, 49140 MiB, 29043 MiB, 100 %
2026/03/27 12:01:15.246, 2, NVIDIA RTX 6000 Ada Generation, 49140 MiB, 21991 MiB, 100 %
2026/03/27 12:01:15.246, 3, NVIDIA RTX 6000 Ada Generation, 49140 MiB, 17248 MiB, 100 %
2026/03/27 12:01:15.246, 4, NVIDIA RTX 6000 Ada Generation, 49140 MiB, 17260 MiB, 100 %
2026/03/27 12:01:15.246, 5, NVIDIA RTX 6000 Ada Generation, 49140 MiB, 2 MiB, 0 %
2026/03/27 12:01:15.246, 6, NVIDIA RTX 6000 Ada Generation, 49140 MiB, 16254 MiB, 0 %
2026/03/27 12:01:15.246, 7, NVIDIA RTX 6000 Ada Generation, 49140 MiB, 21460 MiB, 100 %
2026/03/27 12:01:16.246, 0, NVIDIA RTX 6000 Ada Generation, 49140 MiB, 15890 MiB, 0 %
2026/03/27 12:01:16.246, 1, NVIDIA RTX 6000 Ada Generation, 49140 MiB, 29043 MiB, 100 %
2026/03/27 12:01:16.246, 2, NVIDIA RTX 6000 Ada Generation, 49140 MiB, 21991 MiB, 100 %
2026/03/27 12:01:16.428, 3, NVIDIA RTX 6000 Ada Generation, 49140 MiB, 17248 MiB, 99 %
2026/03/27 12:01:16.428, 4, NVIDIA RTX 6000 Ada Generation, 49140 MiB, 17260 MiB, 100 %
2026/03/27 12:01:16.428, 5, NVIDIA RTX 6000 Ada Generation, 49140 MiB, 2 MiB, 0 %
2026/03/27 12:01:16.428, 6, NVIDIA RTX 6000 Ada Generation, 49140 MiB, 16254 MiB, 0 %
2026/03/27 12:01:16.428, 7, NVIDIA RTX 6000 Ada Generation, 49140 MiB, 21460 MiB, 100 %
2026/03/27 12:01:17.429, 0, NVIDIA RTX 6000 Ada Generation, 49140 MiB, 15890 MiB, 6 %
2026/03/27 12:01:17.429, 1, NVIDIA RTX 6000 Ada Generation, 49140 MiB, 29043 MiB, 100 %
2026/03/27 12:01:17.429, 2, NVIDIA RTX 6000 Ada Generation, 49140 MiB, 21991 MiB, 100 %
2026/03/27 12:01:17.429, 3, NVIDIA RTX 6000 Ada Generation, 49140 MiB, 17248 MiB, 100 %
2026/03/27 12:01:17.429, 4, NVIDIA RTX 6000 Ada Generation, 49140 MiB, 17260 MiB, 99 %
2026/03/27 12:01:17.429, 5, NVIDIA RTX 6000 Ada Generation, 49140 MiB, 2 MiB, 0 %
2026/03/27 12:01:17.429, 6, NVIDIA RTX 6000 Ada Generation, 49140 MiB, 16254 MiB, 0 %
2026/03/27 12:01:17.429, 7, NVIDIA RTX 6000 Ada Generation, 49140 MiB, 21460 MiB, 100 %
2026/03/27 12:01:18.429, 0, NVIDIA RTX 6000 Ada Generation, 49140 MiB, 15890 MiB, 0 %
2026/03/27 12:01:18.429, 1, NVIDIA RTX 6000 Ada Generation, 49140 MiB, 29043 MiB, 100 %
2026/03/27 12:01:18.429, 2, NVIDIA RTX 6000 Ada Generation, 49140 MiB, 21991 MiB, 100 %
2026/03/27 12:01:18.429, 3, NVIDIA RTX 6000 Ada Generation, 49140 MiB, 17248 MiB, 100 %
2026/03/27 12:01:18.429, 4, NVIDIA RTX 6000 Ada Generation, 49140 MiB, 17260 MiB, 100 %
2026/03/27 12:01:18.429, 5, NVIDIA RTX 6000 Ada Generation, 49140 MiB, 2 MiB, 0 %
2026/03/27 12:01:18.429, 6, NVIDIA RTX 6000 Ada Generation, 49140 MiB, 16254 MiB, 0 %
2026/03/27 12:01:18.429, 7, NVIDIA RTX 6000 Ada Generation, 49140 MiB, 21460 MiB, 100 %
2026/03/27 12:01:19.430, 0, NVIDIA RTX 6000 Ada Generation, 49140 MiB, 15890 MiB, 0 %
2026/03/27 12:01:19.430, 1, NVIDIA RTX 6000 Ada Generation, 49140 MiB, 29043 MiB, 100 %
2026/03/27 12:01:19.430, 2, NVIDIA RTX 6000 Ada Generation, 49140 MiB, 21991 MiB, 100 %
2026/03/27 12:01:19.430, 3, NVIDIA RTX 6000 Ada Generation, 49140 MiB, 17248 MiB, 100 %
2026/03/27 12:01:19.430, 4, NVIDIA RTX 6000 Ada Generation, 49140 MiB, 17260 MiB, 100 %
2026/03/27 12:01:19.628, 5, NVIDIA RTX 6000 Ada Generation, 49140 MiB, 2 MiB, 0 %
2026/03/27 12:01:19.628, 6, NVIDIA RTX 6000 Ada Generation, 49140 MiB, 16254 MiB, 0 %
2026/03/27 12:01:19.628, 7, NVIDIA RTX 6000 Ada Generation, 49140 MiB, 21460 MiB, 100 %
2026/03/27 12:01:20.628, 0, NVIDIA RTX 6000 Ada Generation, 49140 MiB, 15890 MiB, 94 %
2026/03/27 12:01:20.629, 1, NVIDIA RTX 6000 Ada Generation, 49140 MiB, 29043 MiB, 100 %
2026/03/27 12:01:20.629, 2, NVIDIA RTX 6000 Ada Generation, 49140 MiB, 21991 MiB, 100 %
2026/03/27 12:01:20.629, 3, NVIDIA RTX 6000 Ada Generation, 49140 MiB, 17248 MiB, 100 %
2026/03/27 12:01:20.629, 4, NVIDIA RTX 6000 Ada Generation, 49140 MiB, 17260 MiB, 100 %
2026/03/27 12:01:20.629, 5, NVIDIA RTX 6000 Ada Generation, 49140 MiB, 2 MiB, 0 %
2026/03/27 12:01:20.629, 6, NVIDIA RTX 6000 Ada Generation, 49140 MiB, 16254 MiB, 0 %
2026/03/27 12:01:20.629, 7, NVIDIA RTX 6000 Ada Generation, 49140 MiB, 21460 MiB, 100 %
2026/03/27 12:01:21.629, 0, NVIDIA RTX 6000 Ada Generation, 49140 MiB, 15890 MiB, 90 %
2026/03/27 12:01:21.629, 1, NVIDIA RTX 6000 Ada Generation, 49140 MiB, 29043 MiB, 100 %
2026/03/27 12:01:21.813, 2, NVIDIA RTX 6000 Ada Generation, 49140 MiB, 21991 MiB, 100 %
2026/03/27 12:01:21.814, 3, NVIDIA RTX 6000 Ada Generation, 49140 MiB, 17248 MiB, 100 %
2026/03/27 12:01:21.814, 4, NVIDIA RTX 6000 Ada Generation, 49140 MiB, 17260 MiB, 100 %
2026/03/27 12:01:21.814, 5, NVIDIA RTX 6000 Ada Generation, 49140 MiB, 2 MiB, 0 %
2026/03/27 12:01:21.814, 6, NVIDIA RTX 6000 Ada Generation, 49140 MiB, 16254 MiB, 0 %
2026/03/27 12:01:21.814, 7, NVIDIA RTX 6000 Ada Generation, 49140 MiB, 21460 MiB, 100 %
2026/03/27 12:01:22.814, 0, NVIDIA RTX 6000 Ada Generation, 49140 MiB, 15890 MiB, 6 %
2026/03/27 12:01:22.814, 1, NVIDIA RTX 6000 Ada Generation, 49140 MiB, 29043 MiB, 100 %
2026/03/27 12:01:22.814, 2, NVIDIA RTX 6000 Ada Generation, 49140 MiB, 21991 MiB, 100 %
2026/03/27 12:01:22.814, 3, NVIDIA RTX 6000 Ada Generation, 49140 MiB, 17248 MiB, 100 %
2026/03/27 12:01:22.814, 4, NVIDIA RTX 6000 Ada Generation, 49140 MiB, 17260 MiB, 100 %
2026/03/27 12:01:22.815, 5, NVIDIA RTX 6000 Ada Generation, 49140 MiB, 2 MiB, 0 %
2026/03/27 12:01:22.815, 6, NVIDIA RTX 6000 Ada Generation, 49140 MiB, 16254 MiB, 0 %
2026/03/27 12:01:22.825, 7, NVIDIA RTX 6000 Ada Generation, 49140 MiB, 21460 MiB, 15 %
2026/03/27 12:01:23.826, 0, NVIDIA RTX 6000 Ada Generation, 49140 MiB, 15890 MiB, 6 %
2026/03/27 12:01:23.826, 1, NVIDIA RTX 6000 Ada Generation, 49140 MiB, 29043 MiB, 100 %
2026/03/27 12:01:23.826, 2, NVIDIA RTX 6000 Ada Generation, 49140 MiB, 21991 MiB, 100 %
2026/03/27 12:01:23.826, 3, NVIDIA RTX 6000 Ada Generation, 49140 MiB, 17248 MiB, 100 %
2026/03/27 12:01:23.826, 4, NVIDIA RTX 6000 Ada Generation, 49140 MiB, 17260 MiB, 100 %
2026/03/27 12:01:23.826, 5, NVIDIA RTX 6000 Ada Generation, 49140 MiB, 2 MiB, 0 %
2026/03/27 12:01:23.826, 6, NVIDIA RTX 6000 Ada Generation, 49140 MiB, 16254 MiB, 0 %
2026/03/27 12:01:23.826, 7, NVIDIA RTX 6000 Ada Generation, 49140 MiB, 21460 MiB, 0 %
2026/03/27 12:01:24.826, 0, NVIDIA RTX 6000 Ada Generation, 49140 MiB, 15890 MiB, 6 %
2026/03/27 12:01:24.827, 1, NVIDIA RTX 6000 Ada Generation, 49140 MiB, 29043 MiB, 100 %
2026/03/27 12:01:24.827, 2, NVIDIA RTX 6000 Ada Generation, 49140 MiB, 21991 MiB, 100 %
2026/03/27 12:01:24.857, 3, NVIDIA RTX 6000 Ada Generation, 49140 MiB, 17248 MiB, 99 %
2026/03/27 12:01:24.857, 4, NVIDIA RTX 6000 Ada Generation, 49140 MiB, 17260 MiB, 100 %
2026/03/27 12:01:24.858, 5, NVIDIA RTX 6000 Ada Generation, 49140 MiB, 2 MiB, 0 %
2026/03/27 12:01:24.858, 6, NVIDIA RTX 6000 Ada Generation, 49140 MiB, 16254 MiB, 0 %
2026/03/27 12:01:24.858, 7, NVIDIA RTX 6000 Ada Generation, 49140 MiB, 21460 MiB, 0 %
2026/03/27 12:01:25.858, 0, NVIDIA RTX 6000 Ada Generation, 49140 MiB, 15890 MiB, 6 %
2026/03/27 12:01:25.858, 1, NVIDIA RTX 6000 Ada Generation, 49140 MiB, 29043 MiB, 100 %
2026/03/27 12:01:25.858, 2, NVIDIA RTX 6000 Ada Generation, 49140 MiB, 21991 MiB, 100 %
2026/03/27 12:01:25.858, 3, NVIDIA RTX 6000 Ada Generation, 49140 MiB, 17248 MiB, 100 %
2026/03/27 12:01:25.858, 4, NVIDIA RTX 6000 Ada Generation, 49140 MiB, 17260 MiB, 100 %
2026/03/27 12:01:25.858, 5, NVIDIA RTX 6000 Ada Generation, 49140 MiB, 2 MiB, 0 %
2026/03/27 12:01:25.858, 6, NVIDIA RTX 6000 Ada Generation, 49140 MiB, 19056 MiB, 0 %
2026/03/27 12:01:25.858, 7, NVIDIA RTX 6000 Ada Generation, 49140 MiB, 21460 MiB, 0 %
2026/03/27 12:01:26.859, 0, NVIDIA RTX 6000 Ada Generation, 49140 MiB, 15890 MiB, 0 %
2026/03/27 12:01:26.859, 1, NVIDIA RTX 6000 Ada Generation, 49140 MiB, 29043 MiB, 100 %
2026/03/27 12:01:26.859, 2, NVIDIA RTX 6000 Ada Generation, 49140 MiB, 21991 MiB, 100 %
2026/03/27 12:01:26.859, 3, NVIDIA RTX 6000 Ada Generation, 49140 MiB, 17248 MiB, 100 %
2026/03/27 12:01:26.859, 4, NVIDIA RTX 6000 Ada Generation, 49140 MiB, 17260 MiB, 100 %
2026/03/27 12:01:26.859, 5, NVIDIA RTX 6000 Ada Generation, 49140 MiB, 2 MiB, 0 %
2026/03/27 12:01:26.860, 6, NVIDIA RTX 6000 Ada Generation, 49140 MiB, 45774 MiB, 4 %
2026/03/27 12:01:26.860, 7, NVIDIA RTX 6000 Ada Generation, 49140 MiB, 21460 MiB, 100 %
2026/03/27 12:01:27.860, 0, NVIDIA RTX 6000 Ada Generation, 49140 MiB, 15890 MiB, 6 %
2026/03/27 12:01:27.867, 1, NVIDIA RTX 6000 Ada Generation, 49140 MiB, 29043 MiB, 100 %
2026/03/27 12:01:27.868, 2, NVIDIA RTX 6000 Ada Generation, 49140 MiB, 21991 MiB, 100 %
2026/03/27 12:01:27.872, 3, NVIDIA RTX 6000 Ada Generation, 49140 MiB, 17248 MiB, 100 %
2026/03/27 12:01:28.134, 4, NVIDIA RTX 6000 Ada Generation, 49140 MiB, 17260 MiB, 100 %
2026/03/27 12:01:28.295, 5, NVIDIA RTX 6000 Ada Generation, 49140 MiB, 2 MiB, 0 %
2026/03/27 12:01:28.297, 6, NVIDIA RTX 6000 Ada Generation, 49140 MiB, 45774 MiB, 0 %
2026/03/27 12:01:28.450, 7, NVIDIA RTX 6000 Ada Generation, 49140 MiB, 21460 MiB, 100 %
2026/03/27 12:01:29.452, 0, NVIDIA RTX 6000 Ada Generation, 49140 MiB, 15890 MiB, 6 %
2026/03/27 12:01:29.452, 1, NVIDIA RTX 6000 Ada Generation, 49140 MiB, 29043 MiB, 100 %
2026/03/27 12:01:29.452, 2, NVIDIA RTX 6000 Ada Generation, 49140 MiB, 21991 MiB, 100 %
2026/03/27 12:01:29.453, 3, NVIDIA RTX 6000 Ada Generation, 49140 MiB, 17248 MiB, 100 %
2026/03/27 12:01:29.453, 4, NVIDIA RTX 6000 Ada Generation, 49140 MiB, 17260 MiB, 100 %
2026/03/27 12:01:29.453, 5, NVIDIA RTX 6000 Ada Generation, 49140 MiB, 2 MiB, 0 %
2026/03/27 12:01:29.453, 6, NVIDIA RTX 6000 Ada Generation, 49140 MiB, 2 MiB, 100 %
2026/03/27 12:01:29.453, 7, NVIDIA RTX 6000 Ada Generation, 49140 MiB, 21460 MiB, 100 %
2026/03/27 12:01:30.453, 0, NVIDIA RTX 6000 Ada Generation, 49140 MiB, 15890 MiB, 6 %
2026/03/27 12:01:30.453, 1, NVIDIA RTX 6000 Ada Generation, 49140 MiB, 29043 MiB, 100 %
2026/03/27 12:01:30.453, 2, NVIDIA RTX 6000 Ada Generation, 49140 MiB, 21991 MiB, 100 %
2026/03/27 12:01:30.507, 3, NVIDIA RTX 6000 Ada Generation, 49140 MiB, 17248 MiB, 100 %
2026/03/27 12:01:30.507, 4, NVIDIA RTX 6000 Ada Generation, 49140 MiB, 17260 MiB, 100 %
2026/03/27 12:01:30.508, 5, NVIDIA RTX 6000 Ada Generation, 49140 MiB, 2 MiB, 0 %
2026/03/27 12:01:30.508, 6, NVIDIA RTX 6000 Ada Generation, 49140 MiB, 2 MiB, 0 %
2026/03/27 12:01:30.508, 7, NVIDIA RTX 6000 Ada Generation, 49140 MiB, 21460 MiB, 100 %
2026/03/27 12:01:31.508, 0, NVIDIA RTX 6000 Ada Generation, 49140 MiB, 15890 MiB, 6 %
2026/03/27 12:01:31.508, 1, NVIDIA RTX 6000 Ada Generation, 49140 MiB, 29043 MiB, 100 %
2026/03/27 12:01:31.508, 2, NVIDIA RTX 6000 Ada Generation, 49140 MiB, 21991 MiB, 100 %
2026/03/27 12:01:31.508, 3, NVIDIA RTX 6000 Ada Generation, 49140 MiB, 17248 MiB, 100 %
2026/03/27 12:01:31.508, 4, NVIDIA RTX 6000 Ada Generation, 49140 MiB, 17260 MiB, 100 %
2026/03/27 12:01:31.508, 5, NVIDIA RTX 6000 Ada Generation, 49140 MiB, 2 MiB, 0 %
2026/03/27 12:01:31.508, 6, NVIDIA RTX 6000 Ada Generation, 49140 MiB, 2 MiB, 0 %
2026/03/27 12:01:31.508, 7, NVIDIA RTX 6000 Ada Generation, 49140 MiB, 21460 MiB, 100 %
2026/03/27 12:01:32.508, 0, NVIDIA RTX 6000 Ada Generation, 49140 MiB, 15890 MiB, 6 %
2026/03/27 12:01:32.508, 1, NVIDIA RTX 6000 Ada Generation, 49140 MiB, 29043 MiB, 100 %
2026/03/27 12:01:32.509, 2, NVIDIA RTX 6000 Ada Generation, 49140 MiB, 21991 MiB, 100 %
2026/03/27 12:01:32.509, 3, NVIDIA RTX 6000 Ada Generation, 49140 MiB, 17248 MiB, 100 %
2026/03/27 12:01:32.509, 4, NVIDIA RTX 6000 Ada Generation, 49140 MiB, 17260 MiB, 100 %
2026/03/27 12:01:32.509, 5, NVIDIA RTX 6000 Ada Generation, 49140 MiB, 2 MiB, 0 %
2026/03/27 12:01:32.509, 6, NVIDIA RTX 6000 Ada Generation, 49140 MiB, 4 MiB, 0 %
2026/03/27 12:01:32.509, 7, NVIDIA RTX 6000 Ada Generation, 49140 MiB, 21460 MiB, 100 %
2026/03/27 12:01:33.509, 0, NVIDIA RTX 6000 Ada Generation, 49140 MiB, 15890 MiB, 0 %
2026/03/27 12:01:33.772, 1, NVIDIA RTX 6000 Ada Generation, 49140 MiB, 29043 MiB, 100 %
2026/03/27 12:01:33.772, 2, NVIDIA RTX 6000 Ada Generation, 49140 MiB, 21991 MiB, 100 %
2026/03/27 12:01:33.773, 3, NVIDIA RTX 6000 Ada Generation, 49140 MiB, 17248 MiB, 100 %
2026/03/27 12:01:33.934, 4, NVIDIA RTX 6000 Ada Generation, 49140 MiB, 17260 MiB, 100 %
2026/03/27 12:01:33.935, 5, NVIDIA RTX 6000 Ada Generation, 49140 MiB, 2 MiB, 0 %
2026/03/27 12:01:33.935, 6, NVIDIA RTX 6000 Ada Generation, 49140 MiB, 4 MiB, 0 %
2026/03/27 12:01:34.096, 7, NVIDIA RTX 6000 Ada Generation, 49140 MiB, 21460 MiB, 100 %
2026/03/27 12:01:35.097, 0, NVIDIA RTX 6000 Ada Generation, 49140 MiB, 15890 MiB, 90 %
2026/03/27 12:01:35.097, 1, NVIDIA RTX 6000 Ada Generation, 49140 MiB, 29043 MiB, 99 %
2026/03/27 12:01:35.097, 2, NVIDIA RTX 6000 Ada Generation, 49140 MiB, 21991 MiB, 100 %
2026/03/27 12:01:35.097, 3, NVIDIA RTX 6000 Ada Generation, 49140 MiB, 17248 MiB, 100 %
2026/03/27 12:01:35.097, 4, NVIDIA RTX 6000 Ada Generation, 49140 MiB, 17260 MiB, 100 %
2026/03/27 12:01:35.097, 5, NVIDIA RTX 6000 Ada Generation, 49140 MiB, 2 MiB, 0 %
2026/03/27 12:01:35.097, 6, NVIDIA RTX 6000 Ada Generation, 49140 MiB, 16254 MiB, 0 %
2026/03/27 12:01:35.097, 7, NVIDIA RTX 6000 Ada Generation, 49140 MiB, 21460 MiB, 100 %
2026/03/27 12:01:36.097, 0, NVIDIA RTX 6000 Ada Generation, 49140 MiB, 15890 MiB, 92 %
2026/03/27 12:01:36.098, 1, NVIDIA RTX 6000 Ada Generation, 49140 MiB, 29043 MiB, 99 %
2026/03/27 12:01:36.134, 2, NVIDIA RTX 6000 Ada Generation, 49140 MiB, 21991 MiB, 100 %
2026/03/27 12:01:36.135, 3, NVIDIA RTX 6000 Ada Generation, 49140 MiB, 17248 MiB, 100 %
2026/03/27 12:01:36.135, 4, NVIDIA RTX 6000 Ada Generation, 49140 MiB, 17260 MiB, 100 %
2026/03/27 12:01:36.135, 5, NVIDIA RTX 6000 Ada Generation, 49140 MiB, 2 MiB, 0 %
2026/03/27 12:01:36.135, 6, NVIDIA RTX 6000 Ada Generation, 49140 MiB, 16254 MiB, 17 %
2026/03/27 12:01:36.135, 7, NVIDIA RTX 6000 Ada Generation, 49140 MiB, 21460 MiB, 100 %
2026/03/27 12:01:37.135, 0, NVIDIA RTX 6000 Ada Generation, 49140 MiB, 15890 MiB, 0 %
2026/03/27 12:01:37.135, 1, NVIDIA RTX 6000 Ada Generation, 49140 MiB, 29043 MiB, 100 %
2026/03/27 12:01:37.136, 2, NVIDIA RTX 6000 Ada Generation, 49140 MiB, 21991 MiB, 100 %
2026/03/27 12:01:37.136, 3, NVIDIA RTX 6000 Ada Generation, 49140 MiB, 17248 MiB, 100 %
2026/03/27 12:01:37.136, 4, NVIDIA RTX 6000 Ada Generation, 49140 MiB, 17260 MiB, 100 %
2026/03/27 12:01:37.136, 5, NVIDIA RTX 6000 Ada Generation, 49140 MiB, 2 MiB, 0 %
2026/03/27 12:01:37.136, 6, NVIDIA RTX 6000 Ada Generation, 49140 MiB, 16254 MiB, 14 %
2026/03/27 12:01:37.181, 7, NVIDIA RTX 6000 Ada Generation, 49140 MiB, 21460 MiB, 100 %
2026/03/27 12:01:38.182, 0, NVIDIA RTX 6000 Ada Generation, 49140 MiB, 15890 MiB, 6 %
2026/03/27 12:01:38.182, 1, NVIDIA RTX 6000 Ada Generation, 49140 MiB, 29043 MiB, 100 %
2026/03/27 12:01:38.182, 2, NVIDIA RTX 6000 Ada Generation, 49140 MiB, 21991 MiB, 100 %
2026/03/27 12:01:38.182, 3, NVIDIA RTX 6000 Ada Generation, 49140 MiB, 17248 MiB, 99 %
2026/03/27 12:01:38.182, 4, NVIDIA RTX 6000 Ada Generation, 49140 MiB, 17260 MiB, 100 %
2026/03/27 12:01:38.182, 5, NVIDIA RTX 6000 Ada Generation, 49140 MiB, 2 MiB, 0 %
2026/03/27 12:01:38.182, 6, NVIDIA RTX 6000 Ada Generation, 49140 MiB, 16254 MiB, 13 %
2026/03/27 12:01:38.182, 7, NVIDIA RTX 6000 Ada Generation, 49140 MiB, 21460 MiB, 100 %
2026/03/27 12:01:39.183, 0, NVIDIA RTX 6000 Ada Generation, 49140 MiB, 15890 MiB, 6 %
2026/03/27 12:01:39.183, 1, NVIDIA RTX 6000 Ada Generation, 49140 MiB, 29043 MiB, 100 %
2026/03/27 12:01:39.183, 2, NVIDIA RTX 6000 Ada Generation, 49140 MiB, 21991 MiB, 100 %
2026/03/27 12:01:39.253, 3, NVIDIA RTX 6000 Ada Generation, 49140 MiB, 17248 MiB, 100 %
2026/03/27 12:01:39.254, 4, NVIDIA RTX 6000 Ada Generation, 49140 MiB, 17260 MiB, 100 %
2026/03/27 12:01:39.254, 5, NVIDIA RTX 6000 Ada Generation, 49140 MiB, 2 MiB, 0 %
2026/03/27 12:01:39.254, 6, NVIDIA RTX 6000 Ada Generation, 49140 MiB, 16254 MiB, 14 %
2026/03/27 12:01:39.254, 7, NVIDIA RTX 6000 Ada Generation, 49140 MiB, 21460 MiB, 100 %
2026/03/27 12:01:40.254, 0, NVIDIA RTX 6000 Ada Generation, 49140 MiB, 15890 MiB, 6 %
2026/03/27 12:01:40.256, 1, NVIDIA RTX 6000 Ada Generation, 49140 MiB, 29043 MiB, 100 %
2026/03/27 12:01:40.257, 2, NVIDIA RTX 6000 Ada Generation, 49140 MiB, 21991 MiB, 100 %
2026/03/27 12:01:40.260, 3, NVIDIA RTX 6000 Ada Generation, 49140 MiB, 17248 MiB, 100 %
2026/03/27 12:01:40.261, 4, NVIDIA RTX 6000 Ada Generation, 49140 MiB, 17260 MiB, 100 %
2026/03/27 12:01:40.263, 5, NVIDIA RTX 6000 Ada Generation, 49140 MiB, 2 MiB, 0 %
2026/03/27 12:01:40.264, 6, NVIDIA RTX 6000 Ada Generation, 49140 MiB, 16254 MiB, 12 %
2026/03/27 12:01:40.267, 7, NVIDIA RTX 6000 Ada Generation, 49140 MiB, 21460 MiB, 100 %
2026/03/27 12:01:41.268, 0, NVIDIA RTX 6000 Ada Generation, 49140 MiB, 15890 MiB, 0 %
2026/03/27 12:01:41.268, 1, NVIDIA RTX 6000 Ada Generation, 49140 MiB, 29043 MiB, 100 %
2026/03/27 12:01:41.268, 2, NVIDIA RTX 6000 Ada Generation, 49140 MiB, 21991 MiB, 100 %
2026/03/27 12:01:41.268, 3, NVIDIA RTX 6000 Ada Generation, 49140 MiB, 17248 MiB, 100 %
2026/03/27 12:01:41.268, 4, NVIDIA RTX 6000 Ada Generation, 49140 MiB, 17260 MiB, 100 %
2026/03/27 12:01:41.268, 5, NVIDIA RTX 6000 Ada Generation, 49140 MiB, 2 MiB, 0 %
2026/03/27 12:01:41.269, 6, NVIDIA RTX 6000 Ada Generation, 49140 MiB, 16254 MiB, 0 %
2026/03/27 12:01:41.269, 7, NVIDIA RTX 6000 Ada Generation, 49140 MiB, 21460 MiB, 100 %
2026/03/27 12:01:42.269, 0, NVIDIA RTX 6000 Ada Generation, 49140 MiB, 15890 MiB, 6 %
2026/03/27 12:01:42.269, 1, NVIDIA RTX 6000 Ada Generation, 49140 MiB, 29043 MiB, 100 %
2026/03/27 12:01:42.269, 2, NVIDIA RTX 6000 Ada Generation, 49140 MiB, 21991 MiB, 100 %
2026/03/27 12:01:42.269, 3, NVIDIA RTX 6000 Ada Generation, 49140 MiB, 17248 MiB, 100 %
2026/03/27 12:01:42.348, 4, NVIDIA RTX 6000 Ada Generation, 49140 MiB, 17260 MiB, 100 %
2026/03/27 12:01:42.348, 5, NVIDIA RTX 6000 Ada Generation, 49140 MiB, 2 MiB, 0 %
2026/03/27 12:01:42.348, 6, NVIDIA RTX 6000 Ada Generation, 49140 MiB, 16254 MiB, 0 %
2026/03/27 12:01:42.348, 7, NVIDIA RTX 6000 Ada Generation, 49140 MiB, 21460 MiB, 100 %
2026/03/27 12:01:43.348, 0, NVIDIA RTX 6000 Ada Generation, 49140 MiB, 15890 MiB, 6 %
2026/03/27 12:01:43.349, 1, NVIDIA RTX 6000 Ada Generation, 49140 MiB, 29043 MiB, 100 %
2026/03/27 12:01:43.349, 2, NVIDIA RTX 6000 Ada Generation, 49140 MiB, 21991 MiB, 100 %
2026/03/27 12:01:43.349, 3, NVIDIA RTX 6000 Ada Generation, 49140 MiB, 17248 MiB, 100 %
2026/03/27 12:01:43.349, 4, NVIDIA RTX 6000 Ada Generation, 49140 MiB, 17260 MiB, 100 %
2026/03/27 12:01:43.349, 5, NVIDIA RTX 6000 Ada Generation, 49140 MiB, 2 MiB, 0 %
2026/03/27 12:01:43.349, 6, NVIDIA RTX 6000 Ada Generation, 49140 MiB, 16254 MiB, 0 %
2026/03/27 12:01:43.349, 7, NVIDIA RTX 6000 Ada Generation, 49140 MiB, 21460 MiB, 100 %
2026/03/27 12:01:44.349, 0, NVIDIA RTX 6000 Ada Generation, 49140 MiB, 15890 MiB, 0 %
2026/03/27 12:01:44.462, 1, NVIDIA RTX 6000 Ada Generation, 49140 MiB, 29043 MiB, 100 %
2026/03/27 12:01:44.462, 2, NVIDIA RTX 6000 Ada Generation, 49140 MiB, 21991 MiB, 100 %
2026/03/27 12:01:44.462, 3, NVIDIA RTX 6000 Ada Generation, 49140 MiB, 17248 MiB, 100 %
2026/03/27 12:01:44.462, 4, NVIDIA RTX 6000 Ada Generation, 49140 MiB, 17260 MiB, 100 %
2026/03/27 12:01:44.462, 5, NVIDIA RTX 6000 Ada Generation, 49140 MiB, 2 MiB, 0 %
2026/03/27 12:01:44.462, 6, NVIDIA RTX 6000 Ada Generation, 49140 MiB, 16254 MiB, 0 %
2026/03/27 12:01:44.462, 7, NVIDIA RTX 6000 Ada Generation, 49140 MiB, 21460 MiB, 100 %
2026/03/27 12:01:45.463, 0, NVIDIA RTX 6000 Ada Generation, 49140 MiB, 15890 MiB, 6 %
2026/03/27 12:01:45.463, 1, NVIDIA RTX 6000 Ada Generation, 49140 MiB, 29043 MiB, 100 %
2026/03/27 12:01:45.463, 2, NVIDIA RTX 6000 Ada Generation, 49140 MiB, 21991 MiB, 100 %
2026/03/27 12:01:45.463, 3, NVIDIA RTX 6000 Ada Generation, 49140 MiB, 17248 MiB, 100 %
2026/03/27 12:01:45.463, 4, NVIDIA RTX 6000 Ada Generation, 49140 MiB, 17260 MiB, 100 %
2026/03/27 12:01:45.470, 5, NVIDIA RTX 6000 Ada Generation, 49140 MiB, 2 MiB, 0 %
2026/03/27 12:01:45.470, 6, NVIDIA RTX 6000 Ada Generation, 49140 MiB, 16254 MiB, 0 %
2026/03/27 12:01:45.470, 7, NVIDIA RTX 6000 Ada Generation, 49140 MiB, 21460 MiB, 100 %
2026/03/27 12:01:46.471, 0, NVIDIA RTX 6000 Ada Generation, 49140 MiB, 15890 MiB, 6 %
2026/03/27 12:01:46.471, 1, NVIDIA RTX 6000 Ada Generation, 49140 MiB, 29043 MiB, 100 %
2026/03/27 12:01:46.471, 2, NVIDIA RTX 6000 Ada Generation, 49140 MiB, 21991 MiB, 100 %
2026/03/27 12:01:46.471, 3, NVIDIA RTX 6000 Ada Generation, 49140 MiB, 17248 MiB, 100 %
2026/03/27 12:01:46.471, 4, NVIDIA RTX 6000 Ada Generation, 49140 MiB, 17260 MiB, 100 %
2026/03/27 12:01:46.471, 5, NVIDIA RTX 6000 Ada Generation, 49140 MiB, 2 MiB, 0 %
2026/03/27 12:01:46.471, 6, NVIDIA RTX 6000 Ada Generation, 49140 MiB, 16254 MiB, 0 %
2026/03/27 12:01:46.471, 7, NVIDIA RTX 6000 Ada Generation, 49140 MiB, 21460 MiB, 100 %
2026/03/27 12:01:47.471, 0, NVIDIA RTX 6000 Ada Generation, 49140 MiB, 15890 MiB, 0 %
2026/03/27 12:01:47.471, 1, NVIDIA RTX 6000 Ada Generation, 49140 MiB, 29043 MiB, 100 %
2026/03/27 12:01:47.585, 2, NVIDIA RTX 6000 Ada Generation, 49140 MiB, 21991 MiB, 100 %
2026/03/27 12:01:47.586, 3, NVIDIA RTX 6000 Ada Generation, 49140 MiB, 17248 MiB, 100 %
2026/03/27 12:01:47.586, 4, NVIDIA RTX 6000 Ada Generation, 49140 MiB, 17260 MiB, 100 %
2026/03/27 12:01:47.586, 5, NVIDIA RTX 6000 Ada Generation, 49140 MiB, 2 MiB, 0 %
2026/03/27 12:01:47.586, 6, NVIDIA RTX 6000 Ada Generation, 49140 MiB, 16254 MiB, 0 %
2026/03/27 12:01:47.586, 7, NVIDIA RTX 6000 Ada Generation, 49140 MiB, 21460 MiB, 100 %
2026/03/27 12:01:48.586, 0, NVIDIA RTX 6000 Ada Generation, 49140 MiB, 15890 MiB, 0 %
2026/03/27 12:01:48.587, 1, NVIDIA RTX 6000 Ada Generation, 49140 MiB, 29043 MiB, 100 %
2026/03/27 12:01:48.587, 2, NVIDIA RTX 6000 Ada Generation, 49140 MiB, 21991 MiB, 100 %
2026/03/27 12:01:48.587, 3, NVIDIA RTX 6000 Ada Generation, 49140 MiB, 17248 MiB, 100 %
2026/03/27 12:01:48.587, 4, NVIDIA RTX 6000 Ada Generation, 49140 MiB, 17260 MiB, 100 %
2026/03/27 12:01:48.587, 5, NVIDIA RTX 6000 Ada Generation, 49140 MiB, 2 MiB, 0 %
2026/03/27 12:01:48.587, 6, NVIDIA RTX 6000 Ada Generation, 49140 MiB, 16254 MiB, 0 %
2026/03/27 12:01:48.627, 7, NVIDIA RTX 6000 Ada Generation, 49140 MiB, 21460 MiB, 100 %
2026/03/27 12:01:49.628, 0, NVIDIA RTX 6000 Ada Generation, 49140 MiB, 15890 MiB, 91 %
2026/03/27 12:01:49.628, 1, NVIDIA RTX 6000 Ada Generation, 49140 MiB, 29043 MiB, 100 %
2026/03/27 12:01:49.628, 2, NVIDIA RTX 6000 Ada Generation, 49140 MiB, 21991 MiB, 100 %
2026/03/27 12:01:49.628, 3, NVIDIA RTX 6000 Ada Generation, 49140 MiB, 17248 MiB, 100 %
2026/03/27 12:01:49.628, 4, NVIDIA RTX 6000 Ada Generation, 49140 MiB, 17260 MiB, 100 %
2026/03/27 12:01:49.628, 5, NVIDIA RTX 6000 Ada Generation, 49140 MiB, 2 MiB, 0 %
2026/03/27 12:01:49.628, 6, NVIDIA RTX 6000 Ada Generation, 49140 MiB, 18988 MiB, 0 %
2026/03/27 12:01:49.628, 7, NVIDIA RTX 6000 Ada Generation, 49140 MiB, 21460 MiB, 100 %
2026/03/27 12:01:50.628, 0, NVIDIA RTX 6000 Ada Generation, 49140 MiB, 15890 MiB, 91 %
2026/03/27 12:01:50.853, 1, NVIDIA RTX 6000 Ada Generation, 49140 MiB, 29043 MiB, 100 %
2026/03/27 12:01:50.853, 2, NVIDIA RTX 6000 Ada Generation, 49140 MiB, 21991 MiB, 100 %
2026/03/27 12:01:50.853, 3, NVIDIA RTX 6000 Ada Generation, 49140 MiB, 17248 MiB, 98 %
2026/03/27 12:01:50.854, 4, NVIDIA RTX 6000 Ada Generation, 49140 MiB, 17260 MiB, 100 %
2026/03/27 12:01:50.854, 5, NVIDIA RTX 6000 Ada Generation, 49140 MiB, 2 MiB, 0 %
2026/03/27 12:01:50.854, 6, NVIDIA RTX 6000 Ada Generation, 49140 MiB, 36896 MiB, 100 %
2026/03/27 12:01:50.854, 7, NVIDIA RTX 6000 Ada Generation, 49140 MiB, 21460 MiB, 100 %
2026/03/27 12:01:51.854, 0, NVIDIA RTX 6000 Ada Generation, 49140 MiB, 15890 MiB, 0 %
2026/03/27 12:01:51.856, 1, NVIDIA RTX 6000 Ada Generation, 49140 MiB, 29043 MiB, 100 %
2026/03/27 12:01:51.858, 2, NVIDIA RTX 6000 Ada Generation, 49140 MiB, 21991 MiB, 100 %
2026/03/27 12:01:51.859, 3, NVIDIA RTX 6000 Ada Generation, 49140 MiB, 17248 MiB, 100 %
2026/03/27 12:01:51.861, 4, NVIDIA RTX 6000 Ada Generation, 49140 MiB, 17260 MiB, 100 %
2026/03/27 12:01:51.863, 5, NVIDIA RTX 6000 Ada Generation, 49140 MiB, 2 MiB, 0 %
2026/03/27 12:01:51.865, 6, NVIDIA RTX 6000 Ada Generation, 49140 MiB, 42820 MiB, 0 %
2026/03/27 12:01:51.866, 7, NVIDIA RTX 6000 Ada Generation, 49140 MiB, 21460 MiB, 100 %
2026/03/27 12:01:52.868, 0, NVIDIA RTX 6000 Ada Generation, 49140 MiB, 15890 MiB, 6 %
2026/03/27 12:01:52.872, 1, NVIDIA RTX 6000 Ada Generation, 49140 MiB, 29043 MiB, 100 %
2026/03/27 12:01:52.872, 2, NVIDIA RTX 6000 Ada Generation, 49140 MiB, 21991 MiB, 100 %
2026/03/27 12:01:52.872, 3, NVIDIA RTX 6000 Ada Generation, 49140 MiB, 17248 MiB, 100 %
2026/03/27 12:01:52.872, 4, NVIDIA RTX 6000 Ada Generation, 49140 MiB, 17260 MiB, 100 %
2026/03/27 12:01:52.873, 5, NVIDIA RTX 6000 Ada Generation, 49140 MiB, 2 MiB, 0 %
2026/03/27 12:01:52.873, 6, NVIDIA RTX 6000 Ada Generation, 49140 MiB, 2 MiB, 0 %
2026/03/27 12:01:52.873, 7, NVIDIA RTX 6000 Ada Generation, 49140 MiB, 21460 MiB, 100 %
2026/03/27 12:01:53.873, 0, NVIDIA RTX 6000 Ada Generation, 49140 MiB, 15890 MiB, 6 %
2026/03/27 12:01:53.873, 1, NVIDIA RTX 6000 Ada Generation, 49140 MiB, 29043 MiB, 100 %
2026/03/27 12:01:53.873, 2, NVIDIA RTX 6000 Ada Generation, 49140 MiB, 21991 MiB, 100 %
2026/03/27 12:01:53.873, 3, NVIDIA RTX 6000 Ada Generation, 49140 MiB, 17248 MiB, 100 %
2026/03/27 12:01:53.951, 4, NVIDIA RTX 6000 Ada Generation, 49140 MiB, 17260 MiB, 100 %
2026/03/27 12:01:53.952, 5, NVIDIA RTX 6000 Ada Generation, 49140 MiB, 2 MiB, 0 %
2026/03/27 12:01:53.952, 6, NVIDIA RTX 6000 Ada Generation, 49140 MiB, 2 MiB, 100 %
2026/03/27 12:01:53.952, 7, NVIDIA RTX 6000 Ada Generation, 49140 MiB, 21460 MiB, 100 %
2026/03/27 12:01:54.952, 0, NVIDIA RTX 6000 Ada Generation, 49140 MiB, 15890 MiB, 6 %
2026/03/27 12:01:54.952, 1, NVIDIA RTX 6000 Ada Generation, 49140 MiB, 29043 MiB, 100 %
2026/03/27 12:01:54.952, 2, NVIDIA RTX 6000 Ada Generation, 49140 MiB, 21991 MiB, 100 %
2026/03/27 12:01:54.953, 3, NVIDIA RTX 6000 Ada Generation, 49140 MiB, 17248 MiB, 100 %
2026/03/27 12:01:54.953, 4, NVIDIA RTX 6000 Ada Generation, 49140 MiB, 17260 MiB, 100 %
2026/03/27 12:01:54.953, 5, NVIDIA RTX 6000 Ada Generation, 49140 MiB, 2 MiB, 0 %
2026/03/27 12:01:54.953, 6, NVIDIA RTX 6000 Ada Generation, 49140 MiB, 2 MiB, 0 %
2026/03/27 12:01:54.953, 7, NVIDIA RTX 6000 Ada Generation, 49140 MiB, 21460 MiB, 100 %
2026/03/27 12:01:55.953, 0, NVIDIA RTX 6000 Ada Generation, 49140 MiB, 15890 MiB, 6 %
2026/03/27 12:01:56.093, 1, NVIDIA RTX 6000 Ada Generation, 49140 MiB, 29043 MiB, 100 %
2026/03/27 12:01:56.093, 2, NVIDIA RTX 6000 Ada Generation, 49140 MiB, 21991 MiB, 99 %
2026/03/27 12:01:56.093, 3, NVIDIA RTX 6000 Ada Generation, 49140 MiB, 17248 MiB, 100 %
2026/03/27 12:01:56.093, 4, NVIDIA RTX 6000 Ada Generation, 49140 MiB, 17260 MiB, 100 %
2026/03/27 12:01:56.093, 5, NVIDIA RTX 6000 Ada Generation, 49140 MiB, 2 MiB, 0 %
2026/03/27 12:01:56.093, 6, NVIDIA RTX 6000 Ada Generation, 49140 MiB, 2 MiB, 0 %
2026/03/27 12:01:56.093, 7, NVIDIA RTX 6000 Ada Generation, 49140 MiB, 21460 MiB, 100 %
2026/03/27 12:01:57.094, 0, NVIDIA RTX 6000 Ada Generation, 49140 MiB, 15890 MiB, 6 %
2026/03/27 12:01:57.211, 1, NVIDIA RTX 6000 Ada Generation, 49140 MiB, 29043 MiB, 100 %
2026/03/27 12:01:57.211, 2, NVIDIA RTX 6000 Ada Generation, 49140 MiB, 21991 MiB, 100 %
2026/03/27 12:01:57.211, 3, NVIDIA RTX 6000 Ada Generation, 49140 MiB, 17248 MiB, 100 %
2026/03/27 12:01:57.211, 4, NVIDIA RTX 6000 Ada Generation, 49140 MiB, 17260 MiB, 100 %
2026/03/27 12:01:57.211, 5, NVIDIA RTX 6000 Ada Generation, 49140 MiB, 2 MiB, 0 %
2026/03/27 12:01:57.211, 6, NVIDIA RTX 6000 Ada Generation, 49140 MiB, 2 MiB, 0 %
2026/03/27 12:01:57.212, 7, NVIDIA RTX 6000 Ada Generation, 49140 MiB, 21460 MiB, 100 %
2026/03/27 12:01:58.212, 0, NVIDIA RTX 6000 Ada Generation, 49140 MiB, 15890 MiB, 0 %
2026/03/27 12:01:58.212, 1, NVIDIA RTX 6000 Ada Generation, 49140 MiB, 29043 MiB, 100 %
2026/03/27 12:01:58.212, 2, NVIDIA RTX 6000 Ada Generation, 49140 MiB, 21991 MiB, 100 %
2026/03/27 12:01:58.212, 3, NVIDIA RTX 6000 Ada Generation, 49140 MiB, 17248 MiB, 100 %
2026/03/27 12:01:58.212, 4, NVIDIA RTX 6000 Ada Generation, 49140 MiB, 17260 MiB, 100 %
2026/03/27 12:01:58.212, 5, NVIDIA RTX 6000 Ada Generation, 49140 MiB, 2 MiB, 0 %
2026/03/27 12:01:58.212, 6, NVIDIA RTX 6000 Ada Generation, 49140 MiB, 4 MiB, 0 %
2026/03/27 12:01:58.212, 7, NVIDIA RTX 6000 Ada Generation, 49140 MiB, 21460 MiB, 100 %
2026/03/27 12:01:59.212, 0, NVIDIA RTX 6000 Ada Generation, 49140 MiB, 15890 MiB, 0 %
2026/03/27 12:01:59.212, 1, NVIDIA RTX 6000 Ada Generation, 49140 MiB, 29043 MiB, 100 %
2026/03/27 12:01:59.212, 2, NVIDIA RTX 6000 Ada Generation, 49140 MiB, 21991 MiB, 100 %
2026/03/27 12:01:59.370, 3, NVIDIA RTX 6000 Ada Generation, 49140 MiB, 17248 MiB, 100 %
2026/03/27 12:01:59.371, 4, NVIDIA RTX 6000 Ada Generation, 49140 MiB, 17260 MiB, 100 %
2026/03/27 12:01:59.371, 5, NVIDIA RTX 6000 Ada Generation, 49140 MiB, 2 MiB, 0 %
2026/03/27 12:01:59.371, 6, NVIDIA RTX 6000 Ada Generation, 49140 MiB, 16254 MiB, 14 %
2026/03/27 12:01:59.371, 7, NVIDIA RTX 6000 Ada Generation, 49140 MiB, 21460 MiB, 100 %
2026/03/27 12:02:00.371, 0, NVIDIA RTX 6000 Ada Generation, 49140 MiB, 15890 MiB, 94 %
2026/03/27 12:02:00.371, 1, NVIDIA RTX 6000 Ada Generation, 49140 MiB, 29043 MiB, 100 %
2026/03/27 12:02:00.371, 2, NVIDIA RTX 6000 Ada Generation, 49140 MiB, 21991 MiB, 100 %
2026/03/27 12:02:00.371, 3, NVIDIA RTX 6000 Ada Generation, 49140 MiB, 17248 MiB, 100 %
2026/03/27 12:02:00.371, 4, NVIDIA RTX 6000 Ada Generation, 49140 MiB, 17260 MiB, 100 %
2026/03/27 12:02:00.371, 5, NVIDIA RTX 6000 Ada Generation, 49140 MiB, 2 MiB, 0 %
2026/03/27 12:02:00.371, 6, NVIDIA RTX 6000 Ada Generation, 49140 MiB, 16254 MiB, 13 %
2026/03/27 12:02:00.371, 7, NVIDIA RTX 6000 Ada Generation, 49140 MiB, 21460 MiB, 100 %
2026/03/27 12:02:01.372, 0, NVIDIA RTX 6000 Ada Generation, 49140 MiB, 15890 MiB, 93 %
2026/03/27 12:02:01.372, 1, NVIDIA RTX 6000 Ada Generation, 49140 MiB, 29043 MiB, 100 %
2026/03/27 12:02:01.372, 2, NVIDIA RTX 6000 Ada Generation, 49140 MiB, 21991 MiB, 100 %
2026/03/27 12:02:01.372, 3, NVIDIA RTX 6000 Ada Generation, 49140 MiB, 17248 MiB, 100 %
2026/03/27 12:02:01.372, 4, NVIDIA RTX 6000 Ada Generation, 49140 MiB, 17260 MiB, 100 %
2026/03/27 12:02:01.372, 5, NVIDIA RTX 6000 Ada Generation, 49140 MiB, 2 MiB, 0 %
2026/03/27 12:02:01.372, 6, NVIDIA RTX 6000 Ada Generation, 49140 MiB, 16254 MiB, 14 %
2026/03/27 12:02:01.372, 7, NVIDIA RTX 6000 Ada Generation, 49140 MiB, 21460 MiB, 100 %
2026/03/27 12:02:02.372, 0, NVIDIA RTX 6000 Ada Generation, 49140 MiB, 15890 MiB, 0 %
2026/03/27 12:02:02.372, 1, NVIDIA RTX 6000 Ada Generation, 49140 MiB, 29043 MiB, 100 %
2026/03/27 12:02:02.372, 2, NVIDIA RTX 6000 Ada Generation, 49140 MiB, 21991 MiB, 100 %
2026/03/27 12:02:02.373, 3, NVIDIA RTX 6000 Ada Generation, 49140 MiB, 17248 MiB, 100 %
2026/03/27 12:02:02.567, 4, NVIDIA RTX 6000 Ada Generation, 49140 MiB, 17260 MiB, 100 %
2026/03/27 12:02:02.568, 5, NVIDIA RTX 6000 Ada Generation, 49140 MiB, 2 MiB, 0 %
2026/03/27 12:02:02.568, 6, NVIDIA RTX 6000 Ada Generation, 49140 MiB, 16254 MiB, 16 %
2026/03/27 12:02:02.568, 7, NVIDIA RTX 6000 Ada Generation, 49140 MiB, 21460 MiB, 100 %
2026/03/27 12:02:03.568, 0, NVIDIA RTX 6000 Ada Generation, 49140 MiB, 15890 MiB, 6 %
2026/03/27 12:02:03.568, 1, NVIDIA RTX 6000 Ada Generation, 49140 MiB, 29043 MiB, 100 %
2026/03/27 12:02:03.568, 2, NVIDIA RTX 6000 Ada Generation, 49140 MiB, 21991 MiB, 100 %
2026/03/27 12:02:03.568, 3, NVIDIA RTX 6000 Ada Generation, 49140 MiB, 17248 MiB, 100 %
2026/03/27 12:02:03.568, 4, NVIDIA RTX 6000 Ada Generation, 49140 MiB, 17260 MiB, 100 %
2026/03/27 12:02:03.568, 5, NVIDIA RTX 6000 Ada Generation, 49140 MiB, 2 MiB, 0 %
2026/03/27 12:02:03.568, 6, NVIDIA RTX 6000 Ada Generation, 49140 MiB, 16254 MiB, 0 %
2026/03/27 12:02:03.569, 7, NVIDIA RTX 6000 Ada Generation, 49140 MiB, 21460 MiB, 100 %
2026/03/27 12:02:04.569, 0, NVIDIA RTX 6000 Ada Generation, 49140 MiB, 15890 MiB, 6 %
2026/03/27 12:02:04.700, 1, NVIDIA RTX 6000 Ada Generation, 49140 MiB, 29043 MiB, 100 %
2026/03/27 12:02:04.701, 2, NVIDIA RTX 6000 Ada Generation, 49140 MiB, 21991 MiB, 100 %
2026/03/27 12:02:04.701, 3, NVIDIA RTX 6000 Ada Generation, 49140 MiB, 17248 MiB, 98 %
2026/03/27 12:02:04.701, 4, NVIDIA RTX 6000 Ada Generation, 49140 MiB, 17260 MiB, 100 %
2026/03/27 12:02:04.701, 5, NVIDIA RTX 6000 Ada Generation, 49140 MiB, 2 MiB, 0 %
2026/03/27 12:02:04.701, 6, NVIDIA RTX 6000 Ada Generation, 49140 MiB, 16254 MiB, 0 %
2026/03/27 12:02:04.701, 7, NVIDIA RTX 6000 Ada Generation, 49140 MiB, 21460 MiB, 100 %
2026/03/27 12:02:05.701, 0, NVIDIA RTX 6000 Ada Generation, 49140 MiB, 15890 MiB, 1 %
2026/03/27 12:02:05.702, 1, NVIDIA RTX 6000 Ada Generation, 49140 MiB, 29043 MiB, 100 %
2026/03/27 12:02:05.702, 2, NVIDIA RTX 6000 Ada Generation, 49140 MiB, 21991 MiB, 100 %
2026/03/27 12:02:05.702, 3, NVIDIA RTX 6000 Ada Generation, 49140 MiB, 17248 MiB, 100 %
2026/03/27 12:02:05.702, 4, NVIDIA RTX 6000 Ada Generation, 49140 MiB, 17260 MiB, 100 %
2026/03/27 12:02:05.702, 5, NVIDIA RTX 6000 Ada Generation, 49140 MiB, 2 MiB, 0 %
2026/03/27 12:02:05.824, 6, NVIDIA RTX 6000 Ada Generation, 49140 MiB, 16254 MiB, 0 %
2026/03/27 12:02:05.825, 7, NVIDIA RTX 6000 Ada Generation, 49140 MiB, 21460 MiB, 100 %
2026/03/27 12:02:06.825, 0, NVIDIA RTX 6000 Ada Generation, 49140 MiB, 15890 MiB, 6 %
2026/03/27 12:02:06.825, 1, NVIDIA RTX 6000 Ada Generation, 49140 MiB, 29043 MiB, 100 %
2026/03/27 12:02:06.825, 2, NVIDIA RTX 6000 Ada Generation, 49140 MiB, 21991 MiB, 100 %
2026/03/27 12:02:06.825, 3, NVIDIA RTX 6000 Ada Generation, 49140 MiB, 17248 MiB, 100 %
2026/03/27 12:02:06.825, 4, NVIDIA RTX 6000 Ada Generation, 49140 MiB, 17260 MiB, 100 %
2026/03/27 12:02:06.825, 5, NVIDIA RTX 6000 Ada Generation, 49140 MiB, 2 MiB, 0 %
2026/03/27 12:02:06.825, 6, NVIDIA RTX 6000 Ada Generation, 49140 MiB, 16254 MiB, 0 %
2026/03/27 12:02:06.825, 7, NVIDIA RTX 6000 Ada Generation, 49140 MiB, 21460 MiB, 100 %
2026/03/27 12:02:07.826, 0, NVIDIA RTX 6000 Ada Generation, 49140 MiB, 15890 MiB, 6 %
2026/03/27 12:02:07.826, 1, NVIDIA RTX 6000 Ada Generation, 49140 MiB, 29043 MiB, 100 %
2026/03/27 12:02:07.826, 2, NVIDIA RTX 6000 Ada Generation, 49140 MiB, 21991 MiB, 100 %
2026/03/27 12:02:08.056, 3, NVIDIA RTX 6000 Ada Generation, 49140 MiB, 17248 MiB, 100 %
2026/03/27 12:02:08.056, 4, NVIDIA RTX 6000 Ada Generation, 49140 MiB, 17260 MiB, 100 %
2026/03/27 12:02:08.056, 5, NVIDIA RTX 6000 Ada Generation, 49140 MiB, 2 MiB, 0 %
2026/03/27 12:02:08.056, 6, NVIDIA RTX 6000 Ada Generation, 49140 MiB, 16254 MiB, 0 %
2026/03/27 12:02:08.056, 7, NVIDIA RTX 6000 Ada Generation, 49140 MiB, 21460 MiB, 100 %
2026/03/27 12:02:09.057, 0, NVIDIA RTX 6000 Ada Generation, 49140 MiB, 15890 MiB, 5 %
2026/03/27 12:02:09.057, 1, NVIDIA RTX 6000 Ada Generation, 49140 MiB, 29043 MiB, 100 %
2026/03/27 12:02:09.057, 2, NVIDIA RTX 6000 Ada Generation, 49140 MiB, 21991 MiB, 100 %
2026/03/27 12:02:09.057, 3, NVIDIA RTX 6000 Ada Generation, 49140 MiB, 17248 MiB, 100 %
2026/03/27 12:02:09.057, 4, NVIDIA RTX 6000 Ada Generation, 49140 MiB, 17260 MiB, 100 %
2026/03/27 12:02:09.057, 5, NVIDIA RTX 6000 Ada Generation, 49140 MiB, 2 MiB, 0 %
2026/03/27 12:02:09.057, 6, NVIDIA RTX 6000 Ada Generation, 49140 MiB, 16254 MiB, 0 %
2026/03/27 12:02:09.057, 7, NVIDIA RTX 6000 Ada Generation, 49140 MiB, 21460 MiB, 100 %
2026/03/27 12:02:10.057, 0, NVIDIA RTX 6000 Ada Generation, 49140 MiB, 15890 MiB, 6 %
2026/03/27 12:02:10.057, 1, NVIDIA RTX 6000 Ada Generation, 49140 MiB, 29043 MiB, 100 %
2026/03/27 12:02:10.057, 2, NVIDIA RTX 6000 Ada Generation, 49140 MiB, 21991 MiB, 100 %
2026/03/27 12:02:10.057, 3, NVIDIA RTX 6000 Ada Generation, 49140 MiB, 17248 MiB, 100 %
2026/03/27 12:02:10.058, 4, NVIDIA RTX 6000 Ada Generation, 49140 MiB, 17260 MiB, 100 %
2026/03/27 12:02:10.058, 5, NVIDIA RTX 6000 Ada Generation, 49140 MiB, 2 MiB, 0 %
2026/03/27 12:02:10.058, 6, NVIDIA RTX 6000 Ada Generation, 49140 MiB, 16254 MiB, 0 %
2026/03/27 12:02:10.058, 7, NVIDIA RTX 6000 Ada Generation, 49140 MiB, 21460 MiB, 100 %
2026/03/27 12:02:11.058, 0, NVIDIA RTX 6000 Ada Generation, 49140 MiB, 15890 MiB, 6 %
2026/03/27 12:02:11.058, 1, NVIDIA RTX 6000 Ada Generation, 49140 MiB, 29043 MiB, 100 %
2026/03/27 12:02:11.058, 2, NVIDIA RTX 6000 Ada Generation, 49140 MiB, 21991 MiB, 100 %
2026/03/27 12:02:11.058, 3, NVIDIA RTX 6000 Ada Generation, 49140 MiB, 17248 MiB, 100 %
2026/03/27 12:02:11.102, 4, NVIDIA RTX 6000 Ada Generation, 49140 MiB, 17260 MiB, 100 %
2026/03/27 12:02:11.102, 5, NVIDIA RTX 6000 Ada Generation, 49140 MiB, 2 MiB, 0 %
2026/03/27 12:02:11.102, 6, NVIDIA RTX 6000 Ada Generation, 49140 MiB, 16254 MiB, 0 %
2026/03/27 12:02:11.102, 7, NVIDIA RTX 6000 Ada Generation, 49140 MiB, 21460 MiB, 100 %
2026/03/27 12:02:12.103, 0, NVIDIA RTX 6000 Ada Generation, 49140 MiB, 15890 MiB, 0 %
2026/03/27 12:02:12.103, 1, NVIDIA RTX 6000 Ada Generation, 49140 MiB, 29043 MiB, 100 %
2026/03/27 12:02:12.103, 2, NVIDIA RTX 6000 Ada Generation, 49140 MiB, 21991 MiB, 100 %
2026/03/27 12:02:12.103, 3, NVIDIA RTX 6000 Ada Generation, 49140 MiB, 17248 MiB, 100 %
2026/03/27 12:02:12.103, 4, NVIDIA RTX 6000 Ada Generation, 49140 MiB, 17260 MiB, 100 %
2026/03/27 12:02:12.103, 5, NVIDIA RTX 6000 Ada Generation, 49140 MiB, 2 MiB, 0 %
2026/03/27 12:02:12.103, 6, NVIDIA RTX 6000 Ada Generation, 49140 MiB, 16254 MiB, 0 %
2026/03/27 12:02:12.103, 7, NVIDIA RTX 6000 Ada Generation, 49140 MiB, 21460 MiB, 100 %
2026/03/27 12:02:13.103, 0, NVIDIA RTX 6000 Ada Generation, 49140 MiB, 15890 MiB, 0 %
2026/03/27 12:02:13.224, 1, NVIDIA RTX 6000 Ada Generation, 49140 MiB, 29043 MiB, 100 %
2026/03/27 12:02:13.225, 2, NVIDIA RTX 6000 Ada Generation, 49140 MiB, 21991 MiB, 99 %
2026/03/27 12:02:13.225, 3, NVIDIA RTX 6000 Ada Generation, 49140 MiB, 17248 MiB, 100 %
2026/03/27 12:02:13.225, 4, NVIDIA RTX 6000 Ada Generation, 49140 MiB, 17260 MiB, 100 %
2026/03/27 12:02:13.225, 5, NVIDIA RTX 6000 Ada Generation, 49140 MiB, 2 MiB, 0 %
2026/03/27 12:02:13.225, 6, NVIDIA RTX 6000 Ada Generation, 49140 MiB, 18990 MiB, 0 %
2026/03/27 12:02:13.225, 7, NVIDIA RTX 6000 Ada Generation, 49140 MiB, 21460 MiB, 100 %
2026/03/27 12:02:14.226, 0, NVIDIA RTX 6000 Ada Generation, 49140 MiB, 15890 MiB, 0 %
2026/03/27 12:02:14.364, 1, NVIDIA RTX 6000 Ada Generation, 49140 MiB, 29043 MiB, 100 %
2026/03/27 12:02:14.510, 2, NVIDIA RTX 6000 Ada Generation, 49140 MiB, 21991 MiB, 100 %
2026/03/27 12:02:14.510, 3, NVIDIA RTX 6000 Ada Generation, 49140 MiB, 17248 MiB, 100 %
2026/03/27 12:02:14.701, 4, NVIDIA RTX 6000 Ada Generation, 49140 MiB, 17260 MiB, 100 %
2026/03/27 12:02:14.710, 5, NVIDIA RTX 6000 Ada Generation, 49140 MiB, 2 MiB, 0 %
2026/03/27 12:02:14.722, 6, NVIDIA RTX 6000 Ada Generation, 49140 MiB, 19056 MiB, 0 %
2026/03/27 12:02:14.731, 7, NVIDIA RTX 6000 Ada Generation, 49140 MiB, 21460 MiB, 100 %
