
--- video-mme/Action Reasoning ---
Traceback (most recent call last):
  File "/data/armaan/purs/eval_qwen_omni.py", line 843, in main
    pred, reasoning = run_inference(
  File "/data/armaan/purs/eval_qwen_omni.py", line 660, in run_inference
    raw_out = model.generate(**gen_in, **gen_kw)
  File "/data/armaan/venvs/omnizip_clean/lib/python3.10/site-packages/gptqmodel/models/base.py", line 1166, in generate
    return self.model.generate(inputs=inputs, **kwargs)
  File "/data/armaan/venvs/omnizip_clean/lib/python3.10/site-packages/torch/utils/_contextlib.py", line 116, in decorate_context
    return func(*args, **kwargs)
  File "/data/armaan/purs/Qwen2.5-Omni/low-VRAM-mode/modeling_qwen2_5_omni_low_VRAM_mode.py", line 4760, in generate
    thinker_result = self.thinker.generate(input_ids=input_ids, **thinker_kwargs)
  File "/data/armaan/venvs/omnizip_clean/lib/python3.10/site-packages/torch/utils/_contextlib.py", line 116, in decorate_context
    return func(*args, **kwargs)
  File "/data/armaan/venvs/omnizip_clean/lib/python3.10/site-packages/transformers/generation/utils.py", line 2597, in generate
    result = self._sample(
  File "/data/armaan/venvs/omnizip_clean/lib/python3.10/site-packages/transformers/generation/utils.py", line 3557, in _sample
    outputs = self(**model_inputs, return_dict=True)
  File "/data/armaan/venvs/omnizip_clean/lib/python3.10/site-packages/torch/nn/modules/module.py", line 1739, in _wrapped_call_impl
    return self._call_impl(*args, **kwargs)
  File "/data/armaan/venvs/omnizip_clean/lib/python3.10/site-packages/torch/nn/modules/module.py", line 1750, in _call_impl
    return forward_call(*args, **kwargs)
  File "/data/armaan/purs/Qwen2.5-Omni/low-VRAM-mode/modeling_qwen2_5_omni_low_VRAM_mode.py", line 2490, in forward
    video_embeds = self.visual(pixel_values_videos, grid_thw=video_grid_thw)
  File "/data/armaan/venvs/omnizip_clean/lib/python3.10/site-packages/torch/nn/modules/module.py", line 1739, in _wrapped_call_impl
    return self._call_impl(*args, **kwargs)
  File "/data/armaan/venvs/omnizip_clean/lib/python3.10/site-packages/torch/nn/modules/module.py", line 1750, in _call_impl
    return forward_call(*args, **kwargs)
  File "/data/armaan/purs/Qwen2.5-Omni/low-VRAM-mode/modeling_qwen2_5_omni_low_VRAM_mode.py", line 1366, in forward
    hidden_states = blk(
  File "/data/armaan/venvs/omnizip_clean/lib/python3.10/site-packages/torch/nn/modules/module.py", line 1739, in _wrapped_call_impl
    return self._call_impl(*args, **kwargs)
  File "/data/armaan/venvs/omnizip_clean/lib/python3.10/site-packages/torch/nn/modules/module.py", line 1750, in _call_impl
    return forward_call(*args, **kwargs)
  File "/data/armaan/purs/Qwen2.5-Omni/low-VRAM-mode/modeling_qwen2_5_omni_low_VRAM_mode.py", line 1155, in forward
    hidden_states = hidden_states + self.attn(
  File "/data/armaan/venvs/omnizip_clean/lib/python3.10/site-packages/torch/nn/modules/module.py", line 1739, in _wrapped_call_impl
    return self._call_impl(*args, **kwargs)
  File "/data/armaan/venvs/omnizip_clean/lib/python3.10/site-packages/torch/nn/modules/module.py", line 1750, in _call_impl
    return forward_call(*args, **kwargs)
  File "/data/armaan/purs/Qwen2.5-Omni/low-VRAM-mode/modeling_qwen2_5_omni_low_VRAM_mode.py", line 1116, in forward
    attn_output = F.scaled_dot_product_attention(q, k, v, attention_mask, dropout_p=0.0)
torch.OutOfMemoryError: CUDA out of memory. Tried to allocate 146.26 GiB. GPU 0 has a total capacity of 47.37 GiB of which 31.47 GiB is free. Including non-PyTorch memory, this process has 15.89 GiB memory in use. Of the allocated memory 15.33 GiB is allocated by PyTorch, and 61.76 MiB is reserved by PyTorch but unallocated. If reserved but unallocated memory is large try setting PYTORCH_CUDA_ALLOC_CONF=expandable_segments:True to avoid fragmentation.  See documentation for Memory Management  (https://pytorch.org/docs/stable/notes/cuda.html#environment-variables)


--- video-mme/Action Reasoning ---
Traceback (most recent call last):
  File "/data/armaan/purs/eval_qwen_omni.py", line 843, in main
    pred, reasoning = run_inference(
  File "/data/armaan/purs/eval_qwen_omni.py", line 660, in run_inference
    raw_out = model.generate(**gen_in, **gen_kw)
  File "/data/armaan/venvs/omnizip_clean/lib/python3.10/site-packages/gptqmodel/models/base.py", line 1166, in generate
    return self.model.generate(inputs=inputs, **kwargs)
  File "/data/armaan/venvs/omnizip_clean/lib/python3.10/site-packages/torch/utils/_contextlib.py", line 116, in decorate_context
    return func(*args, **kwargs)
  File "/data/armaan/purs/Qwen2.5-Omni/low-VRAM-mode/modeling_qwen2_5_omni_low_VRAM_mode.py", line 4760, in generate
    thinker_result = self.thinker.generate(input_ids=input_ids, **thinker_kwargs)
  File "/data/armaan/venvs/omnizip_clean/lib/python3.10/site-packages/torch/utils/_contextlib.py", line 116, in decorate_context
    return func(*args, **kwargs)
  File "/data/armaan/venvs/omnizip_clean/lib/python3.10/site-packages/transformers/generation/utils.py", line 2597, in generate
    result = self._sample(
  File "/data/armaan/venvs/omnizip_clean/lib/python3.10/site-packages/transformers/generation/utils.py", line 3557, in _sample
    outputs = self(**model_inputs, return_dict=True)
  File "/data/armaan/venvs/omnizip_clean/lib/python3.10/site-packages/torch/nn/modules/module.py", line 1739, in _wrapped_call_impl
    return self._call_impl(*args, **kwargs)
  File "/data/armaan/venvs/omnizip_clean/lib/python3.10/site-packages/torch/nn/modules/module.py", line 1750, in _call_impl
    return forward_call(*args, **kwargs)
  File "/data/armaan/purs/Qwen2.5-Omni/low-VRAM-mode/modeling_qwen2_5_omni_low_VRAM_mode.py", line 2490, in forward
    video_embeds = self.visual(pixel_values_videos, grid_thw=video_grid_thw)
  File "/data/armaan/venvs/omnizip_clean/lib/python3.10/site-packages/torch/nn/modules/module.py", line 1739, in _wrapped_call_impl
    return self._call_impl(*args, **kwargs)
  File "/data/armaan/venvs/omnizip_clean/lib/python3.10/site-packages/torch/nn/modules/module.py", line 1750, in _call_impl
    return forward_call(*args, **kwargs)
  File "/data/armaan/purs/Qwen2.5-Omni/low-VRAM-mode/modeling_qwen2_5_omni_low_VRAM_mode.py", line 1366, in forward
    hidden_states = blk(
  File "/data/armaan/venvs/omnizip_clean/lib/python3.10/site-packages/torch/nn/modules/module.py", line 1739, in _wrapped_call_impl
    return self._call_impl(*args, **kwargs)
  File "/data/armaan/venvs/omnizip_clean/lib/python3.10/site-packages/torch/nn/modules/module.py", line 1750, in _call_impl
    return forward_call(*args, **kwargs)
  File "/data/armaan/purs/Qwen2.5-Omni/low-VRAM-mode/modeling_qwen2_5_omni_low_VRAM_mode.py", line 1155, in forward
    hidden_states = hidden_states + self.attn(
  File "/data/armaan/venvs/omnizip_clean/lib/python3.10/site-packages/torch/nn/modules/module.py", line 1739, in _wrapped_call_impl
    return self._call_impl(*args, **kwargs)
  File "/data/armaan/venvs/omnizip_clean/lib/python3.10/site-packages/torch/nn/modules/module.py", line 1750, in _call_impl
    return forward_call(*args, **kwargs)
  File "/data/armaan/purs/Qwen2.5-Omni/low-VRAM-mode/modeling_qwen2_5_omni_low_VRAM_mode.py", line 1116, in forward
    attn_output = F.scaled_dot_product_attention(q, k, v, attention_mask, dropout_p=0.0)
torch.OutOfMemoryError: CUDA out of memory. Tried to allocate 146.26 GiB. GPU 0 has a total capacity of 47.37 GiB of which 31.43 GiB is free. Including non-PyTorch memory, this process has 15.93 GiB memory in use. Of the allocated memory 15.33 GiB is allocated by PyTorch, and 101.75 MiB is reserved by PyTorch but unallocated. If reserved but unallocated memory is large try setting PYTORCH_CUDA_ALLOC_CONF=expandable_segments:True to avoid fragmentation.  See documentation for Memory Management  (https://pytorch.org/docs/stable/notes/cuda.html#environment-variables)


--- video-mme/Action Reasoning ---
Traceback (most recent call last):
  File "/data/armaan/purs/eval_qwen_omni.py", line 843, in main
    pred, reasoning = run_inference(
  File "/data/armaan/purs/eval_qwen_omni.py", line 660, in run_inference
    raw_out = model.generate(**gen_in, **gen_kw)
  File "/data/armaan/venvs/omnizip_clean/lib/python3.10/site-packages/gptqmodel/models/base.py", line 1166, in generate
    return self.model.generate(inputs=inputs, **kwargs)
  File "/data/armaan/venvs/omnizip_clean/lib/python3.10/site-packages/torch/utils/_contextlib.py", line 116, in decorate_context
    return func(*args, **kwargs)
  File "/data/armaan/purs/Qwen2.5-Omni/low-VRAM-mode/modeling_qwen2_5_omni_low_VRAM_mode.py", line 4760, in generate
    thinker_result = self.thinker.generate(input_ids=input_ids, **thinker_kwargs)
  File "/data/armaan/venvs/omnizip_clean/lib/python3.10/site-packages/torch/utils/_contextlib.py", line 116, in decorate_context
    return func(*args, **kwargs)
  File "/data/armaan/venvs/omnizip_clean/lib/python3.10/site-packages/transformers/generation/utils.py", line 2597, in generate
    result = self._sample(
  File "/data/armaan/venvs/omnizip_clean/lib/python3.10/site-packages/transformers/generation/utils.py", line 3557, in _sample
    outputs = self(**model_inputs, return_dict=True)
  File "/data/armaan/venvs/omnizip_clean/lib/python3.10/site-packages/torch/nn/modules/module.py", line 1739, in _wrapped_call_impl
    return self._call_impl(*args, **kwargs)
  File "/data/armaan/venvs/omnizip_clean/lib/python3.10/site-packages/torch/nn/modules/module.py", line 1750, in _call_impl
    return forward_call(*args, **kwargs)
  File "/data/armaan/purs/Qwen2.5-Omni/low-VRAM-mode/modeling_qwen2_5_omni_low_VRAM_mode.py", line 2490, in forward
    video_embeds = self.visual(pixel_values_videos, grid_thw=video_grid_thw)
  File "/data/armaan/venvs/omnizip_clean/lib/python3.10/site-packages/torch/nn/modules/module.py", line 1739, in _wrapped_call_impl
    return self._call_impl(*args, **kwargs)
  File "/data/armaan/venvs/omnizip_clean/lib/python3.10/site-packages/torch/nn/modules/module.py", line 1750, in _call_impl
    return forward_call(*args, **kwargs)
  File "/data/armaan/purs/Qwen2.5-Omni/low-VRAM-mode/modeling_qwen2_5_omni_low_VRAM_mode.py", line 1366, in forward
    hidden_states = blk(
  File "/data/armaan/venvs/omnizip_clean/lib/python3.10/site-packages/torch/nn/modules/module.py", line 1739, in _wrapped_call_impl
    return self._call_impl(*args, **kwargs)
  File "/data/armaan/venvs/omnizip_clean/lib/python3.10/site-packages/torch/nn/modules/module.py", line 1750, in _call_impl
    return forward_call(*args, **kwargs)
  File "/data/armaan/purs/Qwen2.5-Omni/low-VRAM-mode/modeling_qwen2_5_omni_low_VRAM_mode.py", line 1155, in forward
    hidden_states = hidden_states + self.attn(
  File "/data/armaan/venvs/omnizip_clean/lib/python3.10/site-packages/torch/nn/modules/module.py", line 1739, in _wrapped_call_impl
    return self._call_impl(*args, **kwargs)
  File "/data/armaan/venvs/omnizip_clean/lib/python3.10/site-packages/torch/nn/modules/module.py", line 1750, in _call_impl
    return forward_call(*args, **kwargs)
  File "/data/armaan/purs/Qwen2.5-Omni/low-VRAM-mode/modeling_qwen2_5_omni_low_VRAM_mode.py", line 1116, in forward
    attn_output = F.scaled_dot_product_attention(q, k, v, attention_mask, dropout_p=0.0)
torch.OutOfMemoryError: CUDA out of memory. Tried to allocate 146.26 GiB. GPU 0 has a total capacity of 47.37 GiB of which 31.43 GiB is free. Including non-PyTorch memory, this process has 15.93 GiB memory in use. Of the allocated memory 15.33 GiB is allocated by PyTorch, and 101.73 MiB is reserved by PyTorch but unallocated. If reserved but unallocated memory is large try setting PYTORCH_CUDA_ALLOC_CONF=expandable_segments:True to avoid fragmentation.  See documentation for Memory Management  (https://pytorch.org/docs/stable/notes/cuda.html#environment-variables)


--- video-mme/Action Recognition ---
Traceback (most recent call last):
  File "/data/armaan/purs/eval_qwen_omni.py", line 843, in main
    pred, reasoning = run_inference(
  File "/data/armaan/purs/eval_qwen_omni.py", line 660, in run_inference
    raw_out = model.generate(**gen_in, **gen_kw)
  File "/data/armaan/venvs/omnizip_clean/lib/python3.10/site-packages/gptqmodel/models/base.py", line 1166, in generate
    return self.model.generate(inputs=inputs, **kwargs)
  File "/data/armaan/venvs/omnizip_clean/lib/python3.10/site-packages/torch/utils/_contextlib.py", line 116, in decorate_context
    return func(*args, **kwargs)
  File "/data/armaan/purs/Qwen2.5-Omni/low-VRAM-mode/modeling_qwen2_5_omni_low_VRAM_mode.py", line 4760, in generate
    thinker_result = self.thinker.generate(input_ids=input_ids, **thinker_kwargs)
  File "/data/armaan/venvs/omnizip_clean/lib/python3.10/site-packages/torch/utils/_contextlib.py", line 116, in decorate_context
    return func(*args, **kwargs)
  File "/data/armaan/venvs/omnizip_clean/lib/python3.10/site-packages/transformers/generation/utils.py", line 2597, in generate
    result = self._sample(
  File "/data/armaan/venvs/omnizip_clean/lib/python3.10/site-packages/transformers/generation/utils.py", line 3557, in _sample
    outputs = self(**model_inputs, return_dict=True)
  File "/data/armaan/venvs/omnizip_clean/lib/python3.10/site-packages/torch/nn/modules/module.py", line 1739, in _wrapped_call_impl
    return self._call_impl(*args, **kwargs)
  File "/data/armaan/venvs/omnizip_clean/lib/python3.10/site-packages/torch/nn/modules/module.py", line 1750, in _call_impl
    return forward_call(*args, **kwargs)
  File "/data/armaan/purs/Qwen2.5-Omni/low-VRAM-mode/modeling_qwen2_5_omni_low_VRAM_mode.py", line 2490, in forward
    video_embeds = self.visual(pixel_values_videos, grid_thw=video_grid_thw)
  File "/data/armaan/venvs/omnizip_clean/lib/python3.10/site-packages/torch/nn/modules/module.py", line 1739, in _wrapped_call_impl
    return self._call_impl(*args, **kwargs)
  File "/data/armaan/venvs/omnizip_clean/lib/python3.10/site-packages/torch/nn/modules/module.py", line 1750, in _call_impl
    return forward_call(*args, **kwargs)
  File "/data/armaan/purs/Qwen2.5-Omni/low-VRAM-mode/modeling_qwen2_5_omni_low_VRAM_mode.py", line 1366, in forward
    hidden_states = blk(
  File "/data/armaan/venvs/omnizip_clean/lib/python3.10/site-packages/torch/nn/modules/module.py", line 1739, in _wrapped_call_impl
    return self._call_impl(*args, **kwargs)
  File "/data/armaan/venvs/omnizip_clean/lib/python3.10/site-packages/torch/nn/modules/module.py", line 1750, in _call_impl
    return forward_call(*args, **kwargs)
  File "/data/armaan/purs/Qwen2.5-Omni/low-VRAM-mode/modeling_qwen2_5_omni_low_VRAM_mode.py", line 1155, in forward
    hidden_states = hidden_states + self.attn(
  File "/data/armaan/venvs/omnizip_clean/lib/python3.10/site-packages/torch/nn/modules/module.py", line 1739, in _wrapped_call_impl
    return self._call_impl(*args, **kwargs)
  File "/data/armaan/venvs/omnizip_clean/lib/python3.10/site-packages/torch/nn/modules/module.py", line 1750, in _call_impl
    return forward_call(*args, **kwargs)
  File "/data/armaan/purs/Qwen2.5-Omni/low-VRAM-mode/modeling_qwen2_5_omni_low_VRAM_mode.py", line 1116, in forward
    attn_output = F.scaled_dot_product_attention(q, k, v, attention_mask, dropout_p=0.0)
torch.OutOfMemoryError: CUDA out of memory. Tried to allocate 111.24 GiB. GPU 0 has a total capacity of 47.37 GiB of which 33.34 GiB is free. Including non-PyTorch memory, this process has 14.02 GiB memory in use. Of the allocated memory 13.43 GiB is allocated by PyTorch, and 84.81 MiB is reserved by PyTorch but unallocated. If reserved but unallocated memory is large try setting PYTORCH_CUDA_ALLOC_CONF=expandable_segments:True to avoid fragmentation.  See documentation for Memory Management  (https://pytorch.org/docs/stable/notes/cuda.html#environment-variables)


--- video-mme/Action Recognition ---
Traceback (most recent call last):
  File "/data/armaan/purs/eval_qwen_omni.py", line 843, in main
    pred, reasoning = run_inference(
  File "/data/armaan/purs/eval_qwen_omni.py", line 660, in run_inference
    raw_out = model.generate(**gen_in, **gen_kw)
  File "/data/armaan/venvs/omnizip_clean/lib/python3.10/site-packages/gptqmodel/models/base.py", line 1166, in generate
    return self.model.generate(inputs=inputs, **kwargs)
  File "/data/armaan/venvs/omnizip_clean/lib/python3.10/site-packages/torch/utils/_contextlib.py", line 116, in decorate_context
    return func(*args, **kwargs)
  File "/data/armaan/purs/Qwen2.5-Omni/low-VRAM-mode/modeling_qwen2_5_omni_low_VRAM_mode.py", line 4760, in generate
    thinker_result = self.thinker.generate(input_ids=input_ids, **thinker_kwargs)
  File "/data/armaan/venvs/omnizip_clean/lib/python3.10/site-packages/torch/utils/_contextlib.py", line 116, in decorate_context
    return func(*args, **kwargs)
  File "/data/armaan/venvs/omnizip_clean/lib/python3.10/site-packages/transformers/generation/utils.py", line 2597, in generate
    result = self._sample(
  File "/data/armaan/venvs/omnizip_clean/lib/python3.10/site-packages/transformers/generation/utils.py", line 3557, in _sample
    outputs = self(**model_inputs, return_dict=True)
  File "/data/armaan/venvs/omnizip_clean/lib/python3.10/site-packages/torch/nn/modules/module.py", line 1739, in _wrapped_call_impl
    return self._call_impl(*args, **kwargs)
  File "/data/armaan/venvs/omnizip_clean/lib/python3.10/site-packages/torch/nn/modules/module.py", line 1750, in _call_impl
    return forward_call(*args, **kwargs)
  File "/data/armaan/purs/Qwen2.5-Omni/low-VRAM-mode/modeling_qwen2_5_omni_low_VRAM_mode.py", line 2490, in forward
    video_embeds = self.visual(pixel_values_videos, grid_thw=video_grid_thw)
  File "/data/armaan/venvs/omnizip_clean/lib/python3.10/site-packages/torch/nn/modules/module.py", line 1739, in _wrapped_call_impl
    return self._call_impl(*args, **kwargs)
  File "/data/armaan/venvs/omnizip_clean/lib/python3.10/site-packages/torch/nn/modules/module.py", line 1750, in _call_impl
    return forward_call(*args, **kwargs)
  File "/data/armaan/purs/Qwen2.5-Omni/low-VRAM-mode/modeling_qwen2_5_omni_low_VRAM_mode.py", line 1366, in forward
    hidden_states = blk(
  File "/data/armaan/venvs/omnizip_clean/lib/python3.10/site-packages/torch/nn/modules/module.py", line 1739, in _wrapped_call_impl
    return self._call_impl(*args, **kwargs)
  File "/data/armaan/venvs/omnizip_clean/lib/python3.10/site-packages/torch/nn/modules/module.py", line 1750, in _call_impl
    return forward_call(*args, **kwargs)
  File "/data/armaan/purs/Qwen2.5-Omni/low-VRAM-mode/modeling_qwen2_5_omni_low_VRAM_mode.py", line 1155, in forward
    hidden_states = hidden_states + self.attn(
  File "/data/armaan/venvs/omnizip_clean/lib/python3.10/site-packages/torch/nn/modules/module.py", line 1739, in _wrapped_call_impl
    return self._call_impl(*args, **kwargs)
  File "/data/armaan/venvs/omnizip_clean/lib/python3.10/site-packages/torch/nn/modules/module.py", line 1750, in _call_impl
    return forward_call(*args, **kwargs)
  File "/data/armaan/purs/Qwen2.5-Omni/low-VRAM-mode/modeling_qwen2_5_omni_low_VRAM_mode.py", line 1116, in forward
    attn_output = F.scaled_dot_product_attention(q, k, v, attention_mask, dropout_p=0.0)
torch.OutOfMemoryError: CUDA out of memory. Tried to allocate 111.24 GiB. GPU 0 has a total capacity of 47.37 GiB of which 33.34 GiB is free. Including non-PyTorch memory, this process has 14.02 GiB memory in use. Of the allocated memory 13.43 GiB is allocated by PyTorch, and 84.86 MiB is reserved by PyTorch but unallocated. If reserved but unallocated memory is large try setting PYTORCH_CUDA_ALLOC_CONF=expandable_segments:True to avoid fragmentation.  See documentation for Memory Management  (https://pytorch.org/docs/stable/notes/cuda.html#environment-variables)


--- video-mme/Action Recognition ---
Traceback (most recent call last):
  File "/data/armaan/purs/eval_qwen_omni.py", line 843, in main
    pred, reasoning = run_inference(
  File "/data/armaan/purs/eval_qwen_omni.py", line 660, in run_inference
    raw_out = model.generate(**gen_in, **gen_kw)
  File "/data/armaan/venvs/omnizip_clean/lib/python3.10/site-packages/gptqmodel/models/base.py", line 1166, in generate
    return self.model.generate(inputs=inputs, **kwargs)
  File "/data/armaan/venvs/omnizip_clean/lib/python3.10/site-packages/torch/utils/_contextlib.py", line 116, in decorate_context
    return func(*args, **kwargs)
  File "/data/armaan/purs/Qwen2.5-Omni/low-VRAM-mode/modeling_qwen2_5_omni_low_VRAM_mode.py", line 4760, in generate
    thinker_result = self.thinker.generate(input_ids=input_ids, **thinker_kwargs)
  File "/data/armaan/venvs/omnizip_clean/lib/python3.10/site-packages/torch/utils/_contextlib.py", line 116, in decorate_context
    return func(*args, **kwargs)
  File "/data/armaan/venvs/omnizip_clean/lib/python3.10/site-packages/transformers/generation/utils.py", line 2597, in generate
    result = self._sample(
  File "/data/armaan/venvs/omnizip_clean/lib/python3.10/site-packages/transformers/generation/utils.py", line 3557, in _sample
    outputs = self(**model_inputs, return_dict=True)
  File "/data/armaan/venvs/omnizip_clean/lib/python3.10/site-packages/torch/nn/modules/module.py", line 1739, in _wrapped_call_impl
    return self._call_impl(*args, **kwargs)
  File "/data/armaan/venvs/omnizip_clean/lib/python3.10/site-packages/torch/nn/modules/module.py", line 1750, in _call_impl
    return forward_call(*args, **kwargs)
  File "/data/armaan/purs/Qwen2.5-Omni/low-VRAM-mode/modeling_qwen2_5_omni_low_VRAM_mode.py", line 2490, in forward
    video_embeds = self.visual(pixel_values_videos, grid_thw=video_grid_thw)
  File "/data/armaan/venvs/omnizip_clean/lib/python3.10/site-packages/torch/nn/modules/module.py", line 1739, in _wrapped_call_impl
    return self._call_impl(*args, **kwargs)
  File "/data/armaan/venvs/omnizip_clean/lib/python3.10/site-packages/torch/nn/modules/module.py", line 1750, in _call_impl
    return forward_call(*args, **kwargs)
  File "/data/armaan/purs/Qwen2.5-Omni/low-VRAM-mode/modeling_qwen2_5_omni_low_VRAM_mode.py", line 1366, in forward
    hidden_states = blk(
  File "/data/armaan/venvs/omnizip_clean/lib/python3.10/site-packages/torch/nn/modules/module.py", line 1739, in _wrapped_call_impl
    return self._call_impl(*args, **kwargs)
  File "/data/armaan/venvs/omnizip_clean/lib/python3.10/site-packages/torch/nn/modules/module.py", line 1750, in _call_impl
    return forward_call(*args, **kwargs)
  File "/data/armaan/purs/Qwen2.5-Omni/low-VRAM-mode/modeling_qwen2_5_omni_low_VRAM_mode.py", line 1155, in forward
    hidden_states = hidden_states + self.attn(
  File "/data/armaan/venvs/omnizip_clean/lib/python3.10/site-packages/torch/nn/modules/module.py", line 1739, in _wrapped_call_impl
    return self._call_impl(*args, **kwargs)
  File "/data/armaan/venvs/omnizip_clean/lib/python3.10/site-packages/torch/nn/modules/module.py", line 1750, in _call_impl
    return forward_call(*args, **kwargs)
  File "/data/armaan/purs/Qwen2.5-Omni/low-VRAM-mode/modeling_qwen2_5_omni_low_VRAM_mode.py", line 1116, in forward
    attn_output = F.scaled_dot_product_attention(q, k, v, attention_mask, dropout_p=0.0)
torch.OutOfMemoryError: CUDA out of memory. Tried to allocate 111.24 GiB. GPU 0 has a total capacity of 47.37 GiB of which 33.34 GiB is free. Including non-PyTorch memory, this process has 14.02 GiB memory in use. Of the allocated memory 13.43 GiB is allocated by PyTorch, and 84.77 MiB is reserved by PyTorch but unallocated. If reserved but unallocated memory is large try setting PYTORCH_CUDA_ALLOC_CONF=expandable_segments:True to avoid fragmentation.  See documentation for Memory Management  (https://pytorch.org/docs/stable/notes/cuda.html#environment-variables)


--- video-mme/Attribute Perception ---
Traceback (most recent call last):
  File "/data/armaan/purs/eval_qwen_omni.py", line 843, in main
    pred, reasoning = run_inference(
  File "/data/armaan/purs/eval_qwen_omni.py", line 660, in run_inference
    raw_out = model.generate(**gen_in, **gen_kw)
  File "/data/armaan/venvs/omnizip_clean/lib/python3.10/site-packages/gptqmodel/models/base.py", line 1166, in generate
    return self.model.generate(inputs=inputs, **kwargs)
  File "/data/armaan/venvs/omnizip_clean/lib/python3.10/site-packages/torch/utils/_contextlib.py", line 116, in decorate_context
    return func(*args, **kwargs)
  File "/data/armaan/purs/Qwen2.5-Omni/low-VRAM-mode/modeling_qwen2_5_omni_low_VRAM_mode.py", line 4760, in generate
    thinker_result = self.thinker.generate(input_ids=input_ids, **thinker_kwargs)
  File "/data/armaan/venvs/omnizip_clean/lib/python3.10/site-packages/torch/utils/_contextlib.py", line 116, in decorate_context
    return func(*args, **kwargs)
  File "/data/armaan/venvs/omnizip_clean/lib/python3.10/site-packages/transformers/generation/utils.py", line 2597, in generate
    result = self._sample(
  File "/data/armaan/venvs/omnizip_clean/lib/python3.10/site-packages/transformers/generation/utils.py", line 3557, in _sample
    outputs = self(**model_inputs, return_dict=True)
  File "/data/armaan/venvs/omnizip_clean/lib/python3.10/site-packages/torch/nn/modules/module.py", line 1739, in _wrapped_call_impl
    return self._call_impl(*args, **kwargs)
  File "/data/armaan/venvs/omnizip_clean/lib/python3.10/site-packages/torch/nn/modules/module.py", line 1750, in _call_impl
    return forward_call(*args, **kwargs)
  File "/data/armaan/purs/Qwen2.5-Omni/low-VRAM-mode/modeling_qwen2_5_omni_low_VRAM_mode.py", line 2490, in forward
    video_embeds = self.visual(pixel_values_videos, grid_thw=video_grid_thw)
  File "/data/armaan/venvs/omnizip_clean/lib/python3.10/site-packages/torch/nn/modules/module.py", line 1739, in _wrapped_call_impl
    return self._call_impl(*args, **kwargs)
  File "/data/armaan/venvs/omnizip_clean/lib/python3.10/site-packages/torch/nn/modules/module.py", line 1750, in _call_impl
    return forward_call(*args, **kwargs)
  File "/data/armaan/purs/Qwen2.5-Omni/low-VRAM-mode/modeling_qwen2_5_omni_low_VRAM_mode.py", line 1366, in forward
    hidden_states = blk(
  File "/data/armaan/venvs/omnizip_clean/lib/python3.10/site-packages/torch/nn/modules/module.py", line 1739, in _wrapped_call_impl
    return self._call_impl(*args, **kwargs)
  File "/data/armaan/venvs/omnizip_clean/lib/python3.10/site-packages/torch/nn/modules/module.py", line 1750, in _call_impl
    return forward_call(*args, **kwargs)
  File "/data/armaan/purs/Qwen2.5-Omni/low-VRAM-mode/modeling_qwen2_5_omni_low_VRAM_mode.py", line 1155, in forward
    hidden_states = hidden_states + self.attn(
  File "/data/armaan/venvs/omnizip_clean/lib/python3.10/site-packages/torch/nn/modules/module.py", line 1739, in _wrapped_call_impl
    return self._call_impl(*args, **kwargs)
  File "/data/armaan/venvs/omnizip_clean/lib/python3.10/site-packages/torch/nn/modules/module.py", line 1750, in _call_impl
    return forward_call(*args, **kwargs)
  File "/data/armaan/purs/Qwen2.5-Omni/low-VRAM-mode/modeling_qwen2_5_omni_low_VRAM_mode.py", line 1116, in forward
    attn_output = F.scaled_dot_product_attention(q, k, v, attention_mask, dropout_p=0.0)
torch.OutOfMemoryError: CUDA out of memory. Tried to allocate 114.22 GiB. GPU 0 has a total capacity of 47.37 GiB of which 33.19 GiB is free. Including non-PyTorch memory, this process has 14.18 GiB memory in use. Of the allocated memory 13.60 GiB is allocated by PyTorch, and 77.68 MiB is reserved by PyTorch but unallocated. If reserved but unallocated memory is large try setting PYTORCH_CUDA_ALLOC_CONF=expandable_segments:True to avoid fragmentation.  See documentation for Memory Management  (https://pytorch.org/docs/stable/notes/cuda.html#environment-variables)


--- video-mme/Attribute Perception ---
Traceback (most recent call last):
  File "/data/armaan/purs/eval_qwen_omni.py", line 843, in main
    pred, reasoning = run_inference(
  File "/data/armaan/purs/eval_qwen_omni.py", line 660, in run_inference
    raw_out = model.generate(**gen_in, **gen_kw)
  File "/data/armaan/venvs/omnizip_clean/lib/python3.10/site-packages/gptqmodel/models/base.py", line 1166, in generate
    return self.model.generate(inputs=inputs, **kwargs)
  File "/data/armaan/venvs/omnizip_clean/lib/python3.10/site-packages/torch/utils/_contextlib.py", line 116, in decorate_context
    return func(*args, **kwargs)
  File "/data/armaan/purs/Qwen2.5-Omni/low-VRAM-mode/modeling_qwen2_5_omni_low_VRAM_mode.py", line 4760, in generate
    thinker_result = self.thinker.generate(input_ids=input_ids, **thinker_kwargs)
  File "/data/armaan/venvs/omnizip_clean/lib/python3.10/site-packages/torch/utils/_contextlib.py", line 116, in decorate_context
    return func(*args, **kwargs)
  File "/data/armaan/venvs/omnizip_clean/lib/python3.10/site-packages/transformers/generation/utils.py", line 2597, in generate
    result = self._sample(
  File "/data/armaan/venvs/omnizip_clean/lib/python3.10/site-packages/transformers/generation/utils.py", line 3557, in _sample
    outputs = self(**model_inputs, return_dict=True)
  File "/data/armaan/venvs/omnizip_clean/lib/python3.10/site-packages/torch/nn/modules/module.py", line 1739, in _wrapped_call_impl
    return self._call_impl(*args, **kwargs)
  File "/data/armaan/venvs/omnizip_clean/lib/python3.10/site-packages/torch/nn/modules/module.py", line 1750, in _call_impl
    return forward_call(*args, **kwargs)
  File "/data/armaan/purs/Qwen2.5-Omni/low-VRAM-mode/modeling_qwen2_5_omni_low_VRAM_mode.py", line 2490, in forward
    video_embeds = self.visual(pixel_values_videos, grid_thw=video_grid_thw)
  File "/data/armaan/venvs/omnizip_clean/lib/python3.10/site-packages/torch/nn/modules/module.py", line 1739, in _wrapped_call_impl
    return self._call_impl(*args, **kwargs)
  File "/data/armaan/venvs/omnizip_clean/lib/python3.10/site-packages/torch/nn/modules/module.py", line 1750, in _call_impl
    return forward_call(*args, **kwargs)
  File "/data/armaan/purs/Qwen2.5-Omni/low-VRAM-mode/modeling_qwen2_5_omni_low_VRAM_mode.py", line 1366, in forward
    hidden_states = blk(
  File "/data/armaan/venvs/omnizip_clean/lib/python3.10/site-packages/torch/nn/modules/module.py", line 1739, in _wrapped_call_impl
    return self._call_impl(*args, **kwargs)
  File "/data/armaan/venvs/omnizip_clean/lib/python3.10/site-packages/torch/nn/modules/module.py", line 1750, in _call_impl
    return forward_call(*args, **kwargs)
  File "/data/armaan/purs/Qwen2.5-Omni/low-VRAM-mode/modeling_qwen2_5_omni_low_VRAM_mode.py", line 1155, in forward
    hidden_states = hidden_states + self.attn(
  File "/data/armaan/venvs/omnizip_clean/lib/python3.10/site-packages/torch/nn/modules/module.py", line 1739, in _wrapped_call_impl
    return self._call_impl(*args, **kwargs)
  File "/data/armaan/venvs/omnizip_clean/lib/python3.10/site-packages/torch/nn/modules/module.py", line 1750, in _call_impl
    return forward_call(*args, **kwargs)
  File "/data/armaan/purs/Qwen2.5-Omni/low-VRAM-mode/modeling_qwen2_5_omni_low_VRAM_mode.py", line 1116, in forward
    attn_output = F.scaled_dot_product_attention(q, k, v, attention_mask, dropout_p=0.0)
torch.OutOfMemoryError: CUDA out of memory. Tried to allocate 114.22 GiB. GPU 0 has a total capacity of 47.37 GiB of which 33.19 GiB is free. Including non-PyTorch memory, this process has 14.18 GiB memory in use. Of the allocated memory 13.60 GiB is allocated by PyTorch, and 77.84 MiB is reserved by PyTorch but unallocated. If reserved but unallocated memory is large try setting PYTORCH_CUDA_ALLOC_CONF=expandable_segments:True to avoid fragmentation.  See documentation for Memory Management  (https://pytorch.org/docs/stable/notes/cuda.html#environment-variables)


--- video-mme/Attribute Perception ---
Traceback (most recent call last):
  File "/data/armaan/purs/eval_qwen_omni.py", line 843, in main
    pred, reasoning = run_inference(
  File "/data/armaan/purs/eval_qwen_omni.py", line 660, in run_inference
    raw_out = model.generate(**gen_in, **gen_kw)
  File "/data/armaan/venvs/omnizip_clean/lib/python3.10/site-packages/gptqmodel/models/base.py", line 1166, in generate
    return self.model.generate(inputs=inputs, **kwargs)
  File "/data/armaan/venvs/omnizip_clean/lib/python3.10/site-packages/torch/utils/_contextlib.py", line 116, in decorate_context
    return func(*args, **kwargs)
  File "/data/armaan/purs/Qwen2.5-Omni/low-VRAM-mode/modeling_qwen2_5_omni_low_VRAM_mode.py", line 4760, in generate
    thinker_result = self.thinker.generate(input_ids=input_ids, **thinker_kwargs)
  File "/data/armaan/venvs/omnizip_clean/lib/python3.10/site-packages/torch/utils/_contextlib.py", line 116, in decorate_context
    return func(*args, **kwargs)
  File "/data/armaan/venvs/omnizip_clean/lib/python3.10/site-packages/transformers/generation/utils.py", line 2597, in generate
    result = self._sample(
  File "/data/armaan/venvs/omnizip_clean/lib/python3.10/site-packages/transformers/generation/utils.py", line 3557, in _sample
    outputs = self(**model_inputs, return_dict=True)
  File "/data/armaan/venvs/omnizip_clean/lib/python3.10/site-packages/torch/nn/modules/module.py", line 1739, in _wrapped_call_impl
    return self._call_impl(*args, **kwargs)
  File "/data/armaan/venvs/omnizip_clean/lib/python3.10/site-packages/torch/nn/modules/module.py", line 1750, in _call_impl
    return forward_call(*args, **kwargs)
  File "/data/armaan/purs/Qwen2.5-Omni/low-VRAM-mode/modeling_qwen2_5_omni_low_VRAM_mode.py", line 2490, in forward
    video_embeds = self.visual(pixel_values_videos, grid_thw=video_grid_thw)
  File "/data/armaan/venvs/omnizip_clean/lib/python3.10/site-packages/torch/nn/modules/module.py", line 1739, in _wrapped_call_impl
    return self._call_impl(*args, **kwargs)
  File "/data/armaan/venvs/omnizip_clean/lib/python3.10/site-packages/torch/nn/modules/module.py", line 1750, in _call_impl
    return forward_call(*args, **kwargs)
  File "/data/armaan/purs/Qwen2.5-Omni/low-VRAM-mode/modeling_qwen2_5_omni_low_VRAM_mode.py", line 1366, in forward
    hidden_states = blk(
  File "/data/armaan/venvs/omnizip_clean/lib/python3.10/site-packages/torch/nn/modules/module.py", line 1739, in _wrapped_call_impl
    return self._call_impl(*args, **kwargs)
  File "/data/armaan/venvs/omnizip_clean/lib/python3.10/site-packages/torch/nn/modules/module.py", line 1750, in _call_impl
    return forward_call(*args, **kwargs)
  File "/data/armaan/purs/Qwen2.5-Omni/low-VRAM-mode/modeling_qwen2_5_omni_low_VRAM_mode.py", line 1155, in forward
    hidden_states = hidden_states + self.attn(
  File "/data/armaan/venvs/omnizip_clean/lib/python3.10/site-packages/torch/nn/modules/module.py", line 1739, in _wrapped_call_impl
    return self._call_impl(*args, **kwargs)
  File "/data/armaan/venvs/omnizip_clean/lib/python3.10/site-packages/torch/nn/modules/module.py", line 1750, in _call_impl
    return forward_call(*args, **kwargs)
  File "/data/armaan/purs/Qwen2.5-Omni/low-VRAM-mode/modeling_qwen2_5_omni_low_VRAM_mode.py", line 1116, in forward
    attn_output = F.scaled_dot_product_attention(q, k, v, attention_mask, dropout_p=0.0)
torch.OutOfMemoryError: CUDA out of memory. Tried to allocate 114.22 GiB. GPU 0 has a total capacity of 47.37 GiB of which 33.19 GiB is free. Including non-PyTorch memory, this process has 14.18 GiB memory in use. Of the allocated memory 13.60 GiB is allocated by PyTorch, and 77.91 MiB is reserved by PyTorch but unallocated. If reserved but unallocated memory is large try setting PYTORCH_CUDA_ALLOC_CONF=expandable_segments:True to avoid fragmentation.  See documentation for Memory Management  (https://pytorch.org/docs/stable/notes/cuda.html#environment-variables)


--- video-mme/Counting Problem ---
Traceback (most recent call last):
  File "/data/armaan/purs/eval_qwen_omni.py", line 843, in main
    pred, reasoning = run_inference(
  File "/data/armaan/purs/eval_qwen_omni.py", line 660, in run_inference
    raw_out = model.generate(**gen_in, **gen_kw)
  File "/data/armaan/venvs/omnizip_clean/lib/python3.10/site-packages/gptqmodel/models/base.py", line 1166, in generate
    return self.model.generate(inputs=inputs, **kwargs)
  File "/data/armaan/venvs/omnizip_clean/lib/python3.10/site-packages/torch/utils/_contextlib.py", line 116, in decorate_context
    return func(*args, **kwargs)
  File "/data/armaan/purs/Qwen2.5-Omni/low-VRAM-mode/modeling_qwen2_5_omni_low_VRAM_mode.py", line 4760, in generate
    thinker_result = self.thinker.generate(input_ids=input_ids, **thinker_kwargs)
  File "/data/armaan/venvs/omnizip_clean/lib/python3.10/site-packages/torch/utils/_contextlib.py", line 116, in decorate_context
    return func(*args, **kwargs)
  File "/data/armaan/venvs/omnizip_clean/lib/python3.10/site-packages/transformers/generation/utils.py", line 2597, in generate
    result = self._sample(
  File "/data/armaan/venvs/omnizip_clean/lib/python3.10/site-packages/transformers/generation/utils.py", line 3557, in _sample
    outputs = self(**model_inputs, return_dict=True)
  File "/data/armaan/venvs/omnizip_clean/lib/python3.10/site-packages/torch/nn/modules/module.py", line 1739, in _wrapped_call_impl
    return self._call_impl(*args, **kwargs)
  File "/data/armaan/venvs/omnizip_clean/lib/python3.10/site-packages/torch/nn/modules/module.py", line 1750, in _call_impl
    return forward_call(*args, **kwargs)
  File "/data/armaan/purs/Qwen2.5-Omni/low-VRAM-mode/modeling_qwen2_5_omni_low_VRAM_mode.py", line 2490, in forward
    video_embeds = self.visual(pixel_values_videos, grid_thw=video_grid_thw)
  File "/data/armaan/venvs/omnizip_clean/lib/python3.10/site-packages/torch/nn/modules/module.py", line 1739, in _wrapped_call_impl
    return self._call_impl(*args, **kwargs)
  File "/data/armaan/venvs/omnizip_clean/lib/python3.10/site-packages/torch/nn/modules/module.py", line 1750, in _call_impl
    return forward_call(*args, **kwargs)
  File "/data/armaan/purs/Qwen2.5-Omni/low-VRAM-mode/modeling_qwen2_5_omni_low_VRAM_mode.py", line 1366, in forward
    hidden_states = blk(
  File "/data/armaan/venvs/omnizip_clean/lib/python3.10/site-packages/torch/nn/modules/module.py", line 1739, in _wrapped_call_impl
    return self._call_impl(*args, **kwargs)
  File "/data/armaan/venvs/omnizip_clean/lib/python3.10/site-packages/torch/nn/modules/module.py", line 1750, in _call_impl
    return forward_call(*args, **kwargs)
  File "/data/armaan/purs/Qwen2.5-Omni/low-VRAM-mode/modeling_qwen2_5_omni_low_VRAM_mode.py", line 1155, in forward
    hidden_states = hidden_states + self.attn(
  File "/data/armaan/venvs/omnizip_clean/lib/python3.10/site-packages/torch/nn/modules/module.py", line 1739, in _wrapped_call_impl
    return self._call_impl(*args, **kwargs)
  File "/data/armaan/venvs/omnizip_clean/lib/python3.10/site-packages/torch/nn/modules/module.py", line 1750, in _call_impl
    return forward_call(*args, **kwargs)
  File "/data/armaan/purs/Qwen2.5-Omni/low-VRAM-mode/modeling_qwen2_5_omni_low_VRAM_mode.py", line 1116, in forward
    attn_output = F.scaled_dot_product_attention(q, k, v, attention_mask, dropout_p=0.0)
torch.OutOfMemoryError: CUDA out of memory. Tried to allocate 108.29 GiB. GPU 0 has a total capacity of 47.37 GiB of which 33.52 GiB is free. Including non-PyTorch memory, this process has 13.84 GiB memory in use. Of the allocated memory 13.27 GiB is allocated by PyTorch, and 70.30 MiB is reserved by PyTorch but unallocated. If reserved but unallocated memory is large try setting PYTORCH_CUDA_ALLOC_CONF=expandable_segments:True to avoid fragmentation.  See documentation for Memory Management  (https://pytorch.org/docs/stable/notes/cuda.html#environment-variables)


--- video-mme/Counting Problem ---
Traceback (most recent call last):
  File "/data/armaan/purs/eval_qwen_omni.py", line 843, in main
    pred, reasoning = run_inference(
  File "/data/armaan/purs/eval_qwen_omni.py", line 660, in run_inference
    raw_out = model.generate(**gen_in, **gen_kw)
  File "/data/armaan/venvs/omnizip_clean/lib/python3.10/site-packages/gptqmodel/models/base.py", line 1166, in generate
    return self.model.generate(inputs=inputs, **kwargs)
  File "/data/armaan/venvs/omnizip_clean/lib/python3.10/site-packages/torch/utils/_contextlib.py", line 116, in decorate_context
    return func(*args, **kwargs)
  File "/data/armaan/purs/Qwen2.5-Omni/low-VRAM-mode/modeling_qwen2_5_omni_low_VRAM_mode.py", line 4760, in generate
    thinker_result = self.thinker.generate(input_ids=input_ids, **thinker_kwargs)
  File "/data/armaan/venvs/omnizip_clean/lib/python3.10/site-packages/torch/utils/_contextlib.py", line 116, in decorate_context
    return func(*args, **kwargs)
  File "/data/armaan/venvs/omnizip_clean/lib/python3.10/site-packages/transformers/generation/utils.py", line 2597, in generate
    result = self._sample(
  File "/data/armaan/venvs/omnizip_clean/lib/python3.10/site-packages/transformers/generation/utils.py", line 3557, in _sample
    outputs = self(**model_inputs, return_dict=True)
  File "/data/armaan/venvs/omnizip_clean/lib/python3.10/site-packages/torch/nn/modules/module.py", line 1739, in _wrapped_call_impl
    return self._call_impl(*args, **kwargs)
  File "/data/armaan/venvs/omnizip_clean/lib/python3.10/site-packages/torch/nn/modules/module.py", line 1750, in _call_impl
    return forward_call(*args, **kwargs)
  File "/data/armaan/purs/Qwen2.5-Omni/low-VRAM-mode/modeling_qwen2_5_omni_low_VRAM_mode.py", line 2490, in forward
    video_embeds = self.visual(pixel_values_videos, grid_thw=video_grid_thw)
  File "/data/armaan/venvs/omnizip_clean/lib/python3.10/site-packages/torch/nn/modules/module.py", line 1739, in _wrapped_call_impl
    return self._call_impl(*args, **kwargs)
  File "/data/armaan/venvs/omnizip_clean/lib/python3.10/site-packages/torch/nn/modules/module.py", line 1750, in _call_impl
    return forward_call(*args, **kwargs)
  File "/data/armaan/purs/Qwen2.5-Omni/low-VRAM-mode/modeling_qwen2_5_omni_low_VRAM_mode.py", line 1366, in forward
    hidden_states = blk(
  File "/data/armaan/venvs/omnizip_clean/lib/python3.10/site-packages/torch/nn/modules/module.py", line 1739, in _wrapped_call_impl
    return self._call_impl(*args, **kwargs)
  File "/data/armaan/venvs/omnizip_clean/lib/python3.10/site-packages/torch/nn/modules/module.py", line 1750, in _call_impl
    return forward_call(*args, **kwargs)
  File "/data/armaan/purs/Qwen2.5-Omni/low-VRAM-mode/modeling_qwen2_5_omni_low_VRAM_mode.py", line 1155, in forward
    hidden_states = hidden_states + self.attn(
  File "/data/armaan/venvs/omnizip_clean/lib/python3.10/site-packages/torch/nn/modules/module.py", line 1739, in _wrapped_call_impl
    return self._call_impl(*args, **kwargs)
  File "/data/armaan/venvs/omnizip_clean/lib/python3.10/site-packages/torch/nn/modules/module.py", line 1750, in _call_impl
    return forward_call(*args, **kwargs)
  File "/data/armaan/purs/Qwen2.5-Omni/low-VRAM-mode/modeling_qwen2_5_omni_low_VRAM_mode.py", line 1116, in forward
    attn_output = F.scaled_dot_product_attention(q, k, v, attention_mask, dropout_p=0.0)
torch.OutOfMemoryError: CUDA out of memory. Tried to allocate 108.29 GiB. GPU 0 has a total capacity of 47.37 GiB of which 33.56 GiB is free. Including non-PyTorch memory, this process has 13.80 GiB memory in use. Of the allocated memory 13.27 GiB is allocated by PyTorch, and 30.43 MiB is reserved by PyTorch but unallocated. If reserved but unallocated memory is large try setting PYTORCH_CUDA_ALLOC_CONF=expandable_segments:True to avoid fragmentation.  See documentation for Memory Management  (https://pytorch.org/docs/stable/notes/cuda.html#environment-variables)


--- video-mme/Counting Problem ---
Traceback (most recent call last):
  File "/data/armaan/purs/eval_qwen_omni.py", line 843, in main
    pred, reasoning = run_inference(
  File "/data/armaan/purs/eval_qwen_omni.py", line 660, in run_inference
    raw_out = model.generate(**gen_in, **gen_kw)
  File "/data/armaan/venvs/omnizip_clean/lib/python3.10/site-packages/gptqmodel/models/base.py", line 1166, in generate
    return self.model.generate(inputs=inputs, **kwargs)
  File "/data/armaan/venvs/omnizip_clean/lib/python3.10/site-packages/torch/utils/_contextlib.py", line 116, in decorate_context
    return func(*args, **kwargs)
  File "/data/armaan/purs/Qwen2.5-Omni/low-VRAM-mode/modeling_qwen2_5_omni_low_VRAM_mode.py", line 4760, in generate
    thinker_result = self.thinker.generate(input_ids=input_ids, **thinker_kwargs)
  File "/data/armaan/venvs/omnizip_clean/lib/python3.10/site-packages/torch/utils/_contextlib.py", line 116, in decorate_context
    return func(*args, **kwargs)
  File "/data/armaan/venvs/omnizip_clean/lib/python3.10/site-packages/transformers/generation/utils.py", line 2597, in generate
    result = self._sample(
  File "/data/armaan/venvs/omnizip_clean/lib/python3.10/site-packages/transformers/generation/utils.py", line 3557, in _sample
    outputs = self(**model_inputs, return_dict=True)
  File "/data/armaan/venvs/omnizip_clean/lib/python3.10/site-packages/torch/nn/modules/module.py", line 1739, in _wrapped_call_impl
    return self._call_impl(*args, **kwargs)
  File "/data/armaan/venvs/omnizip_clean/lib/python3.10/site-packages/torch/nn/modules/module.py", line 1750, in _call_impl
    return forward_call(*args, **kwargs)
  File "/data/armaan/purs/Qwen2.5-Omni/low-VRAM-mode/modeling_qwen2_5_omni_low_VRAM_mode.py", line 2490, in forward
    video_embeds = self.visual(pixel_values_videos, grid_thw=video_grid_thw)
  File "/data/armaan/venvs/omnizip_clean/lib/python3.10/site-packages/torch/nn/modules/module.py", line 1739, in _wrapped_call_impl
    return self._call_impl(*args, **kwargs)
  File "/data/armaan/venvs/omnizip_clean/lib/python3.10/site-packages/torch/nn/modules/module.py", line 1750, in _call_impl
    return forward_call(*args, **kwargs)
  File "/data/armaan/purs/Qwen2.5-Omni/low-VRAM-mode/modeling_qwen2_5_omni_low_VRAM_mode.py", line 1366, in forward
    hidden_states = blk(
  File "/data/armaan/venvs/omnizip_clean/lib/python3.10/site-packages/torch/nn/modules/module.py", line 1739, in _wrapped_call_impl
    return self._call_impl(*args, **kwargs)
  File "/data/armaan/venvs/omnizip_clean/lib/python3.10/site-packages/torch/nn/modules/module.py", line 1750, in _call_impl
    return forward_call(*args, **kwargs)
  File "/data/armaan/purs/Qwen2.5-Omni/low-VRAM-mode/modeling_qwen2_5_omni_low_VRAM_mode.py", line 1155, in forward
    hidden_states = hidden_states + self.attn(
  File "/data/armaan/venvs/omnizip_clean/lib/python3.10/site-packages/torch/nn/modules/module.py", line 1739, in _wrapped_call_impl
    return self._call_impl(*args, **kwargs)
  File "/data/armaan/venvs/omnizip_clean/lib/python3.10/site-packages/torch/nn/modules/module.py", line 1750, in _call_impl
    return forward_call(*args, **kwargs)
  File "/data/armaan/purs/Qwen2.5-Omni/low-VRAM-mode/modeling_qwen2_5_omni_low_VRAM_mode.py", line 1116, in forward
    attn_output = F.scaled_dot_product_attention(q, k, v, attention_mask, dropout_p=0.0)
torch.OutOfMemoryError: CUDA out of memory. Tried to allocate 108.29 GiB. GPU 0 has a total capacity of 47.37 GiB of which 33.54 GiB is free. Including non-PyTorch memory, this process has 13.82 GiB memory in use. Of the allocated memory 13.27 GiB is allocated by PyTorch, and 50.39 MiB is reserved by PyTorch but unallocated. If reserved but unallocated memory is large try setting PYTORCH_CUDA_ALLOC_CONF=expandable_segments:True to avoid fragmentation.  See documentation for Memory Management  (https://pytorch.org/docs/stable/notes/cuda.html#environment-variables)


--- video-mme/Information Synopsis ---
Traceback (most recent call last):
  File "/data/armaan/purs/eval_qwen_omni.py", line 843, in main
    pred, reasoning = run_inference(
  File "/data/armaan/purs/eval_qwen_omni.py", line 660, in run_inference
    raw_out = model.generate(**gen_in, **gen_kw)
  File "/data/armaan/venvs/omnizip_clean/lib/python3.10/site-packages/gptqmodel/models/base.py", line 1166, in generate
    return self.model.generate(inputs=inputs, **kwargs)
  File "/data/armaan/venvs/omnizip_clean/lib/python3.10/site-packages/torch/utils/_contextlib.py", line 116, in decorate_context
    return func(*args, **kwargs)
  File "/data/armaan/purs/Qwen2.5-Omni/low-VRAM-mode/modeling_qwen2_5_omni_low_VRAM_mode.py", line 4760, in generate
    thinker_result = self.thinker.generate(input_ids=input_ids, **thinker_kwargs)
  File "/data/armaan/venvs/omnizip_clean/lib/python3.10/site-packages/torch/utils/_contextlib.py", line 116, in decorate_context
    return func(*args, **kwargs)
  File "/data/armaan/venvs/omnizip_clean/lib/python3.10/site-packages/transformers/generation/utils.py", line 2597, in generate
    result = self._sample(
  File "/data/armaan/venvs/omnizip_clean/lib/python3.10/site-packages/transformers/generation/utils.py", line 3557, in _sample
    outputs = self(**model_inputs, return_dict=True)
  File "/data/armaan/venvs/omnizip_clean/lib/python3.10/site-packages/torch/nn/modules/module.py", line 1739, in _wrapped_call_impl
    return self._call_impl(*args, **kwargs)
  File "/data/armaan/venvs/omnizip_clean/lib/python3.10/site-packages/torch/nn/modules/module.py", line 1750, in _call_impl
    return forward_call(*args, **kwargs)
  File "/data/armaan/purs/Qwen2.5-Omni/low-VRAM-mode/modeling_qwen2_5_omni_low_VRAM_mode.py", line 2490, in forward
    video_embeds = self.visual(pixel_values_videos, grid_thw=video_grid_thw)
  File "/data/armaan/venvs/omnizip_clean/lib/python3.10/site-packages/torch/nn/modules/module.py", line 1739, in _wrapped_call_impl
    return self._call_impl(*args, **kwargs)
  File "/data/armaan/venvs/omnizip_clean/lib/python3.10/site-packages/torch/nn/modules/module.py", line 1750, in _call_impl
    return forward_call(*args, **kwargs)
  File "/data/armaan/purs/Qwen2.5-Omni/low-VRAM-mode/modeling_qwen2_5_omni_low_VRAM_mode.py", line 1366, in forward
    hidden_states = blk(
  File "/data/armaan/venvs/omnizip_clean/lib/python3.10/site-packages/torch/nn/modules/module.py", line 1739, in _wrapped_call_impl
    return self._call_impl(*args, **kwargs)
  File "/data/armaan/venvs/omnizip_clean/lib/python3.10/site-packages/torch/nn/modules/module.py", line 1750, in _call_impl
    return forward_call(*args, **kwargs)
  File "/data/armaan/purs/Qwen2.5-Omni/low-VRAM-mode/modeling_qwen2_5_omni_low_VRAM_mode.py", line 1155, in forward
    hidden_states = hidden_states + self.attn(
  File "/data/armaan/venvs/omnizip_clean/lib/python3.10/site-packages/torch/nn/modules/module.py", line 1739, in _wrapped_call_impl
    return self._call_impl(*args, **kwargs)
  File "/data/armaan/venvs/omnizip_clean/lib/python3.10/site-packages/torch/nn/modules/module.py", line 1750, in _call_impl
    return forward_call(*args, **kwargs)
  File "/data/armaan/purs/Qwen2.5-Omni/low-VRAM-mode/modeling_qwen2_5_omni_low_VRAM_mode.py", line 1116, in forward
    attn_output = F.scaled_dot_product_attention(q, k, v, attention_mask, dropout_p=0.0)
torch.OutOfMemoryError: CUDA out of memory. Tried to allocate 136.23 GiB. GPU 0 has a total capacity of 47.37 GiB of which 32.02 GiB is free. Including non-PyTorch memory, this process has 15.35 GiB memory in use. Of the allocated memory 14.79 GiB is allocated by PyTorch, and 54.26 MiB is reserved by PyTorch but unallocated. If reserved but unallocated memory is large try setting PYTORCH_CUDA_ALLOC_CONF=expandable_segments:True to avoid fragmentation.  See documentation for Memory Management  (https://pytorch.org/docs/stable/notes/cuda.html#environment-variables)


--- video-mme/Information Synopsis ---
Traceback (most recent call last):
  File "/data/armaan/purs/eval_qwen_omni.py", line 843, in main
    pred, reasoning = run_inference(
  File "/data/armaan/purs/eval_qwen_omni.py", line 660, in run_inference
    raw_out = model.generate(**gen_in, **gen_kw)
  File "/data/armaan/venvs/omnizip_clean/lib/python3.10/site-packages/gptqmodel/models/base.py", line 1166, in generate
    return self.model.generate(inputs=inputs, **kwargs)
  File "/data/armaan/venvs/omnizip_clean/lib/python3.10/site-packages/torch/utils/_contextlib.py", line 116, in decorate_context
    return func(*args, **kwargs)
  File "/data/armaan/purs/Qwen2.5-Omni/low-VRAM-mode/modeling_qwen2_5_omni_low_VRAM_mode.py", line 4760, in generate
    thinker_result = self.thinker.generate(input_ids=input_ids, **thinker_kwargs)
  File "/data/armaan/venvs/omnizip_clean/lib/python3.10/site-packages/torch/utils/_contextlib.py", line 116, in decorate_context
    return func(*args, **kwargs)
  File "/data/armaan/venvs/omnizip_clean/lib/python3.10/site-packages/transformers/generation/utils.py", line 2597, in generate
    result = self._sample(
  File "/data/armaan/venvs/omnizip_clean/lib/python3.10/site-packages/transformers/generation/utils.py", line 3557, in _sample
    outputs = self(**model_inputs, return_dict=True)
  File "/data/armaan/venvs/omnizip_clean/lib/python3.10/site-packages/torch/nn/modules/module.py", line 1739, in _wrapped_call_impl
    return self._call_impl(*args, **kwargs)
  File "/data/armaan/venvs/omnizip_clean/lib/python3.10/site-packages/torch/nn/modules/module.py", line 1750, in _call_impl
    return forward_call(*args, **kwargs)
  File "/data/armaan/purs/Qwen2.5-Omni/low-VRAM-mode/modeling_qwen2_5_omni_low_VRAM_mode.py", line 2490, in forward
    video_embeds = self.visual(pixel_values_videos, grid_thw=video_grid_thw)
  File "/data/armaan/venvs/omnizip_clean/lib/python3.10/site-packages/torch/nn/modules/module.py", line 1739, in _wrapped_call_impl
    return self._call_impl(*args, **kwargs)
  File "/data/armaan/venvs/omnizip_clean/lib/python3.10/site-packages/torch/nn/modules/module.py", line 1750, in _call_impl
    return forward_call(*args, **kwargs)
  File "/data/armaan/purs/Qwen2.5-Omni/low-VRAM-mode/modeling_qwen2_5_omni_low_VRAM_mode.py", line 1366, in forward
    hidden_states = blk(
  File "/data/armaan/venvs/omnizip_clean/lib/python3.10/site-packages/torch/nn/modules/module.py", line 1739, in _wrapped_call_impl
    return self._call_impl(*args, **kwargs)
  File "/data/armaan/venvs/omnizip_clean/lib/python3.10/site-packages/torch/nn/modules/module.py", line 1750, in _call_impl
    return forward_call(*args, **kwargs)
  File "/data/armaan/purs/Qwen2.5-Omni/low-VRAM-mode/modeling_qwen2_5_omni_low_VRAM_mode.py", line 1155, in forward
    hidden_states = hidden_states + self.attn(
  File "/data/armaan/venvs/omnizip_clean/lib/python3.10/site-packages/torch/nn/modules/module.py", line 1739, in _wrapped_call_impl
    return self._call_impl(*args, **kwargs)
  File "/data/armaan/venvs/omnizip_clean/lib/python3.10/site-packages/torch/nn/modules/module.py", line 1750, in _call_impl
    return forward_call(*args, **kwargs)
  File "/data/armaan/purs/Qwen2.5-Omni/low-VRAM-mode/modeling_qwen2_5_omni_low_VRAM_mode.py", line 1116, in forward
    attn_output = F.scaled_dot_product_attention(q, k, v, attention_mask, dropout_p=0.0)
torch.OutOfMemoryError: CUDA out of memory. Tried to allocate 136.23 GiB. GPU 0 has a total capacity of 47.37 GiB of which 32.02 GiB is free. Including non-PyTorch memory, this process has 15.35 GiB memory in use. Of the allocated memory 14.79 GiB is allocated by PyTorch, and 54.34 MiB is reserved by PyTorch but unallocated. If reserved but unallocated memory is large try setting PYTORCH_CUDA_ALLOC_CONF=expandable_segments:True to avoid fragmentation.  See documentation for Memory Management  (https://pytorch.org/docs/stable/notes/cuda.html#environment-variables)


--- video-mme/Information Synopsis ---
Traceback (most recent call last):
  File "/data/armaan/purs/eval_qwen_omni.py", line 843, in main
    pred, reasoning = run_inference(
  File "/data/armaan/purs/eval_qwen_omni.py", line 660, in run_inference
    raw_out = model.generate(**gen_in, **gen_kw)
  File "/data/armaan/venvs/omnizip_clean/lib/python3.10/site-packages/gptqmodel/models/base.py", line 1166, in generate
    return self.model.generate(inputs=inputs, **kwargs)
  File "/data/armaan/venvs/omnizip_clean/lib/python3.10/site-packages/torch/utils/_contextlib.py", line 116, in decorate_context
    return func(*args, **kwargs)
  File "/data/armaan/purs/Qwen2.5-Omni/low-VRAM-mode/modeling_qwen2_5_omni_low_VRAM_mode.py", line 4760, in generate
    thinker_result = self.thinker.generate(input_ids=input_ids, **thinker_kwargs)
  File "/data/armaan/venvs/omnizip_clean/lib/python3.10/site-packages/torch/utils/_contextlib.py", line 116, in decorate_context
    return func(*args, **kwargs)
  File "/data/armaan/venvs/omnizip_clean/lib/python3.10/site-packages/transformers/generation/utils.py", line 2597, in generate
    result = self._sample(
  File "/data/armaan/venvs/omnizip_clean/lib/python3.10/site-packages/transformers/generation/utils.py", line 3557, in _sample
    outputs = self(**model_inputs, return_dict=True)
  File "/data/armaan/venvs/omnizip_clean/lib/python3.10/site-packages/torch/nn/modules/module.py", line 1739, in _wrapped_call_impl
    return self._call_impl(*args, **kwargs)
  File "/data/armaan/venvs/omnizip_clean/lib/python3.10/site-packages/torch/nn/modules/module.py", line 1750, in _call_impl
    return forward_call(*args, **kwargs)
  File "/data/armaan/purs/Qwen2.5-Omni/low-VRAM-mode/modeling_qwen2_5_omni_low_VRAM_mode.py", line 2490, in forward
    video_embeds = self.visual(pixel_values_videos, grid_thw=video_grid_thw)
  File "/data/armaan/venvs/omnizip_clean/lib/python3.10/site-packages/torch/nn/modules/module.py", line 1739, in _wrapped_call_impl
    return self._call_impl(*args, **kwargs)
  File "/data/armaan/venvs/omnizip_clean/lib/python3.10/site-packages/torch/nn/modules/module.py", line 1750, in _call_impl
    return forward_call(*args, **kwargs)
  File "/data/armaan/purs/Qwen2.5-Omni/low-VRAM-mode/modeling_qwen2_5_omni_low_VRAM_mode.py", line 1366, in forward
    hidden_states = blk(
  File "/data/armaan/venvs/omnizip_clean/lib/python3.10/site-packages/torch/nn/modules/module.py", line 1739, in _wrapped_call_impl
    return self._call_impl(*args, **kwargs)
  File "/data/armaan/venvs/omnizip_clean/lib/python3.10/site-packages/torch/nn/modules/module.py", line 1750, in _call_impl
    return forward_call(*args, **kwargs)
  File "/data/armaan/purs/Qwen2.5-Omni/low-VRAM-mode/modeling_qwen2_5_omni_low_VRAM_mode.py", line 1155, in forward
    hidden_states = hidden_states + self.attn(
  File "/data/armaan/venvs/omnizip_clean/lib/python3.10/site-packages/torch/nn/modules/module.py", line 1739, in _wrapped_call_impl
    return self._call_impl(*args, **kwargs)
  File "/data/armaan/venvs/omnizip_clean/lib/python3.10/site-packages/torch/nn/modules/module.py", line 1750, in _call_impl
    return forward_call(*args, **kwargs)
  File "/data/armaan/purs/Qwen2.5-Omni/low-VRAM-mode/modeling_qwen2_5_omni_low_VRAM_mode.py", line 1116, in forward
    attn_output = F.scaled_dot_product_attention(q, k, v, attention_mask, dropout_p=0.0)
torch.OutOfMemoryError: CUDA out of memory. Tried to allocate 136.23 GiB. GPU 0 has a total capacity of 47.37 GiB of which 32.02 GiB is free. Including non-PyTorch memory, this process has 15.35 GiB memory in use. Of the allocated memory 14.79 GiB is allocated by PyTorch, and 54.29 MiB is reserved by PyTorch but unallocated. If reserved but unallocated memory is large try setting PYTORCH_CUDA_ALLOC_CONF=expandable_segments:True to avoid fragmentation.  See documentation for Memory Management  (https://pytorch.org/docs/stable/notes/cuda.html#environment-variables)


--- video-mme/OCR Problems ---
Traceback (most recent call last):
  File "/data/armaan/purs/eval_qwen_omni.py", line 843, in main
    pred, reasoning = run_inference(
  File "/data/armaan/purs/eval_qwen_omni.py", line 660, in run_inference
    raw_out = model.generate(**gen_in, **gen_kw)
  File "/data/armaan/venvs/omnizip_clean/lib/python3.10/site-packages/gptqmodel/models/base.py", line 1166, in generate
    return self.model.generate(inputs=inputs, **kwargs)
  File "/data/armaan/venvs/omnizip_clean/lib/python3.10/site-packages/torch/utils/_contextlib.py", line 116, in decorate_context
    return func(*args, **kwargs)
  File "/data/armaan/purs/Qwen2.5-Omni/low-VRAM-mode/modeling_qwen2_5_omni_low_VRAM_mode.py", line 4760, in generate
    thinker_result = self.thinker.generate(input_ids=input_ids, **thinker_kwargs)
  File "/data/armaan/venvs/omnizip_clean/lib/python3.10/site-packages/torch/utils/_contextlib.py", line 116, in decorate_context
    return func(*args, **kwargs)
  File "/data/armaan/venvs/omnizip_clean/lib/python3.10/site-packages/transformers/generation/utils.py", line 2597, in generate
    result = self._sample(
  File "/data/armaan/venvs/omnizip_clean/lib/python3.10/site-packages/transformers/generation/utils.py", line 3557, in _sample
    outputs = self(**model_inputs, return_dict=True)
  File "/data/armaan/venvs/omnizip_clean/lib/python3.10/site-packages/torch/nn/modules/module.py", line 1739, in _wrapped_call_impl
    return self._call_impl(*args, **kwargs)
  File "/data/armaan/venvs/omnizip_clean/lib/python3.10/site-packages/torch/nn/modules/module.py", line 1750, in _call_impl
    return forward_call(*args, **kwargs)
  File "/data/armaan/purs/Qwen2.5-Omni/low-VRAM-mode/modeling_qwen2_5_omni_low_VRAM_mode.py", line 2490, in forward
    video_embeds = self.visual(pixel_values_videos, grid_thw=video_grid_thw)
  File "/data/armaan/venvs/omnizip_clean/lib/python3.10/site-packages/torch/nn/modules/module.py", line 1739, in _wrapped_call_impl
    return self._call_impl(*args, **kwargs)
  File "/data/armaan/venvs/omnizip_clean/lib/python3.10/site-packages/torch/nn/modules/module.py", line 1750, in _call_impl
    return forward_call(*args, **kwargs)
  File "/data/armaan/purs/Qwen2.5-Omni/low-VRAM-mode/modeling_qwen2_5_omni_low_VRAM_mode.py", line 1366, in forward
    hidden_states = blk(
  File "/data/armaan/venvs/omnizip_clean/lib/python3.10/site-packages/torch/nn/modules/module.py", line 1739, in _wrapped_call_impl
    return self._call_impl(*args, **kwargs)
  File "/data/armaan/venvs/omnizip_clean/lib/python3.10/site-packages/torch/nn/modules/module.py", line 1750, in _call_impl
    return forward_call(*args, **kwargs)
  File "/data/armaan/purs/Qwen2.5-Omni/low-VRAM-mode/modeling_qwen2_5_omni_low_VRAM_mode.py", line 1155, in forward
    hidden_states = hidden_states + self.attn(
  File "/data/armaan/venvs/omnizip_clean/lib/python3.10/site-packages/torch/nn/modules/module.py", line 1739, in _wrapped_call_impl
    return self._call_impl(*args, **kwargs)
  File "/data/armaan/venvs/omnizip_clean/lib/python3.10/site-packages/torch/nn/modules/module.py", line 1750, in _call_impl
    return forward_call(*args, **kwargs)
  File "/data/armaan/purs/Qwen2.5-Omni/low-VRAM-mode/modeling_qwen2_5_omni_low_VRAM_mode.py", line 1116, in forward
    attn_output = F.scaled_dot_product_attention(q, k, v, attention_mask, dropout_p=0.0)
torch.OutOfMemoryError: CUDA out of memory. Tried to allocate 4.45 GiB. GPU 0 has a total capacity of 47.37 GiB of which 3.25 GiB is free. Including non-PyTorch memory, this process has 44.12 GiB memory in use. Of the allocated memory 43.52 GiB is allocated by PyTorch, and 96.74 MiB is reserved by PyTorch but unallocated. If reserved but unallocated memory is large try setting PYTORCH_CUDA_ALLOC_CONF=expandable_segments:True to avoid fragmentation.  See documentation for Memory Management  (https://pytorch.org/docs/stable/notes/cuda.html#environment-variables)


--- video-mme/OCR Problems ---
Traceback (most recent call last):
  File "/data/armaan/purs/eval_qwen_omni.py", line 843, in main
    pred, reasoning = run_inference(
  File "/data/armaan/purs/eval_qwen_omni.py", line 660, in run_inference
    raw_out = model.generate(**gen_in, **gen_kw)
  File "/data/armaan/venvs/omnizip_clean/lib/python3.10/site-packages/gptqmodel/models/base.py", line 1166, in generate
    return self.model.generate(inputs=inputs, **kwargs)
  File "/data/armaan/venvs/omnizip_clean/lib/python3.10/site-packages/torch/utils/_contextlib.py", line 116, in decorate_context
    return func(*args, **kwargs)
  File "/data/armaan/purs/Qwen2.5-Omni/low-VRAM-mode/modeling_qwen2_5_omni_low_VRAM_mode.py", line 4760, in generate
    thinker_result = self.thinker.generate(input_ids=input_ids, **thinker_kwargs)
  File "/data/armaan/venvs/omnizip_clean/lib/python3.10/site-packages/torch/utils/_contextlib.py", line 116, in decorate_context
    return func(*args, **kwargs)
  File "/data/armaan/venvs/omnizip_clean/lib/python3.10/site-packages/transformers/generation/utils.py", line 2597, in generate
    result = self._sample(
  File "/data/armaan/venvs/omnizip_clean/lib/python3.10/site-packages/transformers/generation/utils.py", line 3557, in _sample
    outputs = self(**model_inputs, return_dict=True)
  File "/data/armaan/venvs/omnizip_clean/lib/python3.10/site-packages/torch/nn/modules/module.py", line 1739, in _wrapped_call_impl
    return self._call_impl(*args, **kwargs)
  File "/data/armaan/venvs/omnizip_clean/lib/python3.10/site-packages/torch/nn/modules/module.py", line 1750, in _call_impl
    return forward_call(*args, **kwargs)
  File "/data/armaan/purs/Qwen2.5-Omni/low-VRAM-mode/modeling_qwen2_5_omni_low_VRAM_mode.py", line 2490, in forward
    video_embeds = self.visual(pixel_values_videos, grid_thw=video_grid_thw)
  File "/data/armaan/venvs/omnizip_clean/lib/python3.10/site-packages/torch/nn/modules/module.py", line 1739, in _wrapped_call_impl
    return self._call_impl(*args, **kwargs)
  File "/data/armaan/venvs/omnizip_clean/lib/python3.10/site-packages/torch/nn/modules/module.py", line 1750, in _call_impl
    return forward_call(*args, **kwargs)
  File "/data/armaan/purs/Qwen2.5-Omni/low-VRAM-mode/modeling_qwen2_5_omni_low_VRAM_mode.py", line 1366, in forward
    hidden_states = blk(
  File "/data/armaan/venvs/omnizip_clean/lib/python3.10/site-packages/torch/nn/modules/module.py", line 1739, in _wrapped_call_impl
    return self._call_impl(*args, **kwargs)
  File "/data/armaan/venvs/omnizip_clean/lib/python3.10/site-packages/torch/nn/modules/module.py", line 1750, in _call_impl
    return forward_call(*args, **kwargs)
  File "/data/armaan/purs/Qwen2.5-Omni/low-VRAM-mode/modeling_qwen2_5_omni_low_VRAM_mode.py", line 1155, in forward
    hidden_states = hidden_states + self.attn(
  File "/data/armaan/venvs/omnizip_clean/lib/python3.10/site-packages/torch/nn/modules/module.py", line 1739, in _wrapped_call_impl
    return self._call_impl(*args, **kwargs)
  File "/data/armaan/venvs/omnizip_clean/lib/python3.10/site-packages/torch/nn/modules/module.py", line 1750, in _call_impl
    return forward_call(*args, **kwargs)
  File "/data/armaan/purs/Qwen2.5-Omni/low-VRAM-mode/modeling_qwen2_5_omni_low_VRAM_mode.py", line 1116, in forward
    attn_output = F.scaled_dot_product_attention(q, k, v, attention_mask, dropout_p=0.0)
torch.OutOfMemoryError: CUDA out of memory. Tried to allocate 4.45 GiB. GPU 0 has a total capacity of 47.37 GiB of which 3.25 GiB is free. Including non-PyTorch memory, this process has 44.12 GiB memory in use. Of the allocated memory 43.52 GiB is allocated by PyTorch, and 96.95 MiB is reserved by PyTorch but unallocated. If reserved but unallocated memory is large try setting PYTORCH_CUDA_ALLOC_CONF=expandable_segments:True to avoid fragmentation.  See documentation for Memory Management  (https://pytorch.org/docs/stable/notes/cuda.html#environment-variables)


--- video-mme/OCR Problems ---
Traceback (most recent call last):
  File "/data/armaan/purs/eval_qwen_omni.py", line 843, in main
    pred, reasoning = run_inference(
  File "/data/armaan/purs/eval_qwen_omni.py", line 660, in run_inference
    raw_out = model.generate(**gen_in, **gen_kw)
  File "/data/armaan/venvs/omnizip_clean/lib/python3.10/site-packages/gptqmodel/models/base.py", line 1166, in generate
    return self.model.generate(inputs=inputs, **kwargs)
  File "/data/armaan/venvs/omnizip_clean/lib/python3.10/site-packages/torch/utils/_contextlib.py", line 116, in decorate_context
    return func(*args, **kwargs)
  File "/data/armaan/purs/Qwen2.5-Omni/low-VRAM-mode/modeling_qwen2_5_omni_low_VRAM_mode.py", line 4760, in generate
    thinker_result = self.thinker.generate(input_ids=input_ids, **thinker_kwargs)
  File "/data/armaan/venvs/omnizip_clean/lib/python3.10/site-packages/torch/utils/_contextlib.py", line 116, in decorate_context
    return func(*args, **kwargs)
  File "/data/armaan/venvs/omnizip_clean/lib/python3.10/site-packages/transformers/generation/utils.py", line 2597, in generate
    result = self._sample(
  File "/data/armaan/venvs/omnizip_clean/lib/python3.10/site-packages/transformers/generation/utils.py", line 3557, in _sample
    outputs = self(**model_inputs, return_dict=True)
  File "/data/armaan/venvs/omnizip_clean/lib/python3.10/site-packages/torch/nn/modules/module.py", line 1739, in _wrapped_call_impl
    return self._call_impl(*args, **kwargs)
  File "/data/armaan/venvs/omnizip_clean/lib/python3.10/site-packages/torch/nn/modules/module.py", line 1750, in _call_impl
    return forward_call(*args, **kwargs)
  File "/data/armaan/purs/Qwen2.5-Omni/low-VRAM-mode/modeling_qwen2_5_omni_low_VRAM_mode.py", line 2490, in forward
    video_embeds = self.visual(pixel_values_videos, grid_thw=video_grid_thw)
  File "/data/armaan/venvs/omnizip_clean/lib/python3.10/site-packages/torch/nn/modules/module.py", line 1739, in _wrapped_call_impl
    return self._call_impl(*args, **kwargs)
  File "/data/armaan/venvs/omnizip_clean/lib/python3.10/site-packages/torch/nn/modules/module.py", line 1750, in _call_impl
    return forward_call(*args, **kwargs)
  File "/data/armaan/purs/Qwen2.5-Omni/low-VRAM-mode/modeling_qwen2_5_omni_low_VRAM_mode.py", line 1366, in forward
    hidden_states = blk(
  File "/data/armaan/venvs/omnizip_clean/lib/python3.10/site-packages/torch/nn/modules/module.py", line 1739, in _wrapped_call_impl
    return self._call_impl(*args, **kwargs)
  File "/data/armaan/venvs/omnizip_clean/lib/python3.10/site-packages/torch/nn/modules/module.py", line 1750, in _call_impl
    return forward_call(*args, **kwargs)
  File "/data/armaan/purs/Qwen2.5-Omni/low-VRAM-mode/modeling_qwen2_5_omni_low_VRAM_mode.py", line 1155, in forward
    hidden_states = hidden_states + self.attn(
  File "/data/armaan/venvs/omnizip_clean/lib/python3.10/site-packages/torch/nn/modules/module.py", line 1739, in _wrapped_call_impl
    return self._call_impl(*args, **kwargs)
  File "/data/armaan/venvs/omnizip_clean/lib/python3.10/site-packages/torch/nn/modules/module.py", line 1750, in _call_impl
    return forward_call(*args, **kwargs)
  File "/data/armaan/purs/Qwen2.5-Omni/low-VRAM-mode/modeling_qwen2_5_omni_low_VRAM_mode.py", line 1116, in forward
    attn_output = F.scaled_dot_product_attention(q, k, v, attention_mask, dropout_p=0.0)
torch.OutOfMemoryError: CUDA out of memory. Tried to allocate 4.45 GiB. GPU 0 has a total capacity of 47.37 GiB of which 3.25 GiB is free. Including non-PyTorch memory, this process has 44.12 GiB memory in use. Of the allocated memory 43.52 GiB is allocated by PyTorch, and 96.79 MiB is reserved by PyTorch but unallocated. If reserved but unallocated memory is large try setting PYTORCH_CUDA_ALLOC_CONF=expandable_segments:True to avoid fragmentation.  See documentation for Memory Management  (https://pytorch.org/docs/stable/notes/cuda.html#environment-variables)


--- video-mme/Object Reasoning ---
Traceback (most recent call last):
  File "/data/armaan/purs/eval_qwen_omni.py", line 843, in main
    pred, reasoning = run_inference(
  File "/data/armaan/purs/eval_qwen_omni.py", line 660, in run_inference
    raw_out = model.generate(**gen_in, **gen_kw)
  File "/data/armaan/venvs/omnizip_clean/lib/python3.10/site-packages/gptqmodel/models/base.py", line 1166, in generate
    return self.model.generate(inputs=inputs, **kwargs)
  File "/data/armaan/venvs/omnizip_clean/lib/python3.10/site-packages/torch/utils/_contextlib.py", line 116, in decorate_context
    return func(*args, **kwargs)
  File "/data/armaan/purs/Qwen2.5-Omni/low-VRAM-mode/modeling_qwen2_5_omni_low_VRAM_mode.py", line 4760, in generate
    thinker_result = self.thinker.generate(input_ids=input_ids, **thinker_kwargs)
  File "/data/armaan/venvs/omnizip_clean/lib/python3.10/site-packages/torch/utils/_contextlib.py", line 116, in decorate_context
    return func(*args, **kwargs)
  File "/data/armaan/venvs/omnizip_clean/lib/python3.10/site-packages/transformers/generation/utils.py", line 2597, in generate
    result = self._sample(
  File "/data/armaan/venvs/omnizip_clean/lib/python3.10/site-packages/transformers/generation/utils.py", line 3557, in _sample
    outputs = self(**model_inputs, return_dict=True)
  File "/data/armaan/venvs/omnizip_clean/lib/python3.10/site-packages/torch/nn/modules/module.py", line 1739, in _wrapped_call_impl
    return self._call_impl(*args, **kwargs)
  File "/data/armaan/venvs/omnizip_clean/lib/python3.10/site-packages/torch/nn/modules/module.py", line 1750, in _call_impl
    return forward_call(*args, **kwargs)
  File "/data/armaan/purs/Qwen2.5-Omni/low-VRAM-mode/modeling_qwen2_5_omni_low_VRAM_mode.py", line 2490, in forward
    video_embeds = self.visual(pixel_values_videos, grid_thw=video_grid_thw)
  File "/data/armaan/venvs/omnizip_clean/lib/python3.10/site-packages/torch/nn/modules/module.py", line 1739, in _wrapped_call_impl
    return self._call_impl(*args, **kwargs)
  File "/data/armaan/venvs/omnizip_clean/lib/python3.10/site-packages/torch/nn/modules/module.py", line 1750, in _call_impl
    return forward_call(*args, **kwargs)
  File "/data/armaan/purs/Qwen2.5-Omni/low-VRAM-mode/modeling_qwen2_5_omni_low_VRAM_mode.py", line 1366, in forward
    hidden_states = blk(
  File "/data/armaan/venvs/omnizip_clean/lib/python3.10/site-packages/torch/nn/modules/module.py", line 1739, in _wrapped_call_impl
    return self._call_impl(*args, **kwargs)
  File "/data/armaan/venvs/omnizip_clean/lib/python3.10/site-packages/torch/nn/modules/module.py", line 1750, in _call_impl
    return forward_call(*args, **kwargs)
  File "/data/armaan/purs/Qwen2.5-Omni/low-VRAM-mode/modeling_qwen2_5_omni_low_VRAM_mode.py", line 1155, in forward
    hidden_states = hidden_states + self.attn(
  File "/data/armaan/venvs/omnizip_clean/lib/python3.10/site-packages/torch/nn/modules/module.py", line 1739, in _wrapped_call_impl
    return self._call_impl(*args, **kwargs)
  File "/data/armaan/venvs/omnizip_clean/lib/python3.10/site-packages/torch/nn/modules/module.py", line 1750, in _call_impl
    return forward_call(*args, **kwargs)
  File "/data/armaan/purs/Qwen2.5-Omni/low-VRAM-mode/modeling_qwen2_5_omni_low_VRAM_mode.py", line 1116, in forward
    attn_output = F.scaled_dot_product_attention(q, k, v, attention_mask, dropout_p=0.0)
torch.OutOfMemoryError: CUDA out of memory. Tried to allocate 96.90 GiB. GPU 0 has a total capacity of 47.37 GiB of which 34.16 GiB is free. Including non-PyTorch memory, this process has 13.20 GiB memory in use. Of the allocated memory 12.65 GiB is allocated by PyTorch, and 52.62 MiB is reserved by PyTorch but unallocated. If reserved but unallocated memory is large try setting PYTORCH_CUDA_ALLOC_CONF=expandable_segments:True to avoid fragmentation.  See documentation for Memory Management  (https://pytorch.org/docs/stable/notes/cuda.html#environment-variables)


--- video-mme/Object Reasoning ---
Traceback (most recent call last):
  File "/data/armaan/purs/eval_qwen_omni.py", line 843, in main
    pred, reasoning = run_inference(
  File "/data/armaan/purs/eval_qwen_omni.py", line 660, in run_inference
    raw_out = model.generate(**gen_in, **gen_kw)
  File "/data/armaan/venvs/omnizip_clean/lib/python3.10/site-packages/gptqmodel/models/base.py", line 1166, in generate
    return self.model.generate(inputs=inputs, **kwargs)
  File "/data/armaan/venvs/omnizip_clean/lib/python3.10/site-packages/torch/utils/_contextlib.py", line 116, in decorate_context
    return func(*args, **kwargs)
  File "/data/armaan/purs/Qwen2.5-Omni/low-VRAM-mode/modeling_qwen2_5_omni_low_VRAM_mode.py", line 4760, in generate
    thinker_result = self.thinker.generate(input_ids=input_ids, **thinker_kwargs)
  File "/data/armaan/venvs/omnizip_clean/lib/python3.10/site-packages/torch/utils/_contextlib.py", line 116, in decorate_context
    return func(*args, **kwargs)
  File "/data/armaan/venvs/omnizip_clean/lib/python3.10/site-packages/transformers/generation/utils.py", line 2597, in generate
    result = self._sample(
  File "/data/armaan/venvs/omnizip_clean/lib/python3.10/site-packages/transformers/generation/utils.py", line 3557, in _sample
    outputs = self(**model_inputs, return_dict=True)
  File "/data/armaan/venvs/omnizip_clean/lib/python3.10/site-packages/torch/nn/modules/module.py", line 1739, in _wrapped_call_impl
    return self._call_impl(*args, **kwargs)
  File "/data/armaan/venvs/omnizip_clean/lib/python3.10/site-packages/torch/nn/modules/module.py", line 1750, in _call_impl
    return forward_call(*args, **kwargs)
  File "/data/armaan/purs/Qwen2.5-Omni/low-VRAM-mode/modeling_qwen2_5_omni_low_VRAM_mode.py", line 2490, in forward
    video_embeds = self.visual(pixel_values_videos, grid_thw=video_grid_thw)
  File "/data/armaan/venvs/omnizip_clean/lib/python3.10/site-packages/torch/nn/modules/module.py", line 1739, in _wrapped_call_impl
    return self._call_impl(*args, **kwargs)
  File "/data/armaan/venvs/omnizip_clean/lib/python3.10/site-packages/torch/nn/modules/module.py", line 1750, in _call_impl
    return forward_call(*args, **kwargs)
  File "/data/armaan/purs/Qwen2.5-Omni/low-VRAM-mode/modeling_qwen2_5_omni_low_VRAM_mode.py", line 1366, in forward
    hidden_states = blk(
  File "/data/armaan/venvs/omnizip_clean/lib/python3.10/site-packages/torch/nn/modules/module.py", line 1739, in _wrapped_call_impl
    return self._call_impl(*args, **kwargs)
  File "/data/armaan/venvs/omnizip_clean/lib/python3.10/site-packages/torch/nn/modules/module.py", line 1750, in _call_impl
    return forward_call(*args, **kwargs)
  File "/data/armaan/purs/Qwen2.5-Omni/low-VRAM-mode/modeling_qwen2_5_omni_low_VRAM_mode.py", line 1155, in forward
    hidden_states = hidden_states + self.attn(
  File "/data/armaan/venvs/omnizip_clean/lib/python3.10/site-packages/torch/nn/modules/module.py", line 1739, in _wrapped_call_impl
    return self._call_impl(*args, **kwargs)
  File "/data/armaan/venvs/omnizip_clean/lib/python3.10/site-packages/torch/nn/modules/module.py", line 1750, in _call_impl
    return forward_call(*args, **kwargs)
  File "/data/armaan/purs/Qwen2.5-Omni/low-VRAM-mode/modeling_qwen2_5_omni_low_VRAM_mode.py", line 1116, in forward
    attn_output = F.scaled_dot_product_attention(q, k, v, attention_mask, dropout_p=0.0)
torch.OutOfMemoryError: CUDA out of memory. Tried to allocate 96.90 GiB. GPU 0 has a total capacity of 47.37 GiB of which 34.14 GiB is free. Including non-PyTorch memory, this process has 13.22 GiB memory in use. Of the allocated memory 12.65 GiB is allocated by PyTorch, and 72.59 MiB is reserved by PyTorch but unallocated. If reserved but unallocated memory is large try setting PYTORCH_CUDA_ALLOC_CONF=expandable_segments:True to avoid fragmentation.  See documentation for Memory Management  (https://pytorch.org/docs/stable/notes/cuda.html#environment-variables)


--- video-mme/Object Reasoning ---
Traceback (most recent call last):
  File "/data/armaan/purs/eval_qwen_omni.py", line 843, in main
    pred, reasoning = run_inference(
  File "/data/armaan/purs/eval_qwen_omni.py", line 660, in run_inference
    raw_out = model.generate(**gen_in, **gen_kw)
  File "/data/armaan/venvs/omnizip_clean/lib/python3.10/site-packages/gptqmodel/models/base.py", line 1166, in generate
    return self.model.generate(inputs=inputs, **kwargs)
  File "/data/armaan/venvs/omnizip_clean/lib/python3.10/site-packages/torch/utils/_contextlib.py", line 116, in decorate_context
    return func(*args, **kwargs)
  File "/data/armaan/purs/Qwen2.5-Omni/low-VRAM-mode/modeling_qwen2_5_omni_low_VRAM_mode.py", line 4760, in generate
    thinker_result = self.thinker.generate(input_ids=input_ids, **thinker_kwargs)
  File "/data/armaan/venvs/omnizip_clean/lib/python3.10/site-packages/torch/utils/_contextlib.py", line 116, in decorate_context
    return func(*args, **kwargs)
  File "/data/armaan/venvs/omnizip_clean/lib/python3.10/site-packages/transformers/generation/utils.py", line 2597, in generate
    result = self._sample(
  File "/data/armaan/venvs/omnizip_clean/lib/python3.10/site-packages/transformers/generation/utils.py", line 3557, in _sample
    outputs = self(**model_inputs, return_dict=True)
  File "/data/armaan/venvs/omnizip_clean/lib/python3.10/site-packages/torch/nn/modules/module.py", line 1739, in _wrapped_call_impl
    return self._call_impl(*args, **kwargs)
  File "/data/armaan/venvs/omnizip_clean/lib/python3.10/site-packages/torch/nn/modules/module.py", line 1750, in _call_impl
    return forward_call(*args, **kwargs)
  File "/data/armaan/purs/Qwen2.5-Omni/low-VRAM-mode/modeling_qwen2_5_omni_low_VRAM_mode.py", line 2490, in forward
    video_embeds = self.visual(pixel_values_videos, grid_thw=video_grid_thw)
  File "/data/armaan/venvs/omnizip_clean/lib/python3.10/site-packages/torch/nn/modules/module.py", line 1739, in _wrapped_call_impl
    return self._call_impl(*args, **kwargs)
  File "/data/armaan/venvs/omnizip_clean/lib/python3.10/site-packages/torch/nn/modules/module.py", line 1750, in _call_impl
    return forward_call(*args, **kwargs)
  File "/data/armaan/purs/Qwen2.5-Omni/low-VRAM-mode/modeling_qwen2_5_omni_low_VRAM_mode.py", line 1366, in forward
    hidden_states = blk(
  File "/data/armaan/venvs/omnizip_clean/lib/python3.10/site-packages/torch/nn/modules/module.py", line 1739, in _wrapped_call_impl
    return self._call_impl(*args, **kwargs)
  File "/data/armaan/venvs/omnizip_clean/lib/python3.10/site-packages/torch/nn/modules/module.py", line 1750, in _call_impl
    return forward_call(*args, **kwargs)
  File "/data/armaan/purs/Qwen2.5-Omni/low-VRAM-mode/modeling_qwen2_5_omni_low_VRAM_mode.py", line 1155, in forward
    hidden_states = hidden_states + self.attn(
  File "/data/armaan/venvs/omnizip_clean/lib/python3.10/site-packages/torch/nn/modules/module.py", line 1739, in _wrapped_call_impl
    return self._call_impl(*args, **kwargs)
  File "/data/armaan/venvs/omnizip_clean/lib/python3.10/site-packages/torch/nn/modules/module.py", line 1750, in _call_impl
    return forward_call(*args, **kwargs)
  File "/data/armaan/purs/Qwen2.5-Omni/low-VRAM-mode/modeling_qwen2_5_omni_low_VRAM_mode.py", line 1116, in forward
    attn_output = F.scaled_dot_product_attention(q, k, v, attention_mask, dropout_p=0.0)
torch.OutOfMemoryError: CUDA out of memory. Tried to allocate 96.90 GiB. GPU 0 has a total capacity of 47.37 GiB of which 34.14 GiB is free. Including non-PyTorch memory, this process has 13.22 GiB memory in use. Of the allocated memory 12.65 GiB is allocated by PyTorch, and 72.32 MiB is reserved by PyTorch but unallocated. If reserved but unallocated memory is large try setting PYTORCH_CUDA_ALLOC_CONF=expandable_segments:True to avoid fragmentation.  See documentation for Memory Management  (https://pytorch.org/docs/stable/notes/cuda.html#environment-variables)


--- video-mme/Object Recognition ---
Traceback (most recent call last):
  File "/data/armaan/purs/eval_qwen_omni.py", line 843, in main
    pred, reasoning = run_inference(
  File "/data/armaan/purs/eval_qwen_omni.py", line 660, in run_inference
    raw_out = model.generate(**gen_in, **gen_kw)
  File "/data/armaan/venvs/omnizip_clean/lib/python3.10/site-packages/gptqmodel/models/base.py", line 1166, in generate
    return self.model.generate(inputs=inputs, **kwargs)
  File "/data/armaan/venvs/omnizip_clean/lib/python3.10/site-packages/torch/utils/_contextlib.py", line 116, in decorate_context
    return func(*args, **kwargs)
  File "/data/armaan/purs/Qwen2.5-Omni/low-VRAM-mode/modeling_qwen2_5_omni_low_VRAM_mode.py", line 4760, in generate
    thinker_result = self.thinker.generate(input_ids=input_ids, **thinker_kwargs)
  File "/data/armaan/venvs/omnizip_clean/lib/python3.10/site-packages/torch/utils/_contextlib.py", line 116, in decorate_context
    return func(*args, **kwargs)
  File "/data/armaan/venvs/omnizip_clean/lib/python3.10/site-packages/transformers/generation/utils.py", line 2597, in generate
    result = self._sample(
  File "/data/armaan/venvs/omnizip_clean/lib/python3.10/site-packages/transformers/generation/utils.py", line 3557, in _sample
    outputs = self(**model_inputs, return_dict=True)
  File "/data/armaan/venvs/omnizip_clean/lib/python3.10/site-packages/torch/nn/modules/module.py", line 1739, in _wrapped_call_impl
    return self._call_impl(*args, **kwargs)
  File "/data/armaan/venvs/omnizip_clean/lib/python3.10/site-packages/torch/nn/modules/module.py", line 1750, in _call_impl
    return forward_call(*args, **kwargs)
  File "/data/armaan/purs/Qwen2.5-Omni/low-VRAM-mode/modeling_qwen2_5_omni_low_VRAM_mode.py", line 2490, in forward
    video_embeds = self.visual(pixel_values_videos, grid_thw=video_grid_thw)
  File "/data/armaan/venvs/omnizip_clean/lib/python3.10/site-packages/torch/nn/modules/module.py", line 1739, in _wrapped_call_impl
    return self._call_impl(*args, **kwargs)
  File "/data/armaan/venvs/omnizip_clean/lib/python3.10/site-packages/torch/nn/modules/module.py", line 1750, in _call_impl
    return forward_call(*args, **kwargs)
  File "/data/armaan/purs/Qwen2.5-Omni/low-VRAM-mode/modeling_qwen2_5_omni_low_VRAM_mode.py", line 1366, in forward
    hidden_states = blk(
  File "/data/armaan/venvs/omnizip_clean/lib/python3.10/site-packages/torch/nn/modules/module.py", line 1739, in _wrapped_call_impl
    return self._call_impl(*args, **kwargs)
  File "/data/armaan/venvs/omnizip_clean/lib/python3.10/site-packages/torch/nn/modules/module.py", line 1750, in _call_impl
    return forward_call(*args, **kwargs)
  File "/data/armaan/purs/Qwen2.5-Omni/low-VRAM-mode/modeling_qwen2_5_omni_low_VRAM_mode.py", line 1155, in forward
    hidden_states = hidden_states + self.attn(
  File "/data/armaan/venvs/omnizip_clean/lib/python3.10/site-packages/torch/nn/modules/module.py", line 1739, in _wrapped_call_impl
    return self._call_impl(*args, **kwargs)
  File "/data/armaan/venvs/omnizip_clean/lib/python3.10/site-packages/torch/nn/modules/module.py", line 1750, in _call_impl
    return forward_call(*args, **kwargs)
  File "/data/armaan/purs/Qwen2.5-Omni/low-VRAM-mode/modeling_qwen2_5_omni_low_VRAM_mode.py", line 1116, in forward
    attn_output = F.scaled_dot_product_attention(q, k, v, attention_mask, dropout_p=0.0)
torch.OutOfMemoryError: CUDA out of memory. Tried to allocate 153.14 GiB. GPU 0 has a total capacity of 47.37 GiB of which 31.10 GiB is free. Including non-PyTorch memory, this process has 16.27 GiB memory in use. Of the allocated memory 15.70 GiB is allocated by PyTorch, and 63.76 MiB is reserved by PyTorch but unallocated. If reserved but unallocated memory is large try setting PYTORCH_CUDA_ALLOC_CONF=expandable_segments:True to avoid fragmentation.  See documentation for Memory Management  (https://pytorch.org/docs/stable/notes/cuda.html#environment-variables)


--- video-mme/Object Recognition ---
Traceback (most recent call last):
  File "/data/armaan/purs/eval_qwen_omni.py", line 843, in main
    pred, reasoning = run_inference(
  File "/data/armaan/purs/eval_qwen_omni.py", line 660, in run_inference
    raw_out = model.generate(**gen_in, **gen_kw)
  File "/data/armaan/venvs/omnizip_clean/lib/python3.10/site-packages/gptqmodel/models/base.py", line 1166, in generate
    return self.model.generate(inputs=inputs, **kwargs)
  File "/data/armaan/venvs/omnizip_clean/lib/python3.10/site-packages/torch/utils/_contextlib.py", line 116, in decorate_context
    return func(*args, **kwargs)
  File "/data/armaan/purs/Qwen2.5-Omni/low-VRAM-mode/modeling_qwen2_5_omni_low_VRAM_mode.py", line 4760, in generate
    thinker_result = self.thinker.generate(input_ids=input_ids, **thinker_kwargs)
  File "/data/armaan/venvs/omnizip_clean/lib/python3.10/site-packages/torch/utils/_contextlib.py", line 116, in decorate_context
    return func(*args, **kwargs)
  File "/data/armaan/venvs/omnizip_clean/lib/python3.10/site-packages/transformers/generation/utils.py", line 2597, in generate
    result = self._sample(
  File "/data/armaan/venvs/omnizip_clean/lib/python3.10/site-packages/transformers/generation/utils.py", line 3557, in _sample
    outputs = self(**model_inputs, return_dict=True)
  File "/data/armaan/venvs/omnizip_clean/lib/python3.10/site-packages/torch/nn/modules/module.py", line 1739, in _wrapped_call_impl
    return self._call_impl(*args, **kwargs)
  File "/data/armaan/venvs/omnizip_clean/lib/python3.10/site-packages/torch/nn/modules/module.py", line 1750, in _call_impl
    return forward_call(*args, **kwargs)
  File "/data/armaan/purs/Qwen2.5-Omni/low-VRAM-mode/modeling_qwen2_5_omni_low_VRAM_mode.py", line 2490, in forward
    video_embeds = self.visual(pixel_values_videos, grid_thw=video_grid_thw)
  File "/data/armaan/venvs/omnizip_clean/lib/python3.10/site-packages/torch/nn/modules/module.py", line 1739, in _wrapped_call_impl
    return self._call_impl(*args, **kwargs)
  File "/data/armaan/venvs/omnizip_clean/lib/python3.10/site-packages/torch/nn/modules/module.py", line 1750, in _call_impl
    return forward_call(*args, **kwargs)
  File "/data/armaan/purs/Qwen2.5-Omni/low-VRAM-mode/modeling_qwen2_5_omni_low_VRAM_mode.py", line 1366, in forward
    hidden_states = blk(
  File "/data/armaan/venvs/omnizip_clean/lib/python3.10/site-packages/torch/nn/modules/module.py", line 1739, in _wrapped_call_impl
    return self._call_impl(*args, **kwargs)
  File "/data/armaan/venvs/omnizip_clean/lib/python3.10/site-packages/torch/nn/modules/module.py", line 1750, in _call_impl
    return forward_call(*args, **kwargs)
  File "/data/armaan/purs/Qwen2.5-Omni/low-VRAM-mode/modeling_qwen2_5_omni_low_VRAM_mode.py", line 1155, in forward
    hidden_states = hidden_states + self.attn(
  File "/data/armaan/venvs/omnizip_clean/lib/python3.10/site-packages/torch/nn/modules/module.py", line 1739, in _wrapped_call_impl
    return self._call_impl(*args, **kwargs)
  File "/data/armaan/venvs/omnizip_clean/lib/python3.10/site-packages/torch/nn/modules/module.py", line 1750, in _call_impl
    return forward_call(*args, **kwargs)
  File "/data/armaan/purs/Qwen2.5-Omni/low-VRAM-mode/modeling_qwen2_5_omni_low_VRAM_mode.py", line 1116, in forward
    attn_output = F.scaled_dot_product_attention(q, k, v, attention_mask, dropout_p=0.0)
torch.OutOfMemoryError: CUDA out of memory. Tried to allocate 153.14 GiB. GPU 0 has a total capacity of 47.37 GiB of which 31.10 GiB is free. Including non-PyTorch memory, this process has 16.27 GiB memory in use. Of the allocated memory 15.70 GiB is allocated by PyTorch, and 63.56 MiB is reserved by PyTorch but unallocated. If reserved but unallocated memory is large try setting PYTORCH_CUDA_ALLOC_CONF=expandable_segments:True to avoid fragmentation.  See documentation for Memory Management  (https://pytorch.org/docs/stable/notes/cuda.html#environment-variables)


--- video-mme/Object Recognition ---
Traceback (most recent call last):
  File "/data/armaan/purs/eval_qwen_omni.py", line 843, in main
    pred, reasoning = run_inference(
  File "/data/armaan/purs/eval_qwen_omni.py", line 660, in run_inference
    raw_out = model.generate(**gen_in, **gen_kw)
  File "/data/armaan/venvs/omnizip_clean/lib/python3.10/site-packages/gptqmodel/models/base.py", line 1166, in generate
    return self.model.generate(inputs=inputs, **kwargs)
  File "/data/armaan/venvs/omnizip_clean/lib/python3.10/site-packages/torch/utils/_contextlib.py", line 116, in decorate_context
    return func(*args, **kwargs)
  File "/data/armaan/purs/Qwen2.5-Omni/low-VRAM-mode/modeling_qwen2_5_omni_low_VRAM_mode.py", line 4760, in generate
    thinker_result = self.thinker.generate(input_ids=input_ids, **thinker_kwargs)
  File "/data/armaan/venvs/omnizip_clean/lib/python3.10/site-packages/torch/utils/_contextlib.py", line 116, in decorate_context
    return func(*args, **kwargs)
  File "/data/armaan/venvs/omnizip_clean/lib/python3.10/site-packages/transformers/generation/utils.py", line 2597, in generate
    result = self._sample(
  File "/data/armaan/venvs/omnizip_clean/lib/python3.10/site-packages/transformers/generation/utils.py", line 3557, in _sample
    outputs = self(**model_inputs, return_dict=True)
  File "/data/armaan/venvs/omnizip_clean/lib/python3.10/site-packages/torch/nn/modules/module.py", line 1739, in _wrapped_call_impl
    return self._call_impl(*args, **kwargs)
  File "/data/armaan/venvs/omnizip_clean/lib/python3.10/site-packages/torch/nn/modules/module.py", line 1750, in _call_impl
    return forward_call(*args, **kwargs)
  File "/data/armaan/purs/Qwen2.5-Omni/low-VRAM-mode/modeling_qwen2_5_omni_low_VRAM_mode.py", line 2490, in forward
    video_embeds = self.visual(pixel_values_videos, grid_thw=video_grid_thw)
  File "/data/armaan/venvs/omnizip_clean/lib/python3.10/site-packages/torch/nn/modules/module.py", line 1739, in _wrapped_call_impl
    return self._call_impl(*args, **kwargs)
  File "/data/armaan/venvs/omnizip_clean/lib/python3.10/site-packages/torch/nn/modules/module.py", line 1750, in _call_impl
    return forward_call(*args, **kwargs)
  File "/data/armaan/purs/Qwen2.5-Omni/low-VRAM-mode/modeling_qwen2_5_omni_low_VRAM_mode.py", line 1366, in forward
    hidden_states = blk(
  File "/data/armaan/venvs/omnizip_clean/lib/python3.10/site-packages/torch/nn/modules/module.py", line 1739, in _wrapped_call_impl
    return self._call_impl(*args, **kwargs)
  File "/data/armaan/venvs/omnizip_clean/lib/python3.10/site-packages/torch/nn/modules/module.py", line 1750, in _call_impl
    return forward_call(*args, **kwargs)
  File "/data/armaan/purs/Qwen2.5-Omni/low-VRAM-mode/modeling_qwen2_5_omni_low_VRAM_mode.py", line 1155, in forward
    hidden_states = hidden_states + self.attn(
  File "/data/armaan/venvs/omnizip_clean/lib/python3.10/site-packages/torch/nn/modules/module.py", line 1739, in _wrapped_call_impl
    return self._call_impl(*args, **kwargs)
  File "/data/armaan/venvs/omnizip_clean/lib/python3.10/site-packages/torch/nn/modules/module.py", line 1750, in _call_impl
    return forward_call(*args, **kwargs)
  File "/data/armaan/purs/Qwen2.5-Omni/low-VRAM-mode/modeling_qwen2_5_omni_low_VRAM_mode.py", line 1116, in forward
    attn_output = F.scaled_dot_product_attention(q, k, v, attention_mask, dropout_p=0.0)
torch.OutOfMemoryError: CUDA out of memory. Tried to allocate 153.14 GiB. GPU 0 has a total capacity of 47.37 GiB of which 31.10 GiB is free. Including non-PyTorch memory, this process has 16.27 GiB memory in use. Of the allocated memory 15.70 GiB is allocated by PyTorch, and 63.65 MiB is reserved by PyTorch but unallocated. If reserved but unallocated memory is large try setting PYTORCH_CUDA_ALLOC_CONF=expandable_segments:True to avoid fragmentation.  See documentation for Memory Management  (https://pytorch.org/docs/stable/notes/cuda.html#environment-variables)


--- video-mme/Spatial Perception ---
Traceback (most recent call last):
  File "/data/armaan/purs/eval_qwen_omni.py", line 843, in main
    pred, reasoning = run_inference(
  File "/data/armaan/purs/eval_qwen_omni.py", line 660, in run_inference
    raw_out = model.generate(**gen_in, **gen_kw)
  File "/data/armaan/venvs/omnizip_clean/lib/python3.10/site-packages/gptqmodel/models/base.py", line 1166, in generate
    return self.model.generate(inputs=inputs, **kwargs)
  File "/data/armaan/venvs/omnizip_clean/lib/python3.10/site-packages/torch/utils/_contextlib.py", line 116, in decorate_context
    return func(*args, **kwargs)
  File "/data/armaan/purs/Qwen2.5-Omni/low-VRAM-mode/modeling_qwen2_5_omni_low_VRAM_mode.py", line 4760, in generate
    thinker_result = self.thinker.generate(input_ids=input_ids, **thinker_kwargs)
  File "/data/armaan/venvs/omnizip_clean/lib/python3.10/site-packages/torch/utils/_contextlib.py", line 116, in decorate_context
    return func(*args, **kwargs)
  File "/data/armaan/venvs/omnizip_clean/lib/python3.10/site-packages/transformers/generation/utils.py", line 2597, in generate
    result = self._sample(
  File "/data/armaan/venvs/omnizip_clean/lib/python3.10/site-packages/transformers/generation/utils.py", line 3557, in _sample
    outputs = self(**model_inputs, return_dict=True)
  File "/data/armaan/venvs/omnizip_clean/lib/python3.10/site-packages/torch/nn/modules/module.py", line 1739, in _wrapped_call_impl
    return self._call_impl(*args, **kwargs)
  File "/data/armaan/venvs/omnizip_clean/lib/python3.10/site-packages/torch/nn/modules/module.py", line 1750, in _call_impl
    return forward_call(*args, **kwargs)
  File "/data/armaan/purs/Qwen2.5-Omni/low-VRAM-mode/modeling_qwen2_5_omni_low_VRAM_mode.py", line 2490, in forward
    video_embeds = self.visual(pixel_values_videos, grid_thw=video_grid_thw)
  File "/data/armaan/venvs/omnizip_clean/lib/python3.10/site-packages/torch/nn/modules/module.py", line 1739, in _wrapped_call_impl
    return self._call_impl(*args, **kwargs)
  File "/data/armaan/venvs/omnizip_clean/lib/python3.10/site-packages/torch/nn/modules/module.py", line 1750, in _call_impl
    return forward_call(*args, **kwargs)
  File "/data/armaan/purs/Qwen2.5-Omni/low-VRAM-mode/modeling_qwen2_5_omni_low_VRAM_mode.py", line 1366, in forward
    hidden_states = blk(
  File "/data/armaan/venvs/omnizip_clean/lib/python3.10/site-packages/torch/nn/modules/module.py", line 1739, in _wrapped_call_impl
    return self._call_impl(*args, **kwargs)
  File "/data/armaan/venvs/omnizip_clean/lib/python3.10/site-packages/torch/nn/modules/module.py", line 1750, in _call_impl
    return forward_call(*args, **kwargs)
  File "/data/armaan/purs/Qwen2.5-Omni/low-VRAM-mode/modeling_qwen2_5_omni_low_VRAM_mode.py", line 1155, in forward
    hidden_states = hidden_states + self.attn(
  File "/data/armaan/venvs/omnizip_clean/lib/python3.10/site-packages/torch/nn/modules/module.py", line 1739, in _wrapped_call_impl
    return self._call_impl(*args, **kwargs)
  File "/data/armaan/venvs/omnizip_clean/lib/python3.10/site-packages/torch/nn/modules/module.py", line 1750, in _call_impl
    return forward_call(*args, **kwargs)
  File "/data/armaan/purs/Qwen2.5-Omni/low-VRAM-mode/modeling_qwen2_5_omni_low_VRAM_mode.py", line 1116, in forward
    attn_output = F.scaled_dot_product_attention(q, k, v, attention_mask, dropout_p=0.0)
torch.OutOfMemoryError: CUDA out of memory. Tried to allocate 142.88 GiB. GPU 0 has a total capacity of 47.37 GiB of which 31.62 GiB is free. Including non-PyTorch memory, this process has 15.74 GiB memory in use. Of the allocated memory 15.15 GiB is allocated by PyTorch, and 87.89 MiB is reserved by PyTorch but unallocated. If reserved but unallocated memory is large try setting PYTORCH_CUDA_ALLOC_CONF=expandable_segments:True to avoid fragmentation.  See documentation for Memory Management  (https://pytorch.org/docs/stable/notes/cuda.html#environment-variables)


--- video-mme/Spatial Perception ---
Traceback (most recent call last):
  File "/data/armaan/purs/eval_qwen_omni.py", line 843, in main
    pred, reasoning = run_inference(
  File "/data/armaan/purs/eval_qwen_omni.py", line 660, in run_inference
    raw_out = model.generate(**gen_in, **gen_kw)
  File "/data/armaan/venvs/omnizip_clean/lib/python3.10/site-packages/gptqmodel/models/base.py", line 1166, in generate
    return self.model.generate(inputs=inputs, **kwargs)
  File "/data/armaan/venvs/omnizip_clean/lib/python3.10/site-packages/torch/utils/_contextlib.py", line 116, in decorate_context
    return func(*args, **kwargs)
  File "/data/armaan/purs/Qwen2.5-Omni/low-VRAM-mode/modeling_qwen2_5_omni_low_VRAM_mode.py", line 4760, in generate
    thinker_result = self.thinker.generate(input_ids=input_ids, **thinker_kwargs)
  File "/data/armaan/venvs/omnizip_clean/lib/python3.10/site-packages/torch/utils/_contextlib.py", line 116, in decorate_context
    return func(*args, **kwargs)
  File "/data/armaan/venvs/omnizip_clean/lib/python3.10/site-packages/transformers/generation/utils.py", line 2597, in generate
    result = self._sample(
  File "/data/armaan/venvs/omnizip_clean/lib/python3.10/site-packages/transformers/generation/utils.py", line 3557, in _sample
    outputs = self(**model_inputs, return_dict=True)
  File "/data/armaan/venvs/omnizip_clean/lib/python3.10/site-packages/torch/nn/modules/module.py", line 1739, in _wrapped_call_impl
    return self._call_impl(*args, **kwargs)
  File "/data/armaan/venvs/omnizip_clean/lib/python3.10/site-packages/torch/nn/modules/module.py", line 1750, in _call_impl
    return forward_call(*args, **kwargs)
  File "/data/armaan/purs/Qwen2.5-Omni/low-VRAM-mode/modeling_qwen2_5_omni_low_VRAM_mode.py", line 2490, in forward
    video_embeds = self.visual(pixel_values_videos, grid_thw=video_grid_thw)
  File "/data/armaan/venvs/omnizip_clean/lib/python3.10/site-packages/torch/nn/modules/module.py", line 1739, in _wrapped_call_impl
    return self._call_impl(*args, **kwargs)
  File "/data/armaan/venvs/omnizip_clean/lib/python3.10/site-packages/torch/nn/modules/module.py", line 1750, in _call_impl
    return forward_call(*args, **kwargs)
  File "/data/armaan/purs/Qwen2.5-Omni/low-VRAM-mode/modeling_qwen2_5_omni_low_VRAM_mode.py", line 1366, in forward
    hidden_states = blk(
  File "/data/armaan/venvs/omnizip_clean/lib/python3.10/site-packages/torch/nn/modules/module.py", line 1739, in _wrapped_call_impl
    return self._call_impl(*args, **kwargs)
  File "/data/armaan/venvs/omnizip_clean/lib/python3.10/site-packages/torch/nn/modules/module.py", line 1750, in _call_impl
    return forward_call(*args, **kwargs)
  File "/data/armaan/purs/Qwen2.5-Omni/low-VRAM-mode/modeling_qwen2_5_omni_low_VRAM_mode.py", line 1155, in forward
    hidden_states = hidden_states + self.attn(
  File "/data/armaan/venvs/omnizip_clean/lib/python3.10/site-packages/torch/nn/modules/module.py", line 1739, in _wrapped_call_impl
    return self._call_impl(*args, **kwargs)
  File "/data/armaan/venvs/omnizip_clean/lib/python3.10/site-packages/torch/nn/modules/module.py", line 1750, in _call_impl
    return forward_call(*args, **kwargs)
  File "/data/armaan/purs/Qwen2.5-Omni/low-VRAM-mode/modeling_qwen2_5_omni_low_VRAM_mode.py", line 1116, in forward
    attn_output = F.scaled_dot_product_attention(q, k, v, attention_mask, dropout_p=0.0)
torch.OutOfMemoryError: CUDA out of memory. Tried to allocate 142.88 GiB. GPU 0 has a total capacity of 47.37 GiB of which 31.62 GiB is free. Including non-PyTorch memory, this process has 15.74 GiB memory in use. Of the allocated memory 15.15 GiB is allocated by PyTorch, and 87.76 MiB is reserved by PyTorch but unallocated. If reserved but unallocated memory is large try setting PYTORCH_CUDA_ALLOC_CONF=expandable_segments:True to avoid fragmentation.  See documentation for Memory Management  (https://pytorch.org/docs/stable/notes/cuda.html#environment-variables)


--- video-mme/Spatial Perception ---
Traceback (most recent call last):
  File "/data/armaan/purs/eval_qwen_omni.py", line 843, in main
    pred, reasoning = run_inference(
  File "/data/armaan/purs/eval_qwen_omni.py", line 660, in run_inference
    raw_out = model.generate(**gen_in, **gen_kw)
  File "/data/armaan/venvs/omnizip_clean/lib/python3.10/site-packages/gptqmodel/models/base.py", line 1166, in generate
    return self.model.generate(inputs=inputs, **kwargs)
  File "/data/armaan/venvs/omnizip_clean/lib/python3.10/site-packages/torch/utils/_contextlib.py", line 116, in decorate_context
    return func(*args, **kwargs)
  File "/data/armaan/purs/Qwen2.5-Omni/low-VRAM-mode/modeling_qwen2_5_omni_low_VRAM_mode.py", line 4760, in generate
    thinker_result = self.thinker.generate(input_ids=input_ids, **thinker_kwargs)
  File "/data/armaan/venvs/omnizip_clean/lib/python3.10/site-packages/torch/utils/_contextlib.py", line 116, in decorate_context
    return func(*args, **kwargs)
  File "/data/armaan/venvs/omnizip_clean/lib/python3.10/site-packages/transformers/generation/utils.py", line 2597, in generate
    result = self._sample(
  File "/data/armaan/venvs/omnizip_clean/lib/python3.10/site-packages/transformers/generation/utils.py", line 3557, in _sample
    outputs = self(**model_inputs, return_dict=True)
  File "/data/armaan/venvs/omnizip_clean/lib/python3.10/site-packages/torch/nn/modules/module.py", line 1739, in _wrapped_call_impl
    return self._call_impl(*args, **kwargs)
  File "/data/armaan/venvs/omnizip_clean/lib/python3.10/site-packages/torch/nn/modules/module.py", line 1750, in _call_impl
    return forward_call(*args, **kwargs)
  File "/data/armaan/purs/Qwen2.5-Omni/low-VRAM-mode/modeling_qwen2_5_omni_low_VRAM_mode.py", line 2490, in forward
    video_embeds = self.visual(pixel_values_videos, grid_thw=video_grid_thw)
  File "/data/armaan/venvs/omnizip_clean/lib/python3.10/site-packages/torch/nn/modules/module.py", line 1739, in _wrapped_call_impl
    return self._call_impl(*args, **kwargs)
  File "/data/armaan/venvs/omnizip_clean/lib/python3.10/site-packages/torch/nn/modules/module.py", line 1750, in _call_impl
    return forward_call(*args, **kwargs)
  File "/data/armaan/purs/Qwen2.5-Omni/low-VRAM-mode/modeling_qwen2_5_omni_low_VRAM_mode.py", line 1366, in forward
    hidden_states = blk(
  File "/data/armaan/venvs/omnizip_clean/lib/python3.10/site-packages/torch/nn/modules/module.py", line 1739, in _wrapped_call_impl
    return self._call_impl(*args, **kwargs)
  File "/data/armaan/venvs/omnizip_clean/lib/python3.10/site-packages/torch/nn/modules/module.py", line 1750, in _call_impl
    return forward_call(*args, **kwargs)
  File "/data/armaan/purs/Qwen2.5-Omni/low-VRAM-mode/modeling_qwen2_5_omni_low_VRAM_mode.py", line 1155, in forward
    hidden_states = hidden_states + self.attn(
  File "/data/armaan/venvs/omnizip_clean/lib/python3.10/site-packages/torch/nn/modules/module.py", line 1739, in _wrapped_call_impl
    return self._call_impl(*args, **kwargs)
  File "/data/armaan/venvs/omnizip_clean/lib/python3.10/site-packages/torch/nn/modules/module.py", line 1750, in _call_impl
    return forward_call(*args, **kwargs)
  File "/data/armaan/purs/Qwen2.5-Omni/low-VRAM-mode/modeling_qwen2_5_omni_low_VRAM_mode.py", line 1116, in forward
    attn_output = F.scaled_dot_product_attention(q, k, v, attention_mask, dropout_p=0.0)
torch.OutOfMemoryError: CUDA out of memory. Tried to allocate 142.88 GiB. GPU 0 has a total capacity of 47.37 GiB of which 31.62 GiB is free. Including non-PyTorch memory, this process has 15.74 GiB memory in use. Of the allocated memory 15.15 GiB is allocated by PyTorch, and 87.86 MiB is reserved by PyTorch but unallocated. If reserved but unallocated memory is large try setting PYTORCH_CUDA_ALLOC_CONF=expandable_segments:True to avoid fragmentation.  See documentation for Memory Management  (https://pytorch.org/docs/stable/notes/cuda.html#environment-variables)


--- video-mme/Spatial Reasoning ---
Traceback (most recent call last):
  File "/data/armaan/purs/eval_qwen_omni.py", line 843, in main
    pred, reasoning = run_inference(
  File "/data/armaan/purs/eval_qwen_omni.py", line 660, in run_inference
    raw_out = model.generate(**gen_in, **gen_kw)
  File "/data/armaan/venvs/omnizip_clean/lib/python3.10/site-packages/gptqmodel/models/base.py", line 1166, in generate
    return self.model.generate(inputs=inputs, **kwargs)
  File "/data/armaan/venvs/omnizip_clean/lib/python3.10/site-packages/torch/utils/_contextlib.py", line 116, in decorate_context
    return func(*args, **kwargs)
  File "/data/armaan/purs/Qwen2.5-Omni/low-VRAM-mode/modeling_qwen2_5_omni_low_VRAM_mode.py", line 4760, in generate
    thinker_result = self.thinker.generate(input_ids=input_ids, **thinker_kwargs)
  File "/data/armaan/venvs/omnizip_clean/lib/python3.10/site-packages/torch/utils/_contextlib.py", line 116, in decorate_context
    return func(*args, **kwargs)
  File "/data/armaan/venvs/omnizip_clean/lib/python3.10/site-packages/transformers/generation/utils.py", line 2597, in generate
    result = self._sample(
  File "/data/armaan/venvs/omnizip_clean/lib/python3.10/site-packages/transformers/generation/utils.py", line 3557, in _sample
    outputs = self(**model_inputs, return_dict=True)
  File "/data/armaan/venvs/omnizip_clean/lib/python3.10/site-packages/torch/nn/modules/module.py", line 1739, in _wrapped_call_impl
    return self._call_impl(*args, **kwargs)
  File "/data/armaan/venvs/omnizip_clean/lib/python3.10/site-packages/torch/nn/modules/module.py", line 1750, in _call_impl
    return forward_call(*args, **kwargs)
  File "/data/armaan/purs/Qwen2.5-Omni/low-VRAM-mode/modeling_qwen2_5_omni_low_VRAM_mode.py", line 2490, in forward
    video_embeds = self.visual(pixel_values_videos, grid_thw=video_grid_thw)
  File "/data/armaan/venvs/omnizip_clean/lib/python3.10/site-packages/torch/nn/modules/module.py", line 1739, in _wrapped_call_impl
    return self._call_impl(*args, **kwargs)
  File "/data/armaan/venvs/omnizip_clean/lib/python3.10/site-packages/torch/nn/modules/module.py", line 1750, in _call_impl
    return forward_call(*args, **kwargs)
  File "/data/armaan/purs/Qwen2.5-Omni/low-VRAM-mode/modeling_qwen2_5_omni_low_VRAM_mode.py", line 1366, in forward
    hidden_states = blk(
  File "/data/armaan/venvs/omnizip_clean/lib/python3.10/site-packages/torch/nn/modules/module.py", line 1739, in _wrapped_call_impl
    return self._call_impl(*args, **kwargs)
  File "/data/armaan/venvs/omnizip_clean/lib/python3.10/site-packages/torch/nn/modules/module.py", line 1750, in _call_impl
    return forward_call(*args, **kwargs)
  File "/data/armaan/purs/Qwen2.5-Omni/low-VRAM-mode/modeling_qwen2_5_omni_low_VRAM_mode.py", line 1155, in forward
    hidden_states = hidden_states + self.attn(
  File "/data/armaan/venvs/omnizip_clean/lib/python3.10/site-packages/torch/nn/modules/module.py", line 1739, in _wrapped_call_impl
    return self._call_impl(*args, **kwargs)
  File "/data/armaan/venvs/omnizip_clean/lib/python3.10/site-packages/torch/nn/modules/module.py", line 1750, in _call_impl
    return forward_call(*args, **kwargs)
  File "/data/armaan/purs/Qwen2.5-Omni/low-VRAM-mode/modeling_qwen2_5_omni_low_VRAM_mode.py", line 1116, in forward
    attn_output = F.scaled_dot_product_attention(q, k, v, attention_mask, dropout_p=0.0)
torch.OutOfMemoryError: CUDA out of memory. Tried to allocate 126.56 GiB. GPU 0 has a total capacity of 47.37 GiB of which 32.52 GiB is free. Including non-PyTorch memory, this process has 14.84 GiB memory in use. Of the allocated memory 14.27 GiB is allocated by PyTorch, and 70.31 MiB is reserved by PyTorch but unallocated. If reserved but unallocated memory is large try setting PYTORCH_CUDA_ALLOC_CONF=expandable_segments:True to avoid fragmentation.  See documentation for Memory Management  (https://pytorch.org/docs/stable/notes/cuda.html#environment-variables)


--- video-mme/Spatial Reasoning ---
Traceback (most recent call last):
  File "/data/armaan/purs/eval_qwen_omni.py", line 843, in main
    pred, reasoning = run_inference(
  File "/data/armaan/purs/eval_qwen_omni.py", line 660, in run_inference
    raw_out = model.generate(**gen_in, **gen_kw)
  File "/data/armaan/venvs/omnizip_clean/lib/python3.10/site-packages/gptqmodel/models/base.py", line 1166, in generate
    return self.model.generate(inputs=inputs, **kwargs)
  File "/data/armaan/venvs/omnizip_clean/lib/python3.10/site-packages/torch/utils/_contextlib.py", line 116, in decorate_context
    return func(*args, **kwargs)
  File "/data/armaan/purs/Qwen2.5-Omni/low-VRAM-mode/modeling_qwen2_5_omni_low_VRAM_mode.py", line 4760, in generate
    thinker_result = self.thinker.generate(input_ids=input_ids, **thinker_kwargs)
  File "/data/armaan/venvs/omnizip_clean/lib/python3.10/site-packages/torch/utils/_contextlib.py", line 116, in decorate_context
    return func(*args, **kwargs)
  File "/data/armaan/venvs/omnizip_clean/lib/python3.10/site-packages/transformers/generation/utils.py", line 2597, in generate
    result = self._sample(
  File "/data/armaan/venvs/omnizip_clean/lib/python3.10/site-packages/transformers/generation/utils.py", line 3557, in _sample
    outputs = self(**model_inputs, return_dict=True)
  File "/data/armaan/venvs/omnizip_clean/lib/python3.10/site-packages/torch/nn/modules/module.py", line 1739, in _wrapped_call_impl
    return self._call_impl(*args, **kwargs)
  File "/data/armaan/venvs/omnizip_clean/lib/python3.10/site-packages/torch/nn/modules/module.py", line 1750, in _call_impl
    return forward_call(*args, **kwargs)
  File "/data/armaan/purs/Qwen2.5-Omni/low-VRAM-mode/modeling_qwen2_5_omni_low_VRAM_mode.py", line 2490, in forward
    video_embeds = self.visual(pixel_values_videos, grid_thw=video_grid_thw)
  File "/data/armaan/venvs/omnizip_clean/lib/python3.10/site-packages/torch/nn/modules/module.py", line 1739, in _wrapped_call_impl
    return self._call_impl(*args, **kwargs)
  File "/data/armaan/venvs/omnizip_clean/lib/python3.10/site-packages/torch/nn/modules/module.py", line 1750, in _call_impl
    return forward_call(*args, **kwargs)
  File "/data/armaan/purs/Qwen2.5-Omni/low-VRAM-mode/modeling_qwen2_5_omni_low_VRAM_mode.py", line 1366, in forward
    hidden_states = blk(
  File "/data/armaan/venvs/omnizip_clean/lib/python3.10/site-packages/torch/nn/modules/module.py", line 1739, in _wrapped_call_impl
    return self._call_impl(*args, **kwargs)
  File "/data/armaan/venvs/omnizip_clean/lib/python3.10/site-packages/torch/nn/modules/module.py", line 1750, in _call_impl
    return forward_call(*args, **kwargs)
  File "/data/armaan/purs/Qwen2.5-Omni/low-VRAM-mode/modeling_qwen2_5_omni_low_VRAM_mode.py", line 1155, in forward
    hidden_states = hidden_states + self.attn(
  File "/data/armaan/venvs/omnizip_clean/lib/python3.10/site-packages/torch/nn/modules/module.py", line 1739, in _wrapped_call_impl
    return self._call_impl(*args, **kwargs)
  File "/data/armaan/venvs/omnizip_clean/lib/python3.10/site-packages/torch/nn/modules/module.py", line 1750, in _call_impl
    return forward_call(*args, **kwargs)
  File "/data/armaan/purs/Qwen2.5-Omni/low-VRAM-mode/modeling_qwen2_5_omni_low_VRAM_mode.py", line 1116, in forward
    attn_output = F.scaled_dot_product_attention(q, k, v, attention_mask, dropout_p=0.0)
torch.OutOfMemoryError: CUDA out of memory. Tried to allocate 126.56 GiB. GPU 0 has a total capacity of 47.37 GiB of which 32.52 GiB is free. Including non-PyTorch memory, this process has 14.84 GiB memory in use. Of the allocated memory 14.27 GiB is allocated by PyTorch, and 70.34 MiB is reserved by PyTorch but unallocated. If reserved but unallocated memory is large try setting PYTORCH_CUDA_ALLOC_CONF=expandable_segments:True to avoid fragmentation.  See documentation for Memory Management  (https://pytorch.org/docs/stable/notes/cuda.html#environment-variables)


--- video-mme/Spatial Reasoning ---
Traceback (most recent call last):
  File "/data/armaan/purs/eval_qwen_omni.py", line 843, in main
    pred, reasoning = run_inference(
  File "/data/armaan/purs/eval_qwen_omni.py", line 660, in run_inference
    raw_out = model.generate(**gen_in, **gen_kw)
  File "/data/armaan/venvs/omnizip_clean/lib/python3.10/site-packages/gptqmodel/models/base.py", line 1166, in generate
    return self.model.generate(inputs=inputs, **kwargs)
  File "/data/armaan/venvs/omnizip_clean/lib/python3.10/site-packages/torch/utils/_contextlib.py", line 116, in decorate_context
    return func(*args, **kwargs)
  File "/data/armaan/purs/Qwen2.5-Omni/low-VRAM-mode/modeling_qwen2_5_omni_low_VRAM_mode.py", line 4760, in generate
    thinker_result = self.thinker.generate(input_ids=input_ids, **thinker_kwargs)
  File "/data/armaan/venvs/omnizip_clean/lib/python3.10/site-packages/torch/utils/_contextlib.py", line 116, in decorate_context
    return func(*args, **kwargs)
  File "/data/armaan/venvs/omnizip_clean/lib/python3.10/site-packages/transformers/generation/utils.py", line 2597, in generate
    result = self._sample(
  File "/data/armaan/venvs/omnizip_clean/lib/python3.10/site-packages/transformers/generation/utils.py", line 3557, in _sample
    outputs = self(**model_inputs, return_dict=True)
  File "/data/armaan/venvs/omnizip_clean/lib/python3.10/site-packages/torch/nn/modules/module.py", line 1739, in _wrapped_call_impl
    return self._call_impl(*args, **kwargs)
  File "/data/armaan/venvs/omnizip_clean/lib/python3.10/site-packages/torch/nn/modules/module.py", line 1750, in _call_impl
    return forward_call(*args, **kwargs)
  File "/data/armaan/purs/Qwen2.5-Omni/low-VRAM-mode/modeling_qwen2_5_omni_low_VRAM_mode.py", line 2490, in forward
    video_embeds = self.visual(pixel_values_videos, grid_thw=video_grid_thw)
  File "/data/armaan/venvs/omnizip_clean/lib/python3.10/site-packages/torch/nn/modules/module.py", line 1739, in _wrapped_call_impl
    return self._call_impl(*args, **kwargs)
  File "/data/armaan/venvs/omnizip_clean/lib/python3.10/site-packages/torch/nn/modules/module.py", line 1750, in _call_impl
    return forward_call(*args, **kwargs)
  File "/data/armaan/purs/Qwen2.5-Omni/low-VRAM-mode/modeling_qwen2_5_omni_low_VRAM_mode.py", line 1366, in forward
    hidden_states = blk(
  File "/data/armaan/venvs/omnizip_clean/lib/python3.10/site-packages/torch/nn/modules/module.py", line 1739, in _wrapped_call_impl
    return self._call_impl(*args, **kwargs)
  File "/data/armaan/venvs/omnizip_clean/lib/python3.10/site-packages/torch/nn/modules/module.py", line 1750, in _call_impl
    return forward_call(*args, **kwargs)
  File "/data/armaan/purs/Qwen2.5-Omni/low-VRAM-mode/modeling_qwen2_5_omni_low_VRAM_mode.py", line 1155, in forward
    hidden_states = hidden_states + self.attn(
  File "/data/armaan/venvs/omnizip_clean/lib/python3.10/site-packages/torch/nn/modules/module.py", line 1739, in _wrapped_call_impl
    return self._call_impl(*args, **kwargs)
  File "/data/armaan/venvs/omnizip_clean/lib/python3.10/site-packages/torch/nn/modules/module.py", line 1750, in _call_impl
    return forward_call(*args, **kwargs)
  File "/data/armaan/purs/Qwen2.5-Omni/low-VRAM-mode/modeling_qwen2_5_omni_low_VRAM_mode.py", line 1116, in forward
    attn_output = F.scaled_dot_product_attention(q, k, v, attention_mask, dropout_p=0.0)
torch.OutOfMemoryError: CUDA out of memory. Tried to allocate 126.56 GiB. GPU 0 has a total capacity of 47.37 GiB of which 32.52 GiB is free. Including non-PyTorch memory, this process has 14.84 GiB memory in use. Of the allocated memory 14.27 GiB is allocated by PyTorch, and 70.35 MiB is reserved by PyTorch but unallocated. If reserved but unallocated memory is large try setting PYTORCH_CUDA_ALLOC_CONF=expandable_segments:True to avoid fragmentation.  See documentation for Memory Management  (https://pytorch.org/docs/stable/notes/cuda.html#environment-variables)


--- video-mme/Temporal Perception ---
Traceback (most recent call last):
  File "/data/armaan/purs/eval_qwen_omni.py", line 843, in main
    pred, reasoning = run_inference(
  File "/data/armaan/purs/eval_qwen_omni.py", line 660, in run_inference
    raw_out = model.generate(**gen_in, **gen_kw)
  File "/data/armaan/venvs/omnizip_clean/lib/python3.10/site-packages/gptqmodel/models/base.py", line 1166, in generate
    return self.model.generate(inputs=inputs, **kwargs)
  File "/data/armaan/venvs/omnizip_clean/lib/python3.10/site-packages/torch/utils/_contextlib.py", line 116, in decorate_context
    return func(*args, **kwargs)
  File "/data/armaan/purs/Qwen2.5-Omni/low-VRAM-mode/modeling_qwen2_5_omni_low_VRAM_mode.py", line 4760, in generate
    thinker_result = self.thinker.generate(input_ids=input_ids, **thinker_kwargs)
  File "/data/armaan/venvs/omnizip_clean/lib/python3.10/site-packages/torch/utils/_contextlib.py", line 116, in decorate_context
    return func(*args, **kwargs)
  File "/data/armaan/venvs/omnizip_clean/lib/python3.10/site-packages/transformers/generation/utils.py", line 2597, in generate
    result = self._sample(
  File "/data/armaan/venvs/omnizip_clean/lib/python3.10/site-packages/transformers/generation/utils.py", line 3557, in _sample
    outputs = self(**model_inputs, return_dict=True)
  File "/data/armaan/venvs/omnizip_clean/lib/python3.10/site-packages/torch/nn/modules/module.py", line 1739, in _wrapped_call_impl
    return self._call_impl(*args, **kwargs)
  File "/data/armaan/venvs/omnizip_clean/lib/python3.10/site-packages/torch/nn/modules/module.py", line 1750, in _call_impl
    return forward_call(*args, **kwargs)
  File "/data/armaan/purs/Qwen2.5-Omni/low-VRAM-mode/modeling_qwen2_5_omni_low_VRAM_mode.py", line 2490, in forward
    video_embeds = self.visual(pixel_values_videos, grid_thw=video_grid_thw)
  File "/data/armaan/venvs/omnizip_clean/lib/python3.10/site-packages/torch/nn/modules/module.py", line 1739, in _wrapped_call_impl
    return self._call_impl(*args, **kwargs)
  File "/data/armaan/venvs/omnizip_clean/lib/python3.10/site-packages/torch/nn/modules/module.py", line 1750, in _call_impl
    return forward_call(*args, **kwargs)
  File "/data/armaan/purs/Qwen2.5-Omni/low-VRAM-mode/modeling_qwen2_5_omni_low_VRAM_mode.py", line 1366, in forward
    hidden_states = blk(
  File "/data/armaan/venvs/omnizip_clean/lib/python3.10/site-packages/torch/nn/modules/module.py", line 1739, in _wrapped_call_impl
    return self._call_impl(*args, **kwargs)
  File "/data/armaan/venvs/omnizip_clean/lib/python3.10/site-packages/torch/nn/modules/module.py", line 1750, in _call_impl
    return forward_call(*args, **kwargs)
  File "/data/armaan/purs/Qwen2.5-Omni/low-VRAM-mode/modeling_qwen2_5_omni_low_VRAM_mode.py", line 1155, in forward
    hidden_states = hidden_states + self.attn(
  File "/data/armaan/venvs/omnizip_clean/lib/python3.10/site-packages/torch/nn/modules/module.py", line 1739, in _wrapped_call_impl
    return self._call_impl(*args, **kwargs)
  File "/data/armaan/venvs/omnizip_clean/lib/python3.10/site-packages/torch/nn/modules/module.py", line 1750, in _call_impl
    return forward_call(*args, **kwargs)
  File "/data/armaan/purs/Qwen2.5-Omni/low-VRAM-mode/modeling_qwen2_5_omni_low_VRAM_mode.py", line 1116, in forward
    attn_output = F.scaled_dot_product_attention(q, k, v, attention_mask, dropout_p=0.0)
torch.OutOfMemoryError: CUDA out of memory. Tried to allocate 53.47 GiB. GPU 0 has a total capacity of 47.37 GiB of which 36.61 GiB is free. Including non-PyTorch memory, this process has 10.76 GiB memory in use. Of the allocated memory 10.19 GiB is allocated by PyTorch, and 65.66 MiB is reserved by PyTorch but unallocated. If reserved but unallocated memory is large try setting PYTORCH_CUDA_ALLOC_CONF=expandable_segments:True to avoid fragmentation.  See documentation for Memory Management  (https://pytorch.org/docs/stable/notes/cuda.html#environment-variables)


--- video-mme/Temporal Perception ---
Traceback (most recent call last):
  File "/data/armaan/purs/eval_qwen_omni.py", line 843, in main
    pred, reasoning = run_inference(
  File "/data/armaan/purs/eval_qwen_omni.py", line 660, in run_inference
    raw_out = model.generate(**gen_in, **gen_kw)
  File "/data/armaan/venvs/omnizip_clean/lib/python3.10/site-packages/gptqmodel/models/base.py", line 1166, in generate
    return self.model.generate(inputs=inputs, **kwargs)
  File "/data/armaan/venvs/omnizip_clean/lib/python3.10/site-packages/torch/utils/_contextlib.py", line 116, in decorate_context
    return func(*args, **kwargs)
  File "/data/armaan/purs/Qwen2.5-Omni/low-VRAM-mode/modeling_qwen2_5_omni_low_VRAM_mode.py", line 4760, in generate
    thinker_result = self.thinker.generate(input_ids=input_ids, **thinker_kwargs)
  File "/data/armaan/venvs/omnizip_clean/lib/python3.10/site-packages/torch/utils/_contextlib.py", line 116, in decorate_context
    return func(*args, **kwargs)
  File "/data/armaan/venvs/omnizip_clean/lib/python3.10/site-packages/transformers/generation/utils.py", line 2597, in generate
    result = self._sample(
  File "/data/armaan/venvs/omnizip_clean/lib/python3.10/site-packages/transformers/generation/utils.py", line 3557, in _sample
    outputs = self(**model_inputs, return_dict=True)
  File "/data/armaan/venvs/omnizip_clean/lib/python3.10/site-packages/torch/nn/modules/module.py", line 1739, in _wrapped_call_impl
    return self._call_impl(*args, **kwargs)
  File "/data/armaan/venvs/omnizip_clean/lib/python3.10/site-packages/torch/nn/modules/module.py", line 1750, in _call_impl
    return forward_call(*args, **kwargs)
  File "/data/armaan/purs/Qwen2.5-Omni/low-VRAM-mode/modeling_qwen2_5_omni_low_VRAM_mode.py", line 2490, in forward
    video_embeds = self.visual(pixel_values_videos, grid_thw=video_grid_thw)
  File "/data/armaan/venvs/omnizip_clean/lib/python3.10/site-packages/torch/nn/modules/module.py", line 1739, in _wrapped_call_impl
    return self._call_impl(*args, **kwargs)
  File "/data/armaan/venvs/omnizip_clean/lib/python3.10/site-packages/torch/nn/modules/module.py", line 1750, in _call_impl
    return forward_call(*args, **kwargs)
  File "/data/armaan/purs/Qwen2.5-Omni/low-VRAM-mode/modeling_qwen2_5_omni_low_VRAM_mode.py", line 1366, in forward
    hidden_states = blk(
  File "/data/armaan/venvs/omnizip_clean/lib/python3.10/site-packages/torch/nn/modules/module.py", line 1739, in _wrapped_call_impl
    return self._call_impl(*args, **kwargs)
  File "/data/armaan/venvs/omnizip_clean/lib/python3.10/site-packages/torch/nn/modules/module.py", line 1750, in _call_impl
    return forward_call(*args, **kwargs)
  File "/data/armaan/purs/Qwen2.5-Omni/low-VRAM-mode/modeling_qwen2_5_omni_low_VRAM_mode.py", line 1155, in forward
    hidden_states = hidden_states + self.attn(
  File "/data/armaan/venvs/omnizip_clean/lib/python3.10/site-packages/torch/nn/modules/module.py", line 1739, in _wrapped_call_impl
    return self._call_impl(*args, **kwargs)
  File "/data/armaan/venvs/omnizip_clean/lib/python3.10/site-packages/torch/nn/modules/module.py", line 1750, in _call_impl
    return forward_call(*args, **kwargs)
  File "/data/armaan/purs/Qwen2.5-Omni/low-VRAM-mode/modeling_qwen2_5_omni_low_VRAM_mode.py", line 1116, in forward
    attn_output = F.scaled_dot_product_attention(q, k, v, attention_mask, dropout_p=0.0)
torch.OutOfMemoryError: CUDA out of memory. Tried to allocate 53.47 GiB. GPU 0 has a total capacity of 47.37 GiB of which 36.61 GiB is free. Including non-PyTorch memory, this process has 10.76 GiB memory in use. Of the allocated memory 10.19 GiB is allocated by PyTorch, and 65.53 MiB is reserved by PyTorch but unallocated. If reserved but unallocated memory is large try setting PYTORCH_CUDA_ALLOC_CONF=expandable_segments:True to avoid fragmentation.  See documentation for Memory Management  (https://pytorch.org/docs/stable/notes/cuda.html#environment-variables)


--- video-mme/Temporal Perception ---
Traceback (most recent call last):
  File "/data/armaan/purs/eval_qwen_omni.py", line 843, in main
    pred, reasoning = run_inference(
  File "/data/armaan/purs/eval_qwen_omni.py", line 660, in run_inference
    raw_out = model.generate(**gen_in, **gen_kw)
  File "/data/armaan/venvs/omnizip_clean/lib/python3.10/site-packages/gptqmodel/models/base.py", line 1166, in generate
    return self.model.generate(inputs=inputs, **kwargs)
  File "/data/armaan/venvs/omnizip_clean/lib/python3.10/site-packages/torch/utils/_contextlib.py", line 116, in decorate_context
    return func(*args, **kwargs)
  File "/data/armaan/purs/Qwen2.5-Omni/low-VRAM-mode/modeling_qwen2_5_omni_low_VRAM_mode.py", line 4760, in generate
    thinker_result = self.thinker.generate(input_ids=input_ids, **thinker_kwargs)
  File "/data/armaan/venvs/omnizip_clean/lib/python3.10/site-packages/torch/utils/_contextlib.py", line 116, in decorate_context
    return func(*args, **kwargs)
  File "/data/armaan/venvs/omnizip_clean/lib/python3.10/site-packages/transformers/generation/utils.py", line 2597, in generate
    result = self._sample(
  File "/data/armaan/venvs/omnizip_clean/lib/python3.10/site-packages/transformers/generation/utils.py", line 3557, in _sample
    outputs = self(**model_inputs, return_dict=True)
  File "/data/armaan/venvs/omnizip_clean/lib/python3.10/site-packages/torch/nn/modules/module.py", line 1739, in _wrapped_call_impl
    return self._call_impl(*args, **kwargs)
  File "/data/armaan/venvs/omnizip_clean/lib/python3.10/site-packages/torch/nn/modules/module.py", line 1750, in _call_impl
    return forward_call(*args, **kwargs)
  File "/data/armaan/purs/Qwen2.5-Omni/low-VRAM-mode/modeling_qwen2_5_omni_low_VRAM_mode.py", line 2490, in forward
    video_embeds = self.visual(pixel_values_videos, grid_thw=video_grid_thw)
  File "/data/armaan/venvs/omnizip_clean/lib/python3.10/site-packages/torch/nn/modules/module.py", line 1739, in _wrapped_call_impl
    return self._call_impl(*args, **kwargs)
  File "/data/armaan/venvs/omnizip_clean/lib/python3.10/site-packages/torch/nn/modules/module.py", line 1750, in _call_impl
    return forward_call(*args, **kwargs)
  File "/data/armaan/purs/Qwen2.5-Omni/low-VRAM-mode/modeling_qwen2_5_omni_low_VRAM_mode.py", line 1366, in forward
    hidden_states = blk(
  File "/data/armaan/venvs/omnizip_clean/lib/python3.10/site-packages/torch/nn/modules/module.py", line 1739, in _wrapped_call_impl
    return self._call_impl(*args, **kwargs)
  File "/data/armaan/venvs/omnizip_clean/lib/python3.10/site-packages/torch/nn/modules/module.py", line 1750, in _call_impl
    return forward_call(*args, **kwargs)
  File "/data/armaan/purs/Qwen2.5-Omni/low-VRAM-mode/modeling_qwen2_5_omni_low_VRAM_mode.py", line 1155, in forward
    hidden_states = hidden_states + self.attn(
  File "/data/armaan/venvs/omnizip_clean/lib/python3.10/site-packages/torch/nn/modules/module.py", line 1739, in _wrapped_call_impl
    return self._call_impl(*args, **kwargs)
  File "/data/armaan/venvs/omnizip_clean/lib/python3.10/site-packages/torch/nn/modules/module.py", line 1750, in _call_impl
    return forward_call(*args, **kwargs)
  File "/data/armaan/purs/Qwen2.5-Omni/low-VRAM-mode/modeling_qwen2_5_omni_low_VRAM_mode.py", line 1116, in forward
    attn_output = F.scaled_dot_product_attention(q, k, v, attention_mask, dropout_p=0.0)
torch.OutOfMemoryError: CUDA out of memory. Tried to allocate 53.47 GiB. GPU 0 has a total capacity of 47.37 GiB of which 36.61 GiB is free. Including non-PyTorch memory, this process has 10.76 GiB memory in use. Of the allocated memory 10.19 GiB is allocated by PyTorch, and 65.74 MiB is reserved by PyTorch but unallocated. If reserved but unallocated memory is large try setting PYTORCH_CUDA_ALLOC_CONF=expandable_segments:True to avoid fragmentation.  See documentation for Memory Management  (https://pytorch.org/docs/stable/notes/cuda.html#environment-variables)


--- video-mme/Temporal Reasoning ---
Traceback (most recent call last):
  File "/data/armaan/purs/eval_qwen_omni.py", line 843, in main
    pred, reasoning = run_inference(
  File "/data/armaan/purs/eval_qwen_omni.py", line 660, in run_inference
    raw_out = model.generate(**gen_in, **gen_kw)
  File "/data/armaan/venvs/omnizip_clean/lib/python3.10/site-packages/gptqmodel/models/base.py", line 1166, in generate
    return self.model.generate(inputs=inputs, **kwargs)
  File "/data/armaan/venvs/omnizip_clean/lib/python3.10/site-packages/torch/utils/_contextlib.py", line 116, in decorate_context
    return func(*args, **kwargs)
  File "/data/armaan/purs/Qwen2.5-Omni/low-VRAM-mode/modeling_qwen2_5_omni_low_VRAM_mode.py", line 4760, in generate
    thinker_result = self.thinker.generate(input_ids=input_ids, **thinker_kwargs)
  File "/data/armaan/venvs/omnizip_clean/lib/python3.10/site-packages/torch/utils/_contextlib.py", line 116, in decorate_context
    return func(*args, **kwargs)
  File "/data/armaan/venvs/omnizip_clean/lib/python3.10/site-packages/transformers/generation/utils.py", line 2597, in generate
    result = self._sample(
  File "/data/armaan/venvs/omnizip_clean/lib/python3.10/site-packages/transformers/generation/utils.py", line 3557, in _sample
    outputs = self(**model_inputs, return_dict=True)
  File "/data/armaan/venvs/omnizip_clean/lib/python3.10/site-packages/torch/nn/modules/module.py", line 1739, in _wrapped_call_impl
    return self._call_impl(*args, **kwargs)
  File "/data/armaan/venvs/omnizip_clean/lib/python3.10/site-packages/torch/nn/modules/module.py", line 1750, in _call_impl
    return forward_call(*args, **kwargs)
  File "/data/armaan/purs/Qwen2.5-Omni/low-VRAM-mode/modeling_qwen2_5_omni_low_VRAM_mode.py", line 2490, in forward
    video_embeds = self.visual(pixel_values_videos, grid_thw=video_grid_thw)
  File "/data/armaan/venvs/omnizip_clean/lib/python3.10/site-packages/torch/nn/modules/module.py", line 1739, in _wrapped_call_impl
    return self._call_impl(*args, **kwargs)
  File "/data/armaan/venvs/omnizip_clean/lib/python3.10/site-packages/torch/nn/modules/module.py", line 1750, in _call_impl
    return forward_call(*args, **kwargs)
  File "/data/armaan/purs/Qwen2.5-Omni/low-VRAM-mode/modeling_qwen2_5_omni_low_VRAM_mode.py", line 1366, in forward
    hidden_states = blk(
  File "/data/armaan/venvs/omnizip_clean/lib/python3.10/site-packages/torch/nn/modules/module.py", line 1739, in _wrapped_call_impl
    return self._call_impl(*args, **kwargs)
  File "/data/armaan/venvs/omnizip_clean/lib/python3.10/site-packages/torch/nn/modules/module.py", line 1750, in _call_impl
    return forward_call(*args, **kwargs)
  File "/data/armaan/purs/Qwen2.5-Omni/low-VRAM-mode/modeling_qwen2_5_omni_low_VRAM_mode.py", line 1155, in forward
    hidden_states = hidden_states + self.attn(
  File "/data/armaan/venvs/omnizip_clean/lib/python3.10/site-packages/torch/nn/modules/module.py", line 1739, in _wrapped_call_impl
    return self._call_impl(*args, **kwargs)
  File "/data/armaan/venvs/omnizip_clean/lib/python3.10/site-packages/torch/nn/modules/module.py", line 1750, in _call_impl
    return forward_call(*args, **kwargs)
  File "/data/armaan/purs/Qwen2.5-Omni/low-VRAM-mode/modeling_qwen2_5_omni_low_VRAM_mode.py", line 1116, in forward
    attn_output = F.scaled_dot_product_attention(q, k, v, attention_mask, dropout_p=0.0)
torch.OutOfMemoryError: CUDA out of memory. Tried to allocate 62.02 GiB. GPU 0 has a total capacity of 47.37 GiB of which 36.10 GiB is free. Including non-PyTorch memory, this process has 11.27 GiB memory in use. Of the allocated memory 10.69 GiB is allocated by PyTorch, and 80.19 MiB is reserved by PyTorch but unallocated. If reserved but unallocated memory is large try setting PYTORCH_CUDA_ALLOC_CONF=expandable_segments:True to avoid fragmentation.  See documentation for Memory Management  (https://pytorch.org/docs/stable/notes/cuda.html#environment-variables)


--- video-mme/Temporal Reasoning ---
Traceback (most recent call last):
  File "/data/armaan/purs/eval_qwen_omni.py", line 843, in main
    pred, reasoning = run_inference(
  File "/data/armaan/purs/eval_qwen_omni.py", line 660, in run_inference
    raw_out = model.generate(**gen_in, **gen_kw)
  File "/data/armaan/venvs/omnizip_clean/lib/python3.10/site-packages/gptqmodel/models/base.py", line 1166, in generate
    return self.model.generate(inputs=inputs, **kwargs)
  File "/data/armaan/venvs/omnizip_clean/lib/python3.10/site-packages/torch/utils/_contextlib.py", line 116, in decorate_context
    return func(*args, **kwargs)
  File "/data/armaan/purs/Qwen2.5-Omni/low-VRAM-mode/modeling_qwen2_5_omni_low_VRAM_mode.py", line 4760, in generate
    thinker_result = self.thinker.generate(input_ids=input_ids, **thinker_kwargs)
  File "/data/armaan/venvs/omnizip_clean/lib/python3.10/site-packages/torch/utils/_contextlib.py", line 116, in decorate_context
    return func(*args, **kwargs)
  File "/data/armaan/venvs/omnizip_clean/lib/python3.10/site-packages/transformers/generation/utils.py", line 2597, in generate
    result = self._sample(
  File "/data/armaan/venvs/omnizip_clean/lib/python3.10/site-packages/transformers/generation/utils.py", line 3557, in _sample
    outputs = self(**model_inputs, return_dict=True)
  File "/data/armaan/venvs/omnizip_clean/lib/python3.10/site-packages/torch/nn/modules/module.py", line 1739, in _wrapped_call_impl
    return self._call_impl(*args, **kwargs)
  File "/data/armaan/venvs/omnizip_clean/lib/python3.10/site-packages/torch/nn/modules/module.py", line 1750, in _call_impl
    return forward_call(*args, **kwargs)
  File "/data/armaan/purs/Qwen2.5-Omni/low-VRAM-mode/modeling_qwen2_5_omni_low_VRAM_mode.py", line 2490, in forward
    video_embeds = self.visual(pixel_values_videos, grid_thw=video_grid_thw)
  File "/data/armaan/venvs/omnizip_clean/lib/python3.10/site-packages/torch/nn/modules/module.py", line 1739, in _wrapped_call_impl
    return self._call_impl(*args, **kwargs)
  File "/data/armaan/venvs/omnizip_clean/lib/python3.10/site-packages/torch/nn/modules/module.py", line 1750, in _call_impl
    return forward_call(*args, **kwargs)
  File "/data/armaan/purs/Qwen2.5-Omni/low-VRAM-mode/modeling_qwen2_5_omni_low_VRAM_mode.py", line 1366, in forward
    hidden_states = blk(
  File "/data/armaan/venvs/omnizip_clean/lib/python3.10/site-packages/torch/nn/modules/module.py", line 1739, in _wrapped_call_impl
    return self._call_impl(*args, **kwargs)
  File "/data/armaan/venvs/omnizip_clean/lib/python3.10/site-packages/torch/nn/modules/module.py", line 1750, in _call_impl
    return forward_call(*args, **kwargs)
  File "/data/armaan/purs/Qwen2.5-Omni/low-VRAM-mode/modeling_qwen2_5_omni_low_VRAM_mode.py", line 1155, in forward
    hidden_states = hidden_states + self.attn(
  File "/data/armaan/venvs/omnizip_clean/lib/python3.10/site-packages/torch/nn/modules/module.py", line 1739, in _wrapped_call_impl
    return self._call_impl(*args, **kwargs)
  File "/data/armaan/venvs/omnizip_clean/lib/python3.10/site-packages/torch/nn/modules/module.py", line 1750, in _call_impl
    return forward_call(*args, **kwargs)
  File "/data/armaan/purs/Qwen2.5-Omni/low-VRAM-mode/modeling_qwen2_5_omni_low_VRAM_mode.py", line 1116, in forward
    attn_output = F.scaled_dot_product_attention(q, k, v, attention_mask, dropout_p=0.0)
torch.OutOfMemoryError: CUDA out of memory. Tried to allocate 62.02 GiB. GPU 0 has a total capacity of 47.37 GiB of which 36.10 GiB is free. Including non-PyTorch memory, this process has 11.27 GiB memory in use. Of the allocated memory 10.69 GiB is allocated by PyTorch, and 80.45 MiB is reserved by PyTorch but unallocated. If reserved but unallocated memory is large try setting PYTORCH_CUDA_ALLOC_CONF=expandable_segments:True to avoid fragmentation.  See documentation for Memory Management  (https://pytorch.org/docs/stable/notes/cuda.html#environment-variables)


--- video-mme/Temporal Reasoning ---
Traceback (most recent call last):
  File "/data/armaan/purs/eval_qwen_omni.py", line 843, in main
    pred, reasoning = run_inference(
  File "/data/armaan/purs/eval_qwen_omni.py", line 660, in run_inference
    raw_out = model.generate(**gen_in, **gen_kw)
  File "/data/armaan/venvs/omnizip_clean/lib/python3.10/site-packages/gptqmodel/models/base.py", line 1166, in generate
    return self.model.generate(inputs=inputs, **kwargs)
  File "/data/armaan/venvs/omnizip_clean/lib/python3.10/site-packages/torch/utils/_contextlib.py", line 116, in decorate_context
    return func(*args, **kwargs)
  File "/data/armaan/purs/Qwen2.5-Omni/low-VRAM-mode/modeling_qwen2_5_omni_low_VRAM_mode.py", line 4760, in generate
    thinker_result = self.thinker.generate(input_ids=input_ids, **thinker_kwargs)
  File "/data/armaan/venvs/omnizip_clean/lib/python3.10/site-packages/torch/utils/_contextlib.py", line 116, in decorate_context
    return func(*args, **kwargs)
  File "/data/armaan/venvs/omnizip_clean/lib/python3.10/site-packages/transformers/generation/utils.py", line 2597, in generate
    result = self._sample(
  File "/data/armaan/venvs/omnizip_clean/lib/python3.10/site-packages/transformers/generation/utils.py", line 3557, in _sample
    outputs = self(**model_inputs, return_dict=True)
  File "/data/armaan/venvs/omnizip_clean/lib/python3.10/site-packages/torch/nn/modules/module.py", line 1739, in _wrapped_call_impl
    return self._call_impl(*args, **kwargs)
  File "/data/armaan/venvs/omnizip_clean/lib/python3.10/site-packages/torch/nn/modules/module.py", line 1750, in _call_impl
    return forward_call(*args, **kwargs)
  File "/data/armaan/purs/Qwen2.5-Omni/low-VRAM-mode/modeling_qwen2_5_omni_low_VRAM_mode.py", line 2490, in forward
    video_embeds = self.visual(pixel_values_videos, grid_thw=video_grid_thw)
  File "/data/armaan/venvs/omnizip_clean/lib/python3.10/site-packages/torch/nn/modules/module.py", line 1739, in _wrapped_call_impl
    return self._call_impl(*args, **kwargs)
  File "/data/armaan/venvs/omnizip_clean/lib/python3.10/site-packages/torch/nn/modules/module.py", line 1750, in _call_impl
    return forward_call(*args, **kwargs)
  File "/data/armaan/purs/Qwen2.5-Omni/low-VRAM-mode/modeling_qwen2_5_omni_low_VRAM_mode.py", line 1366, in forward
    hidden_states = blk(
  File "/data/armaan/venvs/omnizip_clean/lib/python3.10/site-packages/torch/nn/modules/module.py", line 1739, in _wrapped_call_impl
    return self._call_impl(*args, **kwargs)
  File "/data/armaan/venvs/omnizip_clean/lib/python3.10/site-packages/torch/nn/modules/module.py", line 1750, in _call_impl
    return forward_call(*args, **kwargs)
  File "/data/armaan/purs/Qwen2.5-Omni/low-VRAM-mode/modeling_qwen2_5_omni_low_VRAM_mode.py", line 1155, in forward
    hidden_states = hidden_states + self.attn(
  File "/data/armaan/venvs/omnizip_clean/lib/python3.10/site-packages/torch/nn/modules/module.py", line 1739, in _wrapped_call_impl
    return self._call_impl(*args, **kwargs)
  File "/data/armaan/venvs/omnizip_clean/lib/python3.10/site-packages/torch/nn/modules/module.py", line 1750, in _call_impl
    return forward_call(*args, **kwargs)
  File "/data/armaan/purs/Qwen2.5-Omni/low-VRAM-mode/modeling_qwen2_5_omni_low_VRAM_mode.py", line 1116, in forward
    attn_output = F.scaled_dot_product_attention(q, k, v, attention_mask, dropout_p=0.0)
torch.OutOfMemoryError: CUDA out of memory. Tried to allocate 62.02 GiB. GPU 0 has a total capacity of 47.37 GiB of which 36.10 GiB is free. Including non-PyTorch memory, this process has 11.27 GiB memory in use. Of the allocated memory 10.69 GiB is allocated by PyTorch, and 80.19 MiB is reserved by PyTorch but unallocated. If reserved but unallocated memory is large try setting PYTORCH_CUDA_ALLOC_CONF=expandable_segments:True to avoid fragmentation.  See documentation for Memory Management  (https://pytorch.org/docs/stable/notes/cuda.html#environment-variables)


--- daily-omni/AV Event Alignment ---
Traceback (most recent call last):
  File "/data/armaan/purs/eval_qwen_omni.py", line 843, in main
    pred, reasoning = run_inference(
  File "/data/armaan/purs/eval_qwen_omni.py", line 660, in run_inference
    raw_out = model.generate(**gen_in, **gen_kw)
  File "/data/armaan/venvs/omnizip_clean/lib/python3.10/site-packages/gptqmodel/models/base.py", line 1166, in generate
    return self.model.generate(inputs=inputs, **kwargs)
  File "/data/armaan/venvs/omnizip_clean/lib/python3.10/site-packages/torch/utils/_contextlib.py", line 116, in decorate_context
    return func(*args, **kwargs)
  File "/data/armaan/purs/Qwen2.5-Omni/low-VRAM-mode/modeling_qwen2_5_omni_low_VRAM_mode.py", line 4760, in generate
    thinker_result = self.thinker.generate(input_ids=input_ids, **thinker_kwargs)
  File "/data/armaan/venvs/omnizip_clean/lib/python3.10/site-packages/torch/utils/_contextlib.py", line 116, in decorate_context
    return func(*args, **kwargs)
  File "/data/armaan/venvs/omnizip_clean/lib/python3.10/site-packages/transformers/generation/utils.py", line 2597, in generate
    result = self._sample(
  File "/data/armaan/venvs/omnizip_clean/lib/python3.10/site-packages/transformers/generation/utils.py", line 3557, in _sample
    outputs = self(**model_inputs, return_dict=True)
  File "/data/armaan/venvs/omnizip_clean/lib/python3.10/site-packages/torch/nn/modules/module.py", line 1739, in _wrapped_call_impl
    return self._call_impl(*args, **kwargs)
  File "/data/armaan/venvs/omnizip_clean/lib/python3.10/site-packages/torch/nn/modules/module.py", line 1750, in _call_impl
    return forward_call(*args, **kwargs)
  File "/data/armaan/purs/Qwen2.5-Omni/low-VRAM-mode/modeling_qwen2_5_omni_low_VRAM_mode.py", line 2490, in forward
    video_embeds = self.visual(pixel_values_videos, grid_thw=video_grid_thw)
  File "/data/armaan/venvs/omnizip_clean/lib/python3.10/site-packages/torch/nn/modules/module.py", line 1739, in _wrapped_call_impl
    return self._call_impl(*args, **kwargs)
  File "/data/armaan/venvs/omnizip_clean/lib/python3.10/site-packages/torch/nn/modules/module.py", line 1750, in _call_impl
    return forward_call(*args, **kwargs)
  File "/data/armaan/purs/Qwen2.5-Omni/low-VRAM-mode/modeling_qwen2_5_omni_low_VRAM_mode.py", line 1366, in forward
    hidden_states = blk(
  File "/data/armaan/venvs/omnizip_clean/lib/python3.10/site-packages/torch/nn/modules/module.py", line 1739, in _wrapped_call_impl
    return self._call_impl(*args, **kwargs)
  File "/data/armaan/venvs/omnizip_clean/lib/python3.10/site-packages/torch/nn/modules/module.py", line 1750, in _call_impl
    return forward_call(*args, **kwargs)
  File "/data/armaan/purs/Qwen2.5-Omni/low-VRAM-mode/modeling_qwen2_5_omni_low_VRAM_mode.py", line 1155, in forward
    hidden_states = hidden_states + self.attn(
  File "/data/armaan/venvs/omnizip_clean/lib/python3.10/site-packages/torch/nn/modules/module.py", line 1739, in _wrapped_call_impl
    return self._call_impl(*args, **kwargs)
  File "/data/armaan/venvs/omnizip_clean/lib/python3.10/site-packages/torch/nn/modules/module.py", line 1750, in _call_impl
    return forward_call(*args, **kwargs)
  File "/data/armaan/purs/Qwen2.5-Omni/low-VRAM-mode/modeling_qwen2_5_omni_low_VRAM_mode.py", line 1116, in forward
    attn_output = F.scaled_dot_product_attention(q, k, v, attention_mask, dropout_p=0.0)
torch.OutOfMemoryError: CUDA out of memory. Tried to allocate 68.84 GiB. GPU 0 has a total capacity of 47.37 GiB of which 35.73 GiB is free. Including non-PyTorch memory, this process has 11.64 GiB memory in use. Of the allocated memory 11.07 GiB is allocated by PyTorch, and 61.25 MiB is reserved by PyTorch but unallocated. If reserved but unallocated memory is large try setting PYTORCH_CUDA_ALLOC_CONF=expandable_segments:True to avoid fragmentation.  See documentation for Memory Management  (https://pytorch.org/docs/stable/notes/cuda.html#environment-variables)


--- daily-omni/AV Event Alignment ---
Traceback (most recent call last):
  File "/data/armaan/purs/eval_qwen_omni.py", line 843, in main
    pred, reasoning = run_inference(
  File "/data/armaan/purs/eval_qwen_omni.py", line 660, in run_inference
    raw_out = model.generate(**gen_in, **gen_kw)
  File "/data/armaan/venvs/omnizip_clean/lib/python3.10/site-packages/gptqmodel/models/base.py", line 1166, in generate
    return self.model.generate(inputs=inputs, **kwargs)
  File "/data/armaan/venvs/omnizip_clean/lib/python3.10/site-packages/torch/utils/_contextlib.py", line 116, in decorate_context
    return func(*args, **kwargs)
  File "/data/armaan/purs/Qwen2.5-Omni/low-VRAM-mode/modeling_qwen2_5_omni_low_VRAM_mode.py", line 4760, in generate
    thinker_result = self.thinker.generate(input_ids=input_ids, **thinker_kwargs)
  File "/data/armaan/venvs/omnizip_clean/lib/python3.10/site-packages/torch/utils/_contextlib.py", line 116, in decorate_context
    return func(*args, **kwargs)
  File "/data/armaan/venvs/omnizip_clean/lib/python3.10/site-packages/transformers/generation/utils.py", line 2597, in generate
    result = self._sample(
  File "/data/armaan/venvs/omnizip_clean/lib/python3.10/site-packages/transformers/generation/utils.py", line 3557, in _sample
    outputs = self(**model_inputs, return_dict=True)
  File "/data/armaan/venvs/omnizip_clean/lib/python3.10/site-packages/torch/nn/modules/module.py", line 1739, in _wrapped_call_impl
    return self._call_impl(*args, **kwargs)
  File "/data/armaan/venvs/omnizip_clean/lib/python3.10/site-packages/torch/nn/modules/module.py", line 1750, in _call_impl
    return forward_call(*args, **kwargs)
  File "/data/armaan/purs/Qwen2.5-Omni/low-VRAM-mode/modeling_qwen2_5_omni_low_VRAM_mode.py", line 2490, in forward
    video_embeds = self.visual(pixel_values_videos, grid_thw=video_grid_thw)
  File "/data/armaan/venvs/omnizip_clean/lib/python3.10/site-packages/torch/nn/modules/module.py", line 1739, in _wrapped_call_impl
    return self._call_impl(*args, **kwargs)
  File "/data/armaan/venvs/omnizip_clean/lib/python3.10/site-packages/torch/nn/modules/module.py", line 1750, in _call_impl
    return forward_call(*args, **kwargs)
  File "/data/armaan/purs/Qwen2.5-Omni/low-VRAM-mode/modeling_qwen2_5_omni_low_VRAM_mode.py", line 1366, in forward
    hidden_states = blk(
  File "/data/armaan/venvs/omnizip_clean/lib/python3.10/site-packages/torch/nn/modules/module.py", line 1739, in _wrapped_call_impl
    return self._call_impl(*args, **kwargs)
  File "/data/armaan/venvs/omnizip_clean/lib/python3.10/site-packages/torch/nn/modules/module.py", line 1750, in _call_impl
    return forward_call(*args, **kwargs)
  File "/data/armaan/purs/Qwen2.5-Omni/low-VRAM-mode/modeling_qwen2_5_omni_low_VRAM_mode.py", line 1155, in forward
    hidden_states = hidden_states + self.attn(
  File "/data/armaan/venvs/omnizip_clean/lib/python3.10/site-packages/torch/nn/modules/module.py", line 1739, in _wrapped_call_impl
    return self._call_impl(*args, **kwargs)
  File "/data/armaan/venvs/omnizip_clean/lib/python3.10/site-packages/torch/nn/modules/module.py", line 1750, in _call_impl
    return forward_call(*args, **kwargs)
  File "/data/armaan/purs/Qwen2.5-Omni/low-VRAM-mode/modeling_qwen2_5_omni_low_VRAM_mode.py", line 1116, in forward
    attn_output = F.scaled_dot_product_attention(q, k, v, attention_mask, dropout_p=0.0)
torch.OutOfMemoryError: CUDA out of memory. Tried to allocate 68.84 GiB. GPU 0 has a total capacity of 47.37 GiB of which 35.73 GiB is free. Including non-PyTorch memory, this process has 11.64 GiB memory in use. Of the allocated memory 11.08 GiB is allocated by PyTorch, and 61.17 MiB is reserved by PyTorch but unallocated. If reserved but unallocated memory is large try setting PYTORCH_CUDA_ALLOC_CONF=expandable_segments:True to avoid fragmentation.  See documentation for Memory Management  (https://pytorch.org/docs/stable/notes/cuda.html#environment-variables)


--- daily-omni/AV Event Alignment ---
Traceback (most recent call last):
  File "/data/armaan/purs/eval_qwen_omni.py", line 843, in main
    pred, reasoning = run_inference(
  File "/data/armaan/purs/eval_qwen_omni.py", line 660, in run_inference
    raw_out = model.generate(**gen_in, **gen_kw)
  File "/data/armaan/venvs/omnizip_clean/lib/python3.10/site-packages/gptqmodel/models/base.py", line 1166, in generate
    return self.model.generate(inputs=inputs, **kwargs)
  File "/data/armaan/venvs/omnizip_clean/lib/python3.10/site-packages/torch/utils/_contextlib.py", line 116, in decorate_context
    return func(*args, **kwargs)
  File "/data/armaan/purs/Qwen2.5-Omni/low-VRAM-mode/modeling_qwen2_5_omni_low_VRAM_mode.py", line 4760, in generate
    thinker_result = self.thinker.generate(input_ids=input_ids, **thinker_kwargs)
  File "/data/armaan/venvs/omnizip_clean/lib/python3.10/site-packages/torch/utils/_contextlib.py", line 116, in decorate_context
    return func(*args, **kwargs)
  File "/data/armaan/venvs/omnizip_clean/lib/python3.10/site-packages/transformers/generation/utils.py", line 2597, in generate
    result = self._sample(
  File "/data/armaan/venvs/omnizip_clean/lib/python3.10/site-packages/transformers/generation/utils.py", line 3557, in _sample
    outputs = self(**model_inputs, return_dict=True)
  File "/data/armaan/venvs/omnizip_clean/lib/python3.10/site-packages/torch/nn/modules/module.py", line 1739, in _wrapped_call_impl
    return self._call_impl(*args, **kwargs)
  File "/data/armaan/venvs/omnizip_clean/lib/python3.10/site-packages/torch/nn/modules/module.py", line 1750, in _call_impl
    return forward_call(*args, **kwargs)
  File "/data/armaan/purs/Qwen2.5-Omni/low-VRAM-mode/modeling_qwen2_5_omni_low_VRAM_mode.py", line 2490, in forward
    video_embeds = self.visual(pixel_values_videos, grid_thw=video_grid_thw)
  File "/data/armaan/venvs/omnizip_clean/lib/python3.10/site-packages/torch/nn/modules/module.py", line 1739, in _wrapped_call_impl
    return self._call_impl(*args, **kwargs)
  File "/data/armaan/venvs/omnizip_clean/lib/python3.10/site-packages/torch/nn/modules/module.py", line 1750, in _call_impl
    return forward_call(*args, **kwargs)
  File "/data/armaan/purs/Qwen2.5-Omni/low-VRAM-mode/modeling_qwen2_5_omni_low_VRAM_mode.py", line 1366, in forward
    hidden_states = blk(
  File "/data/armaan/venvs/omnizip_clean/lib/python3.10/site-packages/torch/nn/modules/module.py", line 1739, in _wrapped_call_impl
    return self._call_impl(*args, **kwargs)
  File "/data/armaan/venvs/omnizip_clean/lib/python3.10/site-packages/torch/nn/modules/module.py", line 1750, in _call_impl
    return forward_call(*args, **kwargs)
  File "/data/armaan/purs/Qwen2.5-Omni/low-VRAM-mode/modeling_qwen2_5_omni_low_VRAM_mode.py", line 1155, in forward
    hidden_states = hidden_states + self.attn(
  File "/data/armaan/venvs/omnizip_clean/lib/python3.10/site-packages/torch/nn/modules/module.py", line 1739, in _wrapped_call_impl
    return self._call_impl(*args, **kwargs)
  File "/data/armaan/venvs/omnizip_clean/lib/python3.10/site-packages/torch/nn/modules/module.py", line 1750, in _call_impl
    return forward_call(*args, **kwargs)
  File "/data/armaan/purs/Qwen2.5-Omni/low-VRAM-mode/modeling_qwen2_5_omni_low_VRAM_mode.py", line 1116, in forward
    attn_output = F.scaled_dot_product_attention(q, k, v, attention_mask, dropout_p=0.0)
torch.OutOfMemoryError: CUDA out of memory. Tried to allocate 68.84 GiB. GPU 0 has a total capacity of 47.37 GiB of which 35.73 GiB is free. Including non-PyTorch memory, this process has 11.64 GiB memory in use. Of the allocated memory 11.08 GiB is allocated by PyTorch, and 61.19 MiB is reserved by PyTorch but unallocated. If reserved but unallocated memory is large try setting PYTORCH_CUDA_ALLOC_CONF=expandable_segments:True to avoid fragmentation.  See documentation for Memory Management  (https://pytorch.org/docs/stable/notes/cuda.html#environment-variables)


--- daily-omni/Comparative ---
Traceback (most recent call last):
  File "/data/armaan/purs/eval_qwen_omni.py", line 843, in main
    pred, reasoning = run_inference(
  File "/data/armaan/purs/eval_qwen_omni.py", line 660, in run_inference
    raw_out = model.generate(**gen_in, **gen_kw)
  File "/data/armaan/venvs/omnizip_clean/lib/python3.10/site-packages/gptqmodel/models/base.py", line 1166, in generate
    return self.model.generate(inputs=inputs, **kwargs)
  File "/data/armaan/venvs/omnizip_clean/lib/python3.10/site-packages/torch/utils/_contextlib.py", line 116, in decorate_context
    return func(*args, **kwargs)
  File "/data/armaan/purs/Qwen2.5-Omni/low-VRAM-mode/modeling_qwen2_5_omni_low_VRAM_mode.py", line 4760, in generate
    thinker_result = self.thinker.generate(input_ids=input_ids, **thinker_kwargs)
  File "/data/armaan/venvs/omnizip_clean/lib/python3.10/site-packages/torch/utils/_contextlib.py", line 116, in decorate_context
    return func(*args, **kwargs)
  File "/data/armaan/venvs/omnizip_clean/lib/python3.10/site-packages/transformers/generation/utils.py", line 2597, in generate
    result = self._sample(
  File "/data/armaan/venvs/omnizip_clean/lib/python3.10/site-packages/transformers/generation/utils.py", line 3557, in _sample
    outputs = self(**model_inputs, return_dict=True)
  File "/data/armaan/venvs/omnizip_clean/lib/python3.10/site-packages/torch/nn/modules/module.py", line 1739, in _wrapped_call_impl
    return self._call_impl(*args, **kwargs)
  File "/data/armaan/venvs/omnizip_clean/lib/python3.10/site-packages/torch/nn/modules/module.py", line 1750, in _call_impl
    return forward_call(*args, **kwargs)
  File "/data/armaan/purs/Qwen2.5-Omni/low-VRAM-mode/modeling_qwen2_5_omni_low_VRAM_mode.py", line 2490, in forward
    video_embeds = self.visual(pixel_values_videos, grid_thw=video_grid_thw)
  File "/data/armaan/venvs/omnizip_clean/lib/python3.10/site-packages/torch/nn/modules/module.py", line 1739, in _wrapped_call_impl
    return self._call_impl(*args, **kwargs)
  File "/data/armaan/venvs/omnizip_clean/lib/python3.10/site-packages/torch/nn/modules/module.py", line 1750, in _call_impl
    return forward_call(*args, **kwargs)
  File "/data/armaan/purs/Qwen2.5-Omni/low-VRAM-mode/modeling_qwen2_5_omni_low_VRAM_mode.py", line 1366, in forward
    hidden_states = blk(
  File "/data/armaan/venvs/omnizip_clean/lib/python3.10/site-packages/torch/nn/modules/module.py", line 1739, in _wrapped_call_impl
    return self._call_impl(*args, **kwargs)
  File "/data/armaan/venvs/omnizip_clean/lib/python3.10/site-packages/torch/nn/modules/module.py", line 1750, in _call_impl
    return forward_call(*args, **kwargs)
  File "/data/armaan/purs/Qwen2.5-Omni/low-VRAM-mode/modeling_qwen2_5_omni_low_VRAM_mode.py", line 1155, in forward
    hidden_states = hidden_states + self.attn(
  File "/data/armaan/venvs/omnizip_clean/lib/python3.10/site-packages/torch/nn/modules/module.py", line 1739, in _wrapped_call_impl
    return self._call_impl(*args, **kwargs)
  File "/data/armaan/venvs/omnizip_clean/lib/python3.10/site-packages/torch/nn/modules/module.py", line 1750, in _call_impl
    return forward_call(*args, **kwargs)
  File "/data/armaan/purs/Qwen2.5-Omni/low-VRAM-mode/modeling_qwen2_5_omni_low_VRAM_mode.py", line 1116, in forward
    attn_output = F.scaled_dot_product_attention(q, k, v, attention_mask, dropout_p=0.0)
torch.OutOfMemoryError: CUDA out of memory. Tried to allocate 81.00 GiB. GPU 0 has a total capacity of 47.37 GiB of which 35.04 GiB is free. Including non-PyTorch memory, this process has 12.32 GiB memory in use. Of the allocated memory 11.76 GiB is allocated by PyTorch, and 55.96 MiB is reserved by PyTorch but unallocated. If reserved but unallocated memory is large try setting PYTORCH_CUDA_ALLOC_CONF=expandable_segments:True to avoid fragmentation.  See documentation for Memory Management  (https://pytorch.org/docs/stable/notes/cuda.html#environment-variables)


--- daily-omni/Comparative ---
Traceback (most recent call last):
  File "/data/armaan/purs/eval_qwen_omni.py", line 843, in main
    pred, reasoning = run_inference(
  File "/data/armaan/purs/eval_qwen_omni.py", line 660, in run_inference
    raw_out = model.generate(**gen_in, **gen_kw)
  File "/data/armaan/venvs/omnizip_clean/lib/python3.10/site-packages/gptqmodel/models/base.py", line 1166, in generate
    return self.model.generate(inputs=inputs, **kwargs)
  File "/data/armaan/venvs/omnizip_clean/lib/python3.10/site-packages/torch/utils/_contextlib.py", line 116, in decorate_context
    return func(*args, **kwargs)
  File "/data/armaan/purs/Qwen2.5-Omni/low-VRAM-mode/modeling_qwen2_5_omni_low_VRAM_mode.py", line 4760, in generate
    thinker_result = self.thinker.generate(input_ids=input_ids, **thinker_kwargs)
  File "/data/armaan/venvs/omnizip_clean/lib/python3.10/site-packages/torch/utils/_contextlib.py", line 116, in decorate_context
    return func(*args, **kwargs)
  File "/data/armaan/venvs/omnizip_clean/lib/python3.10/site-packages/transformers/generation/utils.py", line 2597, in generate
    result = self._sample(
  File "/data/armaan/venvs/omnizip_clean/lib/python3.10/site-packages/transformers/generation/utils.py", line 3557, in _sample
    outputs = self(**model_inputs, return_dict=True)
  File "/data/armaan/venvs/omnizip_clean/lib/python3.10/site-packages/torch/nn/modules/module.py", line 1739, in _wrapped_call_impl
    return self._call_impl(*args, **kwargs)
  File "/data/armaan/venvs/omnizip_clean/lib/python3.10/site-packages/torch/nn/modules/module.py", line 1750, in _call_impl
    return forward_call(*args, **kwargs)
  File "/data/armaan/purs/Qwen2.5-Omni/low-VRAM-mode/modeling_qwen2_5_omni_low_VRAM_mode.py", line 2490, in forward
    video_embeds = self.visual(pixel_values_videos, grid_thw=video_grid_thw)
  File "/data/armaan/venvs/omnizip_clean/lib/python3.10/site-packages/torch/nn/modules/module.py", line 1739, in _wrapped_call_impl
    return self._call_impl(*args, **kwargs)
  File "/data/armaan/venvs/omnizip_clean/lib/python3.10/site-packages/torch/nn/modules/module.py", line 1750, in _call_impl
    return forward_call(*args, **kwargs)
  File "/data/armaan/purs/Qwen2.5-Omni/low-VRAM-mode/modeling_qwen2_5_omni_low_VRAM_mode.py", line 1366, in forward
    hidden_states = blk(
  File "/data/armaan/venvs/omnizip_clean/lib/python3.10/site-packages/torch/nn/modules/module.py", line 1739, in _wrapped_call_impl
    return self._call_impl(*args, **kwargs)
  File "/data/armaan/venvs/omnizip_clean/lib/python3.10/site-packages/torch/nn/modules/module.py", line 1750, in _call_impl
    return forward_call(*args, **kwargs)
  File "/data/armaan/purs/Qwen2.5-Omni/low-VRAM-mode/modeling_qwen2_5_omni_low_VRAM_mode.py", line 1155, in forward
    hidden_states = hidden_states + self.attn(
  File "/data/armaan/venvs/omnizip_clean/lib/python3.10/site-packages/torch/nn/modules/module.py", line 1739, in _wrapped_call_impl
    return self._call_impl(*args, **kwargs)
  File "/data/armaan/venvs/omnizip_clean/lib/python3.10/site-packages/torch/nn/modules/module.py", line 1750, in _call_impl
    return forward_call(*args, **kwargs)
  File "/data/armaan/purs/Qwen2.5-Omni/low-VRAM-mode/modeling_qwen2_5_omni_low_VRAM_mode.py", line 1116, in forward
    attn_output = F.scaled_dot_product_attention(q, k, v, attention_mask, dropout_p=0.0)
torch.OutOfMemoryError: CUDA out of memory. Tried to allocate 81.00 GiB. GPU 0 has a total capacity of 47.37 GiB of which 35.04 GiB is free. Including non-PyTorch memory, this process has 12.32 GiB memory in use. Of the allocated memory 11.76 GiB is allocated by PyTorch, and 56.19 MiB is reserved by PyTorch but unallocated. If reserved but unallocated memory is large try setting PYTORCH_CUDA_ALLOC_CONF=expandable_segments:True to avoid fragmentation.  See documentation for Memory Management  (https://pytorch.org/docs/stable/notes/cuda.html#environment-variables)


--- daily-omni/Comparative ---
Traceback (most recent call last):
  File "/data/armaan/purs/eval_qwen_omni.py", line 843, in main
    pred, reasoning = run_inference(
  File "/data/armaan/purs/eval_qwen_omni.py", line 660, in run_inference
    raw_out = model.generate(**gen_in, **gen_kw)
  File "/data/armaan/venvs/omnizip_clean/lib/python3.10/site-packages/gptqmodel/models/base.py", line 1166, in generate
    return self.model.generate(inputs=inputs, **kwargs)
  File "/data/armaan/venvs/omnizip_clean/lib/python3.10/site-packages/torch/utils/_contextlib.py", line 116, in decorate_context
    return func(*args, **kwargs)
  File "/data/armaan/purs/Qwen2.5-Omni/low-VRAM-mode/modeling_qwen2_5_omni_low_VRAM_mode.py", line 4760, in generate
    thinker_result = self.thinker.generate(input_ids=input_ids, **thinker_kwargs)
  File "/data/armaan/venvs/omnizip_clean/lib/python3.10/site-packages/torch/utils/_contextlib.py", line 116, in decorate_context
    return func(*args, **kwargs)
  File "/data/armaan/venvs/omnizip_clean/lib/python3.10/site-packages/transformers/generation/utils.py", line 2597, in generate
    result = self._sample(
  File "/data/armaan/venvs/omnizip_clean/lib/python3.10/site-packages/transformers/generation/utils.py", line 3557, in _sample
    outputs = self(**model_inputs, return_dict=True)
  File "/data/armaan/venvs/omnizip_clean/lib/python3.10/site-packages/torch/nn/modules/module.py", line 1739, in _wrapped_call_impl
    return self._call_impl(*args, **kwargs)
  File "/data/armaan/venvs/omnizip_clean/lib/python3.10/site-packages/torch/nn/modules/module.py", line 1750, in _call_impl
    return forward_call(*args, **kwargs)
  File "/data/armaan/purs/Qwen2.5-Omni/low-VRAM-mode/modeling_qwen2_5_omni_low_VRAM_mode.py", line 2490, in forward
    video_embeds = self.visual(pixel_values_videos, grid_thw=video_grid_thw)
  File "/data/armaan/venvs/omnizip_clean/lib/python3.10/site-packages/torch/nn/modules/module.py", line 1739, in _wrapped_call_impl
    return self._call_impl(*args, **kwargs)
  File "/data/armaan/venvs/omnizip_clean/lib/python3.10/site-packages/torch/nn/modules/module.py", line 1750, in _call_impl
    return forward_call(*args, **kwargs)
  File "/data/armaan/purs/Qwen2.5-Omni/low-VRAM-mode/modeling_qwen2_5_omni_low_VRAM_mode.py", line 1366, in forward
    hidden_states = blk(
  File "/data/armaan/venvs/omnizip_clean/lib/python3.10/site-packages/torch/nn/modules/module.py", line 1739, in _wrapped_call_impl
    return self._call_impl(*args, **kwargs)
  File "/data/armaan/venvs/omnizip_clean/lib/python3.10/site-packages/torch/nn/modules/module.py", line 1750, in _call_impl
    return forward_call(*args, **kwargs)
  File "/data/armaan/purs/Qwen2.5-Omni/low-VRAM-mode/modeling_qwen2_5_omni_low_VRAM_mode.py", line 1155, in forward
    hidden_states = hidden_states + self.attn(
  File "/data/armaan/venvs/omnizip_clean/lib/python3.10/site-packages/torch/nn/modules/module.py", line 1739, in _wrapped_call_impl
    return self._call_impl(*args, **kwargs)
  File "/data/armaan/venvs/omnizip_clean/lib/python3.10/site-packages/torch/nn/modules/module.py", line 1750, in _call_impl
    return forward_call(*args, **kwargs)
  File "/data/armaan/purs/Qwen2.5-Omni/low-VRAM-mode/modeling_qwen2_5_omni_low_VRAM_mode.py", line 1116, in forward
    attn_output = F.scaled_dot_product_attention(q, k, v, attention_mask, dropout_p=0.0)
torch.OutOfMemoryError: CUDA out of memory. Tried to allocate 81.00 GiB. GPU 0 has a total capacity of 47.37 GiB of which 35.06 GiB is free. Including non-PyTorch memory, this process has 12.30 GiB memory in use. Of the allocated memory 11.76 GiB is allocated by PyTorch, and 35.92 MiB is reserved by PyTorch but unallocated. If reserved but unallocated memory is large try setting PYTORCH_CUDA_ALLOC_CONF=expandable_segments:True to avoid fragmentation.  See documentation for Memory Management  (https://pytorch.org/docs/stable/notes/cuda.html#environment-variables)


--- daily-omni/Context understanding ---
Traceback (most recent call last):
  File "/data/armaan/purs/eval_qwen_omni.py", line 843, in main
    pred, reasoning = run_inference(
  File "/data/armaan/purs/eval_qwen_omni.py", line 660, in run_inference
    raw_out = model.generate(**gen_in, **gen_kw)
  File "/data/armaan/venvs/omnizip_clean/lib/python3.10/site-packages/gptqmodel/models/base.py", line 1166, in generate
    return self.model.generate(inputs=inputs, **kwargs)
  File "/data/armaan/venvs/omnizip_clean/lib/python3.10/site-packages/torch/utils/_contextlib.py", line 116, in decorate_context
    return func(*args, **kwargs)
  File "/data/armaan/purs/Qwen2.5-Omni/low-VRAM-mode/modeling_qwen2_5_omni_low_VRAM_mode.py", line 4760, in generate
    thinker_result = self.thinker.generate(input_ids=input_ids, **thinker_kwargs)
  File "/data/armaan/venvs/omnizip_clean/lib/python3.10/site-packages/torch/utils/_contextlib.py", line 116, in decorate_context
    return func(*args, **kwargs)
  File "/data/armaan/venvs/omnizip_clean/lib/python3.10/site-packages/transformers/generation/utils.py", line 2597, in generate
    result = self._sample(
  File "/data/armaan/venvs/omnizip_clean/lib/python3.10/site-packages/transformers/generation/utils.py", line 3557, in _sample
    outputs = self(**model_inputs, return_dict=True)
  File "/data/armaan/venvs/omnizip_clean/lib/python3.10/site-packages/torch/nn/modules/module.py", line 1739, in _wrapped_call_impl
    return self._call_impl(*args, **kwargs)
  File "/data/armaan/venvs/omnizip_clean/lib/python3.10/site-packages/torch/nn/modules/module.py", line 1750, in _call_impl
    return forward_call(*args, **kwargs)
  File "/data/armaan/purs/Qwen2.5-Omni/low-VRAM-mode/modeling_qwen2_5_omni_low_VRAM_mode.py", line 2490, in forward
    video_embeds = self.visual(pixel_values_videos, grid_thw=video_grid_thw)
  File "/data/armaan/venvs/omnizip_clean/lib/python3.10/site-packages/torch/nn/modules/module.py", line 1739, in _wrapped_call_impl
    return self._call_impl(*args, **kwargs)
  File "/data/armaan/venvs/omnizip_clean/lib/python3.10/site-packages/torch/nn/modules/module.py", line 1750, in _call_impl
    return forward_call(*args, **kwargs)
  File "/data/armaan/purs/Qwen2.5-Omni/low-VRAM-mode/modeling_qwen2_5_omni_low_VRAM_mode.py", line 1366, in forward
    hidden_states = blk(
  File "/data/armaan/venvs/omnizip_clean/lib/python3.10/site-packages/torch/nn/modules/module.py", line 1739, in _wrapped_call_impl
    return self._call_impl(*args, **kwargs)
  File "/data/armaan/venvs/omnizip_clean/lib/python3.10/site-packages/torch/nn/modules/module.py", line 1750, in _call_impl
    return forward_call(*args, **kwargs)
  File "/data/armaan/purs/Qwen2.5-Omni/low-VRAM-mode/modeling_qwen2_5_omni_low_VRAM_mode.py", line 1155, in forward
    hidden_states = hidden_states + self.attn(
  File "/data/armaan/venvs/omnizip_clean/lib/python3.10/site-packages/torch/nn/modules/module.py", line 1739, in _wrapped_call_impl
    return self._call_impl(*args, **kwargs)
  File "/data/armaan/venvs/omnizip_clean/lib/python3.10/site-packages/torch/nn/modules/module.py", line 1750, in _call_impl
    return forward_call(*args, **kwargs)
  File "/data/armaan/purs/Qwen2.5-Omni/low-VRAM-mode/modeling_qwen2_5_omni_low_VRAM_mode.py", line 1116, in forward
    attn_output = F.scaled_dot_product_attention(q, k, v, attention_mask, dropout_p=0.0)
torch.OutOfMemoryError: CUDA out of memory. Tried to allocate 81.00 GiB. GPU 0 has a total capacity of 47.37 GiB of which 35.02 GiB is free. Including non-PyTorch memory, this process has 12.34 GiB memory in use. Of the allocated memory 11.77 GiB is allocated by PyTorch, and 69.23 MiB is reserved by PyTorch but unallocated. If reserved but unallocated memory is large try setting PYTORCH_CUDA_ALLOC_CONF=expandable_segments:True to avoid fragmentation.  See documentation for Memory Management  (https://pytorch.org/docs/stable/notes/cuda.html#environment-variables)


--- daily-omni/Context understanding ---
Traceback (most recent call last):
  File "/data/armaan/purs/eval_qwen_omni.py", line 843, in main
    pred, reasoning = run_inference(
  File "/data/armaan/purs/eval_qwen_omni.py", line 660, in run_inference
    raw_out = model.generate(**gen_in, **gen_kw)
  File "/data/armaan/venvs/omnizip_clean/lib/python3.10/site-packages/gptqmodel/models/base.py", line 1166, in generate
    return self.model.generate(inputs=inputs, **kwargs)
  File "/data/armaan/venvs/omnizip_clean/lib/python3.10/site-packages/torch/utils/_contextlib.py", line 116, in decorate_context
    return func(*args, **kwargs)
  File "/data/armaan/purs/Qwen2.5-Omni/low-VRAM-mode/modeling_qwen2_5_omni_low_VRAM_mode.py", line 4760, in generate
    thinker_result = self.thinker.generate(input_ids=input_ids, **thinker_kwargs)
  File "/data/armaan/venvs/omnizip_clean/lib/python3.10/site-packages/torch/utils/_contextlib.py", line 116, in decorate_context
    return func(*args, **kwargs)
  File "/data/armaan/venvs/omnizip_clean/lib/python3.10/site-packages/transformers/generation/utils.py", line 2597, in generate
    result = self._sample(
  File "/data/armaan/venvs/omnizip_clean/lib/python3.10/site-packages/transformers/generation/utils.py", line 3557, in _sample
    outputs = self(**model_inputs, return_dict=True)
  File "/data/armaan/venvs/omnizip_clean/lib/python3.10/site-packages/torch/nn/modules/module.py", line 1739, in _wrapped_call_impl
    return self._call_impl(*args, **kwargs)
  File "/data/armaan/venvs/omnizip_clean/lib/python3.10/site-packages/torch/nn/modules/module.py", line 1750, in _call_impl
    return forward_call(*args, **kwargs)
  File "/data/armaan/purs/Qwen2.5-Omni/low-VRAM-mode/modeling_qwen2_5_omni_low_VRAM_mode.py", line 2490, in forward
    video_embeds = self.visual(pixel_values_videos, grid_thw=video_grid_thw)
  File "/data/armaan/venvs/omnizip_clean/lib/python3.10/site-packages/torch/nn/modules/module.py", line 1739, in _wrapped_call_impl
    return self._call_impl(*args, **kwargs)
  File "/data/armaan/venvs/omnizip_clean/lib/python3.10/site-packages/torch/nn/modules/module.py", line 1750, in _call_impl
    return forward_call(*args, **kwargs)
  File "/data/armaan/purs/Qwen2.5-Omni/low-VRAM-mode/modeling_qwen2_5_omni_low_VRAM_mode.py", line 1366, in forward
    hidden_states = blk(
  File "/data/armaan/venvs/omnizip_clean/lib/python3.10/site-packages/torch/nn/modules/module.py", line 1739, in _wrapped_call_impl
    return self._call_impl(*args, **kwargs)
  File "/data/armaan/venvs/omnizip_clean/lib/python3.10/site-packages/torch/nn/modules/module.py", line 1750, in _call_impl
    return forward_call(*args, **kwargs)
  File "/data/armaan/purs/Qwen2.5-Omni/low-VRAM-mode/modeling_qwen2_5_omni_low_VRAM_mode.py", line 1155, in forward
    hidden_states = hidden_states + self.attn(
  File "/data/armaan/venvs/omnizip_clean/lib/python3.10/site-packages/torch/nn/modules/module.py", line 1739, in _wrapped_call_impl
    return self._call_impl(*args, **kwargs)
  File "/data/armaan/venvs/omnizip_clean/lib/python3.10/site-packages/torch/nn/modules/module.py", line 1750, in _call_impl
    return forward_call(*args, **kwargs)
  File "/data/armaan/purs/Qwen2.5-Omni/low-VRAM-mode/modeling_qwen2_5_omni_low_VRAM_mode.py", line 1116, in forward
    attn_output = F.scaled_dot_product_attention(q, k, v, attention_mask, dropout_p=0.0)
torch.OutOfMemoryError: CUDA out of memory. Tried to allocate 81.00 GiB. GPU 0 has a total capacity of 47.37 GiB of which 35.02 GiB is free. Including non-PyTorch memory, this process has 12.34 GiB memory in use. Of the allocated memory 11.77 GiB is allocated by PyTorch, and 69.19 MiB is reserved by PyTorch but unallocated. If reserved but unallocated memory is large try setting PYTORCH_CUDA_ALLOC_CONF=expandable_segments:True to avoid fragmentation.  See documentation for Memory Management  (https://pytorch.org/docs/stable/notes/cuda.html#environment-variables)


--- daily-omni/Context understanding ---
Traceback (most recent call last):
  File "/data/armaan/purs/eval_qwen_omni.py", line 843, in main
    pred, reasoning = run_inference(
  File "/data/armaan/purs/eval_qwen_omni.py", line 660, in run_inference
    raw_out = model.generate(**gen_in, **gen_kw)
  File "/data/armaan/venvs/omnizip_clean/lib/python3.10/site-packages/gptqmodel/models/base.py", line 1166, in generate
    return self.model.generate(inputs=inputs, **kwargs)
  File "/data/armaan/venvs/omnizip_clean/lib/python3.10/site-packages/torch/utils/_contextlib.py", line 116, in decorate_context
    return func(*args, **kwargs)
  File "/data/armaan/purs/Qwen2.5-Omni/low-VRAM-mode/modeling_qwen2_5_omni_low_VRAM_mode.py", line 4760, in generate
    thinker_result = self.thinker.generate(input_ids=input_ids, **thinker_kwargs)
  File "/data/armaan/venvs/omnizip_clean/lib/python3.10/site-packages/torch/utils/_contextlib.py", line 116, in decorate_context
    return func(*args, **kwargs)
  File "/data/armaan/venvs/omnizip_clean/lib/python3.10/site-packages/transformers/generation/utils.py", line 2597, in generate
    result = self._sample(
  File "/data/armaan/venvs/omnizip_clean/lib/python3.10/site-packages/transformers/generation/utils.py", line 3557, in _sample
    outputs = self(**model_inputs, return_dict=True)
  File "/data/armaan/venvs/omnizip_clean/lib/python3.10/site-packages/torch/nn/modules/module.py", line 1739, in _wrapped_call_impl
    return self._call_impl(*args, **kwargs)
  File "/data/armaan/venvs/omnizip_clean/lib/python3.10/site-packages/torch/nn/modules/module.py", line 1750, in _call_impl
    return forward_call(*args, **kwargs)
  File "/data/armaan/purs/Qwen2.5-Omni/low-VRAM-mode/modeling_qwen2_5_omni_low_VRAM_mode.py", line 2490, in forward
    video_embeds = self.visual(pixel_values_videos, grid_thw=video_grid_thw)
  File "/data/armaan/venvs/omnizip_clean/lib/python3.10/site-packages/torch/nn/modules/module.py", line 1739, in _wrapped_call_impl
    return self._call_impl(*args, **kwargs)
  File "/data/armaan/venvs/omnizip_clean/lib/python3.10/site-packages/torch/nn/modules/module.py", line 1750, in _call_impl
    return forward_call(*args, **kwargs)
  File "/data/armaan/purs/Qwen2.5-Omni/low-VRAM-mode/modeling_qwen2_5_omni_low_VRAM_mode.py", line 1366, in forward
    hidden_states = blk(
  File "/data/armaan/venvs/omnizip_clean/lib/python3.10/site-packages/torch/nn/modules/module.py", line 1739, in _wrapped_call_impl
    return self._call_impl(*args, **kwargs)
  File "/data/armaan/venvs/omnizip_clean/lib/python3.10/site-packages/torch/nn/modules/module.py", line 1750, in _call_impl
    return forward_call(*args, **kwargs)
  File "/data/armaan/purs/Qwen2.5-Omni/low-VRAM-mode/modeling_qwen2_5_omni_low_VRAM_mode.py", line 1155, in forward
    hidden_states = hidden_states + self.attn(
  File "/data/armaan/venvs/omnizip_clean/lib/python3.10/site-packages/torch/nn/modules/module.py", line 1739, in _wrapped_call_impl
    return self._call_impl(*args, **kwargs)
  File "/data/armaan/venvs/omnizip_clean/lib/python3.10/site-packages/torch/nn/modules/module.py", line 1750, in _call_impl
    return forward_call(*args, **kwargs)
  File "/data/armaan/purs/Qwen2.5-Omni/low-VRAM-mode/modeling_qwen2_5_omni_low_VRAM_mode.py", line 1116, in forward
    attn_output = F.scaled_dot_product_attention(q, k, v, attention_mask, dropout_p=0.0)
torch.OutOfMemoryError: CUDA out of memory. Tried to allocate 81.00 GiB. GPU 0 has a total capacity of 47.37 GiB of which 35.02 GiB is free. Including non-PyTorch memory, this process has 12.34 GiB memory in use. Of the allocated memory 11.77 GiB is allocated by PyTorch, and 69.21 MiB is reserved by PyTorch but unallocated. If reserved but unallocated memory is large try setting PYTORCH_CUDA_ALLOC_CONF=expandable_segments:True to avoid fragmentation.  See documentation for Memory Management  (https://pytorch.org/docs/stable/notes/cuda.html#environment-variables)


--- daily-omni/Event Sequence ---
Traceback (most recent call last):
  File "/data/armaan/purs/eval_qwen_omni.py", line 843, in main
    pred, reasoning = run_inference(
  File "/data/armaan/purs/eval_qwen_omni.py", line 660, in run_inference
    raw_out = model.generate(**gen_in, **gen_kw)
  File "/data/armaan/venvs/omnizip_clean/lib/python3.10/site-packages/gptqmodel/models/base.py", line 1166, in generate
    return self.model.generate(inputs=inputs, **kwargs)
  File "/data/armaan/venvs/omnizip_clean/lib/python3.10/site-packages/torch/utils/_contextlib.py", line 116, in decorate_context
    return func(*args, **kwargs)
  File "/data/armaan/purs/Qwen2.5-Omni/low-VRAM-mode/modeling_qwen2_5_omni_low_VRAM_mode.py", line 4760, in generate
    thinker_result = self.thinker.generate(input_ids=input_ids, **thinker_kwargs)
  File "/data/armaan/venvs/omnizip_clean/lib/python3.10/site-packages/torch/utils/_contextlib.py", line 116, in decorate_context
    return func(*args, **kwargs)
  File "/data/armaan/venvs/omnizip_clean/lib/python3.10/site-packages/transformers/generation/utils.py", line 2597, in generate
    result = self._sample(
  File "/data/armaan/venvs/omnizip_clean/lib/python3.10/site-packages/transformers/generation/utils.py", line 3557, in _sample
    outputs = self(**model_inputs, return_dict=True)
  File "/data/armaan/venvs/omnizip_clean/lib/python3.10/site-packages/torch/nn/modules/module.py", line 1739, in _wrapped_call_impl
    return self._call_impl(*args, **kwargs)
  File "/data/armaan/venvs/omnizip_clean/lib/python3.10/site-packages/torch/nn/modules/module.py", line 1750, in _call_impl
    return forward_call(*args, **kwargs)
  File "/data/armaan/purs/Qwen2.5-Omni/low-VRAM-mode/modeling_qwen2_5_omni_low_VRAM_mode.py", line 2490, in forward
    video_embeds = self.visual(pixel_values_videos, grid_thw=video_grid_thw)
  File "/data/armaan/venvs/omnizip_clean/lib/python3.10/site-packages/torch/nn/modules/module.py", line 1739, in _wrapped_call_impl
    return self._call_impl(*args, **kwargs)
  File "/data/armaan/venvs/omnizip_clean/lib/python3.10/site-packages/torch/nn/modules/module.py", line 1750, in _call_impl
    return forward_call(*args, **kwargs)
  File "/data/armaan/purs/Qwen2.5-Omni/low-VRAM-mode/modeling_qwen2_5_omni_low_VRAM_mode.py", line 1366, in forward
    hidden_states = blk(
  File "/data/armaan/venvs/omnizip_clean/lib/python3.10/site-packages/torch/nn/modules/module.py", line 1739, in _wrapped_call_impl
    return self._call_impl(*args, **kwargs)
  File "/data/armaan/venvs/omnizip_clean/lib/python3.10/site-packages/torch/nn/modules/module.py", line 1750, in _call_impl
    return forward_call(*args, **kwargs)
  File "/data/armaan/purs/Qwen2.5-Omni/low-VRAM-mode/modeling_qwen2_5_omni_low_VRAM_mode.py", line 1155, in forward
    hidden_states = hidden_states + self.attn(
  File "/data/armaan/venvs/omnizip_clean/lib/python3.10/site-packages/torch/nn/modules/module.py", line 1739, in _wrapped_call_impl
    return self._call_impl(*args, **kwargs)
  File "/data/armaan/venvs/omnizip_clean/lib/python3.10/site-packages/torch/nn/modules/module.py", line 1750, in _call_impl
    return forward_call(*args, **kwargs)
  File "/data/armaan/purs/Qwen2.5-Omni/low-VRAM-mode/modeling_qwen2_5_omni_low_VRAM_mode.py", line 1116, in forward
    attn_output = F.scaled_dot_product_attention(q, k, v, attention_mask, dropout_p=0.0)
torch.OutOfMemoryError: CUDA out of memory. Tried to allocate 4.45 GiB. GPU 0 has a total capacity of 47.37 GiB of which 3.25 GiB is free. Including non-PyTorch memory, this process has 44.12 GiB memory in use. Of the allocated memory 43.52 GiB is allocated by PyTorch, and 96.61 MiB is reserved by PyTorch but unallocated. If reserved but unallocated memory is large try setting PYTORCH_CUDA_ALLOC_CONF=expandable_segments:True to avoid fragmentation.  See documentation for Memory Management  (https://pytorch.org/docs/stable/notes/cuda.html#environment-variables)


--- daily-omni/Event Sequence ---
Traceback (most recent call last):
  File "/data/armaan/purs/eval_qwen_omni.py", line 843, in main
    pred, reasoning = run_inference(
  File "/data/armaan/purs/eval_qwen_omni.py", line 660, in run_inference
    raw_out = model.generate(**gen_in, **gen_kw)
  File "/data/armaan/venvs/omnizip_clean/lib/python3.10/site-packages/gptqmodel/models/base.py", line 1166, in generate
    return self.model.generate(inputs=inputs, **kwargs)
  File "/data/armaan/venvs/omnizip_clean/lib/python3.10/site-packages/torch/utils/_contextlib.py", line 116, in decorate_context
    return func(*args, **kwargs)
  File "/data/armaan/purs/Qwen2.5-Omni/low-VRAM-mode/modeling_qwen2_5_omni_low_VRAM_mode.py", line 4760, in generate
    thinker_result = self.thinker.generate(input_ids=input_ids, **thinker_kwargs)
  File "/data/armaan/venvs/omnizip_clean/lib/python3.10/site-packages/torch/utils/_contextlib.py", line 116, in decorate_context
    return func(*args, **kwargs)
  File "/data/armaan/venvs/omnizip_clean/lib/python3.10/site-packages/transformers/generation/utils.py", line 2597, in generate
    result = self._sample(
  File "/data/armaan/venvs/omnizip_clean/lib/python3.10/site-packages/transformers/generation/utils.py", line 3557, in _sample
    outputs = self(**model_inputs, return_dict=True)
  File "/data/armaan/venvs/omnizip_clean/lib/python3.10/site-packages/torch/nn/modules/module.py", line 1739, in _wrapped_call_impl
    return self._call_impl(*args, **kwargs)
  File "/data/armaan/venvs/omnizip_clean/lib/python3.10/site-packages/torch/nn/modules/module.py", line 1750, in _call_impl
    return forward_call(*args, **kwargs)
  File "/data/armaan/purs/Qwen2.5-Omni/low-VRAM-mode/modeling_qwen2_5_omni_low_VRAM_mode.py", line 2490, in forward
    video_embeds = self.visual(pixel_values_videos, grid_thw=video_grid_thw)
  File "/data/armaan/venvs/omnizip_clean/lib/python3.10/site-packages/torch/nn/modules/module.py", line 1739, in _wrapped_call_impl
    return self._call_impl(*args, **kwargs)
  File "/data/armaan/venvs/omnizip_clean/lib/python3.10/site-packages/torch/nn/modules/module.py", line 1750, in _call_impl
    return forward_call(*args, **kwargs)
  File "/data/armaan/purs/Qwen2.5-Omni/low-VRAM-mode/modeling_qwen2_5_omni_low_VRAM_mode.py", line 1366, in forward
    hidden_states = blk(
  File "/data/armaan/venvs/omnizip_clean/lib/python3.10/site-packages/torch/nn/modules/module.py", line 1739, in _wrapped_call_impl
    return self._call_impl(*args, **kwargs)
  File "/data/armaan/venvs/omnizip_clean/lib/python3.10/site-packages/torch/nn/modules/module.py", line 1750, in _call_impl
    return forward_call(*args, **kwargs)
  File "/data/armaan/purs/Qwen2.5-Omni/low-VRAM-mode/modeling_qwen2_5_omni_low_VRAM_mode.py", line 1155, in forward
    hidden_states = hidden_states + self.attn(
  File "/data/armaan/venvs/omnizip_clean/lib/python3.10/site-packages/torch/nn/modules/module.py", line 1739, in _wrapped_call_impl
    return self._call_impl(*args, **kwargs)
  File "/data/armaan/venvs/omnizip_clean/lib/python3.10/site-packages/torch/nn/modules/module.py", line 1750, in _call_impl
    return forward_call(*args, **kwargs)
  File "/data/armaan/purs/Qwen2.5-Omni/low-VRAM-mode/modeling_qwen2_5_omni_low_VRAM_mode.py", line 1116, in forward
    attn_output = F.scaled_dot_product_attention(q, k, v, attention_mask, dropout_p=0.0)
torch.OutOfMemoryError: CUDA out of memory. Tried to allocate 4.45 GiB. GPU 0 has a total capacity of 47.37 GiB of which 3.25 GiB is free. Including non-PyTorch memory, this process has 44.12 GiB memory in use. Of the allocated memory 43.52 GiB is allocated by PyTorch, and 96.67 MiB is reserved by PyTorch but unallocated. If reserved but unallocated memory is large try setting PYTORCH_CUDA_ALLOC_CONF=expandable_segments:True to avoid fragmentation.  See documentation for Memory Management  (https://pytorch.org/docs/stable/notes/cuda.html#environment-variables)


--- daily-omni/Event Sequence ---
Traceback (most recent call last):
  File "/data/armaan/purs/eval_qwen_omni.py", line 843, in main
    pred, reasoning = run_inference(
  File "/data/armaan/purs/eval_qwen_omni.py", line 660, in run_inference
    raw_out = model.generate(**gen_in, **gen_kw)
  File "/data/armaan/venvs/omnizip_clean/lib/python3.10/site-packages/gptqmodel/models/base.py", line 1166, in generate
    return self.model.generate(inputs=inputs, **kwargs)
  File "/data/armaan/venvs/omnizip_clean/lib/python3.10/site-packages/torch/utils/_contextlib.py", line 116, in decorate_context
    return func(*args, **kwargs)
  File "/data/armaan/purs/Qwen2.5-Omni/low-VRAM-mode/modeling_qwen2_5_omni_low_VRAM_mode.py", line 4760, in generate
    thinker_result = self.thinker.generate(input_ids=input_ids, **thinker_kwargs)
  File "/data/armaan/venvs/omnizip_clean/lib/python3.10/site-packages/torch/utils/_contextlib.py", line 116, in decorate_context
    return func(*args, **kwargs)
  File "/data/armaan/venvs/omnizip_clean/lib/python3.10/site-packages/transformers/generation/utils.py", line 2597, in generate
    result = self._sample(
  File "/data/armaan/venvs/omnizip_clean/lib/python3.10/site-packages/transformers/generation/utils.py", line 3557, in _sample
    outputs = self(**model_inputs, return_dict=True)
  File "/data/armaan/venvs/omnizip_clean/lib/python3.10/site-packages/torch/nn/modules/module.py", line 1739, in _wrapped_call_impl
    return self._call_impl(*args, **kwargs)
  File "/data/armaan/venvs/omnizip_clean/lib/python3.10/site-packages/torch/nn/modules/module.py", line 1750, in _call_impl
    return forward_call(*args, **kwargs)
  File "/data/armaan/purs/Qwen2.5-Omni/low-VRAM-mode/modeling_qwen2_5_omni_low_VRAM_mode.py", line 2490, in forward
    video_embeds = self.visual(pixel_values_videos, grid_thw=video_grid_thw)
  File "/data/armaan/venvs/omnizip_clean/lib/python3.10/site-packages/torch/nn/modules/module.py", line 1739, in _wrapped_call_impl
    return self._call_impl(*args, **kwargs)
  File "/data/armaan/venvs/omnizip_clean/lib/python3.10/site-packages/torch/nn/modules/module.py", line 1750, in _call_impl
    return forward_call(*args, **kwargs)
  File "/data/armaan/purs/Qwen2.5-Omni/low-VRAM-mode/modeling_qwen2_5_omni_low_VRAM_mode.py", line 1366, in forward
    hidden_states = blk(
  File "/data/armaan/venvs/omnizip_clean/lib/python3.10/site-packages/torch/nn/modules/module.py", line 1739, in _wrapped_call_impl
    return self._call_impl(*args, **kwargs)
  File "/data/armaan/venvs/omnizip_clean/lib/python3.10/site-packages/torch/nn/modules/module.py", line 1750, in _call_impl
    return forward_call(*args, **kwargs)
  File "/data/armaan/purs/Qwen2.5-Omni/low-VRAM-mode/modeling_qwen2_5_omni_low_VRAM_mode.py", line 1155, in forward
    hidden_states = hidden_states + self.attn(
  File "/data/armaan/venvs/omnizip_clean/lib/python3.10/site-packages/torch/nn/modules/module.py", line 1739, in _wrapped_call_impl
    return self._call_impl(*args, **kwargs)
  File "/data/armaan/venvs/omnizip_clean/lib/python3.10/site-packages/torch/nn/modules/module.py", line 1750, in _call_impl
    return forward_call(*args, **kwargs)
  File "/data/armaan/purs/Qwen2.5-Omni/low-VRAM-mode/modeling_qwen2_5_omni_low_VRAM_mode.py", line 1116, in forward
    attn_output = F.scaled_dot_product_attention(q, k, v, attention_mask, dropout_p=0.0)
torch.OutOfMemoryError: CUDA out of memory. Tried to allocate 4.45 GiB. GPU 0 has a total capacity of 47.37 GiB of which 3.25 GiB is free. Including non-PyTorch memory, this process has 44.12 GiB memory in use. Of the allocated memory 43.52 GiB is allocated by PyTorch, and 96.74 MiB is reserved by PyTorch but unallocated. If reserved but unallocated memory is large try setting PYTORCH_CUDA_ALLOC_CONF=expandable_segments:True to avoid fragmentation.  See documentation for Memory Management  (https://pytorch.org/docs/stable/notes/cuda.html#environment-variables)


--- daily-omni/Inference ---
Traceback (most recent call last):
  File "/data/armaan/purs/eval_qwen_omni.py", line 843, in main
    pred, reasoning = run_inference(
  File "/data/armaan/purs/eval_qwen_omni.py", line 660, in run_inference
    raw_out = model.generate(**gen_in, **gen_kw)
  File "/data/armaan/venvs/omnizip_clean/lib/python3.10/site-packages/gptqmodel/models/base.py", line 1166, in generate
    return self.model.generate(inputs=inputs, **kwargs)
  File "/data/armaan/venvs/omnizip_clean/lib/python3.10/site-packages/torch/utils/_contextlib.py", line 116, in decorate_context
    return func(*args, **kwargs)
  File "/data/armaan/purs/Qwen2.5-Omni/low-VRAM-mode/modeling_qwen2_5_omni_low_VRAM_mode.py", line 4760, in generate
    thinker_result = self.thinker.generate(input_ids=input_ids, **thinker_kwargs)
  File "/data/armaan/venvs/omnizip_clean/lib/python3.10/site-packages/torch/utils/_contextlib.py", line 116, in decorate_context
    return func(*args, **kwargs)
  File "/data/armaan/venvs/omnizip_clean/lib/python3.10/site-packages/transformers/generation/utils.py", line 2597, in generate
    result = self._sample(
  File "/data/armaan/venvs/omnizip_clean/lib/python3.10/site-packages/transformers/generation/utils.py", line 3557, in _sample
    outputs = self(**model_inputs, return_dict=True)
  File "/data/armaan/venvs/omnizip_clean/lib/python3.10/site-packages/torch/nn/modules/module.py", line 1739, in _wrapped_call_impl
    return self._call_impl(*args, **kwargs)
  File "/data/armaan/venvs/omnizip_clean/lib/python3.10/site-packages/torch/nn/modules/module.py", line 1750, in _call_impl
    return forward_call(*args, **kwargs)
  File "/data/armaan/purs/Qwen2.5-Omni/low-VRAM-mode/modeling_qwen2_5_omni_low_VRAM_mode.py", line 2490, in forward
    video_embeds = self.visual(pixel_values_videos, grid_thw=video_grid_thw)
  File "/data/armaan/venvs/omnizip_clean/lib/python3.10/site-packages/torch/nn/modules/module.py", line 1739, in _wrapped_call_impl
    return self._call_impl(*args, **kwargs)
  File "/data/armaan/venvs/omnizip_clean/lib/python3.10/site-packages/torch/nn/modules/module.py", line 1750, in _call_impl
    return forward_call(*args, **kwargs)
  File "/data/armaan/purs/Qwen2.5-Omni/low-VRAM-mode/modeling_qwen2_5_omni_low_VRAM_mode.py", line 1366, in forward
    hidden_states = blk(
  File "/data/armaan/venvs/omnizip_clean/lib/python3.10/site-packages/torch/nn/modules/module.py", line 1739, in _wrapped_call_impl
    return self._call_impl(*args, **kwargs)
  File "/data/armaan/venvs/omnizip_clean/lib/python3.10/site-packages/torch/nn/modules/module.py", line 1750, in _call_impl
    return forward_call(*args, **kwargs)
  File "/data/armaan/purs/Qwen2.5-Omni/low-VRAM-mode/modeling_qwen2_5_omni_low_VRAM_mode.py", line 1155, in forward
    hidden_states = hidden_states + self.attn(
  File "/data/armaan/venvs/omnizip_clean/lib/python3.10/site-packages/torch/nn/modules/module.py", line 1739, in _wrapped_call_impl
    return self._call_impl(*args, **kwargs)
  File "/data/armaan/venvs/omnizip_clean/lib/python3.10/site-packages/torch/nn/modules/module.py", line 1750, in _call_impl
    return forward_call(*args, **kwargs)
  File "/data/armaan/purs/Qwen2.5-Omni/low-VRAM-mode/modeling_qwen2_5_omni_low_VRAM_mode.py", line 1116, in forward
    attn_output = F.scaled_dot_product_attention(q, k, v, attention_mask, dropout_p=0.0)
torch.OutOfMemoryError: CUDA out of memory. Tried to allocate 30.08 GiB. GPU 0 has a total capacity of 47.37 GiB of which 8.03 GiB is free. Including non-PyTorch memory, this process has 39.33 GiB memory in use. Of the allocated memory 38.76 GiB is allocated by PyTorch, and 67.81 MiB is reserved by PyTorch but unallocated. If reserved but unallocated memory is large try setting PYTORCH_CUDA_ALLOC_CONF=expandable_segments:True to avoid fragmentation.  See documentation for Memory Management  (https://pytorch.org/docs/stable/notes/cuda.html#environment-variables)


--- daily-omni/Inference ---
Traceback (most recent call last):
  File "/data/armaan/purs/eval_qwen_omni.py", line 843, in main
    pred, reasoning = run_inference(
  File "/data/armaan/purs/eval_qwen_omni.py", line 660, in run_inference
    raw_out = model.generate(**gen_in, **gen_kw)
  File "/data/armaan/venvs/omnizip_clean/lib/python3.10/site-packages/gptqmodel/models/base.py", line 1166, in generate
    return self.model.generate(inputs=inputs, **kwargs)
  File "/data/armaan/venvs/omnizip_clean/lib/python3.10/site-packages/torch/utils/_contextlib.py", line 116, in decorate_context
    return func(*args, **kwargs)
  File "/data/armaan/purs/Qwen2.5-Omni/low-VRAM-mode/modeling_qwen2_5_omni_low_VRAM_mode.py", line 4760, in generate
    thinker_result = self.thinker.generate(input_ids=input_ids, **thinker_kwargs)
  File "/data/armaan/venvs/omnizip_clean/lib/python3.10/site-packages/torch/utils/_contextlib.py", line 116, in decorate_context
    return func(*args, **kwargs)
  File "/data/armaan/venvs/omnizip_clean/lib/python3.10/site-packages/transformers/generation/utils.py", line 2597, in generate
    result = self._sample(
  File "/data/armaan/venvs/omnizip_clean/lib/python3.10/site-packages/transformers/generation/utils.py", line 3557, in _sample
    outputs = self(**model_inputs, return_dict=True)
  File "/data/armaan/venvs/omnizip_clean/lib/python3.10/site-packages/torch/nn/modules/module.py", line 1739, in _wrapped_call_impl
    return self._call_impl(*args, **kwargs)
  File "/data/armaan/venvs/omnizip_clean/lib/python3.10/site-packages/torch/nn/modules/module.py", line 1750, in _call_impl
    return forward_call(*args, **kwargs)
  File "/data/armaan/purs/Qwen2.5-Omni/low-VRAM-mode/modeling_qwen2_5_omni_low_VRAM_mode.py", line 2490, in forward
    video_embeds = self.visual(pixel_values_videos, grid_thw=video_grid_thw)
  File "/data/armaan/venvs/omnizip_clean/lib/python3.10/site-packages/torch/nn/modules/module.py", line 1739, in _wrapped_call_impl
    return self._call_impl(*args, **kwargs)
  File "/data/armaan/venvs/omnizip_clean/lib/python3.10/site-packages/torch/nn/modules/module.py", line 1750, in _call_impl
    return forward_call(*args, **kwargs)
  File "/data/armaan/purs/Qwen2.5-Omni/low-VRAM-mode/modeling_qwen2_5_omni_low_VRAM_mode.py", line 1366, in forward
    hidden_states = blk(
  File "/data/armaan/venvs/omnizip_clean/lib/python3.10/site-packages/torch/nn/modules/module.py", line 1739, in _wrapped_call_impl
    return self._call_impl(*args, **kwargs)
  File "/data/armaan/venvs/omnizip_clean/lib/python3.10/site-packages/torch/nn/modules/module.py", line 1750, in _call_impl
    return forward_call(*args, **kwargs)
  File "/data/armaan/purs/Qwen2.5-Omni/low-VRAM-mode/modeling_qwen2_5_omni_low_VRAM_mode.py", line 1155, in forward
    hidden_states = hidden_states + self.attn(
  File "/data/armaan/venvs/omnizip_clean/lib/python3.10/site-packages/torch/nn/modules/module.py", line 1739, in _wrapped_call_impl
    return self._call_impl(*args, **kwargs)
  File "/data/armaan/venvs/omnizip_clean/lib/python3.10/site-packages/torch/nn/modules/module.py", line 1750, in _call_impl
    return forward_call(*args, **kwargs)
  File "/data/armaan/purs/Qwen2.5-Omni/low-VRAM-mode/modeling_qwen2_5_omni_low_VRAM_mode.py", line 1116, in forward
    attn_output = F.scaled_dot_product_attention(q, k, v, attention_mask, dropout_p=0.0)
torch.OutOfMemoryError: CUDA out of memory. Tried to allocate 30.08 GiB. GPU 0 has a total capacity of 47.37 GiB of which 8.03 GiB is free. Including non-PyTorch memory, this process has 39.33 GiB memory in use. Of the allocated memory 38.76 GiB is allocated by PyTorch, and 67.85 MiB is reserved by PyTorch but unallocated. If reserved but unallocated memory is large try setting PYTORCH_CUDA_ALLOC_CONF=expandable_segments:True to avoid fragmentation.  See documentation for Memory Management  (https://pytorch.org/docs/stable/notes/cuda.html#environment-variables)


--- daily-omni/Inference ---
Traceback (most recent call last):
  File "/data/armaan/purs/eval_qwen_omni.py", line 843, in main
    pred, reasoning = run_inference(
  File "/data/armaan/purs/eval_qwen_omni.py", line 660, in run_inference
    raw_out = model.generate(**gen_in, **gen_kw)
  File "/data/armaan/venvs/omnizip_clean/lib/python3.10/site-packages/gptqmodel/models/base.py", line 1166, in generate
    return self.model.generate(inputs=inputs, **kwargs)
  File "/data/armaan/venvs/omnizip_clean/lib/python3.10/site-packages/torch/utils/_contextlib.py", line 116, in decorate_context
    return func(*args, **kwargs)
  File "/data/armaan/purs/Qwen2.5-Omni/low-VRAM-mode/modeling_qwen2_5_omni_low_VRAM_mode.py", line 4760, in generate
    thinker_result = self.thinker.generate(input_ids=input_ids, **thinker_kwargs)
  File "/data/armaan/venvs/omnizip_clean/lib/python3.10/site-packages/torch/utils/_contextlib.py", line 116, in decorate_context
    return func(*args, **kwargs)
  File "/data/armaan/venvs/omnizip_clean/lib/python3.10/site-packages/transformers/generation/utils.py", line 2597, in generate
    result = self._sample(
  File "/data/armaan/venvs/omnizip_clean/lib/python3.10/site-packages/transformers/generation/utils.py", line 3557, in _sample
    outputs = self(**model_inputs, return_dict=True)
  File "/data/armaan/venvs/omnizip_clean/lib/python3.10/site-packages/torch/nn/modules/module.py", line 1739, in _wrapped_call_impl
    return self._call_impl(*args, **kwargs)
  File "/data/armaan/venvs/omnizip_clean/lib/python3.10/site-packages/torch/nn/modules/module.py", line 1750, in _call_impl
    return forward_call(*args, **kwargs)
  File "/data/armaan/purs/Qwen2.5-Omni/low-VRAM-mode/modeling_qwen2_5_omni_low_VRAM_mode.py", line 2490, in forward
    video_embeds = self.visual(pixel_values_videos, grid_thw=video_grid_thw)
  File "/data/armaan/venvs/omnizip_clean/lib/python3.10/site-packages/torch/nn/modules/module.py", line 1739, in _wrapped_call_impl
    return self._call_impl(*args, **kwargs)
  File "/data/armaan/venvs/omnizip_clean/lib/python3.10/site-packages/torch/nn/modules/module.py", line 1750, in _call_impl
    return forward_call(*args, **kwargs)
  File "/data/armaan/purs/Qwen2.5-Omni/low-VRAM-mode/modeling_qwen2_5_omni_low_VRAM_mode.py", line 1366, in forward
    hidden_states = blk(
  File "/data/armaan/venvs/omnizip_clean/lib/python3.10/site-packages/torch/nn/modules/module.py", line 1739, in _wrapped_call_impl
    return self._call_impl(*args, **kwargs)
  File "/data/armaan/venvs/omnizip_clean/lib/python3.10/site-packages/torch/nn/modules/module.py", line 1750, in _call_impl
    return forward_call(*args, **kwargs)
  File "/data/armaan/purs/Qwen2.5-Omni/low-VRAM-mode/modeling_qwen2_5_omni_low_VRAM_mode.py", line 1155, in forward
    hidden_states = hidden_states + self.attn(
  File "/data/armaan/venvs/omnizip_clean/lib/python3.10/site-packages/torch/nn/modules/module.py", line 1739, in _wrapped_call_impl
    return self._call_impl(*args, **kwargs)
  File "/data/armaan/venvs/omnizip_clean/lib/python3.10/site-packages/torch/nn/modules/module.py", line 1750, in _call_impl
    return forward_call(*args, **kwargs)
  File "/data/armaan/purs/Qwen2.5-Omni/low-VRAM-mode/modeling_qwen2_5_omni_low_VRAM_mode.py", line 1116, in forward
    attn_output = F.scaled_dot_product_attention(q, k, v, attention_mask, dropout_p=0.0)
torch.OutOfMemoryError: CUDA out of memory. Tried to allocate 30.08 GiB. GPU 0 has a total capacity of 47.37 GiB of which 8.03 GiB is free. Including non-PyTorch memory, this process has 39.33 GiB memory in use. Of the allocated memory 38.76 GiB is allocated by PyTorch, and 67.82 MiB is reserved by PyTorch but unallocated. If reserved but unallocated memory is large try setting PYTORCH_CUDA_ALLOC_CONF=expandable_segments:True to avoid fragmentation.  See documentation for Memory Management  (https://pytorch.org/docs/stable/notes/cuda.html#environment-variables)


--- daily-omni/Reasoning ---
Traceback (most recent call last):
  File "/data/armaan/purs/eval_qwen_omni.py", line 843, in main
    pred, reasoning = run_inference(
  File "/data/armaan/purs/eval_qwen_omni.py", line 660, in run_inference
    raw_out = model.generate(**gen_in, **gen_kw)
  File "/data/armaan/venvs/omnizip_clean/lib/python3.10/site-packages/gptqmodel/models/base.py", line 1166, in generate
    return self.model.generate(inputs=inputs, **kwargs)
  File "/data/armaan/venvs/omnizip_clean/lib/python3.10/site-packages/torch/utils/_contextlib.py", line 116, in decorate_context
    return func(*args, **kwargs)
  File "/data/armaan/purs/Qwen2.5-Omni/low-VRAM-mode/modeling_qwen2_5_omni_low_VRAM_mode.py", line 4760, in generate
    thinker_result = self.thinker.generate(input_ids=input_ids, **thinker_kwargs)
  File "/data/armaan/venvs/omnizip_clean/lib/python3.10/site-packages/torch/utils/_contextlib.py", line 116, in decorate_context
    return func(*args, **kwargs)
  File "/data/armaan/venvs/omnizip_clean/lib/python3.10/site-packages/transformers/generation/utils.py", line 2597, in generate
    result = self._sample(
  File "/data/armaan/venvs/omnizip_clean/lib/python3.10/site-packages/transformers/generation/utils.py", line 3557, in _sample
    outputs = self(**model_inputs, return_dict=True)
  File "/data/armaan/venvs/omnizip_clean/lib/python3.10/site-packages/torch/nn/modules/module.py", line 1739, in _wrapped_call_impl
    return self._call_impl(*args, **kwargs)
  File "/data/armaan/venvs/omnizip_clean/lib/python3.10/site-packages/torch/nn/modules/module.py", line 1750, in _call_impl
    return forward_call(*args, **kwargs)
  File "/data/armaan/purs/Qwen2.5-Omni/low-VRAM-mode/modeling_qwen2_5_omni_low_VRAM_mode.py", line 2490, in forward
    video_embeds = self.visual(pixel_values_videos, grid_thw=video_grid_thw)
  File "/data/armaan/venvs/omnizip_clean/lib/python3.10/site-packages/torch/nn/modules/module.py", line 1739, in _wrapped_call_impl
    return self._call_impl(*args, **kwargs)
  File "/data/armaan/venvs/omnizip_clean/lib/python3.10/site-packages/torch/nn/modules/module.py", line 1750, in _call_impl
    return forward_call(*args, **kwargs)
  File "/data/armaan/purs/Qwen2.5-Omni/low-VRAM-mode/modeling_qwen2_5_omni_low_VRAM_mode.py", line 1366, in forward
    hidden_states = blk(
  File "/data/armaan/venvs/omnizip_clean/lib/python3.10/site-packages/torch/nn/modules/module.py", line 1739, in _wrapped_call_impl
    return self._call_impl(*args, **kwargs)
  File "/data/armaan/venvs/omnizip_clean/lib/python3.10/site-packages/torch/nn/modules/module.py", line 1750, in _call_impl
    return forward_call(*args, **kwargs)
  File "/data/armaan/purs/Qwen2.5-Omni/low-VRAM-mode/modeling_qwen2_5_omni_low_VRAM_mode.py", line 1155, in forward
    hidden_states = hidden_states + self.attn(
  File "/data/armaan/venvs/omnizip_clean/lib/python3.10/site-packages/torch/nn/modules/module.py", line 1739, in _wrapped_call_impl
    return self._call_impl(*args, **kwargs)
  File "/data/armaan/venvs/omnizip_clean/lib/python3.10/site-packages/torch/nn/modules/module.py", line 1750, in _call_impl
    return forward_call(*args, **kwargs)
  File "/data/armaan/purs/Qwen2.5-Omni/low-VRAM-mode/modeling_qwen2_5_omni_low_VRAM_mode.py", line 1116, in forward
    attn_output = F.scaled_dot_product_attention(q, k, v, attention_mask, dropout_p=0.0)
torch.OutOfMemoryError: CUDA out of memory. Tried to allocate 59.82 GiB. GPU 0 has a total capacity of 47.37 GiB of which 36.21 GiB is free. Including non-PyTorch memory, this process has 11.15 GiB memory in use. Of the allocated memory 10.56 GiB is allocated by PyTorch, and 89.44 MiB is reserved by PyTorch but unallocated. If reserved but unallocated memory is large try setting PYTORCH_CUDA_ALLOC_CONF=expandable_segments:True to avoid fragmentation.  See documentation for Memory Management  (https://pytorch.org/docs/stable/notes/cuda.html#environment-variables)


--- daily-omni/Reasoning ---
Traceback (most recent call last):
  File "/data/armaan/purs/eval_qwen_omni.py", line 843, in main
    pred, reasoning = run_inference(
  File "/data/armaan/purs/eval_qwen_omni.py", line 660, in run_inference
    raw_out = model.generate(**gen_in, **gen_kw)
  File "/data/armaan/venvs/omnizip_clean/lib/python3.10/site-packages/gptqmodel/models/base.py", line 1166, in generate
    return self.model.generate(inputs=inputs, **kwargs)
  File "/data/armaan/venvs/omnizip_clean/lib/python3.10/site-packages/torch/utils/_contextlib.py", line 116, in decorate_context
    return func(*args, **kwargs)
  File "/data/armaan/purs/Qwen2.5-Omni/low-VRAM-mode/modeling_qwen2_5_omni_low_VRAM_mode.py", line 4760, in generate
    thinker_result = self.thinker.generate(input_ids=input_ids, **thinker_kwargs)
  File "/data/armaan/venvs/omnizip_clean/lib/python3.10/site-packages/torch/utils/_contextlib.py", line 116, in decorate_context
    return func(*args, **kwargs)
  File "/data/armaan/venvs/omnizip_clean/lib/python3.10/site-packages/transformers/generation/utils.py", line 2597, in generate
    result = self._sample(
  File "/data/armaan/venvs/omnizip_clean/lib/python3.10/site-packages/transformers/generation/utils.py", line 3557, in _sample
    outputs = self(**model_inputs, return_dict=True)
  File "/data/armaan/venvs/omnizip_clean/lib/python3.10/site-packages/torch/nn/modules/module.py", line 1739, in _wrapped_call_impl
    return self._call_impl(*args, **kwargs)
  File "/data/armaan/venvs/omnizip_clean/lib/python3.10/site-packages/torch/nn/modules/module.py", line 1750, in _call_impl
    return forward_call(*args, **kwargs)
  File "/data/armaan/purs/Qwen2.5-Omni/low-VRAM-mode/modeling_qwen2_5_omni_low_VRAM_mode.py", line 2490, in forward
    video_embeds = self.visual(pixel_values_videos, grid_thw=video_grid_thw)
  File "/data/armaan/venvs/omnizip_clean/lib/python3.10/site-packages/torch/nn/modules/module.py", line 1739, in _wrapped_call_impl
    return self._call_impl(*args, **kwargs)
  File "/data/armaan/venvs/omnizip_clean/lib/python3.10/site-packages/torch/nn/modules/module.py", line 1750, in _call_impl
    return forward_call(*args, **kwargs)
  File "/data/armaan/purs/Qwen2.5-Omni/low-VRAM-mode/modeling_qwen2_5_omni_low_VRAM_mode.py", line 1366, in forward
    hidden_states = blk(
  File "/data/armaan/venvs/omnizip_clean/lib/python3.10/site-packages/torch/nn/modules/module.py", line 1739, in _wrapped_call_impl
    return self._call_impl(*args, **kwargs)
  File "/data/armaan/venvs/omnizip_clean/lib/python3.10/site-packages/torch/nn/modules/module.py", line 1750, in _call_impl
    return forward_call(*args, **kwargs)
  File "/data/armaan/purs/Qwen2.5-Omni/low-VRAM-mode/modeling_qwen2_5_omni_low_VRAM_mode.py", line 1155, in forward
    hidden_states = hidden_states + self.attn(
  File "/data/armaan/venvs/omnizip_clean/lib/python3.10/site-packages/torch/nn/modules/module.py", line 1739, in _wrapped_call_impl
    return self._call_impl(*args, **kwargs)
  File "/data/armaan/venvs/omnizip_clean/lib/python3.10/site-packages/torch/nn/modules/module.py", line 1750, in _call_impl
    return forward_call(*args, **kwargs)
  File "/data/armaan/purs/Qwen2.5-Omni/low-VRAM-mode/modeling_qwen2_5_omni_low_VRAM_mode.py", line 1116, in forward
    attn_output = F.scaled_dot_product_attention(q, k, v, attention_mask, dropout_p=0.0)
torch.OutOfMemoryError: CUDA out of memory. Tried to allocate 59.82 GiB. GPU 0 has a total capacity of 47.37 GiB of which 36.21 GiB is free. Including non-PyTorch memory, this process has 11.15 GiB memory in use. Of the allocated memory 10.56 GiB is allocated by PyTorch, and 89.45 MiB is reserved by PyTorch but unallocated. If reserved but unallocated memory is large try setting PYTORCH_CUDA_ALLOC_CONF=expandable_segments:True to avoid fragmentation.  See documentation for Memory Management  (https://pytorch.org/docs/stable/notes/cuda.html#environment-variables)


--- daily-omni/Reasoning ---
Traceback (most recent call last):
  File "/data/armaan/purs/eval_qwen_omni.py", line 843, in main
    pred, reasoning = run_inference(
  File "/data/armaan/purs/eval_qwen_omni.py", line 660, in run_inference
    raw_out = model.generate(**gen_in, **gen_kw)
  File "/data/armaan/venvs/omnizip_clean/lib/python3.10/site-packages/gptqmodel/models/base.py", line 1166, in generate
    return self.model.generate(inputs=inputs, **kwargs)
  File "/data/armaan/venvs/omnizip_clean/lib/python3.10/site-packages/torch/utils/_contextlib.py", line 116, in decorate_context
    return func(*args, **kwargs)
  File "/data/armaan/purs/Qwen2.5-Omni/low-VRAM-mode/modeling_qwen2_5_omni_low_VRAM_mode.py", line 4760, in generate
    thinker_result = self.thinker.generate(input_ids=input_ids, **thinker_kwargs)
  File "/data/armaan/venvs/omnizip_clean/lib/python3.10/site-packages/torch/utils/_contextlib.py", line 116, in decorate_context
    return func(*args, **kwargs)
  File "/data/armaan/venvs/omnizip_clean/lib/python3.10/site-packages/transformers/generation/utils.py", line 2597, in generate
    result = self._sample(
  File "/data/armaan/venvs/omnizip_clean/lib/python3.10/site-packages/transformers/generation/utils.py", line 3557, in _sample
    outputs = self(**model_inputs, return_dict=True)
  File "/data/armaan/venvs/omnizip_clean/lib/python3.10/site-packages/torch/nn/modules/module.py", line 1739, in _wrapped_call_impl
    return self._call_impl(*args, **kwargs)
  File "/data/armaan/venvs/omnizip_clean/lib/python3.10/site-packages/torch/nn/modules/module.py", line 1750, in _call_impl
    return forward_call(*args, **kwargs)
  File "/data/armaan/purs/Qwen2.5-Omni/low-VRAM-mode/modeling_qwen2_5_omni_low_VRAM_mode.py", line 2490, in forward
    video_embeds = self.visual(pixel_values_videos, grid_thw=video_grid_thw)
  File "/data/armaan/venvs/omnizip_clean/lib/python3.10/site-packages/torch/nn/modules/module.py", line 1739, in _wrapped_call_impl
    return self._call_impl(*args, **kwargs)
  File "/data/armaan/venvs/omnizip_clean/lib/python3.10/site-packages/torch/nn/modules/module.py", line 1750, in _call_impl
    return forward_call(*args, **kwargs)
  File "/data/armaan/purs/Qwen2.5-Omni/low-VRAM-mode/modeling_qwen2_5_omni_low_VRAM_mode.py", line 1366, in forward
    hidden_states = blk(
  File "/data/armaan/venvs/omnizip_clean/lib/python3.10/site-packages/torch/nn/modules/module.py", line 1739, in _wrapped_call_impl
    return self._call_impl(*args, **kwargs)
  File "/data/armaan/venvs/omnizip_clean/lib/python3.10/site-packages/torch/nn/modules/module.py", line 1750, in _call_impl
    return forward_call(*args, **kwargs)
  File "/data/armaan/purs/Qwen2.5-Omni/low-VRAM-mode/modeling_qwen2_5_omni_low_VRAM_mode.py", line 1155, in forward
    hidden_states = hidden_states + self.attn(
  File "/data/armaan/venvs/omnizip_clean/lib/python3.10/site-packages/torch/nn/modules/module.py", line 1739, in _wrapped_call_impl
    return self._call_impl(*args, **kwargs)
  File "/data/armaan/venvs/omnizip_clean/lib/python3.10/site-packages/torch/nn/modules/module.py", line 1750, in _call_impl
    return forward_call(*args, **kwargs)
  File "/data/armaan/purs/Qwen2.5-Omni/low-VRAM-mode/modeling_qwen2_5_omni_low_VRAM_mode.py", line 1116, in forward
    attn_output = F.scaled_dot_product_attention(q, k, v, attention_mask, dropout_p=0.0)
torch.OutOfMemoryError: CUDA out of memory. Tried to allocate 59.82 GiB. GPU 0 has a total capacity of 47.37 GiB of which 36.21 GiB is free. Including non-PyTorch memory, this process has 11.15 GiB memory in use. Of the allocated memory 10.56 GiB is allocated by PyTorch, and 89.34 MiB is reserved by PyTorch but unallocated. If reserved but unallocated memory is large try setting PYTORCH_CUDA_ALLOC_CONF=expandable_segments:True to avoid fragmentation.  See documentation for Memory Management  (https://pytorch.org/docs/stable/notes/cuda.html#environment-variables)


--- worldsense/Action Counting ---
Traceback (most recent call last):
  File "/data/armaan/purs/eval_qwen_omni.py", line 843, in main
    pred, reasoning = run_inference(
  File "/data/armaan/purs/eval_qwen_omni.py", line 660, in run_inference
    raw_out = model.generate(**gen_in, **gen_kw)
  File "/data/armaan/venvs/omnizip_clean/lib/python3.10/site-packages/gptqmodel/models/base.py", line 1166, in generate
    return self.model.generate(inputs=inputs, **kwargs)
  File "/data/armaan/venvs/omnizip_clean/lib/python3.10/site-packages/torch/utils/_contextlib.py", line 116, in decorate_context
    return func(*args, **kwargs)
  File "/data/armaan/purs/Qwen2.5-Omni/low-VRAM-mode/modeling_qwen2_5_omni_low_VRAM_mode.py", line 4760, in generate
    thinker_result = self.thinker.generate(input_ids=input_ids, **thinker_kwargs)
  File "/data/armaan/venvs/omnizip_clean/lib/python3.10/site-packages/torch/utils/_contextlib.py", line 116, in decorate_context
    return func(*args, **kwargs)
  File "/data/armaan/venvs/omnizip_clean/lib/python3.10/site-packages/transformers/generation/utils.py", line 2597, in generate
    result = self._sample(
  File "/data/armaan/venvs/omnizip_clean/lib/python3.10/site-packages/transformers/generation/utils.py", line 3557, in _sample
    outputs = self(**model_inputs, return_dict=True)
  File "/data/armaan/venvs/omnizip_clean/lib/python3.10/site-packages/torch/nn/modules/module.py", line 1739, in _wrapped_call_impl
    return self._call_impl(*args, **kwargs)
  File "/data/armaan/venvs/omnizip_clean/lib/python3.10/site-packages/torch/nn/modules/module.py", line 1750, in _call_impl
    return forward_call(*args, **kwargs)
  File "/data/armaan/purs/Qwen2.5-Omni/low-VRAM-mode/modeling_qwen2_5_omni_low_VRAM_mode.py", line 2490, in forward
    video_embeds = self.visual(pixel_values_videos, grid_thw=video_grid_thw)
  File "/data/armaan/venvs/omnizip_clean/lib/python3.10/site-packages/torch/nn/modules/module.py", line 1739, in _wrapped_call_impl
    return self._call_impl(*args, **kwargs)
  File "/data/armaan/venvs/omnizip_clean/lib/python3.10/site-packages/torch/nn/modules/module.py", line 1750, in _call_impl
    return forward_call(*args, **kwargs)
  File "/data/armaan/purs/Qwen2.5-Omni/low-VRAM-mode/modeling_qwen2_5_omni_low_VRAM_mode.py", line 1366, in forward
    hidden_states = blk(
  File "/data/armaan/venvs/omnizip_clean/lib/python3.10/site-packages/torch/nn/modules/module.py", line 1739, in _wrapped_call_impl
    return self._call_impl(*args, **kwargs)
  File "/data/armaan/venvs/omnizip_clean/lib/python3.10/site-packages/torch/nn/modules/module.py", line 1750, in _call_impl
    return forward_call(*args, **kwargs)
  File "/data/armaan/purs/Qwen2.5-Omni/low-VRAM-mode/modeling_qwen2_5_omni_low_VRAM_mode.py", line 1155, in forward
    hidden_states = hidden_states + self.attn(
  File "/data/armaan/venvs/omnizip_clean/lib/python3.10/site-packages/torch/nn/modules/module.py", line 1739, in _wrapped_call_impl
    return self._call_impl(*args, **kwargs)
  File "/data/armaan/venvs/omnizip_clean/lib/python3.10/site-packages/torch/nn/modules/module.py", line 1750, in _call_impl
    return forward_call(*args, **kwargs)
  File "/data/armaan/purs/Qwen2.5-Omni/low-VRAM-mode/modeling_qwen2_5_omni_low_VRAM_mode.py", line 1116, in forward
    attn_output = F.scaled_dot_product_attention(q, k, v, attention_mask, dropout_p=0.0)
torch.OutOfMemoryError: CUDA out of memory. Tried to allocate 33.24 GiB. GPU 0 has a total capacity of 47.37 GiB of which 4.67 GiB is free. Including non-PyTorch memory, this process has 42.69 GiB memory in use. Of the allocated memory 42.12 GiB is allocated by PyTorch, and 74.25 MiB is reserved by PyTorch but unallocated. If reserved but unallocated memory is large try setting PYTORCH_CUDA_ALLOC_CONF=expandable_segments:True to avoid fragmentation.  See documentation for Memory Management  (https://pytorch.org/docs/stable/notes/cuda.html#environment-variables)


--- worldsense/Action Counting ---
Traceback (most recent call last):
  File "/data/armaan/purs/eval_qwen_omni.py", line 843, in main
    pred, reasoning = run_inference(
  File "/data/armaan/purs/eval_qwen_omni.py", line 660, in run_inference
    raw_out = model.generate(**gen_in, **gen_kw)
  File "/data/armaan/venvs/omnizip_clean/lib/python3.10/site-packages/gptqmodel/models/base.py", line 1166, in generate
    return self.model.generate(inputs=inputs, **kwargs)
  File "/data/armaan/venvs/omnizip_clean/lib/python3.10/site-packages/torch/utils/_contextlib.py", line 116, in decorate_context
    return func(*args, **kwargs)
  File "/data/armaan/purs/Qwen2.5-Omni/low-VRAM-mode/modeling_qwen2_5_omni_low_VRAM_mode.py", line 4760, in generate
    thinker_result = self.thinker.generate(input_ids=input_ids, **thinker_kwargs)
  File "/data/armaan/venvs/omnizip_clean/lib/python3.10/site-packages/torch/utils/_contextlib.py", line 116, in decorate_context
    return func(*args, **kwargs)
  File "/data/armaan/venvs/omnizip_clean/lib/python3.10/site-packages/transformers/generation/utils.py", line 2597, in generate
    result = self._sample(
  File "/data/armaan/venvs/omnizip_clean/lib/python3.10/site-packages/transformers/generation/utils.py", line 3557, in _sample
    outputs = self(**model_inputs, return_dict=True)
  File "/data/armaan/venvs/omnizip_clean/lib/python3.10/site-packages/torch/nn/modules/module.py", line 1739, in _wrapped_call_impl
    return self._call_impl(*args, **kwargs)
  File "/data/armaan/venvs/omnizip_clean/lib/python3.10/site-packages/torch/nn/modules/module.py", line 1750, in _call_impl
    return forward_call(*args, **kwargs)
  File "/data/armaan/purs/Qwen2.5-Omni/low-VRAM-mode/modeling_qwen2_5_omni_low_VRAM_mode.py", line 2490, in forward
    video_embeds = self.visual(pixel_values_videos, grid_thw=video_grid_thw)
  File "/data/armaan/venvs/omnizip_clean/lib/python3.10/site-packages/torch/nn/modules/module.py", line 1739, in _wrapped_call_impl
    return self._call_impl(*args, **kwargs)
  File "/data/armaan/venvs/omnizip_clean/lib/python3.10/site-packages/torch/nn/modules/module.py", line 1750, in _call_impl
    return forward_call(*args, **kwargs)
  File "/data/armaan/purs/Qwen2.5-Omni/low-VRAM-mode/modeling_qwen2_5_omni_low_VRAM_mode.py", line 1366, in forward
    hidden_states = blk(
  File "/data/armaan/venvs/omnizip_clean/lib/python3.10/site-packages/torch/nn/modules/module.py", line 1739, in _wrapped_call_impl
    return self._call_impl(*args, **kwargs)
  File "/data/armaan/venvs/omnizip_clean/lib/python3.10/site-packages/torch/nn/modules/module.py", line 1750, in _call_impl
    return forward_call(*args, **kwargs)
  File "/data/armaan/purs/Qwen2.5-Omni/low-VRAM-mode/modeling_qwen2_5_omni_low_VRAM_mode.py", line 1155, in forward
    hidden_states = hidden_states + self.attn(
  File "/data/armaan/venvs/omnizip_clean/lib/python3.10/site-packages/torch/nn/modules/module.py", line 1739, in _wrapped_call_impl
    return self._call_impl(*args, **kwargs)
  File "/data/armaan/venvs/omnizip_clean/lib/python3.10/site-packages/torch/nn/modules/module.py", line 1750, in _call_impl
    return forward_call(*args, **kwargs)
  File "/data/armaan/purs/Qwen2.5-Omni/low-VRAM-mode/modeling_qwen2_5_omni_low_VRAM_mode.py", line 1116, in forward
    attn_output = F.scaled_dot_product_attention(q, k, v, attention_mask, dropout_p=0.0)
torch.OutOfMemoryError: CUDA out of memory. Tried to allocate 33.24 GiB. GPU 0 has a total capacity of 47.37 GiB of which 4.67 GiB is free. Including non-PyTorch memory, this process has 42.69 GiB memory in use. Of the allocated memory 42.12 GiB is allocated by PyTorch, and 73.90 MiB is reserved by PyTorch but unallocated. If reserved but unallocated memory is large try setting PYTORCH_CUDA_ALLOC_CONF=expandable_segments:True to avoid fragmentation.  See documentation for Memory Management  (https://pytorch.org/docs/stable/notes/cuda.html#environment-variables)


--- worldsense/Action Counting ---
Traceback (most recent call last):
  File "/data/armaan/purs/eval_qwen_omni.py", line 843, in main
    pred, reasoning = run_inference(
  File "/data/armaan/purs/eval_qwen_omni.py", line 660, in run_inference
    raw_out = model.generate(**gen_in, **gen_kw)
  File "/data/armaan/venvs/omnizip_clean/lib/python3.10/site-packages/gptqmodel/models/base.py", line 1166, in generate
    return self.model.generate(inputs=inputs, **kwargs)
  File "/data/armaan/venvs/omnizip_clean/lib/python3.10/site-packages/torch/utils/_contextlib.py", line 116, in decorate_context
    return func(*args, **kwargs)
  File "/data/armaan/purs/Qwen2.5-Omni/low-VRAM-mode/modeling_qwen2_5_omni_low_VRAM_mode.py", line 4760, in generate
    thinker_result = self.thinker.generate(input_ids=input_ids, **thinker_kwargs)
  File "/data/armaan/venvs/omnizip_clean/lib/python3.10/site-packages/torch/utils/_contextlib.py", line 116, in decorate_context
    return func(*args, **kwargs)
  File "/data/armaan/venvs/omnizip_clean/lib/python3.10/site-packages/transformers/generation/utils.py", line 2597, in generate
    result = self._sample(
  File "/data/armaan/venvs/omnizip_clean/lib/python3.10/site-packages/transformers/generation/utils.py", line 3557, in _sample
    outputs = self(**model_inputs, return_dict=True)
  File "/data/armaan/venvs/omnizip_clean/lib/python3.10/site-packages/torch/nn/modules/module.py", line 1739, in _wrapped_call_impl
    return self._call_impl(*args, **kwargs)
  File "/data/armaan/venvs/omnizip_clean/lib/python3.10/site-packages/torch/nn/modules/module.py", line 1750, in _call_impl
    return forward_call(*args, **kwargs)
  File "/data/armaan/purs/Qwen2.5-Omni/low-VRAM-mode/modeling_qwen2_5_omni_low_VRAM_mode.py", line 2490, in forward
    video_embeds = self.visual(pixel_values_videos, grid_thw=video_grid_thw)
  File "/data/armaan/venvs/omnizip_clean/lib/python3.10/site-packages/torch/nn/modules/module.py", line 1739, in _wrapped_call_impl
    return self._call_impl(*args, **kwargs)
  File "/data/armaan/venvs/omnizip_clean/lib/python3.10/site-packages/torch/nn/modules/module.py", line 1750, in _call_impl
    return forward_call(*args, **kwargs)
  File "/data/armaan/purs/Qwen2.5-Omni/low-VRAM-mode/modeling_qwen2_5_omni_low_VRAM_mode.py", line 1366, in forward
    hidden_states = blk(
  File "/data/armaan/venvs/omnizip_clean/lib/python3.10/site-packages/torch/nn/modules/module.py", line 1739, in _wrapped_call_impl
    return self._call_impl(*args, **kwargs)
  File "/data/armaan/venvs/omnizip_clean/lib/python3.10/site-packages/torch/nn/modules/module.py", line 1750, in _call_impl
    return forward_call(*args, **kwargs)
  File "/data/armaan/purs/Qwen2.5-Omni/low-VRAM-mode/modeling_qwen2_5_omni_low_VRAM_mode.py", line 1155, in forward
    hidden_states = hidden_states + self.attn(
  File "/data/armaan/venvs/omnizip_clean/lib/python3.10/site-packages/torch/nn/modules/module.py", line 1739, in _wrapped_call_impl
    return self._call_impl(*args, **kwargs)
  File "/data/armaan/venvs/omnizip_clean/lib/python3.10/site-packages/torch/nn/modules/module.py", line 1750, in _call_impl
    return forward_call(*args, **kwargs)
  File "/data/armaan/purs/Qwen2.5-Omni/low-VRAM-mode/modeling_qwen2_5_omni_low_VRAM_mode.py", line 1116, in forward
    attn_output = F.scaled_dot_product_attention(q, k, v, attention_mask, dropout_p=0.0)
torch.OutOfMemoryError: CUDA out of memory. Tried to allocate 33.24 GiB. GPU 0 has a total capacity of 47.37 GiB of which 4.67 GiB is free. Including non-PyTorch memory, this process has 42.69 GiB memory in use. Of the allocated memory 42.12 GiB is allocated by PyTorch, and 74.23 MiB is reserved by PyTorch but unallocated. If reserved but unallocated memory is large try setting PYTORCH_CUDA_ALLOC_CONF=expandable_segments:True to avoid fragmentation.  See documentation for Memory Management  (https://pytorch.org/docs/stable/notes/cuda.html#environment-variables)


--- worldsense/Anomaly Recognition ---
Traceback (most recent call last):
  File "/data/armaan/purs/eval_qwen_omni.py", line 843, in main
    pred, reasoning = run_inference(
  File "/data/armaan/purs/eval_qwen_omni.py", line 660, in run_inference
    raw_out = model.generate(**gen_in, **gen_kw)
  File "/data/armaan/venvs/omnizip_clean/lib/python3.10/site-packages/gptqmodel/models/base.py", line 1166, in generate
    return self.model.generate(inputs=inputs, **kwargs)
  File "/data/armaan/venvs/omnizip_clean/lib/python3.10/site-packages/torch/utils/_contextlib.py", line 116, in decorate_context
    return func(*args, **kwargs)
  File "/data/armaan/purs/Qwen2.5-Omni/low-VRAM-mode/modeling_qwen2_5_omni_low_VRAM_mode.py", line 4760, in generate
    thinker_result = self.thinker.generate(input_ids=input_ids, **thinker_kwargs)
  File "/data/armaan/venvs/omnizip_clean/lib/python3.10/site-packages/torch/utils/_contextlib.py", line 116, in decorate_context
    return func(*args, **kwargs)
  File "/data/armaan/venvs/omnizip_clean/lib/python3.10/site-packages/transformers/generation/utils.py", line 2597, in generate
    result = self._sample(
  File "/data/armaan/venvs/omnizip_clean/lib/python3.10/site-packages/transformers/generation/utils.py", line 3557, in _sample
    outputs = self(**model_inputs, return_dict=True)
  File "/data/armaan/venvs/omnizip_clean/lib/python3.10/site-packages/torch/nn/modules/module.py", line 1739, in _wrapped_call_impl
    return self._call_impl(*args, **kwargs)
  File "/data/armaan/venvs/omnizip_clean/lib/python3.10/site-packages/torch/nn/modules/module.py", line 1750, in _call_impl
    return forward_call(*args, **kwargs)
  File "/data/armaan/purs/Qwen2.5-Omni/low-VRAM-mode/modeling_qwen2_5_omni_low_VRAM_mode.py", line 2490, in forward
    video_embeds = self.visual(pixel_values_videos, grid_thw=video_grid_thw)
  File "/data/armaan/venvs/omnizip_clean/lib/python3.10/site-packages/torch/nn/modules/module.py", line 1739, in _wrapped_call_impl
    return self._call_impl(*args, **kwargs)
  File "/data/armaan/venvs/omnizip_clean/lib/python3.10/site-packages/torch/nn/modules/module.py", line 1750, in _call_impl
    return forward_call(*args, **kwargs)
  File "/data/armaan/purs/Qwen2.5-Omni/low-VRAM-mode/modeling_qwen2_5_omni_low_VRAM_mode.py", line 1366, in forward
    hidden_states = blk(
  File "/data/armaan/venvs/omnizip_clean/lib/python3.10/site-packages/torch/nn/modules/module.py", line 1739, in _wrapped_call_impl
    return self._call_impl(*args, **kwargs)
  File "/data/armaan/venvs/omnizip_clean/lib/python3.10/site-packages/torch/nn/modules/module.py", line 1750, in _call_impl
    return forward_call(*args, **kwargs)
  File "/data/armaan/purs/Qwen2.5-Omni/low-VRAM-mode/modeling_qwen2_5_omni_low_VRAM_mode.py", line 1155, in forward
    hidden_states = hidden_states + self.attn(
  File "/data/armaan/venvs/omnizip_clean/lib/python3.10/site-packages/torch/nn/modules/module.py", line 1739, in _wrapped_call_impl
    return self._call_impl(*args, **kwargs)
  File "/data/armaan/venvs/omnizip_clean/lib/python3.10/site-packages/torch/nn/modules/module.py", line 1750, in _call_impl
    return forward_call(*args, **kwargs)
  File "/data/armaan/purs/Qwen2.5-Omni/low-VRAM-mode/modeling_qwen2_5_omni_low_VRAM_mode.py", line 1116, in forward
    attn_output = F.scaled_dot_product_attention(q, k, v, attention_mask, dropout_p=0.0)
torch.OutOfMemoryError: CUDA out of memory. Tried to allocate 28.56 GiB. GPU 0 has a total capacity of 47.37 GiB of which 9.63 GiB is free. Including non-PyTorch memory, this process has 37.73 GiB memory in use. Of the allocated memory 37.15 GiB is allocated by PyTorch, and 81.39 MiB is reserved by PyTorch but unallocated. If reserved but unallocated memory is large try setting PYTORCH_CUDA_ALLOC_CONF=expandable_segments:True to avoid fragmentation.  See documentation for Memory Management  (https://pytorch.org/docs/stable/notes/cuda.html#environment-variables)


--- worldsense/Anomaly Recognition ---
Traceback (most recent call last):
  File "/data/armaan/purs/eval_qwen_omni.py", line 843, in main
    pred, reasoning = run_inference(
  File "/data/armaan/purs/eval_qwen_omni.py", line 660, in run_inference
    raw_out = model.generate(**gen_in, **gen_kw)
  File "/data/armaan/venvs/omnizip_clean/lib/python3.10/site-packages/gptqmodel/models/base.py", line 1166, in generate
    return self.model.generate(inputs=inputs, **kwargs)
  File "/data/armaan/venvs/omnizip_clean/lib/python3.10/site-packages/torch/utils/_contextlib.py", line 116, in decorate_context
    return func(*args, **kwargs)
  File "/data/armaan/purs/Qwen2.5-Omni/low-VRAM-mode/modeling_qwen2_5_omni_low_VRAM_mode.py", line 4760, in generate
    thinker_result = self.thinker.generate(input_ids=input_ids, **thinker_kwargs)
  File "/data/armaan/venvs/omnizip_clean/lib/python3.10/site-packages/torch/utils/_contextlib.py", line 116, in decorate_context
    return func(*args, **kwargs)
  File "/data/armaan/venvs/omnizip_clean/lib/python3.10/site-packages/transformers/generation/utils.py", line 2597, in generate
    result = self._sample(
  File "/data/armaan/venvs/omnizip_clean/lib/python3.10/site-packages/transformers/generation/utils.py", line 3557, in _sample
    outputs = self(**model_inputs, return_dict=True)
  File "/data/armaan/venvs/omnizip_clean/lib/python3.10/site-packages/torch/nn/modules/module.py", line 1739, in _wrapped_call_impl
    return self._call_impl(*args, **kwargs)
  File "/data/armaan/venvs/omnizip_clean/lib/python3.10/site-packages/torch/nn/modules/module.py", line 1750, in _call_impl
    return forward_call(*args, **kwargs)
  File "/data/armaan/purs/Qwen2.5-Omni/low-VRAM-mode/modeling_qwen2_5_omni_low_VRAM_mode.py", line 2490, in forward
    video_embeds = self.visual(pixel_values_videos, grid_thw=video_grid_thw)
  File "/data/armaan/venvs/omnizip_clean/lib/python3.10/site-packages/torch/nn/modules/module.py", line 1739, in _wrapped_call_impl
    return self._call_impl(*args, **kwargs)
  File "/data/armaan/venvs/omnizip_clean/lib/python3.10/site-packages/torch/nn/modules/module.py", line 1750, in _call_impl
    return forward_call(*args, **kwargs)
  File "/data/armaan/purs/Qwen2.5-Omni/low-VRAM-mode/modeling_qwen2_5_omni_low_VRAM_mode.py", line 1366, in forward
    hidden_states = blk(
  File "/data/armaan/venvs/omnizip_clean/lib/python3.10/site-packages/torch/nn/modules/module.py", line 1739, in _wrapped_call_impl
    return self._call_impl(*args, **kwargs)
  File "/data/armaan/venvs/omnizip_clean/lib/python3.10/site-packages/torch/nn/modules/module.py", line 1750, in _call_impl
    return forward_call(*args, **kwargs)
  File "/data/armaan/purs/Qwen2.5-Omni/low-VRAM-mode/modeling_qwen2_5_omni_low_VRAM_mode.py", line 1155, in forward
    hidden_states = hidden_states + self.attn(
  File "/data/armaan/venvs/omnizip_clean/lib/python3.10/site-packages/torch/nn/modules/module.py", line 1739, in _wrapped_call_impl
    return self._call_impl(*args, **kwargs)
  File "/data/armaan/venvs/omnizip_clean/lib/python3.10/site-packages/torch/nn/modules/module.py", line 1750, in _call_impl
    return forward_call(*args, **kwargs)
  File "/data/armaan/purs/Qwen2.5-Omni/low-VRAM-mode/modeling_qwen2_5_omni_low_VRAM_mode.py", line 1116, in forward
    attn_output = F.scaled_dot_product_attention(q, k, v, attention_mask, dropout_p=0.0)
torch.OutOfMemoryError: CUDA out of memory. Tried to allocate 28.56 GiB. GPU 0 has a total capacity of 47.37 GiB of which 9.63 GiB is free. Including non-PyTorch memory, this process has 37.73 GiB memory in use. Of the allocated memory 37.15 GiB is allocated by PyTorch, and 81.30 MiB is reserved by PyTorch but unallocated. If reserved but unallocated memory is large try setting PYTORCH_CUDA_ALLOC_CONF=expandable_segments:True to avoid fragmentation.  See documentation for Memory Management  (https://pytorch.org/docs/stable/notes/cuda.html#environment-variables)


--- worldsense/Anomaly Recognition ---
Traceback (most recent call last):
  File "/data/armaan/purs/eval_qwen_omni.py", line 843, in main
    pred, reasoning = run_inference(
  File "/data/armaan/purs/eval_qwen_omni.py", line 660, in run_inference
    raw_out = model.generate(**gen_in, **gen_kw)
  File "/data/armaan/venvs/omnizip_clean/lib/python3.10/site-packages/gptqmodel/models/base.py", line 1166, in generate
    return self.model.generate(inputs=inputs, **kwargs)
  File "/data/armaan/venvs/omnizip_clean/lib/python3.10/site-packages/torch/utils/_contextlib.py", line 116, in decorate_context
    return func(*args, **kwargs)
  File "/data/armaan/purs/Qwen2.5-Omni/low-VRAM-mode/modeling_qwen2_5_omni_low_VRAM_mode.py", line 4760, in generate
    thinker_result = self.thinker.generate(input_ids=input_ids, **thinker_kwargs)
  File "/data/armaan/venvs/omnizip_clean/lib/python3.10/site-packages/torch/utils/_contextlib.py", line 116, in decorate_context
    return func(*args, **kwargs)
  File "/data/armaan/venvs/omnizip_clean/lib/python3.10/site-packages/transformers/generation/utils.py", line 2597, in generate
    result = self._sample(
  File "/data/armaan/venvs/omnizip_clean/lib/python3.10/site-packages/transformers/generation/utils.py", line 3557, in _sample
    outputs = self(**model_inputs, return_dict=True)
  File "/data/armaan/venvs/omnizip_clean/lib/python3.10/site-packages/torch/nn/modules/module.py", line 1739, in _wrapped_call_impl
    return self._call_impl(*args, **kwargs)
  File "/data/armaan/venvs/omnizip_clean/lib/python3.10/site-packages/torch/nn/modules/module.py", line 1750, in _call_impl
    return forward_call(*args, **kwargs)
  File "/data/armaan/purs/Qwen2.5-Omni/low-VRAM-mode/modeling_qwen2_5_omni_low_VRAM_mode.py", line 2490, in forward
    video_embeds = self.visual(pixel_values_videos, grid_thw=video_grid_thw)
  File "/data/armaan/venvs/omnizip_clean/lib/python3.10/site-packages/torch/nn/modules/module.py", line 1739, in _wrapped_call_impl
    return self._call_impl(*args, **kwargs)
  File "/data/armaan/venvs/omnizip_clean/lib/python3.10/site-packages/torch/nn/modules/module.py", line 1750, in _call_impl
    return forward_call(*args, **kwargs)
  File "/data/armaan/purs/Qwen2.5-Omni/low-VRAM-mode/modeling_qwen2_5_omni_low_VRAM_mode.py", line 1366, in forward
    hidden_states = blk(
  File "/data/armaan/venvs/omnizip_clean/lib/python3.10/site-packages/torch/nn/modules/module.py", line 1739, in _wrapped_call_impl
    return self._call_impl(*args, **kwargs)
  File "/data/armaan/venvs/omnizip_clean/lib/python3.10/site-packages/torch/nn/modules/module.py", line 1750, in _call_impl
    return forward_call(*args, **kwargs)
  File "/data/armaan/purs/Qwen2.5-Omni/low-VRAM-mode/modeling_qwen2_5_omni_low_VRAM_mode.py", line 1155, in forward
    hidden_states = hidden_states + self.attn(
  File "/data/armaan/venvs/omnizip_clean/lib/python3.10/site-packages/torch/nn/modules/module.py", line 1739, in _wrapped_call_impl
    return self._call_impl(*args, **kwargs)
  File "/data/armaan/venvs/omnizip_clean/lib/python3.10/site-packages/torch/nn/modules/module.py", line 1750, in _call_impl
    return forward_call(*args, **kwargs)
  File "/data/armaan/purs/Qwen2.5-Omni/low-VRAM-mode/modeling_qwen2_5_omni_low_VRAM_mode.py", line 1116, in forward
    attn_output = F.scaled_dot_product_attention(q, k, v, attention_mask, dropout_p=0.0)
torch.OutOfMemoryError: CUDA out of memory. Tried to allocate 28.56 GiB. GPU 0 has a total capacity of 47.37 GiB of which 9.63 GiB is free. Including non-PyTorch memory, this process has 37.73 GiB memory in use. Of the allocated memory 37.15 GiB is allocated by PyTorch, and 81.47 MiB is reserved by PyTorch but unallocated. If reserved but unallocated memory is large try setting PYTORCH_CUDA_ALLOC_CONF=expandable_segments:True to avoid fragmentation.  See documentation for Memory Management  (https://pytorch.org/docs/stable/notes/cuda.html#environment-variables)


--- worldsense/Attribute Recognition ---
Traceback (most recent call last):
  File "/data/armaan/purs/eval_qwen_omni.py", line 843, in main
    pred, reasoning = run_inference(
  File "/data/armaan/purs/eval_qwen_omni.py", line 660, in run_inference
    raw_out = model.generate(**gen_in, **gen_kw)
  File "/data/armaan/venvs/omnizip_clean/lib/python3.10/site-packages/gptqmodel/models/base.py", line 1166, in generate
    return self.model.generate(inputs=inputs, **kwargs)
  File "/data/armaan/venvs/omnizip_clean/lib/python3.10/site-packages/torch/utils/_contextlib.py", line 116, in decorate_context
    return func(*args, **kwargs)
  File "/data/armaan/purs/Qwen2.5-Omni/low-VRAM-mode/modeling_qwen2_5_omni_low_VRAM_mode.py", line 4760, in generate
    thinker_result = self.thinker.generate(input_ids=input_ids, **thinker_kwargs)
  File "/data/armaan/venvs/omnizip_clean/lib/python3.10/site-packages/torch/utils/_contextlib.py", line 116, in decorate_context
    return func(*args, **kwargs)
  File "/data/armaan/venvs/omnizip_clean/lib/python3.10/site-packages/transformers/generation/utils.py", line 2597, in generate
    result = self._sample(
  File "/data/armaan/venvs/omnizip_clean/lib/python3.10/site-packages/transformers/generation/utils.py", line 3557, in _sample
    outputs = self(**model_inputs, return_dict=True)
  File "/data/armaan/venvs/omnizip_clean/lib/python3.10/site-packages/torch/nn/modules/module.py", line 1739, in _wrapped_call_impl
    return self._call_impl(*args, **kwargs)
  File "/data/armaan/venvs/omnizip_clean/lib/python3.10/site-packages/torch/nn/modules/module.py", line 1750, in _call_impl
    return forward_call(*args, **kwargs)
  File "/data/armaan/purs/Qwen2.5-Omni/low-VRAM-mode/modeling_qwen2_5_omni_low_VRAM_mode.py", line 2490, in forward
    video_embeds = self.visual(pixel_values_videos, grid_thw=video_grid_thw)
  File "/data/armaan/venvs/omnizip_clean/lib/python3.10/site-packages/torch/nn/modules/module.py", line 1739, in _wrapped_call_impl
    return self._call_impl(*args, **kwargs)
  File "/data/armaan/venvs/omnizip_clean/lib/python3.10/site-packages/torch/nn/modules/module.py", line 1750, in _call_impl
    return forward_call(*args, **kwargs)
  File "/data/armaan/purs/Qwen2.5-Omni/low-VRAM-mode/modeling_qwen2_5_omni_low_VRAM_mode.py", line 1366, in forward
    hidden_states = blk(
  File "/data/armaan/venvs/omnizip_clean/lib/python3.10/site-packages/torch/nn/modules/module.py", line 1739, in _wrapped_call_impl
    return self._call_impl(*args, **kwargs)
  File "/data/armaan/venvs/omnizip_clean/lib/python3.10/site-packages/torch/nn/modules/module.py", line 1750, in _call_impl
    return forward_call(*args, **kwargs)
  File "/data/armaan/purs/Qwen2.5-Omni/low-VRAM-mode/modeling_qwen2_5_omni_low_VRAM_mode.py", line 1155, in forward
    hidden_states = hidden_states + self.attn(
  File "/data/armaan/venvs/omnizip_clean/lib/python3.10/site-packages/torch/nn/modules/module.py", line 1739, in _wrapped_call_impl
    return self._call_impl(*args, **kwargs)
  File "/data/armaan/venvs/omnizip_clean/lib/python3.10/site-packages/torch/nn/modules/module.py", line 1750, in _call_impl
    return forward_call(*args, **kwargs)
  File "/data/armaan/purs/Qwen2.5-Omni/low-VRAM-mode/modeling_qwen2_5_omni_low_VRAM_mode.py", line 1116, in forward
    attn_output = F.scaled_dot_product_attention(q, k, v, attention_mask, dropout_p=0.0)
torch.OutOfMemoryError: CUDA out of memory. Tried to allocate 34.88 GiB. GPU 0 has a total capacity of 47.37 GiB of which 2.91 GiB is free. Including non-PyTorch memory, this process has 44.45 GiB memory in use. Of the allocated memory 43.86 GiB is allocated by PyTorch, and 93.49 MiB is reserved by PyTorch but unallocated. If reserved but unallocated memory is large try setting PYTORCH_CUDA_ALLOC_CONF=expandable_segments:True to avoid fragmentation.  See documentation for Memory Management  (https://pytorch.org/docs/stable/notes/cuda.html#environment-variables)


--- worldsense/Attribute Recognition ---
Traceback (most recent call last):
  File "/data/armaan/purs/eval_qwen_omni.py", line 843, in main
    pred, reasoning = run_inference(
  File "/data/armaan/purs/eval_qwen_omni.py", line 660, in run_inference
    raw_out = model.generate(**gen_in, **gen_kw)
  File "/data/armaan/venvs/omnizip_clean/lib/python3.10/site-packages/gptqmodel/models/base.py", line 1166, in generate
    return self.model.generate(inputs=inputs, **kwargs)
  File "/data/armaan/venvs/omnizip_clean/lib/python3.10/site-packages/torch/utils/_contextlib.py", line 116, in decorate_context
    return func(*args, **kwargs)
  File "/data/armaan/purs/Qwen2.5-Omni/low-VRAM-mode/modeling_qwen2_5_omni_low_VRAM_mode.py", line 4760, in generate
    thinker_result = self.thinker.generate(input_ids=input_ids, **thinker_kwargs)
  File "/data/armaan/venvs/omnizip_clean/lib/python3.10/site-packages/torch/utils/_contextlib.py", line 116, in decorate_context
    return func(*args, **kwargs)
  File "/data/armaan/venvs/omnizip_clean/lib/python3.10/site-packages/transformers/generation/utils.py", line 2597, in generate
    result = self._sample(
  File "/data/armaan/venvs/omnizip_clean/lib/python3.10/site-packages/transformers/generation/utils.py", line 3557, in _sample
    outputs = self(**model_inputs, return_dict=True)
  File "/data/armaan/venvs/omnizip_clean/lib/python3.10/site-packages/torch/nn/modules/module.py", line 1739, in _wrapped_call_impl
    return self._call_impl(*args, **kwargs)
  File "/data/armaan/venvs/omnizip_clean/lib/python3.10/site-packages/torch/nn/modules/module.py", line 1750, in _call_impl
    return forward_call(*args, **kwargs)
  File "/data/armaan/purs/Qwen2.5-Omni/low-VRAM-mode/modeling_qwen2_5_omni_low_VRAM_mode.py", line 2490, in forward
    video_embeds = self.visual(pixel_values_videos, grid_thw=video_grid_thw)
  File "/data/armaan/venvs/omnizip_clean/lib/python3.10/site-packages/torch/nn/modules/module.py", line 1739, in _wrapped_call_impl
    return self._call_impl(*args, **kwargs)
  File "/data/armaan/venvs/omnizip_clean/lib/python3.10/site-packages/torch/nn/modules/module.py", line 1750, in _call_impl
    return forward_call(*args, **kwargs)
  File "/data/armaan/purs/Qwen2.5-Omni/low-VRAM-mode/modeling_qwen2_5_omni_low_VRAM_mode.py", line 1366, in forward
    hidden_states = blk(
  File "/data/armaan/venvs/omnizip_clean/lib/python3.10/site-packages/torch/nn/modules/module.py", line 1739, in _wrapped_call_impl
    return self._call_impl(*args, **kwargs)
  File "/data/armaan/venvs/omnizip_clean/lib/python3.10/site-packages/torch/nn/modules/module.py", line 1750, in _call_impl
    return forward_call(*args, **kwargs)
  File "/data/armaan/purs/Qwen2.5-Omni/low-VRAM-mode/modeling_qwen2_5_omni_low_VRAM_mode.py", line 1155, in forward
    hidden_states = hidden_states + self.attn(
  File "/data/armaan/venvs/omnizip_clean/lib/python3.10/site-packages/torch/nn/modules/module.py", line 1739, in _wrapped_call_impl
    return self._call_impl(*args, **kwargs)
  File "/data/armaan/venvs/omnizip_clean/lib/python3.10/site-packages/torch/nn/modules/module.py", line 1750, in _call_impl
    return forward_call(*args, **kwargs)
  File "/data/armaan/purs/Qwen2.5-Omni/low-VRAM-mode/modeling_qwen2_5_omni_low_VRAM_mode.py", line 1116, in forward
    attn_output = F.scaled_dot_product_attention(q, k, v, attention_mask, dropout_p=0.0)
torch.OutOfMemoryError: CUDA out of memory. Tried to allocate 34.88 GiB. GPU 0 has a total capacity of 47.37 GiB of which 2.95 GiB is free. Including non-PyTorch memory, this process has 44.41 GiB memory in use. Of the allocated memory 43.86 GiB is allocated by PyTorch, and 53.13 MiB is reserved by PyTorch but unallocated. If reserved but unallocated memory is large try setting PYTORCH_CUDA_ALLOC_CONF=expandable_segments:True to avoid fragmentation.  See documentation for Memory Management  (https://pytorch.org/docs/stable/notes/cuda.html#environment-variables)


--- worldsense/Attribute Recognition ---
Traceback (most recent call last):
  File "/data/armaan/purs/eval_qwen_omni.py", line 843, in main
    pred, reasoning = run_inference(
  File "/data/armaan/purs/eval_qwen_omni.py", line 660, in run_inference
    raw_out = model.generate(**gen_in, **gen_kw)
  File "/data/armaan/venvs/omnizip_clean/lib/python3.10/site-packages/gptqmodel/models/base.py", line 1166, in generate
    return self.model.generate(inputs=inputs, **kwargs)
  File "/data/armaan/venvs/omnizip_clean/lib/python3.10/site-packages/torch/utils/_contextlib.py", line 116, in decorate_context
    return func(*args, **kwargs)
  File "/data/armaan/purs/Qwen2.5-Omni/low-VRAM-mode/modeling_qwen2_5_omni_low_VRAM_mode.py", line 4760, in generate
    thinker_result = self.thinker.generate(input_ids=input_ids, **thinker_kwargs)
  File "/data/armaan/venvs/omnizip_clean/lib/python3.10/site-packages/torch/utils/_contextlib.py", line 116, in decorate_context
    return func(*args, **kwargs)
  File "/data/armaan/venvs/omnizip_clean/lib/python3.10/site-packages/transformers/generation/utils.py", line 2597, in generate
    result = self._sample(
  File "/data/armaan/venvs/omnizip_clean/lib/python3.10/site-packages/transformers/generation/utils.py", line 3557, in _sample
    outputs = self(**model_inputs, return_dict=True)
  File "/data/armaan/venvs/omnizip_clean/lib/python3.10/site-packages/torch/nn/modules/module.py", line 1739, in _wrapped_call_impl
    return self._call_impl(*args, **kwargs)
  File "/data/armaan/venvs/omnizip_clean/lib/python3.10/site-packages/torch/nn/modules/module.py", line 1750, in _call_impl
    return forward_call(*args, **kwargs)
  File "/data/armaan/purs/Qwen2.5-Omni/low-VRAM-mode/modeling_qwen2_5_omni_low_VRAM_mode.py", line 2490, in forward
    video_embeds = self.visual(pixel_values_videos, grid_thw=video_grid_thw)
  File "/data/armaan/venvs/omnizip_clean/lib/python3.10/site-packages/torch/nn/modules/module.py", line 1739, in _wrapped_call_impl
    return self._call_impl(*args, **kwargs)
  File "/data/armaan/venvs/omnizip_clean/lib/python3.10/site-packages/torch/nn/modules/module.py", line 1750, in _call_impl
    return forward_call(*args, **kwargs)
  File "/data/armaan/purs/Qwen2.5-Omni/low-VRAM-mode/modeling_qwen2_5_omni_low_VRAM_mode.py", line 1366, in forward
    hidden_states = blk(
  File "/data/armaan/venvs/omnizip_clean/lib/python3.10/site-packages/torch/nn/modules/module.py", line 1739, in _wrapped_call_impl
    return self._call_impl(*args, **kwargs)
  File "/data/armaan/venvs/omnizip_clean/lib/python3.10/site-packages/torch/nn/modules/module.py", line 1750, in _call_impl
    return forward_call(*args, **kwargs)
  File "/data/armaan/purs/Qwen2.5-Omni/low-VRAM-mode/modeling_qwen2_5_omni_low_VRAM_mode.py", line 1155, in forward
    hidden_states = hidden_states + self.attn(
  File "/data/armaan/venvs/omnizip_clean/lib/python3.10/site-packages/torch/nn/modules/module.py", line 1739, in _wrapped_call_impl
    return self._call_impl(*args, **kwargs)
  File "/data/armaan/venvs/omnizip_clean/lib/python3.10/site-packages/torch/nn/modules/module.py", line 1750, in _call_impl
    return forward_call(*args, **kwargs)
  File "/data/armaan/purs/Qwen2.5-Omni/low-VRAM-mode/modeling_qwen2_5_omni_low_VRAM_mode.py", line 1116, in forward
    attn_output = F.scaled_dot_product_attention(q, k, v, attention_mask, dropout_p=0.0)
torch.OutOfMemoryError: CUDA out of memory. Tried to allocate 34.88 GiB. GPU 0 has a total capacity of 47.37 GiB of which 2.93 GiB is free. Including non-PyTorch memory, this process has 44.43 GiB memory in use. Of the allocated memory 43.86 GiB is allocated by PyTorch, and 73.34 MiB is reserved by PyTorch but unallocated. If reserved but unallocated memory is large try setting PYTORCH_CUDA_ALLOC_CONF=expandable_segments:True to avoid fragmentation.  See documentation for Memory Management  (https://pytorch.org/docs/stable/notes/cuda.html#environment-variables)


--- worldsense/Attribute Recognition ---
Traceback (most recent call last):
  File "/data/armaan/purs/eval_qwen_omni.py", line 843, in main
    pred, reasoning = run_inference(
  File "/data/armaan/purs/eval_qwen_omni.py", line 660, in run_inference
    raw_out = model.generate(**gen_in, **gen_kw)
  File "/data/armaan/venvs/omnizip_clean/lib/python3.10/site-packages/gptqmodel/models/base.py", line 1166, in generate
    return self.model.generate(inputs=inputs, **kwargs)
  File "/data/armaan/venvs/omnizip_clean/lib/python3.10/site-packages/torch/utils/_contextlib.py", line 116, in decorate_context
    return func(*args, **kwargs)
  File "/data/armaan/purs/Qwen2.5-Omni/low-VRAM-mode/modeling_qwen2_5_omni_low_VRAM_mode.py", line 4760, in generate
    thinker_result = self.thinker.generate(input_ids=input_ids, **thinker_kwargs)
  File "/data/armaan/venvs/omnizip_clean/lib/python3.10/site-packages/torch/utils/_contextlib.py", line 116, in decorate_context
    return func(*args, **kwargs)
  File "/data/armaan/venvs/omnizip_clean/lib/python3.10/site-packages/transformers/generation/utils.py", line 2597, in generate
    result = self._sample(
  File "/data/armaan/venvs/omnizip_clean/lib/python3.10/site-packages/transformers/generation/utils.py", line 3557, in _sample
    outputs = self(**model_inputs, return_dict=True)
  File "/data/armaan/venvs/omnizip_clean/lib/python3.10/site-packages/torch/nn/modules/module.py", line 1739, in _wrapped_call_impl
    return self._call_impl(*args, **kwargs)
  File "/data/armaan/venvs/omnizip_clean/lib/python3.10/site-packages/torch/nn/modules/module.py", line 1750, in _call_impl
    return forward_call(*args, **kwargs)
  File "/data/armaan/purs/Qwen2.5-Omni/low-VRAM-mode/modeling_qwen2_5_omni_low_VRAM_mode.py", line 2490, in forward
    video_embeds = self.visual(pixel_values_videos, grid_thw=video_grid_thw)
  File "/data/armaan/venvs/omnizip_clean/lib/python3.10/site-packages/torch/nn/modules/module.py", line 1739, in _wrapped_call_impl
    return self._call_impl(*args, **kwargs)
  File "/data/armaan/venvs/omnizip_clean/lib/python3.10/site-packages/torch/nn/modules/module.py", line 1750, in _call_impl
    return forward_call(*args, **kwargs)
  File "/data/armaan/purs/Qwen2.5-Omni/low-VRAM-mode/modeling_qwen2_5_omni_low_VRAM_mode.py", line 1366, in forward
    hidden_states = blk(
  File "/data/armaan/venvs/omnizip_clean/lib/python3.10/site-packages/torch/nn/modules/module.py", line 1739, in _wrapped_call_impl
    return self._call_impl(*args, **kwargs)
  File "/data/armaan/venvs/omnizip_clean/lib/python3.10/site-packages/torch/nn/modules/module.py", line 1750, in _call_impl
    return forward_call(*args, **kwargs)
  File "/data/armaan/purs/Qwen2.5-Omni/low-VRAM-mode/modeling_qwen2_5_omni_low_VRAM_mode.py", line 1155, in forward
    hidden_states = hidden_states + self.attn(
  File "/data/armaan/venvs/omnizip_clean/lib/python3.10/site-packages/torch/nn/modules/module.py", line 1739, in _wrapped_call_impl
    return self._call_impl(*args, **kwargs)
  File "/data/armaan/venvs/omnizip_clean/lib/python3.10/site-packages/torch/nn/modules/module.py", line 1750, in _call_impl
    return forward_call(*args, **kwargs)
  File "/data/armaan/purs/Qwen2.5-Omni/low-VRAM-mode/modeling_qwen2_5_omni_low_VRAM_mode.py", line 1116, in forward
    attn_output = F.scaled_dot_product_attention(q, k, v, attention_mask, dropout_p=0.0)
torch.OutOfMemoryError: CUDA out of memory. Tried to allocate 34.88 GiB. GPU 0 has a total capacity of 47.37 GiB of which 2.91 GiB is free. Including non-PyTorch memory, this process has 44.45 GiB memory in use. Of the allocated memory 43.86 GiB is allocated by PyTorch, and 93.45 MiB is reserved by PyTorch but unallocated. If reserved but unallocated memory is large try setting PYTORCH_CUDA_ALLOC_CONF=expandable_segments:True to avoid fragmentation.  See documentation for Memory Management  (https://pytorch.org/docs/stable/notes/cuda.html#environment-variables)


--- worldsense/Audio Change ---
Traceback (most recent call last):
  File "/data/armaan/purs/eval_qwen_omni.py", line 843, in main
    pred, reasoning = run_inference(
  File "/data/armaan/purs/eval_qwen_omni.py", line 660, in run_inference
    raw_out = model.generate(**gen_in, **gen_kw)
  File "/data/armaan/venvs/omnizip_clean/lib/python3.10/site-packages/gptqmodel/models/base.py", line 1166, in generate
    return self.model.generate(inputs=inputs, **kwargs)
  File "/data/armaan/venvs/omnizip_clean/lib/python3.10/site-packages/torch/utils/_contextlib.py", line 116, in decorate_context
    return func(*args, **kwargs)
  File "/data/armaan/purs/Qwen2.5-Omni/low-VRAM-mode/modeling_qwen2_5_omni_low_VRAM_mode.py", line 4760, in generate
    thinker_result = self.thinker.generate(input_ids=input_ids, **thinker_kwargs)
  File "/data/armaan/venvs/omnizip_clean/lib/python3.10/site-packages/torch/utils/_contextlib.py", line 116, in decorate_context
    return func(*args, **kwargs)
  File "/data/armaan/venvs/omnizip_clean/lib/python3.10/site-packages/transformers/generation/utils.py", line 2597, in generate
    result = self._sample(
  File "/data/armaan/venvs/omnizip_clean/lib/python3.10/site-packages/transformers/generation/utils.py", line 3557, in _sample
    outputs = self(**model_inputs, return_dict=True)
  File "/data/armaan/venvs/omnizip_clean/lib/python3.10/site-packages/torch/nn/modules/module.py", line 1739, in _wrapped_call_impl
    return self._call_impl(*args, **kwargs)
  File "/data/armaan/venvs/omnizip_clean/lib/python3.10/site-packages/torch/nn/modules/module.py", line 1750, in _call_impl
    return forward_call(*args, **kwargs)
  File "/data/armaan/purs/Qwen2.5-Omni/low-VRAM-mode/modeling_qwen2_5_omni_low_VRAM_mode.py", line 2490, in forward
    video_embeds = self.visual(pixel_values_videos, grid_thw=video_grid_thw)
  File "/data/armaan/venvs/omnizip_clean/lib/python3.10/site-packages/torch/nn/modules/module.py", line 1739, in _wrapped_call_impl
    return self._call_impl(*args, **kwargs)
  File "/data/armaan/venvs/omnizip_clean/lib/python3.10/site-packages/torch/nn/modules/module.py", line 1750, in _call_impl
    return forward_call(*args, **kwargs)
  File "/data/armaan/purs/Qwen2.5-Omni/low-VRAM-mode/modeling_qwen2_5_omni_low_VRAM_mode.py", line 1366, in forward
    hidden_states = blk(
  File "/data/armaan/venvs/omnizip_clean/lib/python3.10/site-packages/torch/nn/modules/module.py", line 1739, in _wrapped_call_impl
    return self._call_impl(*args, **kwargs)
  File "/data/armaan/venvs/omnizip_clean/lib/python3.10/site-packages/torch/nn/modules/module.py", line 1750, in _call_impl
    return forward_call(*args, **kwargs)
  File "/data/armaan/purs/Qwen2.5-Omni/low-VRAM-mode/modeling_qwen2_5_omni_low_VRAM_mode.py", line 1155, in forward
    hidden_states = hidden_states + self.attn(
  File "/data/armaan/venvs/omnizip_clean/lib/python3.10/site-packages/torch/nn/modules/module.py", line 1739, in _wrapped_call_impl
    return self._call_impl(*args, **kwargs)
  File "/data/armaan/venvs/omnizip_clean/lib/python3.10/site-packages/torch/nn/modules/module.py", line 1750, in _call_impl
    return forward_call(*args, **kwargs)
  File "/data/armaan/purs/Qwen2.5-Omni/low-VRAM-mode/modeling_qwen2_5_omni_low_VRAM_mode.py", line 1116, in forward
    attn_output = F.scaled_dot_product_attention(q, k, v, attention_mask, dropout_p=0.0)
torch.OutOfMemoryError: CUDA out of memory. Tried to allocate 67.29 GiB. GPU 0 has a total capacity of 47.37 GiB of which 35.78 GiB is free. Including non-PyTorch memory, this process has 11.58 GiB memory in use. Of the allocated memory 10.99 GiB is allocated by PyTorch, and 90.93 MiB is reserved by PyTorch but unallocated. If reserved but unallocated memory is large try setting PYTORCH_CUDA_ALLOC_CONF=expandable_segments:True to avoid fragmentation.  See documentation for Memory Management  (https://pytorch.org/docs/stable/notes/cuda.html#environment-variables)


--- worldsense/Audio Change ---
Traceback (most recent call last):
  File "/data/armaan/purs/eval_qwen_omni.py", line 843, in main
    pred, reasoning = run_inference(
  File "/data/armaan/purs/eval_qwen_omni.py", line 660, in run_inference
    raw_out = model.generate(**gen_in, **gen_kw)
  File "/data/armaan/venvs/omnizip_clean/lib/python3.10/site-packages/gptqmodel/models/base.py", line 1166, in generate
    return self.model.generate(inputs=inputs, **kwargs)
  File "/data/armaan/venvs/omnizip_clean/lib/python3.10/site-packages/torch/utils/_contextlib.py", line 116, in decorate_context
    return func(*args, **kwargs)
  File "/data/armaan/purs/Qwen2.5-Omni/low-VRAM-mode/modeling_qwen2_5_omni_low_VRAM_mode.py", line 4760, in generate
    thinker_result = self.thinker.generate(input_ids=input_ids, **thinker_kwargs)
  File "/data/armaan/venvs/omnizip_clean/lib/python3.10/site-packages/torch/utils/_contextlib.py", line 116, in decorate_context
    return func(*args, **kwargs)
  File "/data/armaan/venvs/omnizip_clean/lib/python3.10/site-packages/transformers/generation/utils.py", line 2597, in generate
    result = self._sample(
  File "/data/armaan/venvs/omnizip_clean/lib/python3.10/site-packages/transformers/generation/utils.py", line 3557, in _sample
    outputs = self(**model_inputs, return_dict=True)
  File "/data/armaan/venvs/omnizip_clean/lib/python3.10/site-packages/torch/nn/modules/module.py", line 1739, in _wrapped_call_impl
    return self._call_impl(*args, **kwargs)
  File "/data/armaan/venvs/omnizip_clean/lib/python3.10/site-packages/torch/nn/modules/module.py", line 1750, in _call_impl
    return forward_call(*args, **kwargs)
  File "/data/armaan/purs/Qwen2.5-Omni/low-VRAM-mode/modeling_qwen2_5_omni_low_VRAM_mode.py", line 2490, in forward
    video_embeds = self.visual(pixel_values_videos, grid_thw=video_grid_thw)
  File "/data/armaan/venvs/omnizip_clean/lib/python3.10/site-packages/torch/nn/modules/module.py", line 1739, in _wrapped_call_impl
    return self._call_impl(*args, **kwargs)
  File "/data/armaan/venvs/omnizip_clean/lib/python3.10/site-packages/torch/nn/modules/module.py", line 1750, in _call_impl
    return forward_call(*args, **kwargs)
  File "/data/armaan/purs/Qwen2.5-Omni/low-VRAM-mode/modeling_qwen2_5_omni_low_VRAM_mode.py", line 1366, in forward
    hidden_states = blk(
  File "/data/armaan/venvs/omnizip_clean/lib/python3.10/site-packages/torch/nn/modules/module.py", line 1739, in _wrapped_call_impl
    return self._call_impl(*args, **kwargs)
  File "/data/armaan/venvs/omnizip_clean/lib/python3.10/site-packages/torch/nn/modules/module.py", line 1750, in _call_impl
    return forward_call(*args, **kwargs)
  File "/data/armaan/purs/Qwen2.5-Omni/low-VRAM-mode/modeling_qwen2_5_omni_low_VRAM_mode.py", line 1155, in forward
    hidden_states = hidden_states + self.attn(
  File "/data/armaan/venvs/omnizip_clean/lib/python3.10/site-packages/torch/nn/modules/module.py", line 1739, in _wrapped_call_impl
    return self._call_impl(*args, **kwargs)
  File "/data/armaan/venvs/omnizip_clean/lib/python3.10/site-packages/torch/nn/modules/module.py", line 1750, in _call_impl
    return forward_call(*args, **kwargs)
  File "/data/armaan/purs/Qwen2.5-Omni/low-VRAM-mode/modeling_qwen2_5_omni_low_VRAM_mode.py", line 1116, in forward
    attn_output = F.scaled_dot_product_attention(q, k, v, attention_mask, dropout_p=0.0)
torch.OutOfMemoryError: CUDA out of memory. Tried to allocate 67.29 GiB. GPU 0 has a total capacity of 47.37 GiB of which 35.82 GiB is free. Including non-PyTorch memory, this process has 11.54 GiB memory in use. Of the allocated memory 10.99 GiB is allocated by PyTorch, and 50.99 MiB is reserved by PyTorch but unallocated. If reserved but unallocated memory is large try setting PYTORCH_CUDA_ALLOC_CONF=expandable_segments:True to avoid fragmentation.  See documentation for Memory Management  (https://pytorch.org/docs/stable/notes/cuda.html#environment-variables)


--- worldsense/Audio Counting ---
Traceback (most recent call last):
  File "/data/armaan/purs/eval_qwen_omni.py", line 843, in main
    pred, reasoning = run_inference(
  File "/data/armaan/purs/eval_qwen_omni.py", line 660, in run_inference
    raw_out = model.generate(**gen_in, **gen_kw)
  File "/data/armaan/venvs/omnizip_clean/lib/python3.10/site-packages/gptqmodel/models/base.py", line 1166, in generate
    return self.model.generate(inputs=inputs, **kwargs)
  File "/data/armaan/venvs/omnizip_clean/lib/python3.10/site-packages/torch/utils/_contextlib.py", line 116, in decorate_context
    return func(*args, **kwargs)
  File "/data/armaan/purs/Qwen2.5-Omni/low-VRAM-mode/modeling_qwen2_5_omni_low_VRAM_mode.py", line 4760, in generate
    thinker_result = self.thinker.generate(input_ids=input_ids, **thinker_kwargs)
  File "/data/armaan/venvs/omnizip_clean/lib/python3.10/site-packages/torch/utils/_contextlib.py", line 116, in decorate_context
    return func(*args, **kwargs)
  File "/data/armaan/venvs/omnizip_clean/lib/python3.10/site-packages/transformers/generation/utils.py", line 2597, in generate
    result = self._sample(
  File "/data/armaan/venvs/omnizip_clean/lib/python3.10/site-packages/transformers/generation/utils.py", line 3557, in _sample
    outputs = self(**model_inputs, return_dict=True)
  File "/data/armaan/venvs/omnizip_clean/lib/python3.10/site-packages/torch/nn/modules/module.py", line 1739, in _wrapped_call_impl
    return self._call_impl(*args, **kwargs)
  File "/data/armaan/venvs/omnizip_clean/lib/python3.10/site-packages/torch/nn/modules/module.py", line 1750, in _call_impl
    return forward_call(*args, **kwargs)
  File "/data/armaan/purs/Qwen2.5-Omni/low-VRAM-mode/modeling_qwen2_5_omni_low_VRAM_mode.py", line 2490, in forward
    video_embeds = self.visual(pixel_values_videos, grid_thw=video_grid_thw)
  File "/data/armaan/venvs/omnizip_clean/lib/python3.10/site-packages/torch/nn/modules/module.py", line 1739, in _wrapped_call_impl
    return self._call_impl(*args, **kwargs)
  File "/data/armaan/venvs/omnizip_clean/lib/python3.10/site-packages/torch/nn/modules/module.py", line 1750, in _call_impl
    return forward_call(*args, **kwargs)
  File "/data/armaan/purs/Qwen2.5-Omni/low-VRAM-mode/modeling_qwen2_5_omni_low_VRAM_mode.py", line 1366, in forward
    hidden_states = blk(
  File "/data/armaan/venvs/omnizip_clean/lib/python3.10/site-packages/torch/nn/modules/module.py", line 1739, in _wrapped_call_impl
    return self._call_impl(*args, **kwargs)
  File "/data/armaan/venvs/omnizip_clean/lib/python3.10/site-packages/torch/nn/modules/module.py", line 1750, in _call_impl
    return forward_call(*args, **kwargs)
  File "/data/armaan/purs/Qwen2.5-Omni/low-VRAM-mode/modeling_qwen2_5_omni_low_VRAM_mode.py", line 1155, in forward
    hidden_states = hidden_states + self.attn(
  File "/data/armaan/venvs/omnizip_clean/lib/python3.10/site-packages/torch/nn/modules/module.py", line 1739, in _wrapped_call_impl
    return self._call_impl(*args, **kwargs)
  File "/data/armaan/venvs/omnizip_clean/lib/python3.10/site-packages/torch/nn/modules/module.py", line 1750, in _call_impl
    return forward_call(*args, **kwargs)
  File "/data/armaan/purs/Qwen2.5-Omni/low-VRAM-mode/modeling_qwen2_5_omni_low_VRAM_mode.py", line 1116, in forward
    attn_output = F.scaled_dot_product_attention(q, k, v, attention_mask, dropout_p=0.0)
torch.OutOfMemoryError: CUDA out of memory. Tried to allocate 71.19 GiB. GPU 0 has a total capacity of 47.37 GiB of which 35.57 GiB is free. Including non-PyTorch memory, this process has 11.79 GiB memory in use. Of the allocated memory 11.21 GiB is allocated by PyTorch, and 84.78 MiB is reserved by PyTorch but unallocated. If reserved but unallocated memory is large try setting PYTORCH_CUDA_ALLOC_CONF=expandable_segments:True to avoid fragmentation.  See documentation for Memory Management  (https://pytorch.org/docs/stable/notes/cuda.html#environment-variables)


--- worldsense/Audio Recognition ---
Traceback (most recent call last):
  File "/data/armaan/purs/eval_qwen_omni.py", line 843, in main
    pred, reasoning = run_inference(
  File "/data/armaan/purs/eval_qwen_omni.py", line 660, in run_inference
    raw_out = model.generate(**gen_in, **gen_kw)
  File "/data/armaan/venvs/omnizip_clean/lib/python3.10/site-packages/gptqmodel/models/base.py", line 1166, in generate
    return self.model.generate(inputs=inputs, **kwargs)
  File "/data/armaan/venvs/omnizip_clean/lib/python3.10/site-packages/torch/utils/_contextlib.py", line 116, in decorate_context
    return func(*args, **kwargs)
  File "/data/armaan/purs/Qwen2.5-Omni/low-VRAM-mode/modeling_qwen2_5_omni_low_VRAM_mode.py", line 4760, in generate
    thinker_result = self.thinker.generate(input_ids=input_ids, **thinker_kwargs)
  File "/data/armaan/venvs/omnizip_clean/lib/python3.10/site-packages/torch/utils/_contextlib.py", line 116, in decorate_context
    return func(*args, **kwargs)
  File "/data/armaan/venvs/omnizip_clean/lib/python3.10/site-packages/transformers/generation/utils.py", line 2597, in generate
    result = self._sample(
  File "/data/armaan/venvs/omnizip_clean/lib/python3.10/site-packages/transformers/generation/utils.py", line 3557, in _sample
    outputs = self(**model_inputs, return_dict=True)
  File "/data/armaan/venvs/omnizip_clean/lib/python3.10/site-packages/torch/nn/modules/module.py", line 1739, in _wrapped_call_impl
    return self._call_impl(*args, **kwargs)
  File "/data/armaan/venvs/omnizip_clean/lib/python3.10/site-packages/torch/nn/modules/module.py", line 1750, in _call_impl
    return forward_call(*args, **kwargs)
  File "/data/armaan/purs/Qwen2.5-Omni/low-VRAM-mode/modeling_qwen2_5_omni_low_VRAM_mode.py", line 2490, in forward
    video_embeds = self.visual(pixel_values_videos, grid_thw=video_grid_thw)
  File "/data/armaan/venvs/omnizip_clean/lib/python3.10/site-packages/torch/nn/modules/module.py", line 1739, in _wrapped_call_impl
    return self._call_impl(*args, **kwargs)
  File "/data/armaan/venvs/omnizip_clean/lib/python3.10/site-packages/torch/nn/modules/module.py", line 1750, in _call_impl
    return forward_call(*args, **kwargs)
  File "/data/armaan/purs/Qwen2.5-Omni/low-VRAM-mode/modeling_qwen2_5_omni_low_VRAM_mode.py", line 1366, in forward
    hidden_states = blk(
  File "/data/armaan/venvs/omnizip_clean/lib/python3.10/site-packages/torch/nn/modules/module.py", line 1739, in _wrapped_call_impl
    return self._call_impl(*args, **kwargs)
  File "/data/armaan/venvs/omnizip_clean/lib/python3.10/site-packages/torch/nn/modules/module.py", line 1750, in _call_impl
    return forward_call(*args, **kwargs)
  File "/data/armaan/purs/Qwen2.5-Omni/low-VRAM-mode/modeling_qwen2_5_omni_low_VRAM_mode.py", line 1155, in forward
    hidden_states = hidden_states + self.attn(
  File "/data/armaan/venvs/omnizip_clean/lib/python3.10/site-packages/torch/nn/modules/module.py", line 1739, in _wrapped_call_impl
    return self._call_impl(*args, **kwargs)
  File "/data/armaan/venvs/omnizip_clean/lib/python3.10/site-packages/torch/nn/modules/module.py", line 1750, in _call_impl
    return forward_call(*args, **kwargs)
  File "/data/armaan/purs/Qwen2.5-Omni/low-VRAM-mode/modeling_qwen2_5_omni_low_VRAM_mode.py", line 1116, in forward
    attn_output = F.scaled_dot_product_attention(q, k, v, attention_mask, dropout_p=0.0)
torch.OutOfMemoryError: CUDA out of memory. Tried to allocate 71.19 GiB. GPU 0 has a total capacity of 47.37 GiB of which 35.61 GiB is free. Including non-PyTorch memory, this process has 11.75 GiB memory in use. Of the allocated memory 11.21 GiB is allocated by PyTorch, and 44.76 MiB is reserved by PyTorch but unallocated. If reserved but unallocated memory is large try setting PYTORCH_CUDA_ALLOC_CONF=expandable_segments:True to avoid fragmentation.  See documentation for Memory Management  (https://pytorch.org/docs/stable/notes/cuda.html#environment-variables)


--- worldsense/Audio Recognition ---
Traceback (most recent call last):
  File "/data/armaan/purs/eval_qwen_omni.py", line 843, in main
    pred, reasoning = run_inference(
  File "/data/armaan/purs/eval_qwen_omni.py", line 660, in run_inference
    raw_out = model.generate(**gen_in, **gen_kw)
  File "/data/armaan/venvs/omnizip_clean/lib/python3.10/site-packages/gptqmodel/models/base.py", line 1166, in generate
    return self.model.generate(inputs=inputs, **kwargs)
  File "/data/armaan/venvs/omnizip_clean/lib/python3.10/site-packages/torch/utils/_contextlib.py", line 116, in decorate_context
    return func(*args, **kwargs)
  File "/data/armaan/purs/Qwen2.5-Omni/low-VRAM-mode/modeling_qwen2_5_omni_low_VRAM_mode.py", line 4760, in generate
    thinker_result = self.thinker.generate(input_ids=input_ids, **thinker_kwargs)
  File "/data/armaan/venvs/omnizip_clean/lib/python3.10/site-packages/torch/utils/_contextlib.py", line 116, in decorate_context
    return func(*args, **kwargs)
  File "/data/armaan/venvs/omnizip_clean/lib/python3.10/site-packages/transformers/generation/utils.py", line 2597, in generate
    result = self._sample(
  File "/data/armaan/venvs/omnizip_clean/lib/python3.10/site-packages/transformers/generation/utils.py", line 3557, in _sample
    outputs = self(**model_inputs, return_dict=True)
  File "/data/armaan/venvs/omnizip_clean/lib/python3.10/site-packages/torch/nn/modules/module.py", line 1739, in _wrapped_call_impl
    return self._call_impl(*args, **kwargs)
  File "/data/armaan/venvs/omnizip_clean/lib/python3.10/site-packages/torch/nn/modules/module.py", line 1750, in _call_impl
    return forward_call(*args, **kwargs)
  File "/data/armaan/purs/Qwen2.5-Omni/low-VRAM-mode/modeling_qwen2_5_omni_low_VRAM_mode.py", line 2490, in forward
    video_embeds = self.visual(pixel_values_videos, grid_thw=video_grid_thw)
  File "/data/armaan/venvs/omnizip_clean/lib/python3.10/site-packages/torch/nn/modules/module.py", line 1739, in _wrapped_call_impl
    return self._call_impl(*args, **kwargs)
  File "/data/armaan/venvs/omnizip_clean/lib/python3.10/site-packages/torch/nn/modules/module.py", line 1750, in _call_impl
    return forward_call(*args, **kwargs)
  File "/data/armaan/purs/Qwen2.5-Omni/low-VRAM-mode/modeling_qwen2_5_omni_low_VRAM_mode.py", line 1366, in forward
    hidden_states = blk(
  File "/data/armaan/venvs/omnizip_clean/lib/python3.10/site-packages/torch/nn/modules/module.py", line 1739, in _wrapped_call_impl
    return self._call_impl(*args, **kwargs)
  File "/data/armaan/venvs/omnizip_clean/lib/python3.10/site-packages/torch/nn/modules/module.py", line 1750, in _call_impl
    return forward_call(*args, **kwargs)
  File "/data/armaan/purs/Qwen2.5-Omni/low-VRAM-mode/modeling_qwen2_5_omni_low_VRAM_mode.py", line 1155, in forward
    hidden_states = hidden_states + self.attn(
  File "/data/armaan/venvs/omnizip_clean/lib/python3.10/site-packages/torch/nn/modules/module.py", line 1739, in _wrapped_call_impl
    return self._call_impl(*args, **kwargs)
  File "/data/armaan/venvs/omnizip_clean/lib/python3.10/site-packages/torch/nn/modules/module.py", line 1750, in _call_impl
    return forward_call(*args, **kwargs)
  File "/data/armaan/purs/Qwen2.5-Omni/low-VRAM-mode/modeling_qwen2_5_omni_low_VRAM_mode.py", line 1116, in forward
    attn_output = F.scaled_dot_product_attention(q, k, v, attention_mask, dropout_p=0.0)
torch.OutOfMemoryError: CUDA out of memory. Tried to allocate 71.19 GiB. GPU 0 has a total capacity of 47.37 GiB of which 35.61 GiB is free. Including non-PyTorch memory, this process has 11.75 GiB memory in use. Of the allocated memory 11.21 GiB is allocated by PyTorch, and 44.55 MiB is reserved by PyTorch but unallocated. If reserved but unallocated memory is large try setting PYTORCH_CUDA_ALLOC_CONF=expandable_segments:True to avoid fragmentation.  See documentation for Memory Management  (https://pytorch.org/docs/stable/notes/cuda.html#environment-variables)


--- worldsense/Audio Source Localization ---
Traceback (most recent call last):
  File "/data/armaan/purs/eval_qwen_omni.py", line 843, in main
    pred, reasoning = run_inference(
  File "/data/armaan/purs/eval_qwen_omni.py", line 660, in run_inference
    raw_out = model.generate(**gen_in, **gen_kw)
  File "/data/armaan/venvs/omnizip_clean/lib/python3.10/site-packages/gptqmodel/models/base.py", line 1166, in generate
    return self.model.generate(inputs=inputs, **kwargs)
  File "/data/armaan/venvs/omnizip_clean/lib/python3.10/site-packages/torch/utils/_contextlib.py", line 116, in decorate_context
    return func(*args, **kwargs)
  File "/data/armaan/purs/Qwen2.5-Omni/low-VRAM-mode/modeling_qwen2_5_omni_low_VRAM_mode.py", line 4760, in generate
    thinker_result = self.thinker.generate(input_ids=input_ids, **thinker_kwargs)
  File "/data/armaan/venvs/omnizip_clean/lib/python3.10/site-packages/torch/utils/_contextlib.py", line 116, in decorate_context
    return func(*args, **kwargs)
  File "/data/armaan/venvs/omnizip_clean/lib/python3.10/site-packages/transformers/generation/utils.py", line 2597, in generate
    result = self._sample(
  File "/data/armaan/venvs/omnizip_clean/lib/python3.10/site-packages/transformers/generation/utils.py", line 3557, in _sample
    outputs = self(**model_inputs, return_dict=True)
  File "/data/armaan/venvs/omnizip_clean/lib/python3.10/site-packages/torch/nn/modules/module.py", line 1739, in _wrapped_call_impl
    return self._call_impl(*args, **kwargs)
  File "/data/armaan/venvs/omnizip_clean/lib/python3.10/site-packages/torch/nn/modules/module.py", line 1750, in _call_impl
    return forward_call(*args, **kwargs)
  File "/data/armaan/purs/Qwen2.5-Omni/low-VRAM-mode/modeling_qwen2_5_omni_low_VRAM_mode.py", line 2490, in forward
    video_embeds = self.visual(pixel_values_videos, grid_thw=video_grid_thw)
  File "/data/armaan/venvs/omnizip_clean/lib/python3.10/site-packages/torch/nn/modules/module.py", line 1739, in _wrapped_call_impl
    return self._call_impl(*args, **kwargs)
  File "/data/armaan/venvs/omnizip_clean/lib/python3.10/site-packages/torch/nn/modules/module.py", line 1750, in _call_impl
    return forward_call(*args, **kwargs)
  File "/data/armaan/purs/Qwen2.5-Omni/low-VRAM-mode/modeling_qwen2_5_omni_low_VRAM_mode.py", line 1366, in forward
    hidden_states = blk(
  File "/data/armaan/venvs/omnizip_clean/lib/python3.10/site-packages/torch/nn/modules/module.py", line 1739, in _wrapped_call_impl
    return self._call_impl(*args, **kwargs)
  File "/data/armaan/venvs/omnizip_clean/lib/python3.10/site-packages/torch/nn/modules/module.py", line 1750, in _call_impl
    return forward_call(*args, **kwargs)
  File "/data/armaan/purs/Qwen2.5-Omni/low-VRAM-mode/modeling_qwen2_5_omni_low_VRAM_mode.py", line 1155, in forward
    hidden_states = hidden_states + self.attn(
  File "/data/armaan/venvs/omnizip_clean/lib/python3.10/site-packages/torch/nn/modules/module.py", line 1739, in _wrapped_call_impl
    return self._call_impl(*args, **kwargs)
  File "/data/armaan/venvs/omnizip_clean/lib/python3.10/site-packages/torch/nn/modules/module.py", line 1750, in _call_impl
    return forward_call(*args, **kwargs)
  File "/data/armaan/purs/Qwen2.5-Omni/low-VRAM-mode/modeling_qwen2_5_omni_low_VRAM_mode.py", line 1116, in forward
    attn_output = F.scaled_dot_product_attention(q, k, v, attention_mask, dropout_p=0.0)
torch.OutOfMemoryError: CUDA out of memory. Tried to allocate 71.19 GiB. GPU 0 has a total capacity of 47.37 GiB of which 35.61 GiB is free. Including non-PyTorch memory, this process has 11.75 GiB memory in use. Of the allocated memory 11.21 GiB is allocated by PyTorch, and 44.81 MiB is reserved by PyTorch but unallocated. If reserved but unallocated memory is large try setting PYTORCH_CUDA_ALLOC_CONF=expandable_segments:True to avoid fragmentation.  See documentation for Memory Management  (https://pytorch.org/docs/stable/notes/cuda.html#environment-variables)


--- worldsense/Audio Source Localization ---
Traceback (most recent call last):
  File "/data/armaan/purs/eval_qwen_omni.py", line 843, in main
    pred, reasoning = run_inference(
  File "/data/armaan/purs/eval_qwen_omni.py", line 660, in run_inference
    raw_out = model.generate(**gen_in, **gen_kw)
  File "/data/armaan/venvs/omnizip_clean/lib/python3.10/site-packages/gptqmodel/models/base.py", line 1166, in generate
    return self.model.generate(inputs=inputs, **kwargs)
  File "/data/armaan/venvs/omnizip_clean/lib/python3.10/site-packages/torch/utils/_contextlib.py", line 116, in decorate_context
    return func(*args, **kwargs)
  File "/data/armaan/purs/Qwen2.5-Omni/low-VRAM-mode/modeling_qwen2_5_omni_low_VRAM_mode.py", line 4760, in generate
    thinker_result = self.thinker.generate(input_ids=input_ids, **thinker_kwargs)
  File "/data/armaan/venvs/omnizip_clean/lib/python3.10/site-packages/torch/utils/_contextlib.py", line 116, in decorate_context
    return func(*args, **kwargs)
  File "/data/armaan/venvs/omnizip_clean/lib/python3.10/site-packages/transformers/generation/utils.py", line 2597, in generate
    result = self._sample(
  File "/data/armaan/venvs/omnizip_clean/lib/python3.10/site-packages/transformers/generation/utils.py", line 3557, in _sample
    outputs = self(**model_inputs, return_dict=True)
  File "/data/armaan/venvs/omnizip_clean/lib/python3.10/site-packages/torch/nn/modules/module.py", line 1739, in _wrapped_call_impl
    return self._call_impl(*args, **kwargs)
  File "/data/armaan/venvs/omnizip_clean/lib/python3.10/site-packages/torch/nn/modules/module.py", line 1750, in _call_impl
    return forward_call(*args, **kwargs)
  File "/data/armaan/purs/Qwen2.5-Omni/low-VRAM-mode/modeling_qwen2_5_omni_low_VRAM_mode.py", line 2490, in forward
    video_embeds = self.visual(pixel_values_videos, grid_thw=video_grid_thw)
  File "/data/armaan/venvs/omnizip_clean/lib/python3.10/site-packages/torch/nn/modules/module.py", line 1739, in _wrapped_call_impl
    return self._call_impl(*args, **kwargs)
  File "/data/armaan/venvs/omnizip_clean/lib/python3.10/site-packages/torch/nn/modules/module.py", line 1750, in _call_impl
    return forward_call(*args, **kwargs)
  File "/data/armaan/purs/Qwen2.5-Omni/low-VRAM-mode/modeling_qwen2_5_omni_low_VRAM_mode.py", line 1366, in forward
    hidden_states = blk(
  File "/data/armaan/venvs/omnizip_clean/lib/python3.10/site-packages/torch/nn/modules/module.py", line 1739, in _wrapped_call_impl
    return self._call_impl(*args, **kwargs)
  File "/data/armaan/venvs/omnizip_clean/lib/python3.10/site-packages/torch/nn/modules/module.py", line 1750, in _call_impl
    return forward_call(*args, **kwargs)
  File "/data/armaan/purs/Qwen2.5-Omni/low-VRAM-mode/modeling_qwen2_5_omni_low_VRAM_mode.py", line 1155, in forward
    hidden_states = hidden_states + self.attn(
  File "/data/armaan/venvs/omnizip_clean/lib/python3.10/site-packages/torch/nn/modules/module.py", line 1739, in _wrapped_call_impl
    return self._call_impl(*args, **kwargs)
  File "/data/armaan/venvs/omnizip_clean/lib/python3.10/site-packages/torch/nn/modules/module.py", line 1750, in _call_impl
    return forward_call(*args, **kwargs)
  File "/data/armaan/purs/Qwen2.5-Omni/low-VRAM-mode/modeling_qwen2_5_omni_low_VRAM_mode.py", line 1116, in forward
    attn_output = F.scaled_dot_product_attention(q, k, v, attention_mask, dropout_p=0.0)
torch.OutOfMemoryError: CUDA out of memory. Tried to allocate 71.19 GiB. GPU 0 has a total capacity of 47.37 GiB of which 35.61 GiB is free. Including non-PyTorch memory, this process has 11.75 GiB memory in use. Of the allocated memory 11.21 GiB is allocated by PyTorch, and 44.53 MiB is reserved by PyTorch but unallocated. If reserved but unallocated memory is large try setting PYTORCH_CUDA_ALLOC_CONF=expandable_segments:True to avoid fragmentation.  See documentation for Memory Management  (https://pytorch.org/docs/stable/notes/cuda.html#environment-variables)


--- worldsense/Causal Reasoning ---
Traceback (most recent call last):
  File "/data/armaan/purs/eval_qwen_omni.py", line 843, in main
    pred, reasoning = run_inference(
  File "/data/armaan/purs/eval_qwen_omni.py", line 660, in run_inference
    raw_out = model.generate(**gen_in, **gen_kw)
  File "/data/armaan/venvs/omnizip_clean/lib/python3.10/site-packages/gptqmodel/models/base.py", line 1166, in generate
    return self.model.generate(inputs=inputs, **kwargs)
  File "/data/armaan/venvs/omnizip_clean/lib/python3.10/site-packages/torch/utils/_contextlib.py", line 116, in decorate_context
    return func(*args, **kwargs)
  File "/data/armaan/purs/Qwen2.5-Omni/low-VRAM-mode/modeling_qwen2_5_omni_low_VRAM_mode.py", line 4760, in generate
    thinker_result = self.thinker.generate(input_ids=input_ids, **thinker_kwargs)
  File "/data/armaan/venvs/omnizip_clean/lib/python3.10/site-packages/torch/utils/_contextlib.py", line 116, in decorate_context
    return func(*args, **kwargs)
  File "/data/armaan/venvs/omnizip_clean/lib/python3.10/site-packages/transformers/generation/utils.py", line 2597, in generate
    result = self._sample(
  File "/data/armaan/venvs/omnizip_clean/lib/python3.10/site-packages/transformers/generation/utils.py", line 3557, in _sample
    outputs = self(**model_inputs, return_dict=True)
  File "/data/armaan/venvs/omnizip_clean/lib/python3.10/site-packages/torch/nn/modules/module.py", line 1739, in _wrapped_call_impl
    return self._call_impl(*args, **kwargs)
  File "/data/armaan/venvs/omnizip_clean/lib/python3.10/site-packages/torch/nn/modules/module.py", line 1750, in _call_impl
    return forward_call(*args, **kwargs)
  File "/data/armaan/purs/Qwen2.5-Omni/low-VRAM-mode/modeling_qwen2_5_omni_low_VRAM_mode.py", line 2490, in forward
    video_embeds = self.visual(pixel_values_videos, grid_thw=video_grid_thw)
  File "/data/armaan/venvs/omnizip_clean/lib/python3.10/site-packages/torch/nn/modules/module.py", line 1739, in _wrapped_call_impl
    return self._call_impl(*args, **kwargs)
  File "/data/armaan/venvs/omnizip_clean/lib/python3.10/site-packages/torch/nn/modules/module.py", line 1750, in _call_impl
    return forward_call(*args, **kwargs)
  File "/data/armaan/purs/Qwen2.5-Omni/low-VRAM-mode/modeling_qwen2_5_omni_low_VRAM_mode.py", line 1366, in forward
    hidden_states = blk(
  File "/data/armaan/venvs/omnizip_clean/lib/python3.10/site-packages/torch/nn/modules/module.py", line 1739, in _wrapped_call_impl
    return self._call_impl(*args, **kwargs)
  File "/data/armaan/venvs/omnizip_clean/lib/python3.10/site-packages/torch/nn/modules/module.py", line 1750, in _call_impl
    return forward_call(*args, **kwargs)
  File "/data/armaan/purs/Qwen2.5-Omni/low-VRAM-mode/modeling_qwen2_5_omni_low_VRAM_mode.py", line 1155, in forward
    hidden_states = hidden_states + self.attn(
  File "/data/armaan/venvs/omnizip_clean/lib/python3.10/site-packages/torch/nn/modules/module.py", line 1739, in _wrapped_call_impl
    return self._call_impl(*args, **kwargs)
  File "/data/armaan/venvs/omnizip_clean/lib/python3.10/site-packages/torch/nn/modules/module.py", line 1750, in _call_impl
    return forward_call(*args, **kwargs)
  File "/data/armaan/purs/Qwen2.5-Omni/low-VRAM-mode/modeling_qwen2_5_omni_low_VRAM_mode.py", line 1116, in forward
    attn_output = F.scaled_dot_product_attention(q, k, v, attention_mask, dropout_p=0.0)
torch.OutOfMemoryError: CUDA out of memory. Tried to allocate 34.88 GiB. GPU 0 has a total capacity of 47.37 GiB of which 2.91 GiB is free. Including non-PyTorch memory, this process has 44.45 GiB memory in use. Of the allocated memory 43.86 GiB is allocated by PyTorch, and 93.29 MiB is reserved by PyTorch but unallocated. If reserved but unallocated memory is large try setting PYTORCH_CUDA_ALLOC_CONF=expandable_segments:True to avoid fragmentation.  See documentation for Memory Management  (https://pytorch.org/docs/stable/notes/cuda.html#environment-variables)


--- worldsense/Causal Reasoning ---
Traceback (most recent call last):
  File "/data/armaan/purs/eval_qwen_omni.py", line 843, in main
    pred, reasoning = run_inference(
  File "/data/armaan/purs/eval_qwen_omni.py", line 660, in run_inference
    raw_out = model.generate(**gen_in, **gen_kw)
  File "/data/armaan/venvs/omnizip_clean/lib/python3.10/site-packages/gptqmodel/models/base.py", line 1166, in generate
    return self.model.generate(inputs=inputs, **kwargs)
  File "/data/armaan/venvs/omnizip_clean/lib/python3.10/site-packages/torch/utils/_contextlib.py", line 116, in decorate_context
    return func(*args, **kwargs)
  File "/data/armaan/purs/Qwen2.5-Omni/low-VRAM-mode/modeling_qwen2_5_omni_low_VRAM_mode.py", line 4760, in generate
    thinker_result = self.thinker.generate(input_ids=input_ids, **thinker_kwargs)
  File "/data/armaan/venvs/omnizip_clean/lib/python3.10/site-packages/torch/utils/_contextlib.py", line 116, in decorate_context
    return func(*args, **kwargs)
  File "/data/armaan/venvs/omnizip_clean/lib/python3.10/site-packages/transformers/generation/utils.py", line 2597, in generate
    result = self._sample(
  File "/data/armaan/venvs/omnizip_clean/lib/python3.10/site-packages/transformers/generation/utils.py", line 3557, in _sample
    outputs = self(**model_inputs, return_dict=True)
  File "/data/armaan/venvs/omnizip_clean/lib/python3.10/site-packages/torch/nn/modules/module.py", line 1739, in _wrapped_call_impl
    return self._call_impl(*args, **kwargs)
  File "/data/armaan/venvs/omnizip_clean/lib/python3.10/site-packages/torch/nn/modules/module.py", line 1750, in _call_impl
    return forward_call(*args, **kwargs)
  File "/data/armaan/purs/Qwen2.5-Omni/low-VRAM-mode/modeling_qwen2_5_omni_low_VRAM_mode.py", line 2490, in forward
    video_embeds = self.visual(pixel_values_videos, grid_thw=video_grid_thw)
  File "/data/armaan/venvs/omnizip_clean/lib/python3.10/site-packages/torch/nn/modules/module.py", line 1739, in _wrapped_call_impl
    return self._call_impl(*args, **kwargs)
  File "/data/armaan/venvs/omnizip_clean/lib/python3.10/site-packages/torch/nn/modules/module.py", line 1750, in _call_impl
    return forward_call(*args, **kwargs)
  File "/data/armaan/purs/Qwen2.5-Omni/low-VRAM-mode/modeling_qwen2_5_omni_low_VRAM_mode.py", line 1366, in forward
    hidden_states = blk(
  File "/data/armaan/venvs/omnizip_clean/lib/python3.10/site-packages/torch/nn/modules/module.py", line 1739, in _wrapped_call_impl
    return self._call_impl(*args, **kwargs)
  File "/data/armaan/venvs/omnizip_clean/lib/python3.10/site-packages/torch/nn/modules/module.py", line 1750, in _call_impl
    return forward_call(*args, **kwargs)
  File "/data/armaan/purs/Qwen2.5-Omni/low-VRAM-mode/modeling_qwen2_5_omni_low_VRAM_mode.py", line 1155, in forward
    hidden_states = hidden_states + self.attn(
  File "/data/armaan/venvs/omnizip_clean/lib/python3.10/site-packages/torch/nn/modules/module.py", line 1739, in _wrapped_call_impl
    return self._call_impl(*args, **kwargs)
  File "/data/armaan/venvs/omnizip_clean/lib/python3.10/site-packages/torch/nn/modules/module.py", line 1750, in _call_impl
    return forward_call(*args, **kwargs)
  File "/data/armaan/purs/Qwen2.5-Omni/low-VRAM-mode/modeling_qwen2_5_omni_low_VRAM_mode.py", line 1116, in forward
    attn_output = F.scaled_dot_product_attention(q, k, v, attention_mask, dropout_p=0.0)
torch.OutOfMemoryError: CUDA out of memory. Tried to allocate 34.88 GiB. GPU 0 has a total capacity of 47.37 GiB of which 2.91 GiB is free. Including non-PyTorch memory, this process has 44.45 GiB memory in use. Of the allocated memory 43.86 GiB is allocated by PyTorch, and 93.19 MiB is reserved by PyTorch but unallocated. If reserved but unallocated memory is large try setting PYTORCH_CUDA_ALLOC_CONF=expandable_segments:True to avoid fragmentation.  See documentation for Memory Management  (https://pytorch.org/docs/stable/notes/cuda.html#environment-variables)


--- worldsense/Causal Reasoning ---
Traceback (most recent call last):
  File "/data/armaan/purs/eval_qwen_omni.py", line 843, in main
    pred, reasoning = run_inference(
  File "/data/armaan/purs/eval_qwen_omni.py", line 660, in run_inference
    raw_out = model.generate(**gen_in, **gen_kw)
  File "/data/armaan/venvs/omnizip_clean/lib/python3.10/site-packages/gptqmodel/models/base.py", line 1166, in generate
    return self.model.generate(inputs=inputs, **kwargs)
  File "/data/armaan/venvs/omnizip_clean/lib/python3.10/site-packages/torch/utils/_contextlib.py", line 116, in decorate_context
    return func(*args, **kwargs)
  File "/data/armaan/purs/Qwen2.5-Omni/low-VRAM-mode/modeling_qwen2_5_omni_low_VRAM_mode.py", line 4760, in generate
    thinker_result = self.thinker.generate(input_ids=input_ids, **thinker_kwargs)
  File "/data/armaan/venvs/omnizip_clean/lib/python3.10/site-packages/torch/utils/_contextlib.py", line 116, in decorate_context
    return func(*args, **kwargs)
  File "/data/armaan/venvs/omnizip_clean/lib/python3.10/site-packages/transformers/generation/utils.py", line 2597, in generate
    result = self._sample(
  File "/data/armaan/venvs/omnizip_clean/lib/python3.10/site-packages/transformers/generation/utils.py", line 3557, in _sample
    outputs = self(**model_inputs, return_dict=True)
  File "/data/armaan/venvs/omnizip_clean/lib/python3.10/site-packages/torch/nn/modules/module.py", line 1739, in _wrapped_call_impl
    return self._call_impl(*args, **kwargs)
  File "/data/armaan/venvs/omnizip_clean/lib/python3.10/site-packages/torch/nn/modules/module.py", line 1750, in _call_impl
    return forward_call(*args, **kwargs)
  File "/data/armaan/purs/Qwen2.5-Omni/low-VRAM-mode/modeling_qwen2_5_omni_low_VRAM_mode.py", line 2490, in forward
    video_embeds = self.visual(pixel_values_videos, grid_thw=video_grid_thw)
  File "/data/armaan/venvs/omnizip_clean/lib/python3.10/site-packages/torch/nn/modules/module.py", line 1739, in _wrapped_call_impl
    return self._call_impl(*args, **kwargs)
  File "/data/armaan/venvs/omnizip_clean/lib/python3.10/site-packages/torch/nn/modules/module.py", line 1750, in _call_impl
    return forward_call(*args, **kwargs)
  File "/data/armaan/purs/Qwen2.5-Omni/low-VRAM-mode/modeling_qwen2_5_omni_low_VRAM_mode.py", line 1366, in forward
    hidden_states = blk(
  File "/data/armaan/venvs/omnizip_clean/lib/python3.10/site-packages/torch/nn/modules/module.py", line 1739, in _wrapped_call_impl
    return self._call_impl(*args, **kwargs)
  File "/data/armaan/venvs/omnizip_clean/lib/python3.10/site-packages/torch/nn/modules/module.py", line 1750, in _call_impl
    return forward_call(*args, **kwargs)
  File "/data/armaan/purs/Qwen2.5-Omni/low-VRAM-mode/modeling_qwen2_5_omni_low_VRAM_mode.py", line 1155, in forward
    hidden_states = hidden_states + self.attn(
  File "/data/armaan/venvs/omnizip_clean/lib/python3.10/site-packages/torch/nn/modules/module.py", line 1739, in _wrapped_call_impl
    return self._call_impl(*args, **kwargs)
  File "/data/armaan/venvs/omnizip_clean/lib/python3.10/site-packages/torch/nn/modules/module.py", line 1750, in _call_impl
    return forward_call(*args, **kwargs)
  File "/data/armaan/purs/Qwen2.5-Omni/low-VRAM-mode/modeling_qwen2_5_omni_low_VRAM_mode.py", line 1116, in forward
    attn_output = F.scaled_dot_product_attention(q, k, v, attention_mask, dropout_p=0.0)
torch.OutOfMemoryError: CUDA out of memory. Tried to allocate 34.88 GiB. GPU 0 has a total capacity of 47.37 GiB of which 2.91 GiB is free. Including non-PyTorch memory, this process has 44.45 GiB memory in use. Of the allocated memory 43.86 GiB is allocated by PyTorch, and 93.27 MiB is reserved by PyTorch but unallocated. If reserved but unallocated memory is large try setting PYTORCH_CUDA_ALLOC_CONF=expandable_segments:True to avoid fragmentation.  See documentation for Memory Management  (https://pytorch.org/docs/stable/notes/cuda.html#environment-variables)


--- worldsense/Emotion Change ---
Traceback (most recent call last):
  File "/data/armaan/purs/eval_qwen_omni.py", line 843, in main
    pred, reasoning = run_inference(
  File "/data/armaan/purs/eval_qwen_omni.py", line 660, in run_inference
    raw_out = model.generate(**gen_in, **gen_kw)
  File "/data/armaan/venvs/omnizip_clean/lib/python3.10/site-packages/gptqmodel/models/base.py", line 1166, in generate
    return self.model.generate(inputs=inputs, **kwargs)
  File "/data/armaan/venvs/omnizip_clean/lib/python3.10/site-packages/torch/utils/_contextlib.py", line 116, in decorate_context
    return func(*args, **kwargs)
  File "/data/armaan/purs/Qwen2.5-Omni/low-VRAM-mode/modeling_qwen2_5_omni_low_VRAM_mode.py", line 4760, in generate
    thinker_result = self.thinker.generate(input_ids=input_ids, **thinker_kwargs)
  File "/data/armaan/venvs/omnizip_clean/lib/python3.10/site-packages/torch/utils/_contextlib.py", line 116, in decorate_context
    return func(*args, **kwargs)
  File "/data/armaan/venvs/omnizip_clean/lib/python3.10/site-packages/transformers/generation/utils.py", line 2597, in generate
    result = self._sample(
  File "/data/armaan/venvs/omnizip_clean/lib/python3.10/site-packages/transformers/generation/utils.py", line 3557, in _sample
    outputs = self(**model_inputs, return_dict=True)
  File "/data/armaan/venvs/omnizip_clean/lib/python3.10/site-packages/torch/nn/modules/module.py", line 1739, in _wrapped_call_impl
    return self._call_impl(*args, **kwargs)
  File "/data/armaan/venvs/omnizip_clean/lib/python3.10/site-packages/torch/nn/modules/module.py", line 1750, in _call_impl
    return forward_call(*args, **kwargs)
  File "/data/armaan/purs/Qwen2.5-Omni/low-VRAM-mode/modeling_qwen2_5_omni_low_VRAM_mode.py", line 2490, in forward
    video_embeds = self.visual(pixel_values_videos, grid_thw=video_grid_thw)
  File "/data/armaan/venvs/omnizip_clean/lib/python3.10/site-packages/torch/nn/modules/module.py", line 1739, in _wrapped_call_impl
    return self._call_impl(*args, **kwargs)
  File "/data/armaan/venvs/omnizip_clean/lib/python3.10/site-packages/torch/nn/modules/module.py", line 1750, in _call_impl
    return forward_call(*args, **kwargs)
  File "/data/armaan/purs/Qwen2.5-Omni/low-VRAM-mode/modeling_qwen2_5_omni_low_VRAM_mode.py", line 1366, in forward
    hidden_states = blk(
  File "/data/armaan/venvs/omnizip_clean/lib/python3.10/site-packages/torch/nn/modules/module.py", line 1739, in _wrapped_call_impl
    return self._call_impl(*args, **kwargs)
  File "/data/armaan/venvs/omnizip_clean/lib/python3.10/site-packages/torch/nn/modules/module.py", line 1750, in _call_impl
    return forward_call(*args, **kwargs)
  File "/data/armaan/purs/Qwen2.5-Omni/low-VRAM-mode/modeling_qwen2_5_omni_low_VRAM_mode.py", line 1155, in forward
    hidden_states = hidden_states + self.attn(
  File "/data/armaan/venvs/omnizip_clean/lib/python3.10/site-packages/torch/nn/modules/module.py", line 1739, in _wrapped_call_impl
    return self._call_impl(*args, **kwargs)
  File "/data/armaan/venvs/omnizip_clean/lib/python3.10/site-packages/torch/nn/modules/module.py", line 1750, in _call_impl
    return forward_call(*args, **kwargs)
  File "/data/armaan/purs/Qwen2.5-Omni/low-VRAM-mode/modeling_qwen2_5_omni_low_VRAM_mode.py", line 1116, in forward
    attn_output = F.scaled_dot_product_attention(q, k, v, attention_mask, dropout_p=0.0)
torch.OutOfMemoryError: CUDA out of memory. Tried to allocate 76.56 GiB. GPU 0 has a total capacity of 47.37 GiB of which 35.28 GiB is free. Including non-PyTorch memory, this process has 12.09 GiB memory in use. Of the allocated memory 11.52 GiB is allocated by PyTorch, and 68.88 MiB is reserved by PyTorch but unallocated. If reserved but unallocated memory is large try setting PYTORCH_CUDA_ALLOC_CONF=expandable_segments:True to avoid fragmentation.  See documentation for Memory Management  (https://pytorch.org/docs/stable/notes/cuda.html#environment-variables)


--- worldsense/Emotion Change ---
Traceback (most recent call last):
  File "/data/armaan/purs/eval_qwen_omni.py", line 843, in main
    pred, reasoning = run_inference(
  File "/data/armaan/purs/eval_qwen_omni.py", line 660, in run_inference
    raw_out = model.generate(**gen_in, **gen_kw)
  File "/data/armaan/venvs/omnizip_clean/lib/python3.10/site-packages/gptqmodel/models/base.py", line 1166, in generate
    return self.model.generate(inputs=inputs, **kwargs)
  File "/data/armaan/venvs/omnizip_clean/lib/python3.10/site-packages/torch/utils/_contextlib.py", line 116, in decorate_context
    return func(*args, **kwargs)
  File "/data/armaan/purs/Qwen2.5-Omni/low-VRAM-mode/modeling_qwen2_5_omni_low_VRAM_mode.py", line 4760, in generate
    thinker_result = self.thinker.generate(input_ids=input_ids, **thinker_kwargs)
  File "/data/armaan/venvs/omnizip_clean/lib/python3.10/site-packages/torch/utils/_contextlib.py", line 116, in decorate_context
    return func(*args, **kwargs)
  File "/data/armaan/venvs/omnizip_clean/lib/python3.10/site-packages/transformers/generation/utils.py", line 2597, in generate
    result = self._sample(
  File "/data/armaan/venvs/omnizip_clean/lib/python3.10/site-packages/transformers/generation/utils.py", line 3557, in _sample
    outputs = self(**model_inputs, return_dict=True)
  File "/data/armaan/venvs/omnizip_clean/lib/python3.10/site-packages/torch/nn/modules/module.py", line 1739, in _wrapped_call_impl
    return self._call_impl(*args, **kwargs)
  File "/data/armaan/venvs/omnizip_clean/lib/python3.10/site-packages/torch/nn/modules/module.py", line 1750, in _call_impl
    return forward_call(*args, **kwargs)
  File "/data/armaan/purs/Qwen2.5-Omni/low-VRAM-mode/modeling_qwen2_5_omni_low_VRAM_mode.py", line 2490, in forward
    video_embeds = self.visual(pixel_values_videos, grid_thw=video_grid_thw)
  File "/data/armaan/venvs/omnizip_clean/lib/python3.10/site-packages/torch/nn/modules/module.py", line 1739, in _wrapped_call_impl
    return self._call_impl(*args, **kwargs)
  File "/data/armaan/venvs/omnizip_clean/lib/python3.10/site-packages/torch/nn/modules/module.py", line 1750, in _call_impl
    return forward_call(*args, **kwargs)
  File "/data/armaan/purs/Qwen2.5-Omni/low-VRAM-mode/modeling_qwen2_5_omni_low_VRAM_mode.py", line 1366, in forward
    hidden_states = blk(
  File "/data/armaan/venvs/omnizip_clean/lib/python3.10/site-packages/torch/nn/modules/module.py", line 1739, in _wrapped_call_impl
    return self._call_impl(*args, **kwargs)
  File "/data/armaan/venvs/omnizip_clean/lib/python3.10/site-packages/torch/nn/modules/module.py", line 1750, in _call_impl
    return forward_call(*args, **kwargs)
  File "/data/armaan/purs/Qwen2.5-Omni/low-VRAM-mode/modeling_qwen2_5_omni_low_VRAM_mode.py", line 1155, in forward
    hidden_states = hidden_states + self.attn(
  File "/data/armaan/venvs/omnizip_clean/lib/python3.10/site-packages/torch/nn/modules/module.py", line 1739, in _wrapped_call_impl
    return self._call_impl(*args, **kwargs)
  File "/data/armaan/venvs/omnizip_clean/lib/python3.10/site-packages/torch/nn/modules/module.py", line 1750, in _call_impl
    return forward_call(*args, **kwargs)
  File "/data/armaan/purs/Qwen2.5-Omni/low-VRAM-mode/modeling_qwen2_5_omni_low_VRAM_mode.py", line 1116, in forward
    attn_output = F.scaled_dot_product_attention(q, k, v, attention_mask, dropout_p=0.0)
torch.OutOfMemoryError: CUDA out of memory. Tried to allocate 76.56 GiB. GPU 0 has a total capacity of 47.37 GiB of which 35.28 GiB is free. Including non-PyTorch memory, this process has 12.09 GiB memory in use. Of the allocated memory 11.52 GiB is allocated by PyTorch, and 68.83 MiB is reserved by PyTorch but unallocated. If reserved but unallocated memory is large try setting PYTORCH_CUDA_ALLOC_CONF=expandable_segments:True to avoid fragmentation.  See documentation for Memory Management  (https://pytorch.org/docs/stable/notes/cuda.html#environment-variables)


--- worldsense/Event Recognition ---
Traceback (most recent call last):
  File "/data/armaan/purs/eval_qwen_omni.py", line 843, in main
    pred, reasoning = run_inference(
  File "/data/armaan/purs/eval_qwen_omni.py", line 660, in run_inference
    raw_out = model.generate(**gen_in, **gen_kw)
  File "/data/armaan/venvs/omnizip_clean/lib/python3.10/site-packages/gptqmodel/models/base.py", line 1166, in generate
    return self.model.generate(inputs=inputs, **kwargs)
  File "/data/armaan/venvs/omnizip_clean/lib/python3.10/site-packages/torch/utils/_contextlib.py", line 116, in decorate_context
    return func(*args, **kwargs)
  File "/data/armaan/purs/Qwen2.5-Omni/low-VRAM-mode/modeling_qwen2_5_omni_low_VRAM_mode.py", line 4760, in generate
    thinker_result = self.thinker.generate(input_ids=input_ids, **thinker_kwargs)
  File "/data/armaan/venvs/omnizip_clean/lib/python3.10/site-packages/torch/utils/_contextlib.py", line 116, in decorate_context
    return func(*args, **kwargs)
  File "/data/armaan/venvs/omnizip_clean/lib/python3.10/site-packages/transformers/generation/utils.py", line 2597, in generate
    result = self._sample(
  File "/data/armaan/venvs/omnizip_clean/lib/python3.10/site-packages/transformers/generation/utils.py", line 3557, in _sample
    outputs = self(**model_inputs, return_dict=True)
  File "/data/armaan/venvs/omnizip_clean/lib/python3.10/site-packages/torch/nn/modules/module.py", line 1739, in _wrapped_call_impl
    return self._call_impl(*args, **kwargs)
  File "/data/armaan/venvs/omnizip_clean/lib/python3.10/site-packages/torch/nn/modules/module.py", line 1750, in _call_impl
    return forward_call(*args, **kwargs)
  File "/data/armaan/purs/Qwen2.5-Omni/low-VRAM-mode/modeling_qwen2_5_omni_low_VRAM_mode.py", line 2490, in forward
    video_embeds = self.visual(pixel_values_videos, grid_thw=video_grid_thw)
  File "/data/armaan/venvs/omnizip_clean/lib/python3.10/site-packages/torch/nn/modules/module.py", line 1739, in _wrapped_call_impl
    return self._call_impl(*args, **kwargs)
  File "/data/armaan/venvs/omnizip_clean/lib/python3.10/site-packages/torch/nn/modules/module.py", line 1750, in _call_impl
    return forward_call(*args, **kwargs)
  File "/data/armaan/purs/Qwen2.5-Omni/low-VRAM-mode/modeling_qwen2_5_omni_low_VRAM_mode.py", line 1366, in forward
    hidden_states = blk(
  File "/data/armaan/venvs/omnizip_clean/lib/python3.10/site-packages/torch/nn/modules/module.py", line 1739, in _wrapped_call_impl
    return self._call_impl(*args, **kwargs)
  File "/data/armaan/venvs/omnizip_clean/lib/python3.10/site-packages/torch/nn/modules/module.py", line 1750, in _call_impl
    return forward_call(*args, **kwargs)
  File "/data/armaan/purs/Qwen2.5-Omni/low-VRAM-mode/modeling_qwen2_5_omni_low_VRAM_mode.py", line 1155, in forward
    hidden_states = hidden_states + self.attn(
  File "/data/armaan/venvs/omnizip_clean/lib/python3.10/site-packages/torch/nn/modules/module.py", line 1739, in _wrapped_call_impl
    return self._call_impl(*args, **kwargs)
  File "/data/armaan/venvs/omnizip_clean/lib/python3.10/site-packages/torch/nn/modules/module.py", line 1750, in _call_impl
    return forward_call(*args, **kwargs)
  File "/data/armaan/purs/Qwen2.5-Omni/low-VRAM-mode/modeling_qwen2_5_omni_low_VRAM_mode.py", line 1116, in forward
    attn_output = F.scaled_dot_product_attention(q, k, v, attention_mask, dropout_p=0.0)
torch.OutOfMemoryError: CUDA out of memory. Tried to allocate 51.44 GiB. GPU 0 has a total capacity of 47.37 GiB of which 36.72 GiB is free. Including non-PyTorch memory, this process has 10.64 GiB memory in use. Of the allocated memory 10.07 GiB is allocated by PyTorch, and 67.31 MiB is reserved by PyTorch but unallocated. If reserved but unallocated memory is large try setting PYTORCH_CUDA_ALLOC_CONF=expandable_segments:True to avoid fragmentation.  See documentation for Memory Management  (https://pytorch.org/docs/stable/notes/cuda.html#environment-variables)


--- worldsense/Event Recognition ---
Traceback (most recent call last):
  File "/data/armaan/purs/eval_qwen_omni.py", line 843, in main
    pred, reasoning = run_inference(
  File "/data/armaan/purs/eval_qwen_omni.py", line 660, in run_inference
    raw_out = model.generate(**gen_in, **gen_kw)
  File "/data/armaan/venvs/omnizip_clean/lib/python3.10/site-packages/gptqmodel/models/base.py", line 1166, in generate
    return self.model.generate(inputs=inputs, **kwargs)
  File "/data/armaan/venvs/omnizip_clean/lib/python3.10/site-packages/torch/utils/_contextlib.py", line 116, in decorate_context
    return func(*args, **kwargs)
  File "/data/armaan/purs/Qwen2.5-Omni/low-VRAM-mode/modeling_qwen2_5_omni_low_VRAM_mode.py", line 4760, in generate
    thinker_result = self.thinker.generate(input_ids=input_ids, **thinker_kwargs)
  File "/data/armaan/venvs/omnizip_clean/lib/python3.10/site-packages/torch/utils/_contextlib.py", line 116, in decorate_context
    return func(*args, **kwargs)
  File "/data/armaan/venvs/omnizip_clean/lib/python3.10/site-packages/transformers/generation/utils.py", line 2597, in generate
    result = self._sample(
  File "/data/armaan/venvs/omnizip_clean/lib/python3.10/site-packages/transformers/generation/utils.py", line 3557, in _sample
    outputs = self(**model_inputs, return_dict=True)
  File "/data/armaan/venvs/omnizip_clean/lib/python3.10/site-packages/torch/nn/modules/module.py", line 1739, in _wrapped_call_impl
    return self._call_impl(*args, **kwargs)
  File "/data/armaan/venvs/omnizip_clean/lib/python3.10/site-packages/torch/nn/modules/module.py", line 1750, in _call_impl
    return forward_call(*args, **kwargs)
  File "/data/armaan/purs/Qwen2.5-Omni/low-VRAM-mode/modeling_qwen2_5_omni_low_VRAM_mode.py", line 2490, in forward
    video_embeds = self.visual(pixel_values_videos, grid_thw=video_grid_thw)
  File "/data/armaan/venvs/omnizip_clean/lib/python3.10/site-packages/torch/nn/modules/module.py", line 1739, in _wrapped_call_impl
    return self._call_impl(*args, **kwargs)
  File "/data/armaan/venvs/omnizip_clean/lib/python3.10/site-packages/torch/nn/modules/module.py", line 1750, in _call_impl
    return forward_call(*args, **kwargs)
  File "/data/armaan/purs/Qwen2.5-Omni/low-VRAM-mode/modeling_qwen2_5_omni_low_VRAM_mode.py", line 1366, in forward
    hidden_states = blk(
  File "/data/armaan/venvs/omnizip_clean/lib/python3.10/site-packages/torch/nn/modules/module.py", line 1739, in _wrapped_call_impl
    return self._call_impl(*args, **kwargs)
  File "/data/armaan/venvs/omnizip_clean/lib/python3.10/site-packages/torch/nn/modules/module.py", line 1750, in _call_impl
    return forward_call(*args, **kwargs)
  File "/data/armaan/purs/Qwen2.5-Omni/low-VRAM-mode/modeling_qwen2_5_omni_low_VRAM_mode.py", line 1155, in forward
    hidden_states = hidden_states + self.attn(
  File "/data/armaan/venvs/omnizip_clean/lib/python3.10/site-packages/torch/nn/modules/module.py", line 1739, in _wrapped_call_impl
    return self._call_impl(*args, **kwargs)
  File "/data/armaan/venvs/omnizip_clean/lib/python3.10/site-packages/torch/nn/modules/module.py", line 1750, in _call_impl
    return forward_call(*args, **kwargs)
  File "/data/armaan/purs/Qwen2.5-Omni/low-VRAM-mode/modeling_qwen2_5_omni_low_VRAM_mode.py", line 1116, in forward
    attn_output = F.scaled_dot_product_attention(q, k, v, attention_mask, dropout_p=0.0)
torch.OutOfMemoryError: CUDA out of memory. Tried to allocate 51.44 GiB. GPU 0 has a total capacity of 47.37 GiB of which 36.72 GiB is free. Including non-PyTorch memory, this process has 10.64 GiB memory in use. Of the allocated memory 10.07 GiB is allocated by PyTorch, and 66.95 MiB is reserved by PyTorch but unallocated. If reserved but unallocated memory is large try setting PYTORCH_CUDA_ALLOC_CONF=expandable_segments:True to avoid fragmentation.  See documentation for Memory Management  (https://pytorch.org/docs/stable/notes/cuda.html#environment-variables)


--- worldsense/Event Recognition ---
Traceback (most recent call last):
  File "/data/armaan/purs/eval_qwen_omni.py", line 843, in main
    pred, reasoning = run_inference(
  File "/data/armaan/purs/eval_qwen_omni.py", line 660, in run_inference
    raw_out = model.generate(**gen_in, **gen_kw)
  File "/data/armaan/venvs/omnizip_clean/lib/python3.10/site-packages/gptqmodel/models/base.py", line 1166, in generate
    return self.model.generate(inputs=inputs, **kwargs)
  File "/data/armaan/venvs/omnizip_clean/lib/python3.10/site-packages/torch/utils/_contextlib.py", line 116, in decorate_context
    return func(*args, **kwargs)
  File "/data/armaan/purs/Qwen2.5-Omni/low-VRAM-mode/modeling_qwen2_5_omni_low_VRAM_mode.py", line 4760, in generate
    thinker_result = self.thinker.generate(input_ids=input_ids, **thinker_kwargs)
  File "/data/armaan/venvs/omnizip_clean/lib/python3.10/site-packages/torch/utils/_contextlib.py", line 116, in decorate_context
    return func(*args, **kwargs)
  File "/data/armaan/venvs/omnizip_clean/lib/python3.10/site-packages/transformers/generation/utils.py", line 2597, in generate
    result = self._sample(
  File "/data/armaan/venvs/omnizip_clean/lib/python3.10/site-packages/transformers/generation/utils.py", line 3557, in _sample
    outputs = self(**model_inputs, return_dict=True)
  File "/data/armaan/venvs/omnizip_clean/lib/python3.10/site-packages/torch/nn/modules/module.py", line 1739, in _wrapped_call_impl
    return self._call_impl(*args, **kwargs)
  File "/data/armaan/venvs/omnizip_clean/lib/python3.10/site-packages/torch/nn/modules/module.py", line 1750, in _call_impl
    return forward_call(*args, **kwargs)
  File "/data/armaan/purs/Qwen2.5-Omni/low-VRAM-mode/modeling_qwen2_5_omni_low_VRAM_mode.py", line 2490, in forward
    video_embeds = self.visual(pixel_values_videos, grid_thw=video_grid_thw)
  File "/data/armaan/venvs/omnizip_clean/lib/python3.10/site-packages/torch/nn/modules/module.py", line 1739, in _wrapped_call_impl
    return self._call_impl(*args, **kwargs)
  File "/data/armaan/venvs/omnizip_clean/lib/python3.10/site-packages/torch/nn/modules/module.py", line 1750, in _call_impl
    return forward_call(*args, **kwargs)
  File "/data/armaan/purs/Qwen2.5-Omni/low-VRAM-mode/modeling_qwen2_5_omni_low_VRAM_mode.py", line 1366, in forward
    hidden_states = blk(
  File "/data/armaan/venvs/omnizip_clean/lib/python3.10/site-packages/torch/nn/modules/module.py", line 1739, in _wrapped_call_impl
    return self._call_impl(*args, **kwargs)
  File "/data/armaan/venvs/omnizip_clean/lib/python3.10/site-packages/torch/nn/modules/module.py", line 1750, in _call_impl
    return forward_call(*args, **kwargs)
  File "/data/armaan/purs/Qwen2.5-Omni/low-VRAM-mode/modeling_qwen2_5_omni_low_VRAM_mode.py", line 1155, in forward
    hidden_states = hidden_states + self.attn(
  File "/data/armaan/venvs/omnizip_clean/lib/python3.10/site-packages/torch/nn/modules/module.py", line 1739, in _wrapped_call_impl
    return self._call_impl(*args, **kwargs)
  File "/data/armaan/venvs/omnizip_clean/lib/python3.10/site-packages/torch/nn/modules/module.py", line 1750, in _call_impl
    return forward_call(*args, **kwargs)
  File "/data/armaan/purs/Qwen2.5-Omni/low-VRAM-mode/modeling_qwen2_5_omni_low_VRAM_mode.py", line 1116, in forward
    attn_output = F.scaled_dot_product_attention(q, k, v, attention_mask, dropout_p=0.0)
torch.OutOfMemoryError: CUDA out of memory. Tried to allocate 51.44 GiB. GPU 0 has a total capacity of 47.37 GiB of which 36.72 GiB is free. Including non-PyTorch memory, this process has 10.64 GiB memory in use. Of the allocated memory 10.07 GiB is allocated by PyTorch, and 67.16 MiB is reserved by PyTorch but unallocated. If reserved but unallocated memory is large try setting PYTORCH_CUDA_ALLOC_CONF=expandable_segments:True to avoid fragmentation.  See documentation for Memory Management  (https://pytorch.org/docs/stable/notes/cuda.html#environment-variables)


--- worldsense/Event Recognition ---
Traceback (most recent call last):
  File "/data/armaan/purs/eval_qwen_omni.py", line 843, in main
    pred, reasoning = run_inference(
  File "/data/armaan/purs/eval_qwen_omni.py", line 660, in run_inference
    raw_out = model.generate(**gen_in, **gen_kw)
  File "/data/armaan/venvs/omnizip_clean/lib/python3.10/site-packages/gptqmodel/models/base.py", line 1166, in generate
    return self.model.generate(inputs=inputs, **kwargs)
  File "/data/armaan/venvs/omnizip_clean/lib/python3.10/site-packages/torch/utils/_contextlib.py", line 116, in decorate_context
    return func(*args, **kwargs)
  File "/data/armaan/purs/Qwen2.5-Omni/low-VRAM-mode/modeling_qwen2_5_omni_low_VRAM_mode.py", line 4760, in generate
    thinker_result = self.thinker.generate(input_ids=input_ids, **thinker_kwargs)
  File "/data/armaan/venvs/omnizip_clean/lib/python3.10/site-packages/torch/utils/_contextlib.py", line 116, in decorate_context
    return func(*args, **kwargs)
  File "/data/armaan/venvs/omnizip_clean/lib/python3.10/site-packages/transformers/generation/utils.py", line 2597, in generate
    result = self._sample(
  File "/data/armaan/venvs/omnizip_clean/lib/python3.10/site-packages/transformers/generation/utils.py", line 3557, in _sample
    outputs = self(**model_inputs, return_dict=True)
  File "/data/armaan/venvs/omnizip_clean/lib/python3.10/site-packages/torch/nn/modules/module.py", line 1739, in _wrapped_call_impl
    return self._call_impl(*args, **kwargs)
  File "/data/armaan/venvs/omnizip_clean/lib/python3.10/site-packages/torch/nn/modules/module.py", line 1750, in _call_impl
    return forward_call(*args, **kwargs)
  File "/data/armaan/purs/Qwen2.5-Omni/low-VRAM-mode/modeling_qwen2_5_omni_low_VRAM_mode.py", line 2490, in forward
    video_embeds = self.visual(pixel_values_videos, grid_thw=video_grid_thw)
  File "/data/armaan/venvs/omnizip_clean/lib/python3.10/site-packages/torch/nn/modules/module.py", line 1739, in _wrapped_call_impl
    return self._call_impl(*args, **kwargs)
  File "/data/armaan/venvs/omnizip_clean/lib/python3.10/site-packages/torch/nn/modules/module.py", line 1750, in _call_impl
    return forward_call(*args, **kwargs)
  File "/data/armaan/purs/Qwen2.5-Omni/low-VRAM-mode/modeling_qwen2_5_omni_low_VRAM_mode.py", line 1366, in forward
    hidden_states = blk(
  File "/data/armaan/venvs/omnizip_clean/lib/python3.10/site-packages/torch/nn/modules/module.py", line 1739, in _wrapped_call_impl
    return self._call_impl(*args, **kwargs)
  File "/data/armaan/venvs/omnizip_clean/lib/python3.10/site-packages/torch/nn/modules/module.py", line 1750, in _call_impl
    return forward_call(*args, **kwargs)
  File "/data/armaan/purs/Qwen2.5-Omni/low-VRAM-mode/modeling_qwen2_5_omni_low_VRAM_mode.py", line 1155, in forward
    hidden_states = hidden_states + self.attn(
  File "/data/armaan/venvs/omnizip_clean/lib/python3.10/site-packages/torch/nn/modules/module.py", line 1739, in _wrapped_call_impl
    return self._call_impl(*args, **kwargs)
  File "/data/armaan/venvs/omnizip_clean/lib/python3.10/site-packages/torch/nn/modules/module.py", line 1750, in _call_impl
    return forward_call(*args, **kwargs)
  File "/data/armaan/purs/Qwen2.5-Omni/low-VRAM-mode/modeling_qwen2_5_omni_low_VRAM_mode.py", line 1116, in forward
    attn_output = F.scaled_dot_product_attention(q, k, v, attention_mask, dropout_p=0.0)
torch.OutOfMemoryError: CUDA out of memory. Tried to allocate 51.44 GiB. GPU 0 has a total capacity of 47.37 GiB of which 36.72 GiB is free. Including non-PyTorch memory, this process has 10.64 GiB memory in use. Of the allocated memory 10.07 GiB is allocated by PyTorch, and 67.26 MiB is reserved by PyTorch but unallocated. If reserved but unallocated memory is large try setting PYTORCH_CUDA_ALLOC_CONF=expandable_segments:True to avoid fragmentation.  See documentation for Memory Management  (https://pytorch.org/docs/stable/notes/cuda.html#environment-variables)


--- worldsense/Event Sorting ---
Traceback (most recent call last):
  File "/data/armaan/purs/eval_qwen_omni.py", line 843, in main
    pred, reasoning = run_inference(
  File "/data/armaan/purs/eval_qwen_omni.py", line 660, in run_inference
    raw_out = model.generate(**gen_in, **gen_kw)
  File "/data/armaan/venvs/omnizip_clean/lib/python3.10/site-packages/gptqmodel/models/base.py", line 1166, in generate
    return self.model.generate(inputs=inputs, **kwargs)
  File "/data/armaan/venvs/omnizip_clean/lib/python3.10/site-packages/torch/utils/_contextlib.py", line 116, in decorate_context
    return func(*args, **kwargs)
  File "/data/armaan/purs/Qwen2.5-Omni/low-VRAM-mode/modeling_qwen2_5_omni_low_VRAM_mode.py", line 4760, in generate
    thinker_result = self.thinker.generate(input_ids=input_ids, **thinker_kwargs)
  File "/data/armaan/venvs/omnizip_clean/lib/python3.10/site-packages/torch/utils/_contextlib.py", line 116, in decorate_context
    return func(*args, **kwargs)
  File "/data/armaan/venvs/omnizip_clean/lib/python3.10/site-packages/transformers/generation/utils.py", line 2597, in generate
    result = self._sample(
  File "/data/armaan/venvs/omnizip_clean/lib/python3.10/site-packages/transformers/generation/utils.py", line 3557, in _sample
    outputs = self(**model_inputs, return_dict=True)
  File "/data/armaan/venvs/omnizip_clean/lib/python3.10/site-packages/torch/nn/modules/module.py", line 1739, in _wrapped_call_impl
    return self._call_impl(*args, **kwargs)
  File "/data/armaan/venvs/omnizip_clean/lib/python3.10/site-packages/torch/nn/modules/module.py", line 1750, in _call_impl
    return forward_call(*args, **kwargs)
  File "/data/armaan/purs/Qwen2.5-Omni/low-VRAM-mode/modeling_qwen2_5_omni_low_VRAM_mode.py", line 2490, in forward
    video_embeds = self.visual(pixel_values_videos, grid_thw=video_grid_thw)
  File "/data/armaan/venvs/omnizip_clean/lib/python3.10/site-packages/torch/nn/modules/module.py", line 1739, in _wrapped_call_impl
    return self._call_impl(*args, **kwargs)
  File "/data/armaan/venvs/omnizip_clean/lib/python3.10/site-packages/torch/nn/modules/module.py", line 1750, in _call_impl
    return forward_call(*args, **kwargs)
  File "/data/armaan/purs/Qwen2.5-Omni/low-VRAM-mode/modeling_qwen2_5_omni_low_VRAM_mode.py", line 1366, in forward
    hidden_states = blk(
  File "/data/armaan/venvs/omnizip_clean/lib/python3.10/site-packages/torch/nn/modules/module.py", line 1739, in _wrapped_call_impl
    return self._call_impl(*args, **kwargs)
  File "/data/armaan/venvs/omnizip_clean/lib/python3.10/site-packages/torch/nn/modules/module.py", line 1750, in _call_impl
    return forward_call(*args, **kwargs)
  File "/data/armaan/purs/Qwen2.5-Omni/low-VRAM-mode/modeling_qwen2_5_omni_low_VRAM_mode.py", line 1155, in forward
    hidden_states = hidden_states + self.attn(
  File "/data/armaan/venvs/omnizip_clean/lib/python3.10/site-packages/torch/nn/modules/module.py", line 1739, in _wrapped_call_impl
    return self._call_impl(*args, **kwargs)
  File "/data/armaan/venvs/omnizip_clean/lib/python3.10/site-packages/torch/nn/modules/module.py", line 1750, in _call_impl
    return forward_call(*args, **kwargs)
  File "/data/armaan/purs/Qwen2.5-Omni/low-VRAM-mode/modeling_qwen2_5_omni_low_VRAM_mode.py", line 1116, in forward
    attn_output = F.scaled_dot_product_attention(q, k, v, attention_mask, dropout_p=0.0)
torch.OutOfMemoryError: CUDA out of memory. Tried to allocate 81.00 GiB. GPU 0 has a total capacity of 47.37 GiB of which 35.02 GiB is free. Including non-PyTorch memory, this process has 12.34 GiB memory in use. Of the allocated memory 11.77 GiB is allocated by PyTorch, and 73.12 MiB is reserved by PyTorch but unallocated. If reserved but unallocated memory is large try setting PYTORCH_CUDA_ALLOC_CONF=expandable_segments:True to avoid fragmentation.  See documentation for Memory Management  (https://pytorch.org/docs/stable/notes/cuda.html#environment-variables)


--- worldsense/Event Sorting ---
Traceback (most recent call last):
  File "/data/armaan/purs/eval_qwen_omni.py", line 843, in main
    pred, reasoning = run_inference(
  File "/data/armaan/purs/eval_qwen_omni.py", line 660, in run_inference
    raw_out = model.generate(**gen_in, **gen_kw)
  File "/data/armaan/venvs/omnizip_clean/lib/python3.10/site-packages/gptqmodel/models/base.py", line 1166, in generate
    return self.model.generate(inputs=inputs, **kwargs)
  File "/data/armaan/venvs/omnizip_clean/lib/python3.10/site-packages/torch/utils/_contextlib.py", line 116, in decorate_context
    return func(*args, **kwargs)
  File "/data/armaan/purs/Qwen2.5-Omni/low-VRAM-mode/modeling_qwen2_5_omni_low_VRAM_mode.py", line 4760, in generate
    thinker_result = self.thinker.generate(input_ids=input_ids, **thinker_kwargs)
  File "/data/armaan/venvs/omnizip_clean/lib/python3.10/site-packages/torch/utils/_contextlib.py", line 116, in decorate_context
    return func(*args, **kwargs)
  File "/data/armaan/venvs/omnizip_clean/lib/python3.10/site-packages/transformers/generation/utils.py", line 2597, in generate
    result = self._sample(
  File "/data/armaan/venvs/omnizip_clean/lib/python3.10/site-packages/transformers/generation/utils.py", line 3557, in _sample
    outputs = self(**model_inputs, return_dict=True)
  File "/data/armaan/venvs/omnizip_clean/lib/python3.10/site-packages/torch/nn/modules/module.py", line 1739, in _wrapped_call_impl
    return self._call_impl(*args, **kwargs)
  File "/data/armaan/venvs/omnizip_clean/lib/python3.10/site-packages/torch/nn/modules/module.py", line 1750, in _call_impl
    return forward_call(*args, **kwargs)
  File "/data/armaan/purs/Qwen2.5-Omni/low-VRAM-mode/modeling_qwen2_5_omni_low_VRAM_mode.py", line 2490, in forward
    video_embeds = self.visual(pixel_values_videos, grid_thw=video_grid_thw)
  File "/data/armaan/venvs/omnizip_clean/lib/python3.10/site-packages/torch/nn/modules/module.py", line 1739, in _wrapped_call_impl
    return self._call_impl(*args, **kwargs)
  File "/data/armaan/venvs/omnizip_clean/lib/python3.10/site-packages/torch/nn/modules/module.py", line 1750, in _call_impl
    return forward_call(*args, **kwargs)
  File "/data/armaan/purs/Qwen2.5-Omni/low-VRAM-mode/modeling_qwen2_5_omni_low_VRAM_mode.py", line 1366, in forward
    hidden_states = blk(
  File "/data/armaan/venvs/omnizip_clean/lib/python3.10/site-packages/torch/nn/modules/module.py", line 1739, in _wrapped_call_impl
    return self._call_impl(*args, **kwargs)
  File "/data/armaan/venvs/omnizip_clean/lib/python3.10/site-packages/torch/nn/modules/module.py", line 1750, in _call_impl
    return forward_call(*args, **kwargs)
  File "/data/armaan/purs/Qwen2.5-Omni/low-VRAM-mode/modeling_qwen2_5_omni_low_VRAM_mode.py", line 1155, in forward
    hidden_states = hidden_states + self.attn(
  File "/data/armaan/venvs/omnizip_clean/lib/python3.10/site-packages/torch/nn/modules/module.py", line 1739, in _wrapped_call_impl
    return self._call_impl(*args, **kwargs)
  File "/data/armaan/venvs/omnizip_clean/lib/python3.10/site-packages/torch/nn/modules/module.py", line 1750, in _call_impl
    return forward_call(*args, **kwargs)
  File "/data/armaan/purs/Qwen2.5-Omni/low-VRAM-mode/modeling_qwen2_5_omni_low_VRAM_mode.py", line 1116, in forward
    attn_output = F.scaled_dot_product_attention(q, k, v, attention_mask, dropout_p=0.0)
torch.OutOfMemoryError: CUDA out of memory. Tried to allocate 81.00 GiB. GPU 0 has a total capacity of 47.37 GiB of which 35.06 GiB is free. Including non-PyTorch memory, this process has 12.30 GiB memory in use. Of the allocated memory 11.77 GiB is allocated by PyTorch, and 32.75 MiB is reserved by PyTorch but unallocated. If reserved but unallocated memory is large try setting PYTORCH_CUDA_ALLOC_CONF=expandable_segments:True to avoid fragmentation.  See documentation for Memory Management  (https://pytorch.org/docs/stable/notes/cuda.html#environment-variables)


--- worldsense/Event Sorting ---
Traceback (most recent call last):
  File "/data/armaan/purs/eval_qwen_omni.py", line 843, in main
    pred, reasoning = run_inference(
  File "/data/armaan/purs/eval_qwen_omni.py", line 660, in run_inference
    raw_out = model.generate(**gen_in, **gen_kw)
  File "/data/armaan/venvs/omnizip_clean/lib/python3.10/site-packages/gptqmodel/models/base.py", line 1166, in generate
    return self.model.generate(inputs=inputs, **kwargs)
  File "/data/armaan/venvs/omnizip_clean/lib/python3.10/site-packages/torch/utils/_contextlib.py", line 116, in decorate_context
    return func(*args, **kwargs)
  File "/data/armaan/purs/Qwen2.5-Omni/low-VRAM-mode/modeling_qwen2_5_omni_low_VRAM_mode.py", line 4760, in generate
    thinker_result = self.thinker.generate(input_ids=input_ids, **thinker_kwargs)
  File "/data/armaan/venvs/omnizip_clean/lib/python3.10/site-packages/torch/utils/_contextlib.py", line 116, in decorate_context
    return func(*args, **kwargs)
  File "/data/armaan/venvs/omnizip_clean/lib/python3.10/site-packages/transformers/generation/utils.py", line 2597, in generate
    result = self._sample(
  File "/data/armaan/venvs/omnizip_clean/lib/python3.10/site-packages/transformers/generation/utils.py", line 3557, in _sample
    outputs = self(**model_inputs, return_dict=True)
  File "/data/armaan/venvs/omnizip_clean/lib/python3.10/site-packages/torch/nn/modules/module.py", line 1739, in _wrapped_call_impl
    return self._call_impl(*args, **kwargs)
  File "/data/armaan/venvs/omnizip_clean/lib/python3.10/site-packages/torch/nn/modules/module.py", line 1750, in _call_impl
    return forward_call(*args, **kwargs)
  File "/data/armaan/purs/Qwen2.5-Omni/low-VRAM-mode/modeling_qwen2_5_omni_low_VRAM_mode.py", line 2490, in forward
    video_embeds = self.visual(pixel_values_videos, grid_thw=video_grid_thw)
  File "/data/armaan/venvs/omnizip_clean/lib/python3.10/site-packages/torch/nn/modules/module.py", line 1739, in _wrapped_call_impl
    return self._call_impl(*args, **kwargs)
  File "/data/armaan/venvs/omnizip_clean/lib/python3.10/site-packages/torch/nn/modules/module.py", line 1750, in _call_impl
    return forward_call(*args, **kwargs)
  File "/data/armaan/purs/Qwen2.5-Omni/low-VRAM-mode/modeling_qwen2_5_omni_low_VRAM_mode.py", line 1366, in forward
    hidden_states = blk(
  File "/data/armaan/venvs/omnizip_clean/lib/python3.10/site-packages/torch/nn/modules/module.py", line 1739, in _wrapped_call_impl
    return self._call_impl(*args, **kwargs)
  File "/data/armaan/venvs/omnizip_clean/lib/python3.10/site-packages/torch/nn/modules/module.py", line 1750, in _call_impl
    return forward_call(*args, **kwargs)
  File "/data/armaan/purs/Qwen2.5-Omni/low-VRAM-mode/modeling_qwen2_5_omni_low_VRAM_mode.py", line 1155, in forward
    hidden_states = hidden_states + self.attn(
  File "/data/armaan/venvs/omnizip_clean/lib/python3.10/site-packages/torch/nn/modules/module.py", line 1739, in _wrapped_call_impl
    return self._call_impl(*args, **kwargs)
  File "/data/armaan/venvs/omnizip_clean/lib/python3.10/site-packages/torch/nn/modules/module.py", line 1750, in _call_impl
    return forward_call(*args, **kwargs)
  File "/data/armaan/purs/Qwen2.5-Omni/low-VRAM-mode/modeling_qwen2_5_omni_low_VRAM_mode.py", line 1116, in forward
    attn_output = F.scaled_dot_product_attention(q, k, v, attention_mask, dropout_p=0.0)
torch.OutOfMemoryError: CUDA out of memory. Tried to allocate 81.00 GiB. GPU 0 has a total capacity of 47.37 GiB of which 35.02 GiB is free. Including non-PyTorch memory, this process has 12.34 GiB memory in use. Of the allocated memory 11.77 GiB is allocated by PyTorch, and 72.96 MiB is reserved by PyTorch but unallocated. If reserved but unallocated memory is large try setting PYTORCH_CUDA_ALLOC_CONF=expandable_segments:True to avoid fragmentation.  See documentation for Memory Management  (https://pytorch.org/docs/stable/notes/cuda.html#environment-variables)


--- worldsense/Event Sorting ---
Traceback (most recent call last):
  File "/data/armaan/purs/eval_qwen_omni.py", line 843, in main
    pred, reasoning = run_inference(
  File "/data/armaan/purs/eval_qwen_omni.py", line 660, in run_inference
    raw_out = model.generate(**gen_in, **gen_kw)
  File "/data/armaan/venvs/omnizip_clean/lib/python3.10/site-packages/gptqmodel/models/base.py", line 1166, in generate
    return self.model.generate(inputs=inputs, **kwargs)
  File "/data/armaan/venvs/omnizip_clean/lib/python3.10/site-packages/torch/utils/_contextlib.py", line 116, in decorate_context
    return func(*args, **kwargs)
  File "/data/armaan/purs/Qwen2.5-Omni/low-VRAM-mode/modeling_qwen2_5_omni_low_VRAM_mode.py", line 4760, in generate
    thinker_result = self.thinker.generate(input_ids=input_ids, **thinker_kwargs)
  File "/data/armaan/venvs/omnizip_clean/lib/python3.10/site-packages/torch/utils/_contextlib.py", line 116, in decorate_context
    return func(*args, **kwargs)
  File "/data/armaan/venvs/omnizip_clean/lib/python3.10/site-packages/transformers/generation/utils.py", line 2597, in generate
    result = self._sample(
  File "/data/armaan/venvs/omnizip_clean/lib/python3.10/site-packages/transformers/generation/utils.py", line 3557, in _sample
    outputs = self(**model_inputs, return_dict=True)
  File "/data/armaan/venvs/omnizip_clean/lib/python3.10/site-packages/torch/nn/modules/module.py", line 1739, in _wrapped_call_impl
    return self._call_impl(*args, **kwargs)
  File "/data/armaan/venvs/omnizip_clean/lib/python3.10/site-packages/torch/nn/modules/module.py", line 1750, in _call_impl
    return forward_call(*args, **kwargs)
  File "/data/armaan/purs/Qwen2.5-Omni/low-VRAM-mode/modeling_qwen2_5_omni_low_VRAM_mode.py", line 2490, in forward
    video_embeds = self.visual(pixel_values_videos, grid_thw=video_grid_thw)
  File "/data/armaan/venvs/omnizip_clean/lib/python3.10/site-packages/torch/nn/modules/module.py", line 1739, in _wrapped_call_impl
    return self._call_impl(*args, **kwargs)
  File "/data/armaan/venvs/omnizip_clean/lib/python3.10/site-packages/torch/nn/modules/module.py", line 1750, in _call_impl
    return forward_call(*args, **kwargs)
  File "/data/armaan/purs/Qwen2.5-Omni/low-VRAM-mode/modeling_qwen2_5_omni_low_VRAM_mode.py", line 1366, in forward
    hidden_states = blk(
  File "/data/armaan/venvs/omnizip_clean/lib/python3.10/site-packages/torch/nn/modules/module.py", line 1739, in _wrapped_call_impl
    return self._call_impl(*args, **kwargs)
  File "/data/armaan/venvs/omnizip_clean/lib/python3.10/site-packages/torch/nn/modules/module.py", line 1750, in _call_impl
    return forward_call(*args, **kwargs)
  File "/data/armaan/purs/Qwen2.5-Omni/low-VRAM-mode/modeling_qwen2_5_omni_low_VRAM_mode.py", line 1155, in forward
    hidden_states = hidden_states + self.attn(
  File "/data/armaan/venvs/omnizip_clean/lib/python3.10/site-packages/torch/nn/modules/module.py", line 1739, in _wrapped_call_impl
    return self._call_impl(*args, **kwargs)
  File "/data/armaan/venvs/omnizip_clean/lib/python3.10/site-packages/torch/nn/modules/module.py", line 1750, in _call_impl
    return forward_call(*args, **kwargs)
  File "/data/armaan/purs/Qwen2.5-Omni/low-VRAM-mode/modeling_qwen2_5_omni_low_VRAM_mode.py", line 1116, in forward
    attn_output = F.scaled_dot_product_attention(q, k, v, attention_mask, dropout_p=0.0)
torch.OutOfMemoryError: CUDA out of memory. Tried to allocate 81.00 GiB. GPU 0 has a total capacity of 47.37 GiB of which 35.06 GiB is free. Including non-PyTorch memory, this process has 12.30 GiB memory in use. Of the allocated memory 11.77 GiB is allocated by PyTorch, and 33.07 MiB is reserved by PyTorch but unallocated. If reserved but unallocated memory is large try setting PYTORCH_CUDA_ALLOC_CONF=expandable_segments:True to avoid fragmentation.  See documentation for Memory Management  (https://pytorch.org/docs/stable/notes/cuda.html#environment-variables)


--- worldsense/Hallucination ---
Traceback (most recent call last):
  File "/data/armaan/purs/eval_qwen_omni.py", line 843, in main
    pred, reasoning = run_inference(
  File "/data/armaan/purs/eval_qwen_omni.py", line 660, in run_inference
    raw_out = model.generate(**gen_in, **gen_kw)
  File "/data/armaan/venvs/omnizip_clean/lib/python3.10/site-packages/gptqmodel/models/base.py", line 1166, in generate
    return self.model.generate(inputs=inputs, **kwargs)
  File "/data/armaan/venvs/omnizip_clean/lib/python3.10/site-packages/torch/utils/_contextlib.py", line 116, in decorate_context
    return func(*args, **kwargs)
  File "/data/armaan/purs/Qwen2.5-Omni/low-VRAM-mode/modeling_qwen2_5_omni_low_VRAM_mode.py", line 4760, in generate
    thinker_result = self.thinker.generate(input_ids=input_ids, **thinker_kwargs)
  File "/data/armaan/venvs/omnizip_clean/lib/python3.10/site-packages/torch/utils/_contextlib.py", line 116, in decorate_context
    return func(*args, **kwargs)
  File "/data/armaan/venvs/omnizip_clean/lib/python3.10/site-packages/transformers/generation/utils.py", line 2597, in generate
    result = self._sample(
  File "/data/armaan/venvs/omnizip_clean/lib/python3.10/site-packages/transformers/generation/utils.py", line 3557, in _sample
    outputs = self(**model_inputs, return_dict=True)
  File "/data/armaan/venvs/omnizip_clean/lib/python3.10/site-packages/torch/nn/modules/module.py", line 1739, in _wrapped_call_impl
    return self._call_impl(*args, **kwargs)
  File "/data/armaan/venvs/omnizip_clean/lib/python3.10/site-packages/torch/nn/modules/module.py", line 1750, in _call_impl
    return forward_call(*args, **kwargs)
  File "/data/armaan/purs/Qwen2.5-Omni/low-VRAM-mode/modeling_qwen2_5_omni_low_VRAM_mode.py", line 2490, in forward
    video_embeds = self.visual(pixel_values_videos, grid_thw=video_grid_thw)
  File "/data/armaan/venvs/omnizip_clean/lib/python3.10/site-packages/torch/nn/modules/module.py", line 1739, in _wrapped_call_impl
    return self._call_impl(*args, **kwargs)
  File "/data/armaan/venvs/omnizip_clean/lib/python3.10/site-packages/torch/nn/modules/module.py", line 1750, in _call_impl
    return forward_call(*args, **kwargs)
  File "/data/armaan/purs/Qwen2.5-Omni/low-VRAM-mode/modeling_qwen2_5_omni_low_VRAM_mode.py", line 1366, in forward
    hidden_states = blk(
  File "/data/armaan/venvs/omnizip_clean/lib/python3.10/site-packages/torch/nn/modules/module.py", line 1739, in _wrapped_call_impl
    return self._call_impl(*args, **kwargs)
  File "/data/armaan/venvs/omnizip_clean/lib/python3.10/site-packages/torch/nn/modules/module.py", line 1750, in _call_impl
    return forward_call(*args, **kwargs)
  File "/data/armaan/purs/Qwen2.5-Omni/low-VRAM-mode/modeling_qwen2_5_omni_low_VRAM_mode.py", line 1155, in forward
    hidden_states = hidden_states + self.attn(
  File "/data/armaan/venvs/omnizip_clean/lib/python3.10/site-packages/torch/nn/modules/module.py", line 1739, in _wrapped_call_impl
    return self._call_impl(*args, **kwargs)
  File "/data/armaan/venvs/omnizip_clean/lib/python3.10/site-packages/torch/nn/modules/module.py", line 1750, in _call_impl
    return forward_call(*args, **kwargs)
  File "/data/armaan/purs/Qwen2.5-Omni/low-VRAM-mode/modeling_qwen2_5_omni_low_VRAM_mode.py", line 1116, in forward
    attn_output = F.scaled_dot_product_attention(q, k, v, attention_mask, dropout_p=0.0)
torch.OutOfMemoryError: CUDA out of memory. Tried to allocate 25.63 GiB. GPU 0 has a total capacity of 47.37 GiB of which 12.74 GiB is free. Including non-PyTorch memory, this process has 34.62 GiB memory in use. Of the allocated memory 34.04 GiB is allocated by PyTorch, and 80.89 MiB is reserved by PyTorch but unallocated. If reserved but unallocated memory is large try setting PYTORCH_CUDA_ALLOC_CONF=expandable_segments:True to avoid fragmentation.  See documentation for Memory Management  (https://pytorch.org/docs/stable/notes/cuda.html#environment-variables)


--- worldsense/Hallucination ---
Traceback (most recent call last):
  File "/data/armaan/purs/eval_qwen_omni.py", line 843, in main
    pred, reasoning = run_inference(
  File "/data/armaan/purs/eval_qwen_omni.py", line 660, in run_inference
    raw_out = model.generate(**gen_in, **gen_kw)
  File "/data/armaan/venvs/omnizip_clean/lib/python3.10/site-packages/gptqmodel/models/base.py", line 1166, in generate
    return self.model.generate(inputs=inputs, **kwargs)
  File "/data/armaan/venvs/omnizip_clean/lib/python3.10/site-packages/torch/utils/_contextlib.py", line 116, in decorate_context
    return func(*args, **kwargs)
  File "/data/armaan/purs/Qwen2.5-Omni/low-VRAM-mode/modeling_qwen2_5_omni_low_VRAM_mode.py", line 4760, in generate
    thinker_result = self.thinker.generate(input_ids=input_ids, **thinker_kwargs)
  File "/data/armaan/venvs/omnizip_clean/lib/python3.10/site-packages/torch/utils/_contextlib.py", line 116, in decorate_context
    return func(*args, **kwargs)
  File "/data/armaan/venvs/omnizip_clean/lib/python3.10/site-packages/transformers/generation/utils.py", line 2597, in generate
    result = self._sample(
  File "/data/armaan/venvs/omnizip_clean/lib/python3.10/site-packages/transformers/generation/utils.py", line 3557, in _sample
    outputs = self(**model_inputs, return_dict=True)
  File "/data/armaan/venvs/omnizip_clean/lib/python3.10/site-packages/torch/nn/modules/module.py", line 1739, in _wrapped_call_impl
    return self._call_impl(*args, **kwargs)
  File "/data/armaan/venvs/omnizip_clean/lib/python3.10/site-packages/torch/nn/modules/module.py", line 1750, in _call_impl
    return forward_call(*args, **kwargs)
  File "/data/armaan/purs/Qwen2.5-Omni/low-VRAM-mode/modeling_qwen2_5_omni_low_VRAM_mode.py", line 2490, in forward
    video_embeds = self.visual(pixel_values_videos, grid_thw=video_grid_thw)
  File "/data/armaan/venvs/omnizip_clean/lib/python3.10/site-packages/torch/nn/modules/module.py", line 1739, in _wrapped_call_impl
    return self._call_impl(*args, **kwargs)
  File "/data/armaan/venvs/omnizip_clean/lib/python3.10/site-packages/torch/nn/modules/module.py", line 1750, in _call_impl
    return forward_call(*args, **kwargs)
  File "/data/armaan/purs/Qwen2.5-Omni/low-VRAM-mode/modeling_qwen2_5_omni_low_VRAM_mode.py", line 1366, in forward
    hidden_states = blk(
  File "/data/armaan/venvs/omnizip_clean/lib/python3.10/site-packages/torch/nn/modules/module.py", line 1739, in _wrapped_call_impl
    return self._call_impl(*args, **kwargs)
  File "/data/armaan/venvs/omnizip_clean/lib/python3.10/site-packages/torch/nn/modules/module.py", line 1750, in _call_impl
    return forward_call(*args, **kwargs)
  File "/data/armaan/purs/Qwen2.5-Omni/low-VRAM-mode/modeling_qwen2_5_omni_low_VRAM_mode.py", line 1155, in forward
    hidden_states = hidden_states + self.attn(
  File "/data/armaan/venvs/omnizip_clean/lib/python3.10/site-packages/torch/nn/modules/module.py", line 1739, in _wrapped_call_impl
    return self._call_impl(*args, **kwargs)
  File "/data/armaan/venvs/omnizip_clean/lib/python3.10/site-packages/torch/nn/modules/module.py", line 1750, in _call_impl
    return forward_call(*args, **kwargs)
  File "/data/armaan/purs/Qwen2.5-Omni/low-VRAM-mode/modeling_qwen2_5_omni_low_VRAM_mode.py", line 1116, in forward
    attn_output = F.scaled_dot_product_attention(q, k, v, attention_mask, dropout_p=0.0)
torch.OutOfMemoryError: CUDA out of memory. Tried to allocate 25.63 GiB. GPU 0 has a total capacity of 47.37 GiB of which 12.76 GiB is free. Including non-PyTorch memory, this process has 34.61 GiB memory in use. Of the allocated memory 34.04 GiB is allocated by PyTorch, and 60.90 MiB is reserved by PyTorch but unallocated. If reserved but unallocated memory is large try setting PYTORCH_CUDA_ALLOC_CONF=expandable_segments:True to avoid fragmentation.  See documentation for Memory Management  (https://pytorch.org/docs/stable/notes/cuda.html#environment-variables)


--- worldsense/Hallucination ---
Traceback (most recent call last):
  File "/data/armaan/purs/eval_qwen_omni.py", line 843, in main
    pred, reasoning = run_inference(
  File "/data/armaan/purs/eval_qwen_omni.py", line 660, in run_inference
    raw_out = model.generate(**gen_in, **gen_kw)
  File "/data/armaan/venvs/omnizip_clean/lib/python3.10/site-packages/gptqmodel/models/base.py", line 1166, in generate
    return self.model.generate(inputs=inputs, **kwargs)
  File "/data/armaan/venvs/omnizip_clean/lib/python3.10/site-packages/torch/utils/_contextlib.py", line 116, in decorate_context
    return func(*args, **kwargs)
  File "/data/armaan/purs/Qwen2.5-Omni/low-VRAM-mode/modeling_qwen2_5_omni_low_VRAM_mode.py", line 4760, in generate
    thinker_result = self.thinker.generate(input_ids=input_ids, **thinker_kwargs)
  File "/data/armaan/venvs/omnizip_clean/lib/python3.10/site-packages/torch/utils/_contextlib.py", line 116, in decorate_context
    return func(*args, **kwargs)
  File "/data/armaan/venvs/omnizip_clean/lib/python3.10/site-packages/transformers/generation/utils.py", line 2597, in generate
    result = self._sample(
  File "/data/armaan/venvs/omnizip_clean/lib/python3.10/site-packages/transformers/generation/utils.py", line 3557, in _sample
    outputs = self(**model_inputs, return_dict=True)
  File "/data/armaan/venvs/omnizip_clean/lib/python3.10/site-packages/torch/nn/modules/module.py", line 1739, in _wrapped_call_impl
    return self._call_impl(*args, **kwargs)
  File "/data/armaan/venvs/omnizip_clean/lib/python3.10/site-packages/torch/nn/modules/module.py", line 1750, in _call_impl
    return forward_call(*args, **kwargs)
  File "/data/armaan/purs/Qwen2.5-Omni/low-VRAM-mode/modeling_qwen2_5_omni_low_VRAM_mode.py", line 2490, in forward
    video_embeds = self.visual(pixel_values_videos, grid_thw=video_grid_thw)
  File "/data/armaan/venvs/omnizip_clean/lib/python3.10/site-packages/torch/nn/modules/module.py", line 1739, in _wrapped_call_impl
    return self._call_impl(*args, **kwargs)
  File "/data/armaan/venvs/omnizip_clean/lib/python3.10/site-packages/torch/nn/modules/module.py", line 1750, in _call_impl
    return forward_call(*args, **kwargs)
  File "/data/armaan/purs/Qwen2.5-Omni/low-VRAM-mode/modeling_qwen2_5_omni_low_VRAM_mode.py", line 1366, in forward
    hidden_states = blk(
  File "/data/armaan/venvs/omnizip_clean/lib/python3.10/site-packages/torch/nn/modules/module.py", line 1739, in _wrapped_call_impl
    return self._call_impl(*args, **kwargs)
  File "/data/armaan/venvs/omnizip_clean/lib/python3.10/site-packages/torch/nn/modules/module.py", line 1750, in _call_impl
    return forward_call(*args, **kwargs)
  File "/data/armaan/purs/Qwen2.5-Omni/low-VRAM-mode/modeling_qwen2_5_omni_low_VRAM_mode.py", line 1155, in forward
    hidden_states = hidden_states + self.attn(
  File "/data/armaan/venvs/omnizip_clean/lib/python3.10/site-packages/torch/nn/modules/module.py", line 1739, in _wrapped_call_impl
    return self._call_impl(*args, **kwargs)
  File "/data/armaan/venvs/omnizip_clean/lib/python3.10/site-packages/torch/nn/modules/module.py", line 1750, in _call_impl
    return forward_call(*args, **kwargs)
  File "/data/armaan/purs/Qwen2.5-Omni/low-VRAM-mode/modeling_qwen2_5_omni_low_VRAM_mode.py", line 1116, in forward
    attn_output = F.scaled_dot_product_attention(q, k, v, attention_mask, dropout_p=0.0)
torch.OutOfMemoryError: CUDA out of memory. Tried to allocate 25.63 GiB. GPU 0 has a total capacity of 47.37 GiB of which 12.76 GiB is free. Including non-PyTorch memory, this process has 34.61 GiB memory in use. Of the allocated memory 34.04 GiB is allocated by PyTorch, and 60.67 MiB is reserved by PyTorch but unallocated. If reserved but unallocated memory is large try setting PYTORCH_CUDA_ALLOC_CONF=expandable_segments:True to avoid fragmentation.  See documentation for Memory Management  (https://pytorch.org/docs/stable/notes/cuda.html#environment-variables)


--- worldsense/Human Emotions ---
Traceback (most recent call last):
  File "/data/armaan/purs/eval_qwen_omni.py", line 843, in main
    pred, reasoning = run_inference(
  File "/data/armaan/purs/eval_qwen_omni.py", line 660, in run_inference
    raw_out = model.generate(**gen_in, **gen_kw)
  File "/data/armaan/venvs/omnizip_clean/lib/python3.10/site-packages/gptqmodel/models/base.py", line 1166, in generate
    return self.model.generate(inputs=inputs, **kwargs)
  File "/data/armaan/venvs/omnizip_clean/lib/python3.10/site-packages/torch/utils/_contextlib.py", line 116, in decorate_context
    return func(*args, **kwargs)
  File "/data/armaan/purs/Qwen2.5-Omni/low-VRAM-mode/modeling_qwen2_5_omni_low_VRAM_mode.py", line 4760, in generate
    thinker_result = self.thinker.generate(input_ids=input_ids, **thinker_kwargs)
  File "/data/armaan/venvs/omnizip_clean/lib/python3.10/site-packages/torch/utils/_contextlib.py", line 116, in decorate_context
    return func(*args, **kwargs)
  File "/data/armaan/venvs/omnizip_clean/lib/python3.10/site-packages/transformers/generation/utils.py", line 2597, in generate
    result = self._sample(
  File "/data/armaan/venvs/omnizip_clean/lib/python3.10/site-packages/transformers/generation/utils.py", line 3557, in _sample
    outputs = self(**model_inputs, return_dict=True)
  File "/data/armaan/venvs/omnizip_clean/lib/python3.10/site-packages/torch/nn/modules/module.py", line 1739, in _wrapped_call_impl
    return self._call_impl(*args, **kwargs)
  File "/data/armaan/venvs/omnizip_clean/lib/python3.10/site-packages/torch/nn/modules/module.py", line 1750, in _call_impl
    return forward_call(*args, **kwargs)
  File "/data/armaan/purs/Qwen2.5-Omni/low-VRAM-mode/modeling_qwen2_5_omni_low_VRAM_mode.py", line 2490, in forward
    video_embeds = self.visual(pixel_values_videos, grid_thw=video_grid_thw)
  File "/data/armaan/venvs/omnizip_clean/lib/python3.10/site-packages/torch/nn/modules/module.py", line 1739, in _wrapped_call_impl
    return self._call_impl(*args, **kwargs)
  File "/data/armaan/venvs/omnizip_clean/lib/python3.10/site-packages/torch/nn/modules/module.py", line 1750, in _call_impl
    return forward_call(*args, **kwargs)
  File "/data/armaan/purs/Qwen2.5-Omni/low-VRAM-mode/modeling_qwen2_5_omni_low_VRAM_mode.py", line 1366, in forward
    hidden_states = blk(
  File "/data/armaan/venvs/omnizip_clean/lib/python3.10/site-packages/torch/nn/modules/module.py", line 1739, in _wrapped_call_impl
    return self._call_impl(*args, **kwargs)
  File "/data/armaan/venvs/omnizip_clean/lib/python3.10/site-packages/torch/nn/modules/module.py", line 1750, in _call_impl
    return forward_call(*args, **kwargs)
  File "/data/armaan/purs/Qwen2.5-Omni/low-VRAM-mode/modeling_qwen2_5_omni_low_VRAM_mode.py", line 1155, in forward
    hidden_states = hidden_states + self.attn(
  File "/data/armaan/venvs/omnizip_clean/lib/python3.10/site-packages/torch/nn/modules/module.py", line 1739, in _wrapped_call_impl
    return self._call_impl(*args, **kwargs)
  File "/data/armaan/venvs/omnizip_clean/lib/python3.10/site-packages/torch/nn/modules/module.py", line 1750, in _call_impl
    return forward_call(*args, **kwargs)
  File "/data/armaan/purs/Qwen2.5-Omni/low-VRAM-mode/modeling_qwen2_5_omni_low_VRAM_mode.py", line 1116, in forward
    attn_output = F.scaled_dot_product_attention(q, k, v, attention_mask, dropout_p=0.0)
torch.OutOfMemoryError: CUDA out of memory. Tried to allocate 45.56 GiB. GPU 0 has a total capacity of 47.37 GiB of which 37.07 GiB is free. Including non-PyTorch memory, this process has 10.29 GiB memory in use. Of the allocated memory 9.73 GiB is allocated by PyTorch, and 60.71 MiB is reserved by PyTorch but unallocated. If reserved but unallocated memory is large try setting PYTORCH_CUDA_ALLOC_CONF=expandable_segments:True to avoid fragmentation.  See documentation for Memory Management  (https://pytorch.org/docs/stable/notes/cuda.html#environment-variables)


--- worldsense/Human Emotions ---
Traceback (most recent call last):
  File "/data/armaan/purs/eval_qwen_omni.py", line 843, in main
    pred, reasoning = run_inference(
  File "/data/armaan/purs/eval_qwen_omni.py", line 660, in run_inference
    raw_out = model.generate(**gen_in, **gen_kw)
  File "/data/armaan/venvs/omnizip_clean/lib/python3.10/site-packages/gptqmodel/models/base.py", line 1166, in generate
    return self.model.generate(inputs=inputs, **kwargs)
  File "/data/armaan/venvs/omnizip_clean/lib/python3.10/site-packages/torch/utils/_contextlib.py", line 116, in decorate_context
    return func(*args, **kwargs)
  File "/data/armaan/purs/Qwen2.5-Omni/low-VRAM-mode/modeling_qwen2_5_omni_low_VRAM_mode.py", line 4760, in generate
    thinker_result = self.thinker.generate(input_ids=input_ids, **thinker_kwargs)
  File "/data/armaan/venvs/omnizip_clean/lib/python3.10/site-packages/torch/utils/_contextlib.py", line 116, in decorate_context
    return func(*args, **kwargs)
  File "/data/armaan/venvs/omnizip_clean/lib/python3.10/site-packages/transformers/generation/utils.py", line 2597, in generate
    result = self._sample(
  File "/data/armaan/venvs/omnizip_clean/lib/python3.10/site-packages/transformers/generation/utils.py", line 3557, in _sample
    outputs = self(**model_inputs, return_dict=True)
  File "/data/armaan/venvs/omnizip_clean/lib/python3.10/site-packages/torch/nn/modules/module.py", line 1739, in _wrapped_call_impl
    return self._call_impl(*args, **kwargs)
  File "/data/armaan/venvs/omnizip_clean/lib/python3.10/site-packages/torch/nn/modules/module.py", line 1750, in _call_impl
    return forward_call(*args, **kwargs)
  File "/data/armaan/purs/Qwen2.5-Omni/low-VRAM-mode/modeling_qwen2_5_omni_low_VRAM_mode.py", line 2490, in forward
    video_embeds = self.visual(pixel_values_videos, grid_thw=video_grid_thw)
  File "/data/armaan/venvs/omnizip_clean/lib/python3.10/site-packages/torch/nn/modules/module.py", line 1739, in _wrapped_call_impl
    return self._call_impl(*args, **kwargs)
  File "/data/armaan/venvs/omnizip_clean/lib/python3.10/site-packages/torch/nn/modules/module.py", line 1750, in _call_impl
    return forward_call(*args, **kwargs)
  File "/data/armaan/purs/Qwen2.5-Omni/low-VRAM-mode/modeling_qwen2_5_omni_low_VRAM_mode.py", line 1366, in forward
    hidden_states = blk(
  File "/data/armaan/venvs/omnizip_clean/lib/python3.10/site-packages/torch/nn/modules/module.py", line 1739, in _wrapped_call_impl
    return self._call_impl(*args, **kwargs)
  File "/data/armaan/venvs/omnizip_clean/lib/python3.10/site-packages/torch/nn/modules/module.py", line 1750, in _call_impl
    return forward_call(*args, **kwargs)
  File "/data/armaan/purs/Qwen2.5-Omni/low-VRAM-mode/modeling_qwen2_5_omni_low_VRAM_mode.py", line 1155, in forward
    hidden_states = hidden_states + self.attn(
  File "/data/armaan/venvs/omnizip_clean/lib/python3.10/site-packages/torch/nn/modules/module.py", line 1739, in _wrapped_call_impl
    return self._call_impl(*args, **kwargs)
  File "/data/armaan/venvs/omnizip_clean/lib/python3.10/site-packages/torch/nn/modules/module.py", line 1750, in _call_impl
    return forward_call(*args, **kwargs)
  File "/data/armaan/purs/Qwen2.5-Omni/low-VRAM-mode/modeling_qwen2_5_omni_low_VRAM_mode.py", line 1116, in forward
    attn_output = F.scaled_dot_product_attention(q, k, v, attention_mask, dropout_p=0.0)
torch.OutOfMemoryError: CUDA out of memory. Tried to allocate 45.56 GiB. GPU 0 has a total capacity of 47.37 GiB of which 37.07 GiB is free. Including non-PyTorch memory, this process has 10.29 GiB memory in use. Of the allocated memory 9.73 GiB is allocated by PyTorch, and 60.62 MiB is reserved by PyTorch but unallocated. If reserved but unallocated memory is large try setting PYTORCH_CUDA_ALLOC_CONF=expandable_segments:True to avoid fragmentation.  See documentation for Memory Management  (https://pytorch.org/docs/stable/notes/cuda.html#environment-variables)


--- worldsense/Human Interaction ---
Traceback (most recent call last):
  File "/data/armaan/purs/eval_qwen_omni.py", line 843, in main
    pred, reasoning = run_inference(
  File "/data/armaan/purs/eval_qwen_omni.py", line 660, in run_inference
    raw_out = model.generate(**gen_in, **gen_kw)
  File "/data/armaan/venvs/omnizip_clean/lib/python3.10/site-packages/gptqmodel/models/base.py", line 1166, in generate
    return self.model.generate(inputs=inputs, **kwargs)
  File "/data/armaan/venvs/omnizip_clean/lib/python3.10/site-packages/torch/utils/_contextlib.py", line 116, in decorate_context
    return func(*args, **kwargs)
  File "/data/armaan/purs/Qwen2.5-Omni/low-VRAM-mode/modeling_qwen2_5_omni_low_VRAM_mode.py", line 4760, in generate
    thinker_result = self.thinker.generate(input_ids=input_ids, **thinker_kwargs)
  File "/data/armaan/venvs/omnizip_clean/lib/python3.10/site-packages/torch/utils/_contextlib.py", line 116, in decorate_context
    return func(*args, **kwargs)
  File "/data/armaan/venvs/omnizip_clean/lib/python3.10/site-packages/transformers/generation/utils.py", line 2597, in generate
    result = self._sample(
  File "/data/armaan/venvs/omnizip_clean/lib/python3.10/site-packages/transformers/generation/utils.py", line 3557, in _sample
    outputs = self(**model_inputs, return_dict=True)
  File "/data/armaan/venvs/omnizip_clean/lib/python3.10/site-packages/torch/nn/modules/module.py", line 1739, in _wrapped_call_impl
    return self._call_impl(*args, **kwargs)
  File "/data/armaan/venvs/omnizip_clean/lib/python3.10/site-packages/torch/nn/modules/module.py", line 1750, in _call_impl
    return forward_call(*args, **kwargs)
  File "/data/armaan/purs/Qwen2.5-Omni/low-VRAM-mode/modeling_qwen2_5_omni_low_VRAM_mode.py", line 2490, in forward
    video_embeds = self.visual(pixel_values_videos, grid_thw=video_grid_thw)
  File "/data/armaan/venvs/omnizip_clean/lib/python3.10/site-packages/torch/nn/modules/module.py", line 1739, in _wrapped_call_impl
    return self._call_impl(*args, **kwargs)
  File "/data/armaan/venvs/omnizip_clean/lib/python3.10/site-packages/torch/nn/modules/module.py", line 1750, in _call_impl
    return forward_call(*args, **kwargs)
  File "/data/armaan/purs/Qwen2.5-Omni/low-VRAM-mode/modeling_qwen2_5_omni_low_VRAM_mode.py", line 1366, in forward
    hidden_states = blk(
  File "/data/armaan/venvs/omnizip_clean/lib/python3.10/site-packages/torch/nn/modules/module.py", line 1739, in _wrapped_call_impl
    return self._call_impl(*args, **kwargs)
  File "/data/armaan/venvs/omnizip_clean/lib/python3.10/site-packages/torch/nn/modules/module.py", line 1750, in _call_impl
    return forward_call(*args, **kwargs)
  File "/data/armaan/purs/Qwen2.5-Omni/low-VRAM-mode/modeling_qwen2_5_omni_low_VRAM_mode.py", line 1155, in forward
    hidden_states = hidden_states + self.attn(
  File "/data/armaan/venvs/omnizip_clean/lib/python3.10/site-packages/torch/nn/modules/module.py", line 1739, in _wrapped_call_impl
    return self._call_impl(*args, **kwargs)
  File "/data/armaan/venvs/omnizip_clean/lib/python3.10/site-packages/torch/nn/modules/module.py", line 1750, in _call_impl
    return forward_call(*args, **kwargs)
  File "/data/armaan/purs/Qwen2.5-Omni/low-VRAM-mode/modeling_qwen2_5_omni_low_VRAM_mode.py", line 1116, in forward
    attn_output = F.scaled_dot_product_attention(q, k, v, attention_mask, dropout_p=0.0)
torch.OutOfMemoryError: CUDA out of memory. Tried to allocate 27.07 GiB. GPU 0 has a total capacity of 47.37 GiB of which 11.21 GiB is free. Including non-PyTorch memory, this process has 36.15 GiB memory in use. Of the allocated memory 35.58 GiB is allocated by PyTorch, and 71.89 MiB is reserved by PyTorch but unallocated. If reserved but unallocated memory is large try setting PYTORCH_CUDA_ALLOC_CONF=expandable_segments:True to avoid fragmentation.  See documentation for Memory Management  (https://pytorch.org/docs/stable/notes/cuda.html#environment-variables)


--- worldsense/Human-object Interaction ---
Traceback (most recent call last):
  File "/data/armaan/purs/eval_qwen_omni.py", line 843, in main
    pred, reasoning = run_inference(
  File "/data/armaan/purs/eval_qwen_omni.py", line 660, in run_inference
    raw_out = model.generate(**gen_in, **gen_kw)
  File "/data/armaan/venvs/omnizip_clean/lib/python3.10/site-packages/gptqmodel/models/base.py", line 1166, in generate
    return self.model.generate(inputs=inputs, **kwargs)
  File "/data/armaan/venvs/omnizip_clean/lib/python3.10/site-packages/torch/utils/_contextlib.py", line 116, in decorate_context
    return func(*args, **kwargs)
  File "/data/armaan/purs/Qwen2.5-Omni/low-VRAM-mode/modeling_qwen2_5_omni_low_VRAM_mode.py", line 4760, in generate
    thinker_result = self.thinker.generate(input_ids=input_ids, **thinker_kwargs)
  File "/data/armaan/venvs/omnizip_clean/lib/python3.10/site-packages/torch/utils/_contextlib.py", line 116, in decorate_context
    return func(*args, **kwargs)
  File "/data/armaan/venvs/omnizip_clean/lib/python3.10/site-packages/transformers/generation/utils.py", line 2597, in generate
    result = self._sample(
  File "/data/armaan/venvs/omnizip_clean/lib/python3.10/site-packages/transformers/generation/utils.py", line 3557, in _sample
    outputs = self(**model_inputs, return_dict=True)
  File "/data/armaan/venvs/omnizip_clean/lib/python3.10/site-packages/torch/nn/modules/module.py", line 1739, in _wrapped_call_impl
    return self._call_impl(*args, **kwargs)
  File "/data/armaan/venvs/omnizip_clean/lib/python3.10/site-packages/torch/nn/modules/module.py", line 1750, in _call_impl
    return forward_call(*args, **kwargs)
  File "/data/armaan/purs/Qwen2.5-Omni/low-VRAM-mode/modeling_qwen2_5_omni_low_VRAM_mode.py", line 2490, in forward
    video_embeds = self.visual(pixel_values_videos, grid_thw=video_grid_thw)
  File "/data/armaan/venvs/omnizip_clean/lib/python3.10/site-packages/torch/nn/modules/module.py", line 1739, in _wrapped_call_impl
    return self._call_impl(*args, **kwargs)
  File "/data/armaan/venvs/omnizip_clean/lib/python3.10/site-packages/torch/nn/modules/module.py", line 1750, in _call_impl
    return forward_call(*args, **kwargs)
  File "/data/armaan/purs/Qwen2.5-Omni/low-VRAM-mode/modeling_qwen2_5_omni_low_VRAM_mode.py", line 1366, in forward
    hidden_states = blk(
  File "/data/armaan/venvs/omnizip_clean/lib/python3.10/site-packages/torch/nn/modules/module.py", line 1739, in _wrapped_call_impl
    return self._call_impl(*args, **kwargs)
  File "/data/armaan/venvs/omnizip_clean/lib/python3.10/site-packages/torch/nn/modules/module.py", line 1750, in _call_impl
    return forward_call(*args, **kwargs)
  File "/data/armaan/purs/Qwen2.5-Omni/low-VRAM-mode/modeling_qwen2_5_omni_low_VRAM_mode.py", line 1155, in forward
    hidden_states = hidden_states + self.attn(
  File "/data/armaan/venvs/omnizip_clean/lib/python3.10/site-packages/torch/nn/modules/module.py", line 1739, in _wrapped_call_impl
    return self._call_impl(*args, **kwargs)
  File "/data/armaan/venvs/omnizip_clean/lib/python3.10/site-packages/torch/nn/modules/module.py", line 1750, in _call_impl
    return forward_call(*args, **kwargs)
  File "/data/armaan/purs/Qwen2.5-Omni/low-VRAM-mode/modeling_qwen2_5_omni_low_VRAM_mode.py", line 1116, in forward
    attn_output = F.scaled_dot_product_attention(q, k, v, attention_mask, dropout_p=0.0)
torch.OutOfMemoryError: CUDA out of memory. Tried to allocate 71.19 GiB. GPU 0 has a total capacity of 47.37 GiB of which 35.61 GiB is free. Including non-PyTorch memory, this process has 11.75 GiB memory in use. Of the allocated memory 11.21 GiB is allocated by PyTorch, and 44.76 MiB is reserved by PyTorch but unallocated. If reserved but unallocated memory is large try setting PYTORCH_CUDA_ALLOC_CONF=expandable_segments:True to avoid fragmentation.  See documentation for Memory Management  (https://pytorch.org/docs/stable/notes/cuda.html#environment-variables)


--- worldsense/Human-object Interaction ---
Traceback (most recent call last):
  File "/data/armaan/purs/eval_qwen_omni.py", line 843, in main
    pred, reasoning = run_inference(
  File "/data/armaan/purs/eval_qwen_omni.py", line 660, in run_inference
    raw_out = model.generate(**gen_in, **gen_kw)
  File "/data/armaan/venvs/omnizip_clean/lib/python3.10/site-packages/gptqmodel/models/base.py", line 1166, in generate
    return self.model.generate(inputs=inputs, **kwargs)
  File "/data/armaan/venvs/omnizip_clean/lib/python3.10/site-packages/torch/utils/_contextlib.py", line 116, in decorate_context
    return func(*args, **kwargs)
  File "/data/armaan/purs/Qwen2.5-Omni/low-VRAM-mode/modeling_qwen2_5_omni_low_VRAM_mode.py", line 4760, in generate
    thinker_result = self.thinker.generate(input_ids=input_ids, **thinker_kwargs)
  File "/data/armaan/venvs/omnizip_clean/lib/python3.10/site-packages/torch/utils/_contextlib.py", line 116, in decorate_context
    return func(*args, **kwargs)
  File "/data/armaan/venvs/omnizip_clean/lib/python3.10/site-packages/transformers/generation/utils.py", line 2597, in generate
    result = self._sample(
  File "/data/armaan/venvs/omnizip_clean/lib/python3.10/site-packages/transformers/generation/utils.py", line 3557, in _sample
    outputs = self(**model_inputs, return_dict=True)
  File "/data/armaan/venvs/omnizip_clean/lib/python3.10/site-packages/torch/nn/modules/module.py", line 1739, in _wrapped_call_impl
    return self._call_impl(*args, **kwargs)
  File "/data/armaan/venvs/omnizip_clean/lib/python3.10/site-packages/torch/nn/modules/module.py", line 1750, in _call_impl
    return forward_call(*args, **kwargs)
  File "/data/armaan/purs/Qwen2.5-Omni/low-VRAM-mode/modeling_qwen2_5_omni_low_VRAM_mode.py", line 2490, in forward
    video_embeds = self.visual(pixel_values_videos, grid_thw=video_grid_thw)
  File "/data/armaan/venvs/omnizip_clean/lib/python3.10/site-packages/torch/nn/modules/module.py", line 1739, in _wrapped_call_impl
    return self._call_impl(*args, **kwargs)
  File "/data/armaan/venvs/omnizip_clean/lib/python3.10/site-packages/torch/nn/modules/module.py", line 1750, in _call_impl
    return forward_call(*args, **kwargs)
  File "/data/armaan/purs/Qwen2.5-Omni/low-VRAM-mode/modeling_qwen2_5_omni_low_VRAM_mode.py", line 1366, in forward
    hidden_states = blk(
  File "/data/armaan/venvs/omnizip_clean/lib/python3.10/site-packages/torch/nn/modules/module.py", line 1739, in _wrapped_call_impl
    return self._call_impl(*args, **kwargs)
  File "/data/armaan/venvs/omnizip_clean/lib/python3.10/site-packages/torch/nn/modules/module.py", line 1750, in _call_impl
    return forward_call(*args, **kwargs)
  File "/data/armaan/purs/Qwen2.5-Omni/low-VRAM-mode/modeling_qwen2_5_omni_low_VRAM_mode.py", line 1155, in forward
    hidden_states = hidden_states + self.attn(
  File "/data/armaan/venvs/omnizip_clean/lib/python3.10/site-packages/torch/nn/modules/module.py", line 1739, in _wrapped_call_impl
    return self._call_impl(*args, **kwargs)
  File "/data/armaan/venvs/omnizip_clean/lib/python3.10/site-packages/torch/nn/modules/module.py", line 1750, in _call_impl
    return forward_call(*args, **kwargs)
  File "/data/armaan/purs/Qwen2.5-Omni/low-VRAM-mode/modeling_qwen2_5_omni_low_VRAM_mode.py", line 1116, in forward
    attn_output = F.scaled_dot_product_attention(q, k, v, attention_mask, dropout_p=0.0)
torch.OutOfMemoryError: CUDA out of memory. Tried to allocate 71.19 GiB. GPU 0 has a total capacity of 47.37 GiB of which 35.61 GiB is free. Including non-PyTorch memory, this process has 11.75 GiB memory in use. Of the allocated memory 11.21 GiB is allocated by PyTorch, and 44.55 MiB is reserved by PyTorch but unallocated. If reserved but unallocated memory is large try setting PYTORCH_CUDA_ALLOC_CONF=expandable_segments:True to avoid fragmentation.  See documentation for Memory Management  (https://pytorch.org/docs/stable/notes/cuda.html#environment-variables)


--- worldsense/Object Counting ---
Traceback (most recent call last):
  File "/data/armaan/purs/eval_qwen_omni.py", line 843, in main
    pred, reasoning = run_inference(
  File "/data/armaan/purs/eval_qwen_omni.py", line 660, in run_inference
    raw_out = model.generate(**gen_in, **gen_kw)
  File "/data/armaan/venvs/omnizip_clean/lib/python3.10/site-packages/gptqmodel/models/base.py", line 1166, in generate
    return self.model.generate(inputs=inputs, **kwargs)
  File "/data/armaan/venvs/omnizip_clean/lib/python3.10/site-packages/torch/utils/_contextlib.py", line 116, in decorate_context
    return func(*args, **kwargs)
  File "/data/armaan/purs/Qwen2.5-Omni/low-VRAM-mode/modeling_qwen2_5_omni_low_VRAM_mode.py", line 4760, in generate
    thinker_result = self.thinker.generate(input_ids=input_ids, **thinker_kwargs)
  File "/data/armaan/venvs/omnizip_clean/lib/python3.10/site-packages/torch/utils/_contextlib.py", line 116, in decorate_context
    return func(*args, **kwargs)
  File "/data/armaan/venvs/omnizip_clean/lib/python3.10/site-packages/transformers/generation/utils.py", line 2597, in generate
    result = self._sample(
  File "/data/armaan/venvs/omnizip_clean/lib/python3.10/site-packages/transformers/generation/utils.py", line 3557, in _sample
    outputs = self(**model_inputs, return_dict=True)
  File "/data/armaan/venvs/omnizip_clean/lib/python3.10/site-packages/torch/nn/modules/module.py", line 1739, in _wrapped_call_impl
    return self._call_impl(*args, **kwargs)
  File "/data/armaan/venvs/omnizip_clean/lib/python3.10/site-packages/torch/nn/modules/module.py", line 1750, in _call_impl
    return forward_call(*args, **kwargs)
  File "/data/armaan/purs/Qwen2.5-Omni/low-VRAM-mode/modeling_qwen2_5_omni_low_VRAM_mode.py", line 2490, in forward
    video_embeds = self.visual(pixel_values_videos, grid_thw=video_grid_thw)
  File "/data/armaan/venvs/omnizip_clean/lib/python3.10/site-packages/torch/nn/modules/module.py", line 1739, in _wrapped_call_impl
    return self._call_impl(*args, **kwargs)
  File "/data/armaan/venvs/omnizip_clean/lib/python3.10/site-packages/torch/nn/modules/module.py", line 1750, in _call_impl
    return forward_call(*args, **kwargs)
  File "/data/armaan/purs/Qwen2.5-Omni/low-VRAM-mode/modeling_qwen2_5_omni_low_VRAM_mode.py", line 1366, in forward
    hidden_states = blk(
  File "/data/armaan/venvs/omnizip_clean/lib/python3.10/site-packages/torch/nn/modules/module.py", line 1739, in _wrapped_call_impl
    return self._call_impl(*args, **kwargs)
  File "/data/armaan/venvs/omnizip_clean/lib/python3.10/site-packages/torch/nn/modules/module.py", line 1750, in _call_impl
    return forward_call(*args, **kwargs)
  File "/data/armaan/purs/Qwen2.5-Omni/low-VRAM-mode/modeling_qwen2_5_omni_low_VRAM_mode.py", line 1155, in forward
    hidden_states = hidden_states + self.attn(
  File "/data/armaan/venvs/omnizip_clean/lib/python3.10/site-packages/torch/nn/modules/module.py", line 1739, in _wrapped_call_impl
    return self._call_impl(*args, **kwargs)
  File "/data/armaan/venvs/omnizip_clean/lib/python3.10/site-packages/torch/nn/modules/module.py", line 1750, in _call_impl
    return forward_call(*args, **kwargs)
  File "/data/armaan/purs/Qwen2.5-Omni/low-VRAM-mode/modeling_qwen2_5_omni_low_VRAM_mode.py", line 1116, in forward
    attn_output = F.scaled_dot_product_attention(q, k, v, attention_mask, dropout_p=0.0)
torch.OutOfMemoryError: CUDA out of memory. Tried to allocate 25.63 GiB. GPU 0 has a total capacity of 47.37 GiB of which 12.72 GiB is free. Including non-PyTorch memory, this process has 34.64 GiB memory in use. Of the allocated memory 34.04 GiB is allocated by PyTorch, and 100.91 MiB is reserved by PyTorch but unallocated. If reserved but unallocated memory is large try setting PYTORCH_CUDA_ALLOC_CONF=expandable_segments:True to avoid fragmentation.  See documentation for Memory Management  (https://pytorch.org/docs/stable/notes/cuda.html#environment-variables)


--- worldsense/Object Existence Recognition ---
Traceback (most recent call last):
  File "/data/armaan/purs/eval_qwen_omni.py", line 843, in main
    pred, reasoning = run_inference(
  File "/data/armaan/purs/eval_qwen_omni.py", line 660, in run_inference
    raw_out = model.generate(**gen_in, **gen_kw)
  File "/data/armaan/venvs/omnizip_clean/lib/python3.10/site-packages/gptqmodel/models/base.py", line 1166, in generate
    return self.model.generate(inputs=inputs, **kwargs)
  File "/data/armaan/venvs/omnizip_clean/lib/python3.10/site-packages/torch/utils/_contextlib.py", line 116, in decorate_context
    return func(*args, **kwargs)
  File "/data/armaan/purs/Qwen2.5-Omni/low-VRAM-mode/modeling_qwen2_5_omni_low_VRAM_mode.py", line 4760, in generate
    thinker_result = self.thinker.generate(input_ids=input_ids, **thinker_kwargs)
  File "/data/armaan/venvs/omnizip_clean/lib/python3.10/site-packages/torch/utils/_contextlib.py", line 116, in decorate_context
    return func(*args, **kwargs)
  File "/data/armaan/venvs/omnizip_clean/lib/python3.10/site-packages/transformers/generation/utils.py", line 2597, in generate
    result = self._sample(
  File "/data/armaan/venvs/omnizip_clean/lib/python3.10/site-packages/transformers/generation/utils.py", line 3557, in _sample
    outputs = self(**model_inputs, return_dict=True)
  File "/data/armaan/venvs/omnizip_clean/lib/python3.10/site-packages/torch/nn/modules/module.py", line 1739, in _wrapped_call_impl
    return self._call_impl(*args, **kwargs)
  File "/data/armaan/venvs/omnizip_clean/lib/python3.10/site-packages/torch/nn/modules/module.py", line 1750, in _call_impl
    return forward_call(*args, **kwargs)
  File "/data/armaan/purs/Qwen2.5-Omni/low-VRAM-mode/modeling_qwen2_5_omni_low_VRAM_mode.py", line 2490, in forward
    video_embeds = self.visual(pixel_values_videos, grid_thw=video_grid_thw)
  File "/data/armaan/venvs/omnizip_clean/lib/python3.10/site-packages/torch/nn/modules/module.py", line 1739, in _wrapped_call_impl
    return self._call_impl(*args, **kwargs)
  File "/data/armaan/venvs/omnizip_clean/lib/python3.10/site-packages/torch/nn/modules/module.py", line 1750, in _call_impl
    return forward_call(*args, **kwargs)
  File "/data/armaan/purs/Qwen2.5-Omni/low-VRAM-mode/modeling_qwen2_5_omni_low_VRAM_mode.py", line 1366, in forward
    hidden_states = blk(
  File "/data/armaan/venvs/omnizip_clean/lib/python3.10/site-packages/torch/nn/modules/module.py", line 1739, in _wrapped_call_impl
    return self._call_impl(*args, **kwargs)
  File "/data/armaan/venvs/omnizip_clean/lib/python3.10/site-packages/torch/nn/modules/module.py", line 1750, in _call_impl
    return forward_call(*args, **kwargs)
  File "/data/armaan/purs/Qwen2.5-Omni/low-VRAM-mode/modeling_qwen2_5_omni_low_VRAM_mode.py", line 1155, in forward
    hidden_states = hidden_states + self.attn(
  File "/data/armaan/venvs/omnizip_clean/lib/python3.10/site-packages/torch/nn/modules/module.py", line 1739, in _wrapped_call_impl
    return self._call_impl(*args, **kwargs)
  File "/data/armaan/venvs/omnizip_clean/lib/python3.10/site-packages/torch/nn/modules/module.py", line 1750, in _call_impl
    return forward_call(*args, **kwargs)
  File "/data/armaan/purs/Qwen2.5-Omni/low-VRAM-mode/modeling_qwen2_5_omni_low_VRAM_mode.py", line 1116, in forward
    attn_output = F.scaled_dot_product_attention(q, k, v, attention_mask, dropout_p=0.0)
torch.OutOfMemoryError: CUDA out of memory. Tried to allocate 81.00 GiB. GPU 0 has a total capacity of 47.37 GiB of which 35.00 GiB is free. Including non-PyTorch memory, this process has 12.36 GiB memory in use. Of the allocated memory 11.77 GiB is allocated by PyTorch, and 88.70 MiB is reserved by PyTorch but unallocated. If reserved but unallocated memory is large try setting PYTORCH_CUDA_ALLOC_CONF=expandable_segments:True to avoid fragmentation.  See documentation for Memory Management  (https://pytorch.org/docs/stable/notes/cuda.html#environment-variables)


--- worldsense/Object Existence Recognition ---
Traceback (most recent call last):
  File "/data/armaan/purs/eval_qwen_omni.py", line 843, in main
    pred, reasoning = run_inference(
  File "/data/armaan/purs/eval_qwen_omni.py", line 660, in run_inference
    raw_out = model.generate(**gen_in, **gen_kw)
  File "/data/armaan/venvs/omnizip_clean/lib/python3.10/site-packages/gptqmodel/models/base.py", line 1166, in generate
    return self.model.generate(inputs=inputs, **kwargs)
  File "/data/armaan/venvs/omnizip_clean/lib/python3.10/site-packages/torch/utils/_contextlib.py", line 116, in decorate_context
    return func(*args, **kwargs)
  File "/data/armaan/purs/Qwen2.5-Omni/low-VRAM-mode/modeling_qwen2_5_omni_low_VRAM_mode.py", line 4760, in generate
    thinker_result = self.thinker.generate(input_ids=input_ids, **thinker_kwargs)
  File "/data/armaan/venvs/omnizip_clean/lib/python3.10/site-packages/torch/utils/_contextlib.py", line 116, in decorate_context
    return func(*args, **kwargs)
  File "/data/armaan/venvs/omnizip_clean/lib/python3.10/site-packages/transformers/generation/utils.py", line 2597, in generate
    result = self._sample(
  File "/data/armaan/venvs/omnizip_clean/lib/python3.10/site-packages/transformers/generation/utils.py", line 3557, in _sample
    outputs = self(**model_inputs, return_dict=True)
  File "/data/armaan/venvs/omnizip_clean/lib/python3.10/site-packages/torch/nn/modules/module.py", line 1739, in _wrapped_call_impl
    return self._call_impl(*args, **kwargs)
  File "/data/armaan/venvs/omnizip_clean/lib/python3.10/site-packages/torch/nn/modules/module.py", line 1750, in _call_impl
    return forward_call(*args, **kwargs)
  File "/data/armaan/purs/Qwen2.5-Omni/low-VRAM-mode/modeling_qwen2_5_omni_low_VRAM_mode.py", line 2490, in forward
    video_embeds = self.visual(pixel_values_videos, grid_thw=video_grid_thw)
  File "/data/armaan/venvs/omnizip_clean/lib/python3.10/site-packages/torch/nn/modules/module.py", line 1739, in _wrapped_call_impl
    return self._call_impl(*args, **kwargs)
  File "/data/armaan/venvs/omnizip_clean/lib/python3.10/site-packages/torch/nn/modules/module.py", line 1750, in _call_impl
    return forward_call(*args, **kwargs)
  File "/data/armaan/purs/Qwen2.5-Omni/low-VRAM-mode/modeling_qwen2_5_omni_low_VRAM_mode.py", line 1366, in forward
    hidden_states = blk(
  File "/data/armaan/venvs/omnizip_clean/lib/python3.10/site-packages/torch/nn/modules/module.py", line 1739, in _wrapped_call_impl
    return self._call_impl(*args, **kwargs)
  File "/data/armaan/venvs/omnizip_clean/lib/python3.10/site-packages/torch/nn/modules/module.py", line 1750, in _call_impl
    return forward_call(*args, **kwargs)
  File "/data/armaan/purs/Qwen2.5-Omni/low-VRAM-mode/modeling_qwen2_5_omni_low_VRAM_mode.py", line 1155, in forward
    hidden_states = hidden_states + self.attn(
  File "/data/armaan/venvs/omnizip_clean/lib/python3.10/site-packages/torch/nn/modules/module.py", line 1739, in _wrapped_call_impl
    return self._call_impl(*args, **kwargs)
  File "/data/armaan/venvs/omnizip_clean/lib/python3.10/site-packages/torch/nn/modules/module.py", line 1750, in _call_impl
    return forward_call(*args, **kwargs)
  File "/data/armaan/purs/Qwen2.5-Omni/low-VRAM-mode/modeling_qwen2_5_omni_low_VRAM_mode.py", line 1116, in forward
    attn_output = F.scaled_dot_product_attention(q, k, v, attention_mask, dropout_p=0.0)
torch.OutOfMemoryError: CUDA out of memory. Tried to allocate 81.00 GiB. GPU 0 has a total capacity of 47.37 GiB of which 35.02 GiB is free. Including non-PyTorch memory, this process has 12.34 GiB memory in use. Of the allocated memory 11.77 GiB is allocated by PyTorch, and 70.04 MiB is reserved by PyTorch but unallocated. If reserved but unallocated memory is large try setting PYTORCH_CUDA_ALLOC_CONF=expandable_segments:True to avoid fragmentation.  See documentation for Memory Management  (https://pytorch.org/docs/stable/notes/cuda.html#environment-variables)


--- worldsense/Object Existence Recognition ---
Traceback (most recent call last):
  File "/data/armaan/purs/eval_qwen_omni.py", line 843, in main
    pred, reasoning = run_inference(
  File "/data/armaan/purs/eval_qwen_omni.py", line 660, in run_inference
    raw_out = model.generate(**gen_in, **gen_kw)
  File "/data/armaan/venvs/omnizip_clean/lib/python3.10/site-packages/gptqmodel/models/base.py", line 1166, in generate
    return self.model.generate(inputs=inputs, **kwargs)
  File "/data/armaan/venvs/omnizip_clean/lib/python3.10/site-packages/torch/utils/_contextlib.py", line 116, in decorate_context
    return func(*args, **kwargs)
  File "/data/armaan/purs/Qwen2.5-Omni/low-VRAM-mode/modeling_qwen2_5_omni_low_VRAM_mode.py", line 4760, in generate
    thinker_result = self.thinker.generate(input_ids=input_ids, **thinker_kwargs)
  File "/data/armaan/venvs/omnizip_clean/lib/python3.10/site-packages/torch/utils/_contextlib.py", line 116, in decorate_context
    return func(*args, **kwargs)
  File "/data/armaan/venvs/omnizip_clean/lib/python3.10/site-packages/transformers/generation/utils.py", line 2597, in generate
    result = self._sample(
  File "/data/armaan/venvs/omnizip_clean/lib/python3.10/site-packages/transformers/generation/utils.py", line 3557, in _sample
    outputs = self(**model_inputs, return_dict=True)
  File "/data/armaan/venvs/omnizip_clean/lib/python3.10/site-packages/torch/nn/modules/module.py", line 1739, in _wrapped_call_impl
    return self._call_impl(*args, **kwargs)
  File "/data/armaan/venvs/omnizip_clean/lib/python3.10/site-packages/torch/nn/modules/module.py", line 1750, in _call_impl
    return forward_call(*args, **kwargs)
  File "/data/armaan/purs/Qwen2.5-Omni/low-VRAM-mode/modeling_qwen2_5_omni_low_VRAM_mode.py", line 2490, in forward
    video_embeds = self.visual(pixel_values_videos, grid_thw=video_grid_thw)
  File "/data/armaan/venvs/omnizip_clean/lib/python3.10/site-packages/torch/nn/modules/module.py", line 1739, in _wrapped_call_impl
    return self._call_impl(*args, **kwargs)
  File "/data/armaan/venvs/omnizip_clean/lib/python3.10/site-packages/torch/nn/modules/module.py", line 1750, in _call_impl
    return forward_call(*args, **kwargs)
  File "/data/armaan/purs/Qwen2.5-Omni/low-VRAM-mode/modeling_qwen2_5_omni_low_VRAM_mode.py", line 1366, in forward
    hidden_states = blk(
  File "/data/armaan/venvs/omnizip_clean/lib/python3.10/site-packages/torch/nn/modules/module.py", line 1739, in _wrapped_call_impl
    return self._call_impl(*args, **kwargs)
  File "/data/armaan/venvs/omnizip_clean/lib/python3.10/site-packages/torch/nn/modules/module.py", line 1750, in _call_impl
    return forward_call(*args, **kwargs)
  File "/data/armaan/purs/Qwen2.5-Omni/low-VRAM-mode/modeling_qwen2_5_omni_low_VRAM_mode.py", line 1155, in forward
    hidden_states = hidden_states + self.attn(
  File "/data/armaan/venvs/omnizip_clean/lib/python3.10/site-packages/torch/nn/modules/module.py", line 1739, in _wrapped_call_impl
    return self._call_impl(*args, **kwargs)
  File "/data/armaan/venvs/omnizip_clean/lib/python3.10/site-packages/torch/nn/modules/module.py", line 1750, in _call_impl
    return forward_call(*args, **kwargs)
  File "/data/armaan/purs/Qwen2.5-Omni/low-VRAM-mode/modeling_qwen2_5_omni_low_VRAM_mode.py", line 1116, in forward
    attn_output = F.scaled_dot_product_attention(q, k, v, attention_mask, dropout_p=0.0)
torch.OutOfMemoryError: CUDA out of memory. Tried to allocate 81.00 GiB. GPU 0 has a total capacity of 47.37 GiB of which 35.02 GiB is free. Including non-PyTorch memory, this process has 12.34 GiB memory in use. Of the allocated memory 11.77 GiB is allocated by PyTorch, and 70.03 MiB is reserved by PyTorch but unallocated. If reserved but unallocated memory is large try setting PYTORCH_CUDA_ALLOC_CONF=expandable_segments:True to avoid fragmentation.  See documentation for Memory Management  (https://pytorch.org/docs/stable/notes/cuda.html#environment-variables)


--- worldsense/Object Existence Recognition ---
Traceback (most recent call last):
  File "/data/armaan/purs/eval_qwen_omni.py", line 843, in main
    pred, reasoning = run_inference(
  File "/data/armaan/purs/eval_qwen_omni.py", line 660, in run_inference
    raw_out = model.generate(**gen_in, **gen_kw)
  File "/data/armaan/venvs/omnizip_clean/lib/python3.10/site-packages/gptqmodel/models/base.py", line 1166, in generate
    return self.model.generate(inputs=inputs, **kwargs)
  File "/data/armaan/venvs/omnizip_clean/lib/python3.10/site-packages/torch/utils/_contextlib.py", line 116, in decorate_context
    return func(*args, **kwargs)
  File "/data/armaan/purs/Qwen2.5-Omni/low-VRAM-mode/modeling_qwen2_5_omni_low_VRAM_mode.py", line 4760, in generate
    thinker_result = self.thinker.generate(input_ids=input_ids, **thinker_kwargs)
  File "/data/armaan/venvs/omnizip_clean/lib/python3.10/site-packages/torch/utils/_contextlib.py", line 116, in decorate_context
    return func(*args, **kwargs)
  File "/data/armaan/venvs/omnizip_clean/lib/python3.10/site-packages/transformers/generation/utils.py", line 2597, in generate
    result = self._sample(
  File "/data/armaan/venvs/omnizip_clean/lib/python3.10/site-packages/transformers/generation/utils.py", line 3557, in _sample
    outputs = self(**model_inputs, return_dict=True)
  File "/data/armaan/venvs/omnizip_clean/lib/python3.10/site-packages/torch/nn/modules/module.py", line 1739, in _wrapped_call_impl
    return self._call_impl(*args, **kwargs)
  File "/data/armaan/venvs/omnizip_clean/lib/python3.10/site-packages/torch/nn/modules/module.py", line 1750, in _call_impl
    return forward_call(*args, **kwargs)
  File "/data/armaan/purs/Qwen2.5-Omni/low-VRAM-mode/modeling_qwen2_5_omni_low_VRAM_mode.py", line 2490, in forward
    video_embeds = self.visual(pixel_values_videos, grid_thw=video_grid_thw)
  File "/data/armaan/venvs/omnizip_clean/lib/python3.10/site-packages/torch/nn/modules/module.py", line 1739, in _wrapped_call_impl
    return self._call_impl(*args, **kwargs)
  File "/data/armaan/venvs/omnizip_clean/lib/python3.10/site-packages/torch/nn/modules/module.py", line 1750, in _call_impl
    return forward_call(*args, **kwargs)
  File "/data/armaan/purs/Qwen2.5-Omni/low-VRAM-mode/modeling_qwen2_5_omni_low_VRAM_mode.py", line 1366, in forward
    hidden_states = blk(
  File "/data/armaan/venvs/omnizip_clean/lib/python3.10/site-packages/torch/nn/modules/module.py", line 1739, in _wrapped_call_impl
    return self._call_impl(*args, **kwargs)
  File "/data/armaan/venvs/omnizip_clean/lib/python3.10/site-packages/torch/nn/modules/module.py", line 1750, in _call_impl
    return forward_call(*args, **kwargs)
  File "/data/armaan/purs/Qwen2.5-Omni/low-VRAM-mode/modeling_qwen2_5_omni_low_VRAM_mode.py", line 1155, in forward
    hidden_states = hidden_states + self.attn(
  File "/data/armaan/venvs/omnizip_clean/lib/python3.10/site-packages/torch/nn/modules/module.py", line 1739, in _wrapped_call_impl
    return self._call_impl(*args, **kwargs)
  File "/data/armaan/venvs/omnizip_clean/lib/python3.10/site-packages/torch/nn/modules/module.py", line 1750, in _call_impl
    return forward_call(*args, **kwargs)
  File "/data/armaan/purs/Qwen2.5-Omni/low-VRAM-mode/modeling_qwen2_5_omni_low_VRAM_mode.py", line 1116, in forward
    attn_output = F.scaled_dot_product_attention(q, k, v, attention_mask, dropout_p=0.0)
torch.OutOfMemoryError: CUDA out of memory. Tried to allocate 81.00 GiB. GPU 0 has a total capacity of 47.37 GiB of which 35.02 GiB is free. Including non-PyTorch memory, this process has 12.34 GiB memory in use. Of the allocated memory 11.77 GiB is allocated by PyTorch, and 70.12 MiB is reserved by PyTorch but unallocated. If reserved but unallocated memory is large try setting PYTORCH_CUDA_ALLOC_CONF=expandable_segments:True to avoid fragmentation.  See documentation for Memory Management  (https://pytorch.org/docs/stable/notes/cuda.html#environment-variables)


--- worldsense/Object State Change ---
Traceback (most recent call last):
  File "/data/armaan/purs/eval_qwen_omni.py", line 843, in main
    pred, reasoning = run_inference(
  File "/data/armaan/purs/eval_qwen_omni.py", line 660, in run_inference
    raw_out = model.generate(**gen_in, **gen_kw)
  File "/data/armaan/venvs/omnizip_clean/lib/python3.10/site-packages/gptqmodel/models/base.py", line 1166, in generate
    return self.model.generate(inputs=inputs, **kwargs)
  File "/data/armaan/venvs/omnizip_clean/lib/python3.10/site-packages/torch/utils/_contextlib.py", line 116, in decorate_context
    return func(*args, **kwargs)
  File "/data/armaan/purs/Qwen2.5-Omni/low-VRAM-mode/modeling_qwen2_5_omni_low_VRAM_mode.py", line 4760, in generate
    thinker_result = self.thinker.generate(input_ids=input_ids, **thinker_kwargs)
  File "/data/armaan/venvs/omnizip_clean/lib/python3.10/site-packages/torch/utils/_contextlib.py", line 116, in decorate_context
    return func(*args, **kwargs)
  File "/data/armaan/venvs/omnizip_clean/lib/python3.10/site-packages/transformers/generation/utils.py", line 2597, in generate
    result = self._sample(
  File "/data/armaan/venvs/omnizip_clean/lib/python3.10/site-packages/transformers/generation/utils.py", line 3557, in _sample
    outputs = self(**model_inputs, return_dict=True)
  File "/data/armaan/venvs/omnizip_clean/lib/python3.10/site-packages/torch/nn/modules/module.py", line 1739, in _wrapped_call_impl
    return self._call_impl(*args, **kwargs)
  File "/data/armaan/venvs/omnizip_clean/lib/python3.10/site-packages/torch/nn/modules/module.py", line 1750, in _call_impl
    return forward_call(*args, **kwargs)
  File "/data/armaan/purs/Qwen2.5-Omni/low-VRAM-mode/modeling_qwen2_5_omni_low_VRAM_mode.py", line 2490, in forward
    video_embeds = self.visual(pixel_values_videos, grid_thw=video_grid_thw)
  File "/data/armaan/venvs/omnizip_clean/lib/python3.10/site-packages/torch/nn/modules/module.py", line 1739, in _wrapped_call_impl
    return self._call_impl(*args, **kwargs)
  File "/data/armaan/venvs/omnizip_clean/lib/python3.10/site-packages/torch/nn/modules/module.py", line 1750, in _call_impl
    return forward_call(*args, **kwargs)
  File "/data/armaan/purs/Qwen2.5-Omni/low-VRAM-mode/modeling_qwen2_5_omni_low_VRAM_mode.py", line 1366, in forward
    hidden_states = blk(
  File "/data/armaan/venvs/omnizip_clean/lib/python3.10/site-packages/torch/nn/modules/module.py", line 1739, in _wrapped_call_impl
    return self._call_impl(*args, **kwargs)
  File "/data/armaan/venvs/omnizip_clean/lib/python3.10/site-packages/torch/nn/modules/module.py", line 1750, in _call_impl
    return forward_call(*args, **kwargs)
  File "/data/armaan/purs/Qwen2.5-Omni/low-VRAM-mode/modeling_qwen2_5_omni_low_VRAM_mode.py", line 1155, in forward
    hidden_states = hidden_states + self.attn(
  File "/data/armaan/venvs/omnizip_clean/lib/python3.10/site-packages/torch/nn/modules/module.py", line 1739, in _wrapped_call_impl
    return self._call_impl(*args, **kwargs)
  File "/data/armaan/venvs/omnizip_clean/lib/python3.10/site-packages/torch/nn/modules/module.py", line 1750, in _call_impl
    return forward_call(*args, **kwargs)
  File "/data/armaan/purs/Qwen2.5-Omni/low-VRAM-mode/modeling_qwen2_5_omni_low_VRAM_mode.py", line 1116, in forward
    attn_output = F.scaled_dot_product_attention(q, k, v, attention_mask, dropout_p=0.0)
torch.OutOfMemoryError: CUDA out of memory. Tried to allocate 81.00 GiB. GPU 0 has a total capacity of 47.37 GiB of which 35.02 GiB is free. Including non-PyTorch memory, this process has 12.34 GiB memory in use. Of the allocated memory 11.77 GiB is allocated by PyTorch, and 72.77 MiB is reserved by PyTorch but unallocated. If reserved but unallocated memory is large try setting PYTORCH_CUDA_ALLOC_CONF=expandable_segments:True to avoid fragmentation.  See documentation for Memory Management  (https://pytorch.org/docs/stable/notes/cuda.html#environment-variables)


--- worldsense/Object State Change ---
Traceback (most recent call last):
  File "/data/armaan/purs/eval_qwen_omni.py", line 843, in main
    pred, reasoning = run_inference(
  File "/data/armaan/purs/eval_qwen_omni.py", line 660, in run_inference
    raw_out = model.generate(**gen_in, **gen_kw)
  File "/data/armaan/venvs/omnizip_clean/lib/python3.10/site-packages/gptqmodel/models/base.py", line 1166, in generate
    return self.model.generate(inputs=inputs, **kwargs)
  File "/data/armaan/venvs/omnizip_clean/lib/python3.10/site-packages/torch/utils/_contextlib.py", line 116, in decorate_context
    return func(*args, **kwargs)
  File "/data/armaan/purs/Qwen2.5-Omni/low-VRAM-mode/modeling_qwen2_5_omni_low_VRAM_mode.py", line 4760, in generate
    thinker_result = self.thinker.generate(input_ids=input_ids, **thinker_kwargs)
  File "/data/armaan/venvs/omnizip_clean/lib/python3.10/site-packages/torch/utils/_contextlib.py", line 116, in decorate_context
    return func(*args, **kwargs)
  File "/data/armaan/venvs/omnizip_clean/lib/python3.10/site-packages/transformers/generation/utils.py", line 2597, in generate
    result = self._sample(
  File "/data/armaan/venvs/omnizip_clean/lib/python3.10/site-packages/transformers/generation/utils.py", line 3557, in _sample
    outputs = self(**model_inputs, return_dict=True)
  File "/data/armaan/venvs/omnizip_clean/lib/python3.10/site-packages/torch/nn/modules/module.py", line 1739, in _wrapped_call_impl
    return self._call_impl(*args, **kwargs)
  File "/data/armaan/venvs/omnizip_clean/lib/python3.10/site-packages/torch/nn/modules/module.py", line 1750, in _call_impl
    return forward_call(*args, **kwargs)
  File "/data/armaan/purs/Qwen2.5-Omni/low-VRAM-mode/modeling_qwen2_5_omni_low_VRAM_mode.py", line 2490, in forward
    video_embeds = self.visual(pixel_values_videos, grid_thw=video_grid_thw)
  File "/data/armaan/venvs/omnizip_clean/lib/python3.10/site-packages/torch/nn/modules/module.py", line 1739, in _wrapped_call_impl
    return self._call_impl(*args, **kwargs)
  File "/data/armaan/venvs/omnizip_clean/lib/python3.10/site-packages/torch/nn/modules/module.py", line 1750, in _call_impl
    return forward_call(*args, **kwargs)
  File "/data/armaan/purs/Qwen2.5-Omni/low-VRAM-mode/modeling_qwen2_5_omni_low_VRAM_mode.py", line 1366, in forward
    hidden_states = blk(
  File "/data/armaan/venvs/omnizip_clean/lib/python3.10/site-packages/torch/nn/modules/module.py", line 1739, in _wrapped_call_impl
    return self._call_impl(*args, **kwargs)
  File "/data/armaan/venvs/omnizip_clean/lib/python3.10/site-packages/torch/nn/modules/module.py", line 1750, in _call_impl
    return forward_call(*args, **kwargs)
  File "/data/armaan/purs/Qwen2.5-Omni/low-VRAM-mode/modeling_qwen2_5_omni_low_VRAM_mode.py", line 1155, in forward
    hidden_states = hidden_states + self.attn(
  File "/data/armaan/venvs/omnizip_clean/lib/python3.10/site-packages/torch/nn/modules/module.py", line 1739, in _wrapped_call_impl
    return self._call_impl(*args, **kwargs)
  File "/data/armaan/venvs/omnizip_clean/lib/python3.10/site-packages/torch/nn/modules/module.py", line 1750, in _call_impl
    return forward_call(*args, **kwargs)
  File "/data/armaan/purs/Qwen2.5-Omni/low-VRAM-mode/modeling_qwen2_5_omni_low_VRAM_mode.py", line 1116, in forward
    attn_output = F.scaled_dot_product_attention(q, k, v, attention_mask, dropout_p=0.0)
torch.OutOfMemoryError: CUDA out of memory. Tried to allocate 81.00 GiB. GPU 0 has a total capacity of 47.37 GiB of which 35.04 GiB is free. Including non-PyTorch memory, this process has 12.32 GiB memory in use. Of the allocated memory 11.77 GiB is allocated by PyTorch, and 51.65 MiB is reserved by PyTorch but unallocated. If reserved but unallocated memory is large try setting PYTORCH_CUDA_ALLOC_CONF=expandable_segments:True to avoid fragmentation.  See documentation for Memory Management  (https://pytorch.org/docs/stable/notes/cuda.html#environment-variables)


--- worldsense/Object State Change ---
Traceback (most recent call last):
  File "/data/armaan/purs/eval_qwen_omni.py", line 843, in main
    pred, reasoning = run_inference(
  File "/data/armaan/purs/eval_qwen_omni.py", line 660, in run_inference
    raw_out = model.generate(**gen_in, **gen_kw)
  File "/data/armaan/venvs/omnizip_clean/lib/python3.10/site-packages/gptqmodel/models/base.py", line 1166, in generate
    return self.model.generate(inputs=inputs, **kwargs)
  File "/data/armaan/venvs/omnizip_clean/lib/python3.10/site-packages/torch/utils/_contextlib.py", line 116, in decorate_context
    return func(*args, **kwargs)
  File "/data/armaan/purs/Qwen2.5-Omni/low-VRAM-mode/modeling_qwen2_5_omni_low_VRAM_mode.py", line 4760, in generate
    thinker_result = self.thinker.generate(input_ids=input_ids, **thinker_kwargs)
  File "/data/armaan/venvs/omnizip_clean/lib/python3.10/site-packages/torch/utils/_contextlib.py", line 116, in decorate_context
    return func(*args, **kwargs)
  File "/data/armaan/venvs/omnizip_clean/lib/python3.10/site-packages/transformers/generation/utils.py", line 2597, in generate
    result = self._sample(
  File "/data/armaan/venvs/omnizip_clean/lib/python3.10/site-packages/transformers/generation/utils.py", line 3557, in _sample
    outputs = self(**model_inputs, return_dict=True)
  File "/data/armaan/venvs/omnizip_clean/lib/python3.10/site-packages/torch/nn/modules/module.py", line 1739, in _wrapped_call_impl
    return self._call_impl(*args, **kwargs)
  File "/data/armaan/venvs/omnizip_clean/lib/python3.10/site-packages/torch/nn/modules/module.py", line 1750, in _call_impl
    return forward_call(*args, **kwargs)
  File "/data/armaan/purs/Qwen2.5-Omni/low-VRAM-mode/modeling_qwen2_5_omni_low_VRAM_mode.py", line 2490, in forward
    video_embeds = self.visual(pixel_values_videos, grid_thw=video_grid_thw)
  File "/data/armaan/venvs/omnizip_clean/lib/python3.10/site-packages/torch/nn/modules/module.py", line 1739, in _wrapped_call_impl
    return self._call_impl(*args, **kwargs)
  File "/data/armaan/venvs/omnizip_clean/lib/python3.10/site-packages/torch/nn/modules/module.py", line 1750, in _call_impl
    return forward_call(*args, **kwargs)
  File "/data/armaan/purs/Qwen2.5-Omni/low-VRAM-mode/modeling_qwen2_5_omni_low_VRAM_mode.py", line 1366, in forward
    hidden_states = blk(
  File "/data/armaan/venvs/omnizip_clean/lib/python3.10/site-packages/torch/nn/modules/module.py", line 1739, in _wrapped_call_impl
    return self._call_impl(*args, **kwargs)
  File "/data/armaan/venvs/omnizip_clean/lib/python3.10/site-packages/torch/nn/modules/module.py", line 1750, in _call_impl
    return forward_call(*args, **kwargs)
  File "/data/armaan/purs/Qwen2.5-Omni/low-VRAM-mode/modeling_qwen2_5_omni_low_VRAM_mode.py", line 1155, in forward
    hidden_states = hidden_states + self.attn(
  File "/data/armaan/venvs/omnizip_clean/lib/python3.10/site-packages/torch/nn/modules/module.py", line 1739, in _wrapped_call_impl
    return self._call_impl(*args, **kwargs)
  File "/data/armaan/venvs/omnizip_clean/lib/python3.10/site-packages/torch/nn/modules/module.py", line 1750, in _call_impl
    return forward_call(*args, **kwargs)
  File "/data/armaan/purs/Qwen2.5-Omni/low-VRAM-mode/modeling_qwen2_5_omni_low_VRAM_mode.py", line 1116, in forward
    attn_output = F.scaled_dot_product_attention(q, k, v, attention_mask, dropout_p=0.0)
torch.OutOfMemoryError: CUDA out of memory. Tried to allocate 81.00 GiB. GPU 0 has a total capacity of 47.37 GiB of which 35.04 GiB is free. Including non-PyTorch memory, this process has 12.32 GiB memory in use. Of the allocated memory 11.77 GiB is allocated by PyTorch, and 52.64 MiB is reserved by PyTorch but unallocated. If reserved but unallocated memory is large try setting PYTORCH_CUDA_ALLOC_CONF=expandable_segments:True to avoid fragmentation.  See documentation for Memory Management  (https://pytorch.org/docs/stable/notes/cuda.html#environment-variables)


--- worldsense/Relation Reasoning ---
Traceback (most recent call last):
  File "/data/armaan/purs/eval_qwen_omni.py", line 843, in main
    pred, reasoning = run_inference(
  File "/data/armaan/purs/eval_qwen_omni.py", line 660, in run_inference
    raw_out = model.generate(**gen_in, **gen_kw)
  File "/data/armaan/venvs/omnizip_clean/lib/python3.10/site-packages/gptqmodel/models/base.py", line 1166, in generate
    return self.model.generate(inputs=inputs, **kwargs)
  File "/data/armaan/venvs/omnizip_clean/lib/python3.10/site-packages/torch/utils/_contextlib.py", line 116, in decorate_context
    return func(*args, **kwargs)
  File "/data/armaan/purs/Qwen2.5-Omni/low-VRAM-mode/modeling_qwen2_5_omni_low_VRAM_mode.py", line 4760, in generate
    thinker_result = self.thinker.generate(input_ids=input_ids, **thinker_kwargs)
  File "/data/armaan/venvs/omnizip_clean/lib/python3.10/site-packages/torch/utils/_contextlib.py", line 116, in decorate_context
    return func(*args, **kwargs)
  File "/data/armaan/venvs/omnizip_clean/lib/python3.10/site-packages/transformers/generation/utils.py", line 2597, in generate
    result = self._sample(
  File "/data/armaan/venvs/omnizip_clean/lib/python3.10/site-packages/transformers/generation/utils.py", line 3557, in _sample
    outputs = self(**model_inputs, return_dict=True)
  File "/data/armaan/venvs/omnizip_clean/lib/python3.10/site-packages/torch/nn/modules/module.py", line 1739, in _wrapped_call_impl
    return self._call_impl(*args, **kwargs)
  File "/data/armaan/venvs/omnizip_clean/lib/python3.10/site-packages/torch/nn/modules/module.py", line 1750, in _call_impl
    return forward_call(*args, **kwargs)
  File "/data/armaan/purs/Qwen2.5-Omni/low-VRAM-mode/modeling_qwen2_5_omni_low_VRAM_mode.py", line 2490, in forward
    video_embeds = self.visual(pixel_values_videos, grid_thw=video_grid_thw)
  File "/data/armaan/venvs/omnizip_clean/lib/python3.10/site-packages/torch/nn/modules/module.py", line 1739, in _wrapped_call_impl
    return self._call_impl(*args, **kwargs)
  File "/data/armaan/venvs/omnizip_clean/lib/python3.10/site-packages/torch/nn/modules/module.py", line 1750, in _call_impl
    return forward_call(*args, **kwargs)
  File "/data/armaan/purs/Qwen2.5-Omni/low-VRAM-mode/modeling_qwen2_5_omni_low_VRAM_mode.py", line 1366, in forward
    hidden_states = blk(
  File "/data/armaan/venvs/omnizip_clean/lib/python3.10/site-packages/torch/nn/modules/module.py", line 1739, in _wrapped_call_impl
    return self._call_impl(*args, **kwargs)
  File "/data/armaan/venvs/omnizip_clean/lib/python3.10/site-packages/torch/nn/modules/module.py", line 1750, in _call_impl
    return forward_call(*args, **kwargs)
  File "/data/armaan/purs/Qwen2.5-Omni/low-VRAM-mode/modeling_qwen2_5_omni_low_VRAM_mode.py", line 1155, in forward
    hidden_states = hidden_states + self.attn(
  File "/data/armaan/venvs/omnizip_clean/lib/python3.10/site-packages/torch/nn/modules/module.py", line 1739, in _wrapped_call_impl
    return self._call_impl(*args, **kwargs)
  File "/data/armaan/venvs/omnizip_clean/lib/python3.10/site-packages/torch/nn/modules/module.py", line 1750, in _call_impl
    return forward_call(*args, **kwargs)
  File "/data/armaan/purs/Qwen2.5-Omni/low-VRAM-mode/modeling_qwen2_5_omni_low_VRAM_mode.py", line 1116, in forward
    attn_output = F.scaled_dot_product_attention(q, k, v, attention_mask, dropout_p=0.0)
torch.OutOfMemoryError: CUDA out of memory. Tried to allocate 81.00 GiB. GPU 0 has a total capacity of 47.37 GiB of which 35.04 GiB is free. Including non-PyTorch memory, this process has 12.32 GiB memory in use. Of the allocated memory 11.77 GiB is allocated by PyTorch, and 51.32 MiB is reserved by PyTorch but unallocated. If reserved but unallocated memory is large try setting PYTORCH_CUDA_ALLOC_CONF=expandable_segments:True to avoid fragmentation.  See documentation for Memory Management  (https://pytorch.org/docs/stable/notes/cuda.html#environment-variables)


--- worldsense/Relation Reasoning ---
Traceback (most recent call last):
  File "/data/armaan/purs/eval_qwen_omni.py", line 843, in main
    pred, reasoning = run_inference(
  File "/data/armaan/purs/eval_qwen_omni.py", line 660, in run_inference
    raw_out = model.generate(**gen_in, **gen_kw)
  File "/data/armaan/venvs/omnizip_clean/lib/python3.10/site-packages/gptqmodel/models/base.py", line 1166, in generate
    return self.model.generate(inputs=inputs, **kwargs)
  File "/data/armaan/venvs/omnizip_clean/lib/python3.10/site-packages/torch/utils/_contextlib.py", line 116, in decorate_context
    return func(*args, **kwargs)
  File "/data/armaan/purs/Qwen2.5-Omni/low-VRAM-mode/modeling_qwen2_5_omni_low_VRAM_mode.py", line 4760, in generate
    thinker_result = self.thinker.generate(input_ids=input_ids, **thinker_kwargs)
  File "/data/armaan/venvs/omnizip_clean/lib/python3.10/site-packages/torch/utils/_contextlib.py", line 116, in decorate_context
    return func(*args, **kwargs)
  File "/data/armaan/venvs/omnizip_clean/lib/python3.10/site-packages/transformers/generation/utils.py", line 2597, in generate
    result = self._sample(
  File "/data/armaan/venvs/omnizip_clean/lib/python3.10/site-packages/transformers/generation/utils.py", line 3557, in _sample
    outputs = self(**model_inputs, return_dict=True)
  File "/data/armaan/venvs/omnizip_clean/lib/python3.10/site-packages/torch/nn/modules/module.py", line 1739, in _wrapped_call_impl
    return self._call_impl(*args, **kwargs)
  File "/data/armaan/venvs/omnizip_clean/lib/python3.10/site-packages/torch/nn/modules/module.py", line 1750, in _call_impl
    return forward_call(*args, **kwargs)
  File "/data/armaan/purs/Qwen2.5-Omni/low-VRAM-mode/modeling_qwen2_5_omni_low_VRAM_mode.py", line 2490, in forward
    video_embeds = self.visual(pixel_values_videos, grid_thw=video_grid_thw)
  File "/data/armaan/venvs/omnizip_clean/lib/python3.10/site-packages/torch/nn/modules/module.py", line 1739, in _wrapped_call_impl
    return self._call_impl(*args, **kwargs)
  File "/data/armaan/venvs/omnizip_clean/lib/python3.10/site-packages/torch/nn/modules/module.py", line 1750, in _call_impl
    return forward_call(*args, **kwargs)
  File "/data/armaan/purs/Qwen2.5-Omni/low-VRAM-mode/modeling_qwen2_5_omni_low_VRAM_mode.py", line 1366, in forward
    hidden_states = blk(
  File "/data/armaan/venvs/omnizip_clean/lib/python3.10/site-packages/torch/nn/modules/module.py", line 1739, in _wrapped_call_impl
    return self._call_impl(*args, **kwargs)
  File "/data/armaan/venvs/omnizip_clean/lib/python3.10/site-packages/torch/nn/modules/module.py", line 1750, in _call_impl
    return forward_call(*args, **kwargs)
  File "/data/armaan/purs/Qwen2.5-Omni/low-VRAM-mode/modeling_qwen2_5_omni_low_VRAM_mode.py", line 1155, in forward
    hidden_states = hidden_states + self.attn(
  File "/data/armaan/venvs/omnizip_clean/lib/python3.10/site-packages/torch/nn/modules/module.py", line 1739, in _wrapped_call_impl
    return self._call_impl(*args, **kwargs)
  File "/data/armaan/venvs/omnizip_clean/lib/python3.10/site-packages/torch/nn/modules/module.py", line 1750, in _call_impl
    return forward_call(*args, **kwargs)
  File "/data/armaan/purs/Qwen2.5-Omni/low-VRAM-mode/modeling_qwen2_5_omni_low_VRAM_mode.py", line 1116, in forward
    attn_output = F.scaled_dot_product_attention(q, k, v, attention_mask, dropout_p=0.0)
torch.OutOfMemoryError: CUDA out of memory. Tried to allocate 81.00 GiB. GPU 0 has a total capacity of 47.37 GiB of which 35.04 GiB is free. Including non-PyTorch memory, this process has 12.32 GiB memory in use. Of the allocated memory 11.77 GiB is allocated by PyTorch, and 50.97 MiB is reserved by PyTorch but unallocated. If reserved but unallocated memory is large try setting PYTORCH_CUDA_ALLOC_CONF=expandable_segments:True to avoid fragmentation.  See documentation for Memory Management  (https://pytorch.org/docs/stable/notes/cuda.html#environment-variables)


--- worldsense/Relation Reasoning ---
Traceback (most recent call last):
  File "/data/armaan/purs/eval_qwen_omni.py", line 843, in main
    pred, reasoning = run_inference(
  File "/data/armaan/purs/eval_qwen_omni.py", line 660, in run_inference
    raw_out = model.generate(**gen_in, **gen_kw)
  File "/data/armaan/venvs/omnizip_clean/lib/python3.10/site-packages/gptqmodel/models/base.py", line 1166, in generate
    return self.model.generate(inputs=inputs, **kwargs)
  File "/data/armaan/venvs/omnizip_clean/lib/python3.10/site-packages/torch/utils/_contextlib.py", line 116, in decorate_context
    return func(*args, **kwargs)
  File "/data/armaan/purs/Qwen2.5-Omni/low-VRAM-mode/modeling_qwen2_5_omni_low_VRAM_mode.py", line 4760, in generate
    thinker_result = self.thinker.generate(input_ids=input_ids, **thinker_kwargs)
  File "/data/armaan/venvs/omnizip_clean/lib/python3.10/site-packages/torch/utils/_contextlib.py", line 116, in decorate_context
    return func(*args, **kwargs)
  File "/data/armaan/venvs/omnizip_clean/lib/python3.10/site-packages/transformers/generation/utils.py", line 2597, in generate
    result = self._sample(
  File "/data/armaan/venvs/omnizip_clean/lib/python3.10/site-packages/transformers/generation/utils.py", line 3557, in _sample
    outputs = self(**model_inputs, return_dict=True)
  File "/data/armaan/venvs/omnizip_clean/lib/python3.10/site-packages/torch/nn/modules/module.py", line 1739, in _wrapped_call_impl
    return self._call_impl(*args, **kwargs)
  File "/data/armaan/venvs/omnizip_clean/lib/python3.10/site-packages/torch/nn/modules/module.py", line 1750, in _call_impl
    return forward_call(*args, **kwargs)
  File "/data/armaan/purs/Qwen2.5-Omni/low-VRAM-mode/modeling_qwen2_5_omni_low_VRAM_mode.py", line 2490, in forward
    video_embeds = self.visual(pixel_values_videos, grid_thw=video_grid_thw)
  File "/data/armaan/venvs/omnizip_clean/lib/python3.10/site-packages/torch/nn/modules/module.py", line 1739, in _wrapped_call_impl
    return self._call_impl(*args, **kwargs)
  File "/data/armaan/venvs/omnizip_clean/lib/python3.10/site-packages/torch/nn/modules/module.py", line 1750, in _call_impl
    return forward_call(*args, **kwargs)
  File "/data/armaan/purs/Qwen2.5-Omni/low-VRAM-mode/modeling_qwen2_5_omni_low_VRAM_mode.py", line 1366, in forward
    hidden_states = blk(
  File "/data/armaan/venvs/omnizip_clean/lib/python3.10/site-packages/torch/nn/modules/module.py", line 1739, in _wrapped_call_impl
    return self._call_impl(*args, **kwargs)
  File "/data/armaan/venvs/omnizip_clean/lib/python3.10/site-packages/torch/nn/modules/module.py", line 1750, in _call_impl
    return forward_call(*args, **kwargs)
  File "/data/armaan/purs/Qwen2.5-Omni/low-VRAM-mode/modeling_qwen2_5_omni_low_VRAM_mode.py", line 1155, in forward
    hidden_states = hidden_states + self.attn(
  File "/data/armaan/venvs/omnizip_clean/lib/python3.10/site-packages/torch/nn/modules/module.py", line 1739, in _wrapped_call_impl
    return self._call_impl(*args, **kwargs)
  File "/data/armaan/venvs/omnizip_clean/lib/python3.10/site-packages/torch/nn/modules/module.py", line 1750, in _call_impl
    return forward_call(*args, **kwargs)
  File "/data/armaan/purs/Qwen2.5-Omni/low-VRAM-mode/modeling_qwen2_5_omni_low_VRAM_mode.py", line 1116, in forward
    attn_output = F.scaled_dot_product_attention(q, k, v, attention_mask, dropout_p=0.0)
torch.OutOfMemoryError: CUDA out of memory. Tried to allocate 81.00 GiB. GPU 0 has a total capacity of 47.37 GiB of which 35.04 GiB is free. Including non-PyTorch memory, this process has 12.32 GiB memory in use. Of the allocated memory 11.77 GiB is allocated by PyTorch, and 51.30 MiB is reserved by PyTorch but unallocated. If reserved but unallocated memory is large try setting PYTORCH_CUDA_ALLOC_CONF=expandable_segments:True to avoid fragmentation.  See documentation for Memory Management  (https://pytorch.org/docs/stable/notes/cuda.html#environment-variables)


--- worldsense/Scene Recognition ---
Traceback (most recent call last):
  File "/data/armaan/purs/eval_qwen_omni.py", line 843, in main
    pred, reasoning = run_inference(
  File "/data/armaan/purs/eval_qwen_omni.py", line 660, in run_inference
    raw_out = model.generate(**gen_in, **gen_kw)
  File "/data/armaan/venvs/omnizip_clean/lib/python3.10/site-packages/gptqmodel/models/base.py", line 1166, in generate
    return self.model.generate(inputs=inputs, **kwargs)
  File "/data/armaan/venvs/omnizip_clean/lib/python3.10/site-packages/torch/utils/_contextlib.py", line 116, in decorate_context
    return func(*args, **kwargs)
  File "/data/armaan/purs/Qwen2.5-Omni/low-VRAM-mode/modeling_qwen2_5_omni_low_VRAM_mode.py", line 4760, in generate
    thinker_result = self.thinker.generate(input_ids=input_ids, **thinker_kwargs)
  File "/data/armaan/venvs/omnizip_clean/lib/python3.10/site-packages/torch/utils/_contextlib.py", line 116, in decorate_context
    return func(*args, **kwargs)
  File "/data/armaan/venvs/omnizip_clean/lib/python3.10/site-packages/transformers/generation/utils.py", line 2597, in generate
    result = self._sample(
  File "/data/armaan/venvs/omnizip_clean/lib/python3.10/site-packages/transformers/generation/utils.py", line 3557, in _sample
    outputs = self(**model_inputs, return_dict=True)
  File "/data/armaan/venvs/omnizip_clean/lib/python3.10/site-packages/torch/nn/modules/module.py", line 1739, in _wrapped_call_impl
    return self._call_impl(*args, **kwargs)
  File "/data/armaan/venvs/omnizip_clean/lib/python3.10/site-packages/torch/nn/modules/module.py", line 1750, in _call_impl
    return forward_call(*args, **kwargs)
  File "/data/armaan/purs/Qwen2.5-Omni/low-VRAM-mode/modeling_qwen2_5_omni_low_VRAM_mode.py", line 2490, in forward
    video_embeds = self.visual(pixel_values_videos, grid_thw=video_grid_thw)
  File "/data/armaan/venvs/omnizip_clean/lib/python3.10/site-packages/torch/nn/modules/module.py", line 1739, in _wrapped_call_impl
    return self._call_impl(*args, **kwargs)
  File "/data/armaan/venvs/omnizip_clean/lib/python3.10/site-packages/torch/nn/modules/module.py", line 1750, in _call_impl
    return forward_call(*args, **kwargs)
  File "/data/armaan/purs/Qwen2.5-Omni/low-VRAM-mode/modeling_qwen2_5_omni_low_VRAM_mode.py", line 1366, in forward
    hidden_states = blk(
  File "/data/armaan/venvs/omnizip_clean/lib/python3.10/site-packages/torch/nn/modules/module.py", line 1739, in _wrapped_call_impl
    return self._call_impl(*args, **kwargs)
  File "/data/armaan/venvs/omnizip_clean/lib/python3.10/site-packages/torch/nn/modules/module.py", line 1750, in _call_impl
    return forward_call(*args, **kwargs)
  File "/data/armaan/purs/Qwen2.5-Omni/low-VRAM-mode/modeling_qwen2_5_omni_low_VRAM_mode.py", line 1155, in forward
    hidden_states = hidden_states + self.attn(
  File "/data/armaan/venvs/omnizip_clean/lib/python3.10/site-packages/torch/nn/modules/module.py", line 1739, in _wrapped_call_impl
    return self._call_impl(*args, **kwargs)
  File "/data/armaan/venvs/omnizip_clean/lib/python3.10/site-packages/torch/nn/modules/module.py", line 1750, in _call_impl
    return forward_call(*args, **kwargs)
  File "/data/armaan/purs/Qwen2.5-Omni/low-VRAM-mode/modeling_qwen2_5_omni_low_VRAM_mode.py", line 1116, in forward
    attn_output = F.scaled_dot_product_attention(q, k, v, attention_mask, dropout_p=0.0)
torch.OutOfMemoryError: CUDA out of memory. Tried to allocate 81.00 GiB. GPU 0 has a total capacity of 47.37 GiB of which 35.04 GiB is free. Including non-PyTorch memory, this process has 12.32 GiB memory in use. Of the allocated memory 11.76 GiB is allocated by PyTorch, and 56.17 MiB is reserved by PyTorch but unallocated. If reserved but unallocated memory is large try setting PYTORCH_CUDA_ALLOC_CONF=expandable_segments:True to avoid fragmentation.  See documentation for Memory Management  (https://pytorch.org/docs/stable/notes/cuda.html#environment-variables)


--- worldsense/Scene Recognition ---
Traceback (most recent call last):
  File "/data/armaan/purs/eval_qwen_omni.py", line 843, in main
    pred, reasoning = run_inference(
  File "/data/armaan/purs/eval_qwen_omni.py", line 660, in run_inference
    raw_out = model.generate(**gen_in, **gen_kw)
  File "/data/armaan/venvs/omnizip_clean/lib/python3.10/site-packages/gptqmodel/models/base.py", line 1166, in generate
    return self.model.generate(inputs=inputs, **kwargs)
  File "/data/armaan/venvs/omnizip_clean/lib/python3.10/site-packages/torch/utils/_contextlib.py", line 116, in decorate_context
    return func(*args, **kwargs)
  File "/data/armaan/purs/Qwen2.5-Omni/low-VRAM-mode/modeling_qwen2_5_omni_low_VRAM_mode.py", line 4760, in generate
    thinker_result = self.thinker.generate(input_ids=input_ids, **thinker_kwargs)
  File "/data/armaan/venvs/omnizip_clean/lib/python3.10/site-packages/torch/utils/_contextlib.py", line 116, in decorate_context
    return func(*args, **kwargs)
  File "/data/armaan/venvs/omnizip_clean/lib/python3.10/site-packages/transformers/generation/utils.py", line 2597, in generate
    result = self._sample(
  File "/data/armaan/venvs/omnizip_clean/lib/python3.10/site-packages/transformers/generation/utils.py", line 3557, in _sample
    outputs = self(**model_inputs, return_dict=True)
  File "/data/armaan/venvs/omnizip_clean/lib/python3.10/site-packages/torch/nn/modules/module.py", line 1739, in _wrapped_call_impl
    return self._call_impl(*args, **kwargs)
  File "/data/armaan/venvs/omnizip_clean/lib/python3.10/site-packages/torch/nn/modules/module.py", line 1750, in _call_impl
    return forward_call(*args, **kwargs)
  File "/data/armaan/purs/Qwen2.5-Omni/low-VRAM-mode/modeling_qwen2_5_omni_low_VRAM_mode.py", line 2490, in forward
    video_embeds = self.visual(pixel_values_videos, grid_thw=video_grid_thw)
  File "/data/armaan/venvs/omnizip_clean/lib/python3.10/site-packages/torch/nn/modules/module.py", line 1739, in _wrapped_call_impl
    return self._call_impl(*args, **kwargs)
  File "/data/armaan/venvs/omnizip_clean/lib/python3.10/site-packages/torch/nn/modules/module.py", line 1750, in _call_impl
    return forward_call(*args, **kwargs)
  File "/data/armaan/purs/Qwen2.5-Omni/low-VRAM-mode/modeling_qwen2_5_omni_low_VRAM_mode.py", line 1366, in forward
    hidden_states = blk(
  File "/data/armaan/venvs/omnizip_clean/lib/python3.10/site-packages/torch/nn/modules/module.py", line 1739, in _wrapped_call_impl
    return self._call_impl(*args, **kwargs)
  File "/data/armaan/venvs/omnizip_clean/lib/python3.10/site-packages/torch/nn/modules/module.py", line 1750, in _call_impl
    return forward_call(*args, **kwargs)
  File "/data/armaan/purs/Qwen2.5-Omni/low-VRAM-mode/modeling_qwen2_5_omni_low_VRAM_mode.py", line 1155, in forward
    hidden_states = hidden_states + self.attn(
  File "/data/armaan/venvs/omnizip_clean/lib/python3.10/site-packages/torch/nn/modules/module.py", line 1739, in _wrapped_call_impl
    return self._call_impl(*args, **kwargs)
  File "/data/armaan/venvs/omnizip_clean/lib/python3.10/site-packages/torch/nn/modules/module.py", line 1750, in _call_impl
    return forward_call(*args, **kwargs)
  File "/data/armaan/purs/Qwen2.5-Omni/low-VRAM-mode/modeling_qwen2_5_omni_low_VRAM_mode.py", line 1116, in forward
    attn_output = F.scaled_dot_product_attention(q, k, v, attention_mask, dropout_p=0.0)
torch.OutOfMemoryError: CUDA out of memory. Tried to allocate 81.00 GiB. GPU 0 has a total capacity of 47.37 GiB of which 35.04 GiB is free. Including non-PyTorch memory, this process has 12.32 GiB memory in use. Of the allocated memory 11.76 GiB is allocated by PyTorch, and 56.13 MiB is reserved by PyTorch but unallocated. If reserved but unallocated memory is large try setting PYTORCH_CUDA_ALLOC_CONF=expandable_segments:True to avoid fragmentation.  See documentation for Memory Management  (https://pytorch.org/docs/stable/notes/cuda.html#environment-variables)


--- worldsense/Spatial Relation ---
Traceback (most recent call last):
  File "/data/armaan/purs/eval_qwen_omni.py", line 843, in main
    pred, reasoning = run_inference(
  File "/data/armaan/purs/eval_qwen_omni.py", line 660, in run_inference
    raw_out = model.generate(**gen_in, **gen_kw)
  File "/data/armaan/venvs/omnizip_clean/lib/python3.10/site-packages/gptqmodel/models/base.py", line 1166, in generate
    return self.model.generate(inputs=inputs, **kwargs)
  File "/data/armaan/venvs/omnizip_clean/lib/python3.10/site-packages/torch/utils/_contextlib.py", line 116, in decorate_context
    return func(*args, **kwargs)
  File "/data/armaan/purs/Qwen2.5-Omni/low-VRAM-mode/modeling_qwen2_5_omni_low_VRAM_mode.py", line 4760, in generate
    thinker_result = self.thinker.generate(input_ids=input_ids, **thinker_kwargs)
  File "/data/armaan/venvs/omnizip_clean/lib/python3.10/site-packages/torch/utils/_contextlib.py", line 116, in decorate_context
    return func(*args, **kwargs)
  File "/data/armaan/venvs/omnizip_clean/lib/python3.10/site-packages/transformers/generation/utils.py", line 2597, in generate
    result = self._sample(
  File "/data/armaan/venvs/omnizip_clean/lib/python3.10/site-packages/transformers/generation/utils.py", line 3557, in _sample
    outputs = self(**model_inputs, return_dict=True)
  File "/data/armaan/venvs/omnizip_clean/lib/python3.10/site-packages/torch/nn/modules/module.py", line 1739, in _wrapped_call_impl
    return self._call_impl(*args, **kwargs)
  File "/data/armaan/venvs/omnizip_clean/lib/python3.10/site-packages/torch/nn/modules/module.py", line 1750, in _call_impl
    return forward_call(*args, **kwargs)
  File "/data/armaan/purs/Qwen2.5-Omni/low-VRAM-mode/modeling_qwen2_5_omni_low_VRAM_mode.py", line 2490, in forward
    video_embeds = self.visual(pixel_values_videos, grid_thw=video_grid_thw)
  File "/data/armaan/venvs/omnizip_clean/lib/python3.10/site-packages/torch/nn/modules/module.py", line 1739, in _wrapped_call_impl
    return self._call_impl(*args, **kwargs)
  File "/data/armaan/venvs/omnizip_clean/lib/python3.10/site-packages/torch/nn/modules/module.py", line 1750, in _call_impl
    return forward_call(*args, **kwargs)
  File "/data/armaan/purs/Qwen2.5-Omni/low-VRAM-mode/modeling_qwen2_5_omni_low_VRAM_mode.py", line 1366, in forward
    hidden_states = blk(
  File "/data/armaan/venvs/omnizip_clean/lib/python3.10/site-packages/torch/nn/modules/module.py", line 1739, in _wrapped_call_impl
    return self._call_impl(*args, **kwargs)
  File "/data/armaan/venvs/omnizip_clean/lib/python3.10/site-packages/torch/nn/modules/module.py", line 1750, in _call_impl
    return forward_call(*args, **kwargs)
  File "/data/armaan/purs/Qwen2.5-Omni/low-VRAM-mode/modeling_qwen2_5_omni_low_VRAM_mode.py", line 1155, in forward
    hidden_states = hidden_states + self.attn(
  File "/data/armaan/venvs/omnizip_clean/lib/python3.10/site-packages/torch/nn/modules/module.py", line 1739, in _wrapped_call_impl
    return self._call_impl(*args, **kwargs)
  File "/data/armaan/venvs/omnizip_clean/lib/python3.10/site-packages/torch/nn/modules/module.py", line 1750, in _call_impl
    return forward_call(*args, **kwargs)
  File "/data/armaan/purs/Qwen2.5-Omni/low-VRAM-mode/modeling_qwen2_5_omni_low_VRAM_mode.py", line 1116, in forward
    attn_output = F.scaled_dot_product_attention(q, k, v, attention_mask, dropout_p=0.0)
torch.OutOfMemoryError: CUDA out of memory. Tried to allocate 71.19 GiB. GPU 0 has a total capacity of 47.37 GiB of which 35.59 GiB is free. Including non-PyTorch memory, this process has 11.77 GiB memory in use. Of the allocated memory 11.21 GiB is allocated by PyTorch, and 64.57 MiB is reserved by PyTorch but unallocated. If reserved but unallocated memory is large try setting PYTORCH_CUDA_ALLOC_CONF=expandable_segments:True to avoid fragmentation.  See documentation for Memory Management  (https://pytorch.org/docs/stable/notes/cuda.html#environment-variables)


--- worldsense/Temporal Localization ---
Traceback (most recent call last):
  File "/data/armaan/purs/eval_qwen_omni.py", line 843, in main
    pred, reasoning = run_inference(
  File "/data/armaan/purs/eval_qwen_omni.py", line 660, in run_inference
    raw_out = model.generate(**gen_in, **gen_kw)
  File "/data/armaan/venvs/omnizip_clean/lib/python3.10/site-packages/gptqmodel/models/base.py", line 1166, in generate
    return self.model.generate(inputs=inputs, **kwargs)
  File "/data/armaan/venvs/omnizip_clean/lib/python3.10/site-packages/torch/utils/_contextlib.py", line 116, in decorate_context
    return func(*args, **kwargs)
  File "/data/armaan/purs/Qwen2.5-Omni/low-VRAM-mode/modeling_qwen2_5_omni_low_VRAM_mode.py", line 4760, in generate
    thinker_result = self.thinker.generate(input_ids=input_ids, **thinker_kwargs)
  File "/data/armaan/venvs/omnizip_clean/lib/python3.10/site-packages/torch/utils/_contextlib.py", line 116, in decorate_context
    return func(*args, **kwargs)
  File "/data/armaan/venvs/omnizip_clean/lib/python3.10/site-packages/transformers/generation/utils.py", line 2597, in generate
    result = self._sample(
  File "/data/armaan/venvs/omnizip_clean/lib/python3.10/site-packages/transformers/generation/utils.py", line 3557, in _sample
    outputs = self(**model_inputs, return_dict=True)
  File "/data/armaan/venvs/omnizip_clean/lib/python3.10/site-packages/torch/nn/modules/module.py", line 1739, in _wrapped_call_impl
    return self._call_impl(*args, **kwargs)
  File "/data/armaan/venvs/omnizip_clean/lib/python3.10/site-packages/torch/nn/modules/module.py", line 1750, in _call_impl
    return forward_call(*args, **kwargs)
  File "/data/armaan/purs/Qwen2.5-Omni/low-VRAM-mode/modeling_qwen2_5_omni_low_VRAM_mode.py", line 2490, in forward
    video_embeds = self.visual(pixel_values_videos, grid_thw=video_grid_thw)
  File "/data/armaan/venvs/omnizip_clean/lib/python3.10/site-packages/torch/nn/modules/module.py", line 1739, in _wrapped_call_impl
    return self._call_impl(*args, **kwargs)
  File "/data/armaan/venvs/omnizip_clean/lib/python3.10/site-packages/torch/nn/modules/module.py", line 1750, in _call_impl
    return forward_call(*args, **kwargs)
  File "/data/armaan/purs/Qwen2.5-Omni/low-VRAM-mode/modeling_qwen2_5_omni_low_VRAM_mode.py", line 1366, in forward
    hidden_states = blk(
  File "/data/armaan/venvs/omnizip_clean/lib/python3.10/site-packages/torch/nn/modules/module.py", line 1739, in _wrapped_call_impl
    return self._call_impl(*args, **kwargs)
  File "/data/armaan/venvs/omnizip_clean/lib/python3.10/site-packages/torch/nn/modules/module.py", line 1750, in _call_impl
    return forward_call(*args, **kwargs)
  File "/data/armaan/purs/Qwen2.5-Omni/low-VRAM-mode/modeling_qwen2_5_omni_low_VRAM_mode.py", line 1155, in forward
    hidden_states = hidden_states + self.attn(
  File "/data/armaan/venvs/omnizip_clean/lib/python3.10/site-packages/torch/nn/modules/module.py", line 1739, in _wrapped_call_impl
    return self._call_impl(*args, **kwargs)
  File "/data/armaan/venvs/omnizip_clean/lib/python3.10/site-packages/torch/nn/modules/module.py", line 1750, in _call_impl
    return forward_call(*args, **kwargs)
  File "/data/armaan/purs/Qwen2.5-Omni/low-VRAM-mode/modeling_qwen2_5_omni_low_VRAM_mode.py", line 1116, in forward
    attn_output = F.scaled_dot_product_attention(q, k, v, attention_mask, dropout_p=0.0)
torch.OutOfMemoryError: CUDA out of memory. Tried to allocate 71.19 GiB. GPU 0 has a total capacity of 47.37 GiB of which 35.59 GiB is free. Including non-PyTorch memory, this process has 11.77 GiB memory in use. Of the allocated memory 11.21 GiB is allocated by PyTorch, and 64.61 MiB is reserved by PyTorch but unallocated. If reserved but unallocated memory is large try setting PYTORCH_CUDA_ALLOC_CONF=expandable_segments:True to avoid fragmentation.  See documentation for Memory Management  (https://pytorch.org/docs/stable/notes/cuda.html#environment-variables)


--- worldsense/Temporal Localization ---
Traceback (most recent call last):
  File "/data/armaan/purs/eval_qwen_omni.py", line 843, in main
    pred, reasoning = run_inference(
  File "/data/armaan/purs/eval_qwen_omni.py", line 660, in run_inference
    raw_out = model.generate(**gen_in, **gen_kw)
  File "/data/armaan/venvs/omnizip_clean/lib/python3.10/site-packages/gptqmodel/models/base.py", line 1166, in generate
    return self.model.generate(inputs=inputs, **kwargs)
  File "/data/armaan/venvs/omnizip_clean/lib/python3.10/site-packages/torch/utils/_contextlib.py", line 116, in decorate_context
    return func(*args, **kwargs)
  File "/data/armaan/purs/Qwen2.5-Omni/low-VRAM-mode/modeling_qwen2_5_omni_low_VRAM_mode.py", line 4760, in generate
    thinker_result = self.thinker.generate(input_ids=input_ids, **thinker_kwargs)
  File "/data/armaan/venvs/omnizip_clean/lib/python3.10/site-packages/torch/utils/_contextlib.py", line 116, in decorate_context
    return func(*args, **kwargs)
  File "/data/armaan/venvs/omnizip_clean/lib/python3.10/site-packages/transformers/generation/utils.py", line 2597, in generate
    result = self._sample(
  File "/data/armaan/venvs/omnizip_clean/lib/python3.10/site-packages/transformers/generation/utils.py", line 3557, in _sample
    outputs = self(**model_inputs, return_dict=True)
  File "/data/armaan/venvs/omnizip_clean/lib/python3.10/site-packages/torch/nn/modules/module.py", line 1739, in _wrapped_call_impl
    return self._call_impl(*args, **kwargs)
  File "/data/armaan/venvs/omnizip_clean/lib/python3.10/site-packages/torch/nn/modules/module.py", line 1750, in _call_impl
    return forward_call(*args, **kwargs)
  File "/data/armaan/purs/Qwen2.5-Omni/low-VRAM-mode/modeling_qwen2_5_omni_low_VRAM_mode.py", line 2490, in forward
    video_embeds = self.visual(pixel_values_videos, grid_thw=video_grid_thw)
  File "/data/armaan/venvs/omnizip_clean/lib/python3.10/site-packages/torch/nn/modules/module.py", line 1739, in _wrapped_call_impl
    return self._call_impl(*args, **kwargs)
  File "/data/armaan/venvs/omnizip_clean/lib/python3.10/site-packages/torch/nn/modules/module.py", line 1750, in _call_impl
    return forward_call(*args, **kwargs)
  File "/data/armaan/purs/Qwen2.5-Omni/low-VRAM-mode/modeling_qwen2_5_omni_low_VRAM_mode.py", line 1366, in forward
    hidden_states = blk(
  File "/data/armaan/venvs/omnizip_clean/lib/python3.10/site-packages/torch/nn/modules/module.py", line 1739, in _wrapped_call_impl
    return self._call_impl(*args, **kwargs)
  File "/data/armaan/venvs/omnizip_clean/lib/python3.10/site-packages/torch/nn/modules/module.py", line 1750, in _call_impl
    return forward_call(*args, **kwargs)
  File "/data/armaan/purs/Qwen2.5-Omni/low-VRAM-mode/modeling_qwen2_5_omni_low_VRAM_mode.py", line 1155, in forward
    hidden_states = hidden_states + self.attn(
  File "/data/armaan/venvs/omnizip_clean/lib/python3.10/site-packages/torch/nn/modules/module.py", line 1739, in _wrapped_call_impl
    return self._call_impl(*args, **kwargs)
  File "/data/armaan/venvs/omnizip_clean/lib/python3.10/site-packages/torch/nn/modules/module.py", line 1750, in _call_impl
    return forward_call(*args, **kwargs)
  File "/data/armaan/purs/Qwen2.5-Omni/low-VRAM-mode/modeling_qwen2_5_omni_low_VRAM_mode.py", line 1116, in forward
    attn_output = F.scaled_dot_product_attention(q, k, v, attention_mask, dropout_p=0.0)
torch.OutOfMemoryError: CUDA out of memory. Tried to allocate 71.19 GiB. GPU 0 has a total capacity of 47.37 GiB of which 35.59 GiB is free. Including non-PyTorch memory, this process has 11.77 GiB memory in use. Of the allocated memory 11.21 GiB is allocated by PyTorch, and 64.67 MiB is reserved by PyTorch but unallocated. If reserved but unallocated memory is large try setting PYTORCH_CUDA_ALLOC_CONF=expandable_segments:True to avoid fragmentation.  See documentation for Memory Management  (https://pytorch.org/docs/stable/notes/cuda.html#environment-variables)


--- worldsense/Temporal Prediction ---
Traceback (most recent call last):
  File "/data/armaan/purs/eval_qwen_omni.py", line 843, in main
    pred, reasoning = run_inference(
  File "/data/armaan/purs/eval_qwen_omni.py", line 660, in run_inference
    raw_out = model.generate(**gen_in, **gen_kw)
  File "/data/armaan/venvs/omnizip_clean/lib/python3.10/site-packages/gptqmodel/models/base.py", line 1166, in generate
    return self.model.generate(inputs=inputs, **kwargs)
  File "/data/armaan/venvs/omnizip_clean/lib/python3.10/site-packages/torch/utils/_contextlib.py", line 116, in decorate_context
    return func(*args, **kwargs)
  File "/data/armaan/purs/Qwen2.5-Omni/low-VRAM-mode/modeling_qwen2_5_omni_low_VRAM_mode.py", line 4760, in generate
    thinker_result = self.thinker.generate(input_ids=input_ids, **thinker_kwargs)
  File "/data/armaan/venvs/omnizip_clean/lib/python3.10/site-packages/torch/utils/_contextlib.py", line 116, in decorate_context
    return func(*args, **kwargs)
  File "/data/armaan/venvs/omnizip_clean/lib/python3.10/site-packages/transformers/generation/utils.py", line 2597, in generate
    result = self._sample(
  File "/data/armaan/venvs/omnizip_clean/lib/python3.10/site-packages/transformers/generation/utils.py", line 3557, in _sample
    outputs = self(**model_inputs, return_dict=True)
  File "/data/armaan/venvs/omnizip_clean/lib/python3.10/site-packages/torch/nn/modules/module.py", line 1739, in _wrapped_call_impl
    return self._call_impl(*args, **kwargs)
  File "/data/armaan/venvs/omnizip_clean/lib/python3.10/site-packages/torch/nn/modules/module.py", line 1750, in _call_impl
    return forward_call(*args, **kwargs)
  File "/data/armaan/purs/Qwen2.5-Omni/low-VRAM-mode/modeling_qwen2_5_omni_low_VRAM_mode.py", line 2490, in forward
    video_embeds = self.visual(pixel_values_videos, grid_thw=video_grid_thw)
  File "/data/armaan/venvs/omnizip_clean/lib/python3.10/site-packages/torch/nn/modules/module.py", line 1739, in _wrapped_call_impl
    return self._call_impl(*args, **kwargs)
  File "/data/armaan/venvs/omnizip_clean/lib/python3.10/site-packages/torch/nn/modules/module.py", line 1750, in _call_impl
    return forward_call(*args, **kwargs)
  File "/data/armaan/purs/Qwen2.5-Omni/low-VRAM-mode/modeling_qwen2_5_omni_low_VRAM_mode.py", line 1366, in forward
    hidden_states = blk(
  File "/data/armaan/venvs/omnizip_clean/lib/python3.10/site-packages/torch/nn/modules/module.py", line 1739, in _wrapped_call_impl
    return self._call_impl(*args, **kwargs)
  File "/data/armaan/venvs/omnizip_clean/lib/python3.10/site-packages/torch/nn/modules/module.py", line 1750, in _call_impl
    return forward_call(*args, **kwargs)
  File "/data/armaan/purs/Qwen2.5-Omni/low-VRAM-mode/modeling_qwen2_5_omni_low_VRAM_mode.py", line 1155, in forward
    hidden_states = hidden_states + self.attn(
  File "/data/armaan/venvs/omnizip_clean/lib/python3.10/site-packages/torch/nn/modules/module.py", line 1739, in _wrapped_call_impl
    return self._call_impl(*args, **kwargs)
  File "/data/armaan/venvs/omnizip_clean/lib/python3.10/site-packages/torch/nn/modules/module.py", line 1750, in _call_impl
    return forward_call(*args, **kwargs)
  File "/data/armaan/purs/Qwen2.5-Omni/low-VRAM-mode/modeling_qwen2_5_omni_low_VRAM_mode.py", line 1116, in forward
    attn_output = F.scaled_dot_product_attention(q, k, v, attention_mask, dropout_p=0.0)
torch.OutOfMemoryError: CUDA out of memory. Tried to allocate 29.66 GiB. GPU 0 has a total capacity of 47.37 GiB of which 8.44 GiB is free. Including non-PyTorch memory, this process has 38.92 GiB memory in use. Of the allocated memory 38.32 GiB is allocated by PyTorch, and 100.04 MiB is reserved by PyTorch but unallocated. If reserved but unallocated memory is large try setting PYTORCH_CUDA_ALLOC_CONF=expandable_segments:True to avoid fragmentation.  See documentation for Memory Management  (https://pytorch.org/docs/stable/notes/cuda.html#environment-variables)


--- worldsense/Temporal Prediction ---
Traceback (most recent call last):
  File "/data/armaan/purs/eval_qwen_omni.py", line 843, in main
    pred, reasoning = run_inference(
  File "/data/armaan/purs/eval_qwen_omni.py", line 660, in run_inference
    raw_out = model.generate(**gen_in, **gen_kw)
  File "/data/armaan/venvs/omnizip_clean/lib/python3.10/site-packages/gptqmodel/models/base.py", line 1166, in generate
    return self.model.generate(inputs=inputs, **kwargs)
  File "/data/armaan/venvs/omnizip_clean/lib/python3.10/site-packages/torch/utils/_contextlib.py", line 116, in decorate_context
    return func(*args, **kwargs)
  File "/data/armaan/purs/Qwen2.5-Omni/low-VRAM-mode/modeling_qwen2_5_omni_low_VRAM_mode.py", line 4760, in generate
    thinker_result = self.thinker.generate(input_ids=input_ids, **thinker_kwargs)
  File "/data/armaan/venvs/omnizip_clean/lib/python3.10/site-packages/torch/utils/_contextlib.py", line 116, in decorate_context
    return func(*args, **kwargs)
  File "/data/armaan/venvs/omnizip_clean/lib/python3.10/site-packages/transformers/generation/utils.py", line 2597, in generate
    result = self._sample(
  File "/data/armaan/venvs/omnizip_clean/lib/python3.10/site-packages/transformers/generation/utils.py", line 3557, in _sample
    outputs = self(**model_inputs, return_dict=True)
  File "/data/armaan/venvs/omnizip_clean/lib/python3.10/site-packages/torch/nn/modules/module.py", line 1739, in _wrapped_call_impl
    return self._call_impl(*args, **kwargs)
  File "/data/armaan/venvs/omnizip_clean/lib/python3.10/site-packages/torch/nn/modules/module.py", line 1750, in _call_impl
    return forward_call(*args, **kwargs)
  File "/data/armaan/purs/Qwen2.5-Omni/low-VRAM-mode/modeling_qwen2_5_omni_low_VRAM_mode.py", line 2490, in forward
    video_embeds = self.visual(pixel_values_videos, grid_thw=video_grid_thw)
  File "/data/armaan/venvs/omnizip_clean/lib/python3.10/site-packages/torch/nn/modules/module.py", line 1739, in _wrapped_call_impl
    return self._call_impl(*args, **kwargs)
  File "/data/armaan/venvs/omnizip_clean/lib/python3.10/site-packages/torch/nn/modules/module.py", line 1750, in _call_impl
    return forward_call(*args, **kwargs)
  File "/data/armaan/purs/Qwen2.5-Omni/low-VRAM-mode/modeling_qwen2_5_omni_low_VRAM_mode.py", line 1366, in forward
    hidden_states = blk(
  File "/data/armaan/venvs/omnizip_clean/lib/python3.10/site-packages/torch/nn/modules/module.py", line 1739, in _wrapped_call_impl
    return self._call_impl(*args, **kwargs)
  File "/data/armaan/venvs/omnizip_clean/lib/python3.10/site-packages/torch/nn/modules/module.py", line 1750, in _call_impl
    return forward_call(*args, **kwargs)
  File "/data/armaan/purs/Qwen2.5-Omni/low-VRAM-mode/modeling_qwen2_5_omni_low_VRAM_mode.py", line 1155, in forward
    hidden_states = hidden_states + self.attn(
  File "/data/armaan/venvs/omnizip_clean/lib/python3.10/site-packages/torch/nn/modules/module.py", line 1739, in _wrapped_call_impl
    return self._call_impl(*args, **kwargs)
  File "/data/armaan/venvs/omnizip_clean/lib/python3.10/site-packages/torch/nn/modules/module.py", line 1750, in _call_impl
    return forward_call(*args, **kwargs)
  File "/data/armaan/purs/Qwen2.5-Omni/low-VRAM-mode/modeling_qwen2_5_omni_low_VRAM_mode.py", line 1116, in forward
    attn_output = F.scaled_dot_product_attention(q, k, v, attention_mask, dropout_p=0.0)
torch.OutOfMemoryError: CUDA out of memory. Tried to allocate 29.66 GiB. GPU 0 has a total capacity of 47.37 GiB of which 8.48 GiB is free. Including non-PyTorch memory, this process has 38.88 GiB memory in use. Of the allocated memory 38.32 GiB is allocated by PyTorch, and 59.57 MiB is reserved by PyTorch but unallocated. If reserved but unallocated memory is large try setting PYTORCH_CUDA_ALLOC_CONF=expandable_segments:True to avoid fragmentation.  See documentation for Memory Management  (https://pytorch.org/docs/stable/notes/cuda.html#environment-variables)


--- worldsense/Text and Diagram Understanding ---
Traceback (most recent call last):
  File "/data/armaan/purs/eval_qwen_omni.py", line 843, in main
    pred, reasoning = run_inference(
  File "/data/armaan/purs/eval_qwen_omni.py", line 660, in run_inference
    raw_out = model.generate(**gen_in, **gen_kw)
  File "/data/armaan/venvs/omnizip_clean/lib/python3.10/site-packages/gptqmodel/models/base.py", line 1166, in generate
    return self.model.generate(inputs=inputs, **kwargs)
  File "/data/armaan/venvs/omnizip_clean/lib/python3.10/site-packages/torch/utils/_contextlib.py", line 116, in decorate_context
    return func(*args, **kwargs)
  File "/data/armaan/purs/Qwen2.5-Omni/low-VRAM-mode/modeling_qwen2_5_omni_low_VRAM_mode.py", line 4760, in generate
    thinker_result = self.thinker.generate(input_ids=input_ids, **thinker_kwargs)
  File "/data/armaan/venvs/omnizip_clean/lib/python3.10/site-packages/torch/utils/_contextlib.py", line 116, in decorate_context
    return func(*args, **kwargs)
  File "/data/armaan/venvs/omnizip_clean/lib/python3.10/site-packages/transformers/generation/utils.py", line 2597, in generate
    result = self._sample(
  File "/data/armaan/venvs/omnizip_clean/lib/python3.10/site-packages/transformers/generation/utils.py", line 3557, in _sample
    outputs = self(**model_inputs, return_dict=True)
  File "/data/armaan/venvs/omnizip_clean/lib/python3.10/site-packages/torch/nn/modules/module.py", line 1739, in _wrapped_call_impl
    return self._call_impl(*args, **kwargs)
  File "/data/armaan/venvs/omnizip_clean/lib/python3.10/site-packages/torch/nn/modules/module.py", line 1750, in _call_impl
    return forward_call(*args, **kwargs)
  File "/data/armaan/purs/Qwen2.5-Omni/low-VRAM-mode/modeling_qwen2_5_omni_low_VRAM_mode.py", line 2490, in forward
    video_embeds = self.visual(pixel_values_videos, grid_thw=video_grid_thw)
  File "/data/armaan/venvs/omnizip_clean/lib/python3.10/site-packages/torch/nn/modules/module.py", line 1739, in _wrapped_call_impl
    return self._call_impl(*args, **kwargs)
  File "/data/armaan/venvs/omnizip_clean/lib/python3.10/site-packages/torch/nn/modules/module.py", line 1750, in _call_impl
    return forward_call(*args, **kwargs)
  File "/data/armaan/purs/Qwen2.5-Omni/low-VRAM-mode/modeling_qwen2_5_omni_low_VRAM_mode.py", line 1366, in forward
    hidden_states = blk(
  File "/data/armaan/venvs/omnizip_clean/lib/python3.10/site-packages/torch/nn/modules/module.py", line 1739, in _wrapped_call_impl
    return self._call_impl(*args, **kwargs)
  File "/data/armaan/venvs/omnizip_clean/lib/python3.10/site-packages/torch/nn/modules/module.py", line 1750, in _call_impl
    return forward_call(*args, **kwargs)
  File "/data/armaan/purs/Qwen2.5-Omni/low-VRAM-mode/modeling_qwen2_5_omni_low_VRAM_mode.py", line 1155, in forward
    hidden_states = hidden_states + self.attn(
  File "/data/armaan/venvs/omnizip_clean/lib/python3.10/site-packages/torch/nn/modules/module.py", line 1739, in _wrapped_call_impl
    return self._call_impl(*args, **kwargs)
  File "/data/armaan/venvs/omnizip_clean/lib/python3.10/site-packages/torch/nn/modules/module.py", line 1750, in _call_impl
    return forward_call(*args, **kwargs)
  File "/data/armaan/purs/Qwen2.5-Omni/low-VRAM-mode/modeling_qwen2_5_omni_low_VRAM_mode.py", line 1116, in forward
    attn_output = F.scaled_dot_product_attention(q, k, v, attention_mask, dropout_p=0.0)
torch.OutOfMemoryError: CUDA out of memory. Tried to allocate 81.00 GiB. GPU 0 has a total capacity of 47.37 GiB of which 35.02 GiB is free. Including non-PyTorch memory, this process has 12.34 GiB memory in use. Of the allocated memory 11.77 GiB is allocated by PyTorch, and 69.11 MiB is reserved by PyTorch but unallocated. If reserved but unallocated memory is large try setting PYTORCH_CUDA_ALLOC_CONF=expandable_segments:True to avoid fragmentation.  See documentation for Memory Management  (https://pytorch.org/docs/stable/notes/cuda.html#environment-variables)


--- worldsense/Text and Diagram Understanding ---
Traceback (most recent call last):
  File "/data/armaan/purs/eval_qwen_omni.py", line 843, in main
    pred, reasoning = run_inference(
  File "/data/armaan/purs/eval_qwen_omni.py", line 660, in run_inference
    raw_out = model.generate(**gen_in, **gen_kw)
  File "/data/armaan/venvs/omnizip_clean/lib/python3.10/site-packages/gptqmodel/models/base.py", line 1166, in generate
    return self.model.generate(inputs=inputs, **kwargs)
  File "/data/armaan/venvs/omnizip_clean/lib/python3.10/site-packages/torch/utils/_contextlib.py", line 116, in decorate_context
    return func(*args, **kwargs)
  File "/data/armaan/purs/Qwen2.5-Omni/low-VRAM-mode/modeling_qwen2_5_omni_low_VRAM_mode.py", line 4760, in generate
    thinker_result = self.thinker.generate(input_ids=input_ids, **thinker_kwargs)
  File "/data/armaan/venvs/omnizip_clean/lib/python3.10/site-packages/torch/utils/_contextlib.py", line 116, in decorate_context
    return func(*args, **kwargs)
  File "/data/armaan/venvs/omnizip_clean/lib/python3.10/site-packages/transformers/generation/utils.py", line 2597, in generate
    result = self._sample(
  File "/data/armaan/venvs/omnizip_clean/lib/python3.10/site-packages/transformers/generation/utils.py", line 3557, in _sample
    outputs = self(**model_inputs, return_dict=True)
  File "/data/armaan/venvs/omnizip_clean/lib/python3.10/site-packages/torch/nn/modules/module.py", line 1739, in _wrapped_call_impl
    return self._call_impl(*args, **kwargs)
  File "/data/armaan/venvs/omnizip_clean/lib/python3.10/site-packages/torch/nn/modules/module.py", line 1750, in _call_impl
    return forward_call(*args, **kwargs)
  File "/data/armaan/purs/Qwen2.5-Omni/low-VRAM-mode/modeling_qwen2_5_omni_low_VRAM_mode.py", line 2490, in forward
    video_embeds = self.visual(pixel_values_videos, grid_thw=video_grid_thw)
  File "/data/armaan/venvs/omnizip_clean/lib/python3.10/site-packages/torch/nn/modules/module.py", line 1739, in _wrapped_call_impl
    return self._call_impl(*args, **kwargs)
  File "/data/armaan/venvs/omnizip_clean/lib/python3.10/site-packages/torch/nn/modules/module.py", line 1750, in _call_impl
    return forward_call(*args, **kwargs)
  File "/data/armaan/purs/Qwen2.5-Omni/low-VRAM-mode/modeling_qwen2_5_omni_low_VRAM_mode.py", line 1366, in forward
    hidden_states = blk(
  File "/data/armaan/venvs/omnizip_clean/lib/python3.10/site-packages/torch/nn/modules/module.py", line 1739, in _wrapped_call_impl
    return self._call_impl(*args, **kwargs)
  File "/data/armaan/venvs/omnizip_clean/lib/python3.10/site-packages/torch/nn/modules/module.py", line 1750, in _call_impl
    return forward_call(*args, **kwargs)
  File "/data/armaan/purs/Qwen2.5-Omni/low-VRAM-mode/modeling_qwen2_5_omni_low_VRAM_mode.py", line 1155, in forward
    hidden_states = hidden_states + self.attn(
  File "/data/armaan/venvs/omnizip_clean/lib/python3.10/site-packages/torch/nn/modules/module.py", line 1739, in _wrapped_call_impl
    return self._call_impl(*args, **kwargs)
  File "/data/armaan/venvs/omnizip_clean/lib/python3.10/site-packages/torch/nn/modules/module.py", line 1750, in _call_impl
    return forward_call(*args, **kwargs)
  File "/data/armaan/purs/Qwen2.5-Omni/low-VRAM-mode/modeling_qwen2_5_omni_low_VRAM_mode.py", line 1116, in forward
    attn_output = F.scaled_dot_product_attention(q, k, v, attention_mask, dropout_p=0.0)
torch.OutOfMemoryError: CUDA out of memory. Tried to allocate 81.00 GiB. GPU 0 has a total capacity of 47.37 GiB of which 35.02 GiB is free. Including non-PyTorch memory, this process has 12.34 GiB memory in use. Of the allocated memory 11.77 GiB is allocated by PyTorch, and 69.01 MiB is reserved by PyTorch but unallocated. If reserved but unallocated memory is large try setting PYTORCH_CUDA_ALLOC_CONF=expandable_segments:True to avoid fragmentation.  See documentation for Memory Management  (https://pytorch.org/docs/stable/notes/cuda.html#environment-variables)


--- worldsense/Text and Diagram Understanding ---
Traceback (most recent call last):
  File "/data/armaan/purs/eval_qwen_omni.py", line 843, in main
    pred, reasoning = run_inference(
  File "/data/armaan/purs/eval_qwen_omni.py", line 660, in run_inference
    raw_out = model.generate(**gen_in, **gen_kw)
  File "/data/armaan/venvs/omnizip_clean/lib/python3.10/site-packages/gptqmodel/models/base.py", line 1166, in generate
    return self.model.generate(inputs=inputs, **kwargs)
  File "/data/armaan/venvs/omnizip_clean/lib/python3.10/site-packages/torch/utils/_contextlib.py", line 116, in decorate_context
    return func(*args, **kwargs)
  File "/data/armaan/purs/Qwen2.5-Omni/low-VRAM-mode/modeling_qwen2_5_omni_low_VRAM_mode.py", line 4760, in generate
    thinker_result = self.thinker.generate(input_ids=input_ids, **thinker_kwargs)
  File "/data/armaan/venvs/omnizip_clean/lib/python3.10/site-packages/torch/utils/_contextlib.py", line 116, in decorate_context
    return func(*args, **kwargs)
  File "/data/armaan/venvs/omnizip_clean/lib/python3.10/site-packages/transformers/generation/utils.py", line 2597, in generate
    result = self._sample(
  File "/data/armaan/venvs/omnizip_clean/lib/python3.10/site-packages/transformers/generation/utils.py", line 3557, in _sample
    outputs = self(**model_inputs, return_dict=True)
  File "/data/armaan/venvs/omnizip_clean/lib/python3.10/site-packages/torch/nn/modules/module.py", line 1739, in _wrapped_call_impl
    return self._call_impl(*args, **kwargs)
  File "/data/armaan/venvs/omnizip_clean/lib/python3.10/site-packages/torch/nn/modules/module.py", line 1750, in _call_impl
    return forward_call(*args, **kwargs)
  File "/data/armaan/purs/Qwen2.5-Omni/low-VRAM-mode/modeling_qwen2_5_omni_low_VRAM_mode.py", line 2490, in forward
    video_embeds = self.visual(pixel_values_videos, grid_thw=video_grid_thw)
  File "/data/armaan/venvs/omnizip_clean/lib/python3.10/site-packages/torch/nn/modules/module.py", line 1739, in _wrapped_call_impl
    return self._call_impl(*args, **kwargs)
  File "/data/armaan/venvs/omnizip_clean/lib/python3.10/site-packages/torch/nn/modules/module.py", line 1750, in _call_impl
    return forward_call(*args, **kwargs)
  File "/data/armaan/purs/Qwen2.5-Omni/low-VRAM-mode/modeling_qwen2_5_omni_low_VRAM_mode.py", line 1366, in forward
    hidden_states = blk(
  File "/data/armaan/venvs/omnizip_clean/lib/python3.10/site-packages/torch/nn/modules/module.py", line 1739, in _wrapped_call_impl
    return self._call_impl(*args, **kwargs)
  File "/data/armaan/venvs/omnizip_clean/lib/python3.10/site-packages/torch/nn/modules/module.py", line 1750, in _call_impl
    return forward_call(*args, **kwargs)
  File "/data/armaan/purs/Qwen2.5-Omni/low-VRAM-mode/modeling_qwen2_5_omni_low_VRAM_mode.py", line 1155, in forward
    hidden_states = hidden_states + self.attn(
  File "/data/armaan/venvs/omnizip_clean/lib/python3.10/site-packages/torch/nn/modules/module.py", line 1739, in _wrapped_call_impl
    return self._call_impl(*args, **kwargs)
  File "/data/armaan/venvs/omnizip_clean/lib/python3.10/site-packages/torch/nn/modules/module.py", line 1750, in _call_impl
    return forward_call(*args, **kwargs)
  File "/data/armaan/purs/Qwen2.5-Omni/low-VRAM-mode/modeling_qwen2_5_omni_low_VRAM_mode.py", line 1116, in forward
    attn_output = F.scaled_dot_product_attention(q, k, v, attention_mask, dropout_p=0.0)
torch.OutOfMemoryError: CUDA out of memory. Tried to allocate 81.00 GiB. GPU 0 has a total capacity of 47.37 GiB of which 35.02 GiB is free. Including non-PyTorch memory, this process has 12.34 GiB memory in use. Of the allocated memory 11.77 GiB is allocated by PyTorch, and 69.08 MiB is reserved by PyTorch but unallocated. If reserved but unallocated memory is large try setting PYTORCH_CUDA_ALLOC_CONF=expandable_segments:True to avoid fragmentation.  See documentation for Memory Management  (https://pytorch.org/docs/stable/notes/cuda.html#environment-variables)


--- worldsense/Video Emotions ---
Traceback (most recent call last):
  File "/data/armaan/purs/eval_qwen_omni.py", line 843, in main
    pred, reasoning = run_inference(
  File "/data/armaan/purs/eval_qwen_omni.py", line 660, in run_inference
    raw_out = model.generate(**gen_in, **gen_kw)
  File "/data/armaan/venvs/omnizip_clean/lib/python3.10/site-packages/gptqmodel/models/base.py", line 1166, in generate
    return self.model.generate(inputs=inputs, **kwargs)
  File "/data/armaan/venvs/omnizip_clean/lib/python3.10/site-packages/torch/utils/_contextlib.py", line 116, in decorate_context
    return func(*args, **kwargs)
  File "/data/armaan/purs/Qwen2.5-Omni/low-VRAM-mode/modeling_qwen2_5_omni_low_VRAM_mode.py", line 4760, in generate
    thinker_result = self.thinker.generate(input_ids=input_ids, **thinker_kwargs)
  File "/data/armaan/venvs/omnizip_clean/lib/python3.10/site-packages/torch/utils/_contextlib.py", line 116, in decorate_context
    return func(*args, **kwargs)
  File "/data/armaan/venvs/omnizip_clean/lib/python3.10/site-packages/transformers/generation/utils.py", line 2597, in generate
    result = self._sample(
  File "/data/armaan/venvs/omnizip_clean/lib/python3.10/site-packages/transformers/generation/utils.py", line 3557, in _sample
    outputs = self(**model_inputs, return_dict=True)
  File "/data/armaan/venvs/omnizip_clean/lib/python3.10/site-packages/torch/nn/modules/module.py", line 1739, in _wrapped_call_impl
    return self._call_impl(*args, **kwargs)
  File "/data/armaan/venvs/omnizip_clean/lib/python3.10/site-packages/torch/nn/modules/module.py", line 1750, in _call_impl
    return forward_call(*args, **kwargs)
  File "/data/armaan/purs/Qwen2.5-Omni/low-VRAM-mode/modeling_qwen2_5_omni_low_VRAM_mode.py", line 2490, in forward
    video_embeds = self.visual(pixel_values_videos, grid_thw=video_grid_thw)
  File "/data/armaan/venvs/omnizip_clean/lib/python3.10/site-packages/torch/nn/modules/module.py", line 1739, in _wrapped_call_impl
    return self._call_impl(*args, **kwargs)
  File "/data/armaan/venvs/omnizip_clean/lib/python3.10/site-packages/torch/nn/modules/module.py", line 1750, in _call_impl
    return forward_call(*args, **kwargs)
  File "/data/armaan/purs/Qwen2.5-Omni/low-VRAM-mode/modeling_qwen2_5_omni_low_VRAM_mode.py", line 1366, in forward
    hidden_states = blk(
  File "/data/armaan/venvs/omnizip_clean/lib/python3.10/site-packages/torch/nn/modules/module.py", line 1739, in _wrapped_call_impl
    return self._call_impl(*args, **kwargs)
  File "/data/armaan/venvs/omnizip_clean/lib/python3.10/site-packages/torch/nn/modules/module.py", line 1750, in _call_impl
    return forward_call(*args, **kwargs)
  File "/data/armaan/purs/Qwen2.5-Omni/low-VRAM-mode/modeling_qwen2_5_omni_low_VRAM_mode.py", line 1155, in forward
    hidden_states = hidden_states + self.attn(
  File "/data/armaan/venvs/omnizip_clean/lib/python3.10/site-packages/torch/nn/modules/module.py", line 1739, in _wrapped_call_impl
    return self._call_impl(*args, **kwargs)
  File "/data/armaan/venvs/omnizip_clean/lib/python3.10/site-packages/torch/nn/modules/module.py", line 1750, in _call_impl
    return forward_call(*args, **kwargs)
  File "/data/armaan/purs/Qwen2.5-Omni/low-VRAM-mode/modeling_qwen2_5_omni_low_VRAM_mode.py", line 1116, in forward
    attn_output = F.scaled_dot_product_attention(q, k, v, attention_mask, dropout_p=0.0)
torch.OutOfMemoryError: CUDA out of memory. Tried to allocate 81.00 GiB. GPU 0 has a total capacity of 47.37 GiB of which 35.06 GiB is free. Including non-PyTorch memory, this process has 12.30 GiB memory in use. Of the allocated memory 11.76 GiB is allocated by PyTorch, and 36.97 MiB is reserved by PyTorch but unallocated. If reserved but unallocated memory is large try setting PYTORCH_CUDA_ALLOC_CONF=expandable_segments:True to avoid fragmentation.  See documentation for Memory Management  (https://pytorch.org/docs/stable/notes/cuda.html#environment-variables)


--- worldsense/Video Emotions ---
Traceback (most recent call last):
  File "/data/armaan/purs/eval_qwen_omni.py", line 843, in main
    pred, reasoning = run_inference(
  File "/data/armaan/purs/eval_qwen_omni.py", line 660, in run_inference
    raw_out = model.generate(**gen_in, **gen_kw)
  File "/data/armaan/venvs/omnizip_clean/lib/python3.10/site-packages/gptqmodel/models/base.py", line 1166, in generate
    return self.model.generate(inputs=inputs, **kwargs)
  File "/data/armaan/venvs/omnizip_clean/lib/python3.10/site-packages/torch/utils/_contextlib.py", line 116, in decorate_context
    return func(*args, **kwargs)
  File "/data/armaan/purs/Qwen2.5-Omni/low-VRAM-mode/modeling_qwen2_5_omni_low_VRAM_mode.py", line 4760, in generate
    thinker_result = self.thinker.generate(input_ids=input_ids, **thinker_kwargs)
  File "/data/armaan/venvs/omnizip_clean/lib/python3.10/site-packages/torch/utils/_contextlib.py", line 116, in decorate_context
    return func(*args, **kwargs)
  File "/data/armaan/venvs/omnizip_clean/lib/python3.10/site-packages/transformers/generation/utils.py", line 2597, in generate
    result = self._sample(
  File "/data/armaan/venvs/omnizip_clean/lib/python3.10/site-packages/transformers/generation/utils.py", line 3557, in _sample
    outputs = self(**model_inputs, return_dict=True)
  File "/data/armaan/venvs/omnizip_clean/lib/python3.10/site-packages/torch/nn/modules/module.py", line 1739, in _wrapped_call_impl
    return self._call_impl(*args, **kwargs)
  File "/data/armaan/venvs/omnizip_clean/lib/python3.10/site-packages/torch/nn/modules/module.py", line 1750, in _call_impl
    return forward_call(*args, **kwargs)
  File "/data/armaan/purs/Qwen2.5-Omni/low-VRAM-mode/modeling_qwen2_5_omni_low_VRAM_mode.py", line 2490, in forward
    video_embeds = self.visual(pixel_values_videos, grid_thw=video_grid_thw)
  File "/data/armaan/venvs/omnizip_clean/lib/python3.10/site-packages/torch/nn/modules/module.py", line 1739, in _wrapped_call_impl
    return self._call_impl(*args, **kwargs)
  File "/data/armaan/venvs/omnizip_clean/lib/python3.10/site-packages/torch/nn/modules/module.py", line 1750, in _call_impl
    return forward_call(*args, **kwargs)
  File "/data/armaan/purs/Qwen2.5-Omni/low-VRAM-mode/modeling_qwen2_5_omni_low_VRAM_mode.py", line 1366, in forward
    hidden_states = blk(
  File "/data/armaan/venvs/omnizip_clean/lib/python3.10/site-packages/torch/nn/modules/module.py", line 1739, in _wrapped_call_impl
    return self._call_impl(*args, **kwargs)
  File "/data/armaan/venvs/omnizip_clean/lib/python3.10/site-packages/torch/nn/modules/module.py", line 1750, in _call_impl
    return forward_call(*args, **kwargs)
  File "/data/armaan/purs/Qwen2.5-Omni/low-VRAM-mode/modeling_qwen2_5_omni_low_VRAM_mode.py", line 1155, in forward
    hidden_states = hidden_states + self.attn(
  File "/data/armaan/venvs/omnizip_clean/lib/python3.10/site-packages/torch/nn/modules/module.py", line 1739, in _wrapped_call_impl
    return self._call_impl(*args, **kwargs)
  File "/data/armaan/venvs/omnizip_clean/lib/python3.10/site-packages/torch/nn/modules/module.py", line 1750, in _call_impl
    return forward_call(*args, **kwargs)
  File "/data/armaan/purs/Qwen2.5-Omni/low-VRAM-mode/modeling_qwen2_5_omni_low_VRAM_mode.py", line 1116, in forward
    attn_output = F.scaled_dot_product_attention(q, k, v, attention_mask, dropout_p=0.0)
torch.OutOfMemoryError: CUDA out of memory. Tried to allocate 81.00 GiB. GPU 0 has a total capacity of 47.37 GiB of which 35.06 GiB is free. Including non-PyTorch memory, this process has 12.30 GiB memory in use. Of the allocated memory 11.76 GiB is allocated by PyTorch, and 36.60 MiB is reserved by PyTorch but unallocated. If reserved but unallocated memory is large try setting PYTORCH_CUDA_ALLOC_CONF=expandable_segments:True to avoid fragmentation.  See documentation for Memory Management  (https://pytorch.org/docs/stable/notes/cuda.html#environment-variables)


--- worldsense/Video Emotions ---
Traceback (most recent call last):
  File "/data/armaan/purs/eval_qwen_omni.py", line 843, in main
    pred, reasoning = run_inference(
  File "/data/armaan/purs/eval_qwen_omni.py", line 660, in run_inference
    raw_out = model.generate(**gen_in, **gen_kw)
  File "/data/armaan/venvs/omnizip_clean/lib/python3.10/site-packages/gptqmodel/models/base.py", line 1166, in generate
    return self.model.generate(inputs=inputs, **kwargs)
  File "/data/armaan/venvs/omnizip_clean/lib/python3.10/site-packages/torch/utils/_contextlib.py", line 116, in decorate_context
    return func(*args, **kwargs)
  File "/data/armaan/purs/Qwen2.5-Omni/low-VRAM-mode/modeling_qwen2_5_omni_low_VRAM_mode.py", line 4760, in generate
    thinker_result = self.thinker.generate(input_ids=input_ids, **thinker_kwargs)
  File "/data/armaan/venvs/omnizip_clean/lib/python3.10/site-packages/torch/utils/_contextlib.py", line 116, in decorate_context
    return func(*args, **kwargs)
  File "/data/armaan/venvs/omnizip_clean/lib/python3.10/site-packages/transformers/generation/utils.py", line 2597, in generate
    result = self._sample(
  File "/data/armaan/venvs/omnizip_clean/lib/python3.10/site-packages/transformers/generation/utils.py", line 3557, in _sample
    outputs = self(**model_inputs, return_dict=True)
  File "/data/armaan/venvs/omnizip_clean/lib/python3.10/site-packages/torch/nn/modules/module.py", line 1739, in _wrapped_call_impl
    return self._call_impl(*args, **kwargs)
  File "/data/armaan/venvs/omnizip_clean/lib/python3.10/site-packages/torch/nn/modules/module.py", line 1750, in _call_impl
    return forward_call(*args, **kwargs)
  File "/data/armaan/purs/Qwen2.5-Omni/low-VRAM-mode/modeling_qwen2_5_omni_low_VRAM_mode.py", line 2490, in forward
    video_embeds = self.visual(pixel_values_videos, grid_thw=video_grid_thw)
  File "/data/armaan/venvs/omnizip_clean/lib/python3.10/site-packages/torch/nn/modules/module.py", line 1739, in _wrapped_call_impl
    return self._call_impl(*args, **kwargs)
  File "/data/armaan/venvs/omnizip_clean/lib/python3.10/site-packages/torch/nn/modules/module.py", line 1750, in _call_impl
    return forward_call(*args, **kwargs)
  File "/data/armaan/purs/Qwen2.5-Omni/low-VRAM-mode/modeling_qwen2_5_omni_low_VRAM_mode.py", line 1366, in forward
    hidden_states = blk(
  File "/data/armaan/venvs/omnizip_clean/lib/python3.10/site-packages/torch/nn/modules/module.py", line 1739, in _wrapped_call_impl
    return self._call_impl(*args, **kwargs)
  File "/data/armaan/venvs/omnizip_clean/lib/python3.10/site-packages/torch/nn/modules/module.py", line 1750, in _call_impl
    return forward_call(*args, **kwargs)
  File "/data/armaan/purs/Qwen2.5-Omni/low-VRAM-mode/modeling_qwen2_5_omni_low_VRAM_mode.py", line 1155, in forward
    hidden_states = hidden_states + self.attn(
  File "/data/armaan/venvs/omnizip_clean/lib/python3.10/site-packages/torch/nn/modules/module.py", line 1739, in _wrapped_call_impl
    return self._call_impl(*args, **kwargs)
  File "/data/armaan/venvs/omnizip_clean/lib/python3.10/site-packages/torch/nn/modules/module.py", line 1750, in _call_impl
    return forward_call(*args, **kwargs)
  File "/data/armaan/purs/Qwen2.5-Omni/low-VRAM-mode/modeling_qwen2_5_omni_low_VRAM_mode.py", line 1116, in forward
    attn_output = F.scaled_dot_product_attention(q, k, v, attention_mask, dropout_p=0.0)
torch.OutOfMemoryError: CUDA out of memory. Tried to allocate 81.00 GiB. GPU 0 has a total capacity of 47.37 GiB of which 35.06 GiB is free. Including non-PyTorch memory, this process has 12.30 GiB memory in use. Of the allocated memory 11.76 GiB is allocated by PyTorch, and 36.82 MiB is reserved by PyTorch but unallocated. If reserved but unallocated memory is large try setting PYTORCH_CUDA_ALLOC_CONF=expandable_segments:True to avoid fragmentation.  See documentation for Memory Management  (https://pytorch.org/docs/stable/notes/cuda.html#environment-variables)


--- worldsense/Video Emotions ---
Traceback (most recent call last):
  File "/data/armaan/purs/eval_qwen_omni.py", line 843, in main
    pred, reasoning = run_inference(
  File "/data/armaan/purs/eval_qwen_omni.py", line 660, in run_inference
    raw_out = model.generate(**gen_in, **gen_kw)
  File "/data/armaan/venvs/omnizip_clean/lib/python3.10/site-packages/gptqmodel/models/base.py", line 1166, in generate
    return self.model.generate(inputs=inputs, **kwargs)
  File "/data/armaan/venvs/omnizip_clean/lib/python3.10/site-packages/torch/utils/_contextlib.py", line 116, in decorate_context
    return func(*args, **kwargs)
  File "/data/armaan/purs/Qwen2.5-Omni/low-VRAM-mode/modeling_qwen2_5_omni_low_VRAM_mode.py", line 4760, in generate
    thinker_result = self.thinker.generate(input_ids=input_ids, **thinker_kwargs)
  File "/data/armaan/venvs/omnizip_clean/lib/python3.10/site-packages/torch/utils/_contextlib.py", line 116, in decorate_context
    return func(*args, **kwargs)
  File "/data/armaan/venvs/omnizip_clean/lib/python3.10/site-packages/transformers/generation/utils.py", line 2597, in generate
    result = self._sample(
  File "/data/armaan/venvs/omnizip_clean/lib/python3.10/site-packages/transformers/generation/utils.py", line 3557, in _sample
    outputs = self(**model_inputs, return_dict=True)
  File "/data/armaan/venvs/omnizip_clean/lib/python3.10/site-packages/torch/nn/modules/module.py", line 1739, in _wrapped_call_impl
    return self._call_impl(*args, **kwargs)
  File "/data/armaan/venvs/omnizip_clean/lib/python3.10/site-packages/torch/nn/modules/module.py", line 1750, in _call_impl
    return forward_call(*args, **kwargs)
  File "/data/armaan/purs/Qwen2.5-Omni/low-VRAM-mode/modeling_qwen2_5_omni_low_VRAM_mode.py", line 2490, in forward
    video_embeds = self.visual(pixel_values_videos, grid_thw=video_grid_thw)
  File "/data/armaan/venvs/omnizip_clean/lib/python3.10/site-packages/torch/nn/modules/module.py", line 1739, in _wrapped_call_impl
    return self._call_impl(*args, **kwargs)
  File "/data/armaan/venvs/omnizip_clean/lib/python3.10/site-packages/torch/nn/modules/module.py", line 1750, in _call_impl
    return forward_call(*args, **kwargs)
  File "/data/armaan/purs/Qwen2.5-Omni/low-VRAM-mode/modeling_qwen2_5_omni_low_VRAM_mode.py", line 1366, in forward
    hidden_states = blk(
  File "/data/armaan/venvs/omnizip_clean/lib/python3.10/site-packages/torch/nn/modules/module.py", line 1739, in _wrapped_call_impl
    return self._call_impl(*args, **kwargs)
  File "/data/armaan/venvs/omnizip_clean/lib/python3.10/site-packages/torch/nn/modules/module.py", line 1750, in _call_impl
    return forward_call(*args, **kwargs)
  File "/data/armaan/purs/Qwen2.5-Omni/low-VRAM-mode/modeling_qwen2_5_omni_low_VRAM_mode.py", line 1155, in forward
    hidden_states = hidden_states + self.attn(
  File "/data/armaan/venvs/omnizip_clean/lib/python3.10/site-packages/torch/nn/modules/module.py", line 1739, in _wrapped_call_impl
    return self._call_impl(*args, **kwargs)
  File "/data/armaan/venvs/omnizip_clean/lib/python3.10/site-packages/torch/nn/modules/module.py", line 1750, in _call_impl
    return forward_call(*args, **kwargs)
  File "/data/armaan/purs/Qwen2.5-Omni/low-VRAM-mode/modeling_qwen2_5_omni_low_VRAM_mode.py", line 1116, in forward
    attn_output = F.scaled_dot_product_attention(q, k, v, attention_mask, dropout_p=0.0)
torch.OutOfMemoryError: CUDA out of memory. Tried to allocate 81.00 GiB. GPU 0 has a total capacity of 47.37 GiB of which 35.06 GiB is free. Including non-PyTorch memory, this process has 12.30 GiB memory in use. Of the allocated memory 11.76 GiB is allocated by PyTorch, and 36.92 MiB is reserved by PyTorch but unallocated. If reserved but unallocated memory is large try setting PYTORCH_CUDA_ALLOC_CONF=expandable_segments:True to avoid fragmentation.  See documentation for Memory Management  (https://pytorch.org/docs/stable/notes/cuda.html#environment-variables)


--- video-mme/Action Reasoning ---
Traceback (most recent call last):
  File "/data/armaan/purs/eval_qwen_omni.py", line 843, in main
    pred, reasoning = run_inference(
  File "/data/armaan/purs/eval_qwen_omni.py", line 660, in run_inference
    raw_out = model.generate(**gen_in, **gen_kw)
  File "/data/armaan/venvs/omnizip_clean/lib/python3.10/site-packages/gptqmodel/models/base.py", line 1166, in generate
    return self.model.generate(inputs=inputs, **kwargs)
  File "/data/armaan/venvs/omnizip_clean/lib/python3.10/site-packages/torch/utils/_contextlib.py", line 116, in decorate_context
    return func(*args, **kwargs)
  File "/data/armaan/purs/Qwen2.5-Omni/low-VRAM-mode/modeling_qwen2_5_omni_low_VRAM_mode.py", line 4760, in generate
    thinker_result = self.thinker.generate(input_ids=input_ids, **thinker_kwargs)
  File "/data/armaan/venvs/omnizip_clean/lib/python3.10/site-packages/torch/utils/_contextlib.py", line 116, in decorate_context
    return func(*args, **kwargs)
  File "/data/armaan/venvs/omnizip_clean/lib/python3.10/site-packages/transformers/generation/utils.py", line 2597, in generate
    result = self._sample(
  File "/data/armaan/venvs/omnizip_clean/lib/python3.10/site-packages/transformers/generation/utils.py", line 3557, in _sample
    outputs = self(**model_inputs, return_dict=True)
  File "/data/armaan/venvs/omnizip_clean/lib/python3.10/site-packages/torch/nn/modules/module.py", line 1739, in _wrapped_call_impl
    return self._call_impl(*args, **kwargs)
  File "/data/armaan/venvs/omnizip_clean/lib/python3.10/site-packages/torch/nn/modules/module.py", line 1750, in _call_impl
    return forward_call(*args, **kwargs)
  File "/data/armaan/purs/Qwen2.5-Omni/low-VRAM-mode/modeling_qwen2_5_omni_low_VRAM_mode.py", line 2490, in forward
    video_embeds = self.visual(pixel_values_videos, grid_thw=video_grid_thw)
  File "/data/armaan/venvs/omnizip_clean/lib/python3.10/site-packages/torch/nn/modules/module.py", line 1739, in _wrapped_call_impl
    return self._call_impl(*args, **kwargs)
  File "/data/armaan/venvs/omnizip_clean/lib/python3.10/site-packages/torch/nn/modules/module.py", line 1750, in _call_impl
    return forward_call(*args, **kwargs)
  File "/data/armaan/purs/Qwen2.5-Omni/low-VRAM-mode/modeling_qwen2_5_omni_low_VRAM_mode.py", line 1366, in forward
    hidden_states = blk(
  File "/data/armaan/venvs/omnizip_clean/lib/python3.10/site-packages/torch/nn/modules/module.py", line 1739, in _wrapped_call_impl
    return self._call_impl(*args, **kwargs)
  File "/data/armaan/venvs/omnizip_clean/lib/python3.10/site-packages/torch/nn/modules/module.py", line 1750, in _call_impl
    return forward_call(*args, **kwargs)
  File "/data/armaan/purs/Qwen2.5-Omni/low-VRAM-mode/modeling_qwen2_5_omni_low_VRAM_mode.py", line 1155, in forward
    hidden_states = hidden_states + self.attn(
  File "/data/armaan/venvs/omnizip_clean/lib/python3.10/site-packages/torch/nn/modules/module.py", line 1739, in _wrapped_call_impl
    return self._call_impl(*args, **kwargs)
  File "/data/armaan/venvs/omnizip_clean/lib/python3.10/site-packages/torch/nn/modules/module.py", line 1750, in _call_impl
    return forward_call(*args, **kwargs)
  File "/data/armaan/purs/Qwen2.5-Omni/low-VRAM-mode/modeling_qwen2_5_omni_low_VRAM_mode.py", line 1116, in forward
    attn_output = F.scaled_dot_product_attention(q, k, v, attention_mask, dropout_p=0.0)
torch.OutOfMemoryError: CUDA out of memory. Tried to allocate 81.00 GiB. GPU 0 has a total capacity of 47.37 GiB of which 35.02 GiB is free. Including non-PyTorch memory, this process has 12.34 GiB memory in use. Of the allocated memory 11.77 GiB is allocated by PyTorch, and 70.43 MiB is reserved by PyTorch but unallocated. If reserved but unallocated memory is large try setting PYTORCH_CUDA_ALLOC_CONF=expandable_segments:True to avoid fragmentation.  See documentation for Memory Management  (https://pytorch.org/docs/stable/notes/cuda.html#environment-variables)


--- video-mme/Action Reasoning ---
Traceback (most recent call last):
  File "/data/armaan/purs/eval_qwen_omni.py", line 843, in main
    pred, reasoning = run_inference(
  File "/data/armaan/purs/eval_qwen_omni.py", line 660, in run_inference
    raw_out = model.generate(**gen_in, **gen_kw)
  File "/data/armaan/venvs/omnizip_clean/lib/python3.10/site-packages/gptqmodel/models/base.py", line 1166, in generate
    return self.model.generate(inputs=inputs, **kwargs)
  File "/data/armaan/venvs/omnizip_clean/lib/python3.10/site-packages/torch/utils/_contextlib.py", line 116, in decorate_context
    return func(*args, **kwargs)
  File "/data/armaan/purs/Qwen2.5-Omni/low-VRAM-mode/modeling_qwen2_5_omni_low_VRAM_mode.py", line 4760, in generate
    thinker_result = self.thinker.generate(input_ids=input_ids, **thinker_kwargs)
  File "/data/armaan/venvs/omnizip_clean/lib/python3.10/site-packages/torch/utils/_contextlib.py", line 116, in decorate_context
    return func(*args, **kwargs)
  File "/data/armaan/venvs/omnizip_clean/lib/python3.10/site-packages/transformers/generation/utils.py", line 2597, in generate
    result = self._sample(
  File "/data/armaan/venvs/omnizip_clean/lib/python3.10/site-packages/transformers/generation/utils.py", line 3557, in _sample
    outputs = self(**model_inputs, return_dict=True)
  File "/data/armaan/venvs/omnizip_clean/lib/python3.10/site-packages/torch/nn/modules/module.py", line 1739, in _wrapped_call_impl
    return self._call_impl(*args, **kwargs)
  File "/data/armaan/venvs/omnizip_clean/lib/python3.10/site-packages/torch/nn/modules/module.py", line 1750, in _call_impl
    return forward_call(*args, **kwargs)
  File "/data/armaan/purs/Qwen2.5-Omni/low-VRAM-mode/modeling_qwen2_5_omni_low_VRAM_mode.py", line 2490, in forward
    video_embeds = self.visual(pixel_values_videos, grid_thw=video_grid_thw)
  File "/data/armaan/venvs/omnizip_clean/lib/python3.10/site-packages/torch/nn/modules/module.py", line 1739, in _wrapped_call_impl
    return self._call_impl(*args, **kwargs)
  File "/data/armaan/venvs/omnizip_clean/lib/python3.10/site-packages/torch/nn/modules/module.py", line 1750, in _call_impl
    return forward_call(*args, **kwargs)
  File "/data/armaan/purs/Qwen2.5-Omni/low-VRAM-mode/modeling_qwen2_5_omni_low_VRAM_mode.py", line 1366, in forward
    hidden_states = blk(
  File "/data/armaan/venvs/omnizip_clean/lib/python3.10/site-packages/torch/nn/modules/module.py", line 1739, in _wrapped_call_impl
    return self._call_impl(*args, **kwargs)
  File "/data/armaan/venvs/omnizip_clean/lib/python3.10/site-packages/torch/nn/modules/module.py", line 1750, in _call_impl
    return forward_call(*args, **kwargs)
  File "/data/armaan/purs/Qwen2.5-Omni/low-VRAM-mode/modeling_qwen2_5_omni_low_VRAM_mode.py", line 1155, in forward
    hidden_states = hidden_states + self.attn(
  File "/data/armaan/venvs/omnizip_clean/lib/python3.10/site-packages/torch/nn/modules/module.py", line 1739, in _wrapped_call_impl
    return self._call_impl(*args, **kwargs)
  File "/data/armaan/venvs/omnizip_clean/lib/python3.10/site-packages/torch/nn/modules/module.py", line 1750, in _call_impl
    return forward_call(*args, **kwargs)
  File "/data/armaan/purs/Qwen2.5-Omni/low-VRAM-mode/modeling_qwen2_5_omni_low_VRAM_mode.py", line 1116, in forward
    attn_output = F.scaled_dot_product_attention(q, k, v, attention_mask, dropout_p=0.0)
torch.OutOfMemoryError: CUDA out of memory. Tried to allocate 81.00 GiB. GPU 0 has a total capacity of 47.37 GiB of which 35.02 GiB is free. Including non-PyTorch memory, this process has 12.34 GiB memory in use. Of the allocated memory 11.77 GiB is allocated by PyTorch, and 70.42 MiB is reserved by PyTorch but unallocated. If reserved but unallocated memory is large try setting PYTORCH_CUDA_ALLOC_CONF=expandable_segments:True to avoid fragmentation.  See documentation for Memory Management  (https://pytorch.org/docs/stable/notes/cuda.html#environment-variables)


--- video-mme/Action Reasoning ---
Traceback (most recent call last):
  File "/data/armaan/purs/eval_qwen_omni.py", line 843, in main
    pred, reasoning = run_inference(
  File "/data/armaan/purs/eval_qwen_omni.py", line 660, in run_inference
    raw_out = model.generate(**gen_in, **gen_kw)
  File "/data/armaan/venvs/omnizip_clean/lib/python3.10/site-packages/gptqmodel/models/base.py", line 1166, in generate
    return self.model.generate(inputs=inputs, **kwargs)
  File "/data/armaan/venvs/omnizip_clean/lib/python3.10/site-packages/torch/utils/_contextlib.py", line 116, in decorate_context
    return func(*args, **kwargs)
  File "/data/armaan/purs/Qwen2.5-Omni/low-VRAM-mode/modeling_qwen2_5_omni_low_VRAM_mode.py", line 4760, in generate
    thinker_result = self.thinker.generate(input_ids=input_ids, **thinker_kwargs)
  File "/data/armaan/venvs/omnizip_clean/lib/python3.10/site-packages/torch/utils/_contextlib.py", line 116, in decorate_context
    return func(*args, **kwargs)
  File "/data/armaan/venvs/omnizip_clean/lib/python3.10/site-packages/transformers/generation/utils.py", line 2597, in generate
    result = self._sample(
  File "/data/armaan/venvs/omnizip_clean/lib/python3.10/site-packages/transformers/generation/utils.py", line 3557, in _sample
    outputs = self(**model_inputs, return_dict=True)
  File "/data/armaan/venvs/omnizip_clean/lib/python3.10/site-packages/torch/nn/modules/module.py", line 1739, in _wrapped_call_impl
    return self._call_impl(*args, **kwargs)
  File "/data/armaan/venvs/omnizip_clean/lib/python3.10/site-packages/torch/nn/modules/module.py", line 1750, in _call_impl
    return forward_call(*args, **kwargs)
  File "/data/armaan/purs/Qwen2.5-Omni/low-VRAM-mode/modeling_qwen2_5_omni_low_VRAM_mode.py", line 2490, in forward
    video_embeds = self.visual(pixel_values_videos, grid_thw=video_grid_thw)
  File "/data/armaan/venvs/omnizip_clean/lib/python3.10/site-packages/torch/nn/modules/module.py", line 1739, in _wrapped_call_impl
    return self._call_impl(*args, **kwargs)
  File "/data/armaan/venvs/omnizip_clean/lib/python3.10/site-packages/torch/nn/modules/module.py", line 1750, in _call_impl
    return forward_call(*args, **kwargs)
  File "/data/armaan/purs/Qwen2.5-Omni/low-VRAM-mode/modeling_qwen2_5_omni_low_VRAM_mode.py", line 1366, in forward
    hidden_states = blk(
  File "/data/armaan/venvs/omnizip_clean/lib/python3.10/site-packages/torch/nn/modules/module.py", line 1739, in _wrapped_call_impl
    return self._call_impl(*args, **kwargs)
  File "/data/armaan/venvs/omnizip_clean/lib/python3.10/site-packages/torch/nn/modules/module.py", line 1750, in _call_impl
    return forward_call(*args, **kwargs)
  File "/data/armaan/purs/Qwen2.5-Omni/low-VRAM-mode/modeling_qwen2_5_omni_low_VRAM_mode.py", line 1155, in forward
    hidden_states = hidden_states + self.attn(
  File "/data/armaan/venvs/omnizip_clean/lib/python3.10/site-packages/torch/nn/modules/module.py", line 1739, in _wrapped_call_impl
    return self._call_impl(*args, **kwargs)
  File "/data/armaan/venvs/omnizip_clean/lib/python3.10/site-packages/torch/nn/modules/module.py", line 1750, in _call_impl
    return forward_call(*args, **kwargs)
  File "/data/armaan/purs/Qwen2.5-Omni/low-VRAM-mode/modeling_qwen2_5_omni_low_VRAM_mode.py", line 1116, in forward
    attn_output = F.scaled_dot_product_attention(q, k, v, attention_mask, dropout_p=0.0)
torch.OutOfMemoryError: CUDA out of memory. Tried to allocate 81.00 GiB. GPU 0 has a total capacity of 47.37 GiB of which 35.04 GiB is free. Including non-PyTorch memory, this process has 12.32 GiB memory in use. Of the allocated memory 11.77 GiB is allocated by PyTorch, and 50.40 MiB is reserved by PyTorch but unallocated. If reserved but unallocated memory is large try setting PYTORCH_CUDA_ALLOC_CONF=expandable_segments:True to avoid fragmentation.  See documentation for Memory Management  (https://pytorch.org/docs/stable/notes/cuda.html#environment-variables)


--- video-mme/Action Recognition ---
Traceback (most recent call last):
  File "/data/armaan/purs/eval_qwen_omni.py", line 843, in main
    pred, reasoning = run_inference(
  File "/data/armaan/purs/eval_qwen_omni.py", line 660, in run_inference
    raw_out = model.generate(**gen_in, **gen_kw)
  File "/data/armaan/venvs/omnizip_clean/lib/python3.10/site-packages/gptqmodel/models/base.py", line 1166, in generate
    return self.model.generate(inputs=inputs, **kwargs)
  File "/data/armaan/venvs/omnizip_clean/lib/python3.10/site-packages/torch/utils/_contextlib.py", line 116, in decorate_context
    return func(*args, **kwargs)
  File "/data/armaan/purs/Qwen2.5-Omni/low-VRAM-mode/modeling_qwen2_5_omni_low_VRAM_mode.py", line 4760, in generate
    thinker_result = self.thinker.generate(input_ids=input_ids, **thinker_kwargs)
  File "/data/armaan/venvs/omnizip_clean/lib/python3.10/site-packages/torch/utils/_contextlib.py", line 116, in decorate_context
    return func(*args, **kwargs)
  File "/data/armaan/venvs/omnizip_clean/lib/python3.10/site-packages/transformers/generation/utils.py", line 2597, in generate
    result = self._sample(
  File "/data/armaan/venvs/omnizip_clean/lib/python3.10/site-packages/transformers/generation/utils.py", line 3557, in _sample
    outputs = self(**model_inputs, return_dict=True)
  File "/data/armaan/venvs/omnizip_clean/lib/python3.10/site-packages/torch/nn/modules/module.py", line 1739, in _wrapped_call_impl
    return self._call_impl(*args, **kwargs)
  File "/data/armaan/venvs/omnizip_clean/lib/python3.10/site-packages/torch/nn/modules/module.py", line 1750, in _call_impl
    return forward_call(*args, **kwargs)
  File "/data/armaan/purs/Qwen2.5-Omni/low-VRAM-mode/modeling_qwen2_5_omni_low_VRAM_mode.py", line 2490, in forward
    video_embeds = self.visual(pixel_values_videos, grid_thw=video_grid_thw)
  File "/data/armaan/venvs/omnizip_clean/lib/python3.10/site-packages/torch/nn/modules/module.py", line 1739, in _wrapped_call_impl
    return self._call_impl(*args, **kwargs)
  File "/data/armaan/venvs/omnizip_clean/lib/python3.10/site-packages/torch/nn/modules/module.py", line 1750, in _call_impl
    return forward_call(*args, **kwargs)
  File "/data/armaan/purs/Qwen2.5-Omni/low-VRAM-mode/modeling_qwen2_5_omni_low_VRAM_mode.py", line 1366, in forward
    hidden_states = blk(
  File "/data/armaan/venvs/omnizip_clean/lib/python3.10/site-packages/torch/nn/modules/module.py", line 1739, in _wrapped_call_impl
    return self._call_impl(*args, **kwargs)
  File "/data/armaan/venvs/omnizip_clean/lib/python3.10/site-packages/torch/nn/modules/module.py", line 1750, in _call_impl
    return forward_call(*args, **kwargs)
  File "/data/armaan/purs/Qwen2.5-Omni/low-VRAM-mode/modeling_qwen2_5_omni_low_VRAM_mode.py", line 1155, in forward
    hidden_states = hidden_states + self.attn(
  File "/data/armaan/venvs/omnizip_clean/lib/python3.10/site-packages/torch/nn/modules/module.py", line 1739, in _wrapped_call_impl
    return self._call_impl(*args, **kwargs)
  File "/data/armaan/venvs/omnizip_clean/lib/python3.10/site-packages/torch/nn/modules/module.py", line 1750, in _call_impl
    return forward_call(*args, **kwargs)
  File "/data/armaan/purs/Qwen2.5-Omni/low-VRAM-mode/modeling_qwen2_5_omni_low_VRAM_mode.py", line 1116, in forward
    attn_output = F.scaled_dot_product_attention(q, k, v, attention_mask, dropout_p=0.0)
torch.OutOfMemoryError: CUDA out of memory. Tried to allocate 81.00 GiB. GPU 0 has a total capacity of 47.37 GiB of which 35.06 GiB is free. Including non-PyTorch memory, this process has 12.30 GiB memory in use. Of the allocated memory 11.77 GiB is allocated by PyTorch, and 34.30 MiB is reserved by PyTorch but unallocated. If reserved but unallocated memory is large try setting PYTORCH_CUDA_ALLOC_CONF=expandable_segments:True to avoid fragmentation.  See documentation for Memory Management  (https://pytorch.org/docs/stable/notes/cuda.html#environment-variables)


--- video-mme/Action Recognition ---
Traceback (most recent call last):
  File "/data/armaan/purs/eval_qwen_omni.py", line 843, in main
    pred, reasoning = run_inference(
  File "/data/armaan/purs/eval_qwen_omni.py", line 660, in run_inference
    raw_out = model.generate(**gen_in, **gen_kw)
  File "/data/armaan/venvs/omnizip_clean/lib/python3.10/site-packages/gptqmodel/models/base.py", line 1166, in generate
    return self.model.generate(inputs=inputs, **kwargs)
  File "/data/armaan/venvs/omnizip_clean/lib/python3.10/site-packages/torch/utils/_contextlib.py", line 116, in decorate_context
    return func(*args, **kwargs)
  File "/data/armaan/purs/Qwen2.5-Omni/low-VRAM-mode/modeling_qwen2_5_omni_low_VRAM_mode.py", line 4760, in generate
    thinker_result = self.thinker.generate(input_ids=input_ids, **thinker_kwargs)
  File "/data/armaan/venvs/omnizip_clean/lib/python3.10/site-packages/torch/utils/_contextlib.py", line 116, in decorate_context
    return func(*args, **kwargs)
  File "/data/armaan/venvs/omnizip_clean/lib/python3.10/site-packages/transformers/generation/utils.py", line 2597, in generate
    result = self._sample(
  File "/data/armaan/venvs/omnizip_clean/lib/python3.10/site-packages/transformers/generation/utils.py", line 3557, in _sample
    outputs = self(**model_inputs, return_dict=True)
  File "/data/armaan/venvs/omnizip_clean/lib/python3.10/site-packages/torch/nn/modules/module.py", line 1739, in _wrapped_call_impl
    return self._call_impl(*args, **kwargs)
  File "/data/armaan/venvs/omnizip_clean/lib/python3.10/site-packages/torch/nn/modules/module.py", line 1750, in _call_impl
    return forward_call(*args, **kwargs)
  File "/data/armaan/purs/Qwen2.5-Omni/low-VRAM-mode/modeling_qwen2_5_omni_low_VRAM_mode.py", line 2490, in forward
    video_embeds = self.visual(pixel_values_videos, grid_thw=video_grid_thw)
  File "/data/armaan/venvs/omnizip_clean/lib/python3.10/site-packages/torch/nn/modules/module.py", line 1739, in _wrapped_call_impl
    return self._call_impl(*args, **kwargs)
  File "/data/armaan/venvs/omnizip_clean/lib/python3.10/site-packages/torch/nn/modules/module.py", line 1750, in _call_impl
    return forward_call(*args, **kwargs)
  File "/data/armaan/purs/Qwen2.5-Omni/low-VRAM-mode/modeling_qwen2_5_omni_low_VRAM_mode.py", line 1366, in forward
    hidden_states = blk(
  File "/data/armaan/venvs/omnizip_clean/lib/python3.10/site-packages/torch/nn/modules/module.py", line 1739, in _wrapped_call_impl
    return self._call_impl(*args, **kwargs)
  File "/data/armaan/venvs/omnizip_clean/lib/python3.10/site-packages/torch/nn/modules/module.py", line 1750, in _call_impl
    return forward_call(*args, **kwargs)
  File "/data/armaan/purs/Qwen2.5-Omni/low-VRAM-mode/modeling_qwen2_5_omni_low_VRAM_mode.py", line 1155, in forward
    hidden_states = hidden_states + self.attn(
  File "/data/armaan/venvs/omnizip_clean/lib/python3.10/site-packages/torch/nn/modules/module.py", line 1739, in _wrapped_call_impl
    return self._call_impl(*args, **kwargs)
  File "/data/armaan/venvs/omnizip_clean/lib/python3.10/site-packages/torch/nn/modules/module.py", line 1750, in _call_impl
    return forward_call(*args, **kwargs)
  File "/data/armaan/purs/Qwen2.5-Omni/low-VRAM-mode/modeling_qwen2_5_omni_low_VRAM_mode.py", line 1116, in forward
    attn_output = F.scaled_dot_product_attention(q, k, v, attention_mask, dropout_p=0.0)
torch.OutOfMemoryError: CUDA out of memory. Tried to allocate 81.00 GiB. GPU 0 has a total capacity of 47.37 GiB of which 35.06 GiB is free. Including non-PyTorch memory, this process has 12.30 GiB memory in use. Of the allocated memory 11.77 GiB is allocated by PyTorch, and 34.34 MiB is reserved by PyTorch but unallocated. If reserved but unallocated memory is large try setting PYTORCH_CUDA_ALLOC_CONF=expandable_segments:True to avoid fragmentation.  See documentation for Memory Management  (https://pytorch.org/docs/stable/notes/cuda.html#environment-variables)


--- video-mme/Action Recognition ---
Traceback (most recent call last):
  File "/data/armaan/purs/eval_qwen_omni.py", line 843, in main
    pred, reasoning = run_inference(
  File "/data/armaan/purs/eval_qwen_omni.py", line 660, in run_inference
    raw_out = model.generate(**gen_in, **gen_kw)
  File "/data/armaan/venvs/omnizip_clean/lib/python3.10/site-packages/gptqmodel/models/base.py", line 1166, in generate
    return self.model.generate(inputs=inputs, **kwargs)
  File "/data/armaan/venvs/omnizip_clean/lib/python3.10/site-packages/torch/utils/_contextlib.py", line 116, in decorate_context
    return func(*args, **kwargs)
  File "/data/armaan/purs/Qwen2.5-Omni/low-VRAM-mode/modeling_qwen2_5_omni_low_VRAM_mode.py", line 4760, in generate
    thinker_result = self.thinker.generate(input_ids=input_ids, **thinker_kwargs)
  File "/data/armaan/venvs/omnizip_clean/lib/python3.10/site-packages/torch/utils/_contextlib.py", line 116, in decorate_context
    return func(*args, **kwargs)
  File "/data/armaan/venvs/omnizip_clean/lib/python3.10/site-packages/transformers/generation/utils.py", line 2597, in generate
    result = self._sample(
  File "/data/armaan/venvs/omnizip_clean/lib/python3.10/site-packages/transformers/generation/utils.py", line 3557, in _sample
    outputs = self(**model_inputs, return_dict=True)
  File "/data/armaan/venvs/omnizip_clean/lib/python3.10/site-packages/torch/nn/modules/module.py", line 1739, in _wrapped_call_impl
    return self._call_impl(*args, **kwargs)
  File "/data/armaan/venvs/omnizip_clean/lib/python3.10/site-packages/torch/nn/modules/module.py", line 1750, in _call_impl
    return forward_call(*args, **kwargs)
  File "/data/armaan/purs/Qwen2.5-Omni/low-VRAM-mode/modeling_qwen2_5_omni_low_VRAM_mode.py", line 2490, in forward
    video_embeds = self.visual(pixel_values_videos, grid_thw=video_grid_thw)
  File "/data/armaan/venvs/omnizip_clean/lib/python3.10/site-packages/torch/nn/modules/module.py", line 1739, in _wrapped_call_impl
    return self._call_impl(*args, **kwargs)
  File "/data/armaan/venvs/omnizip_clean/lib/python3.10/site-packages/torch/nn/modules/module.py", line 1750, in _call_impl
    return forward_call(*args, **kwargs)
  File "/data/armaan/purs/Qwen2.5-Omni/low-VRAM-mode/modeling_qwen2_5_omni_low_VRAM_mode.py", line 1366, in forward
    hidden_states = blk(
  File "/data/armaan/venvs/omnizip_clean/lib/python3.10/site-packages/torch/nn/modules/module.py", line 1739, in _wrapped_call_impl
    return self._call_impl(*args, **kwargs)
  File "/data/armaan/venvs/omnizip_clean/lib/python3.10/site-packages/torch/nn/modules/module.py", line 1750, in _call_impl
    return forward_call(*args, **kwargs)
  File "/data/armaan/purs/Qwen2.5-Omni/low-VRAM-mode/modeling_qwen2_5_omni_low_VRAM_mode.py", line 1155, in forward
    hidden_states = hidden_states + self.attn(
  File "/data/armaan/venvs/omnizip_clean/lib/python3.10/site-packages/torch/nn/modules/module.py", line 1739, in _wrapped_call_impl
    return self._call_impl(*args, **kwargs)
  File "/data/armaan/venvs/omnizip_clean/lib/python3.10/site-packages/torch/nn/modules/module.py", line 1750, in _call_impl
    return forward_call(*args, **kwargs)
  File "/data/armaan/purs/Qwen2.5-Omni/low-VRAM-mode/modeling_qwen2_5_omni_low_VRAM_mode.py", line 1116, in forward
    attn_output = F.scaled_dot_product_attention(q, k, v, attention_mask, dropout_p=0.0)
torch.OutOfMemoryError: CUDA out of memory. Tried to allocate 81.00 GiB. GPU 0 has a total capacity of 47.37 GiB of which 35.06 GiB is free. Including non-PyTorch memory, this process has 12.30 GiB memory in use. Of the allocated memory 11.77 GiB is allocated by PyTorch, and 34.25 MiB is reserved by PyTorch but unallocated. If reserved but unallocated memory is large try setting PYTORCH_CUDA_ALLOC_CONF=expandable_segments:True to avoid fragmentation.  See documentation for Memory Management  (https://pytorch.org/docs/stable/notes/cuda.html#environment-variables)


--- video-mme/Action Reasoning ---
Traceback (most recent call last):
  File "/data/armaan/purs/eval_qwen_omni.py", line 843, in main
    pred, reasoning = run_inference(
  File "/data/armaan/purs/eval_qwen_omni.py", line 660, in run_inference
    raw_out = model.generate(**gen_in, **gen_kw)
  File "/data/armaan/venvs/omnizip_clean/lib/python3.10/site-packages/gptqmodel/models/base.py", line 1166, in generate
    return self.model.generate(inputs=inputs, **kwargs)
  File "/data/armaan/venvs/omnizip_clean/lib/python3.10/site-packages/torch/utils/_contextlib.py", line 116, in decorate_context
    return func(*args, **kwargs)
  File "/data/armaan/purs/Qwen2.5-Omni/low-VRAM-mode/modeling_qwen2_5_omni_low_VRAM_mode.py", line 4760, in generate
    thinker_result = self.thinker.generate(input_ids=input_ids, **thinker_kwargs)
  File "/data/armaan/venvs/omnizip_clean/lib/python3.10/site-packages/torch/utils/_contextlib.py", line 116, in decorate_context
    return func(*args, **kwargs)
  File "/data/armaan/venvs/omnizip_clean/lib/python3.10/site-packages/transformers/generation/utils.py", line 2597, in generate
    result = self._sample(
  File "/data/armaan/venvs/omnizip_clean/lib/python3.10/site-packages/transformers/generation/utils.py", line 3557, in _sample
    outputs = self(**model_inputs, return_dict=True)
  File "/data/armaan/venvs/omnizip_clean/lib/python3.10/site-packages/torch/nn/modules/module.py", line 1739, in _wrapped_call_impl
    return self._call_impl(*args, **kwargs)
  File "/data/armaan/venvs/omnizip_clean/lib/python3.10/site-packages/torch/nn/modules/module.py", line 1750, in _call_impl
    return forward_call(*args, **kwargs)
  File "/data/armaan/purs/Qwen2.5-Omni/low-VRAM-mode/modeling_qwen2_5_omni_low_VRAM_mode.py", line 2490, in forward
    video_embeds = self.visual(pixel_values_videos, grid_thw=video_grid_thw)
  File "/data/armaan/venvs/omnizip_clean/lib/python3.10/site-packages/torch/nn/modules/module.py", line 1739, in _wrapped_call_impl
    return self._call_impl(*args, **kwargs)
  File "/data/armaan/venvs/omnizip_clean/lib/python3.10/site-packages/torch/nn/modules/module.py", line 1750, in _call_impl
    return forward_call(*args, **kwargs)
  File "/data/armaan/purs/Qwen2.5-Omni/low-VRAM-mode/modeling_qwen2_5_omni_low_VRAM_mode.py", line 1366, in forward
    hidden_states = blk(
  File "/data/armaan/venvs/omnizip_clean/lib/python3.10/site-packages/torch/nn/modules/module.py", line 1739, in _wrapped_call_impl
    return self._call_impl(*args, **kwargs)
  File "/data/armaan/venvs/omnizip_clean/lib/python3.10/site-packages/torch/nn/modules/module.py", line 1750, in _call_impl
    return forward_call(*args, **kwargs)
  File "/data/armaan/purs/Qwen2.5-Omni/low-VRAM-mode/modeling_qwen2_5_omni_low_VRAM_mode.py", line 1155, in forward
    hidden_states = hidden_states + self.attn(
  File "/data/armaan/venvs/omnizip_clean/lib/python3.10/site-packages/torch/nn/modules/module.py", line 1739, in _wrapped_call_impl
    return self._call_impl(*args, **kwargs)
  File "/data/armaan/venvs/omnizip_clean/lib/python3.10/site-packages/torch/nn/modules/module.py", line 1750, in _call_impl
    return forward_call(*args, **kwargs)
  File "/data/armaan/purs/Qwen2.5-Omni/low-VRAM-mode/modeling_qwen2_5_omni_low_VRAM_mode.py", line 1116, in forward
    attn_output = F.scaled_dot_product_attention(q, k, v, attention_mask, dropout_p=0.0)
torch.OutOfMemoryError: CUDA out of memory. Tried to allocate 71.19 GiB. GPU 0 has a total capacity of 47.37 GiB of which 35.59 GiB is free. Including non-PyTorch memory, this process has 11.77 GiB memory in use. Of the allocated memory 11.22 GiB is allocated by PyTorch, and 55.11 MiB is reserved by PyTorch but unallocated. If reserved but unallocated memory is large try setting PYTORCH_CUDA_ALLOC_CONF=expandable_segments:True to avoid fragmentation.  See documentation for Memory Management  (https://pytorch.org/docs/stable/notes/cuda.html#environment-variables)


--- video-mme/Action Reasoning ---
Traceback (most recent call last):
  File "/data/armaan/purs/eval_qwen_omni.py", line 843, in main
    pred, reasoning = run_inference(
  File "/data/armaan/purs/eval_qwen_omni.py", line 660, in run_inference
    raw_out = model.generate(**gen_in, **gen_kw)
  File "/data/armaan/venvs/omnizip_clean/lib/python3.10/site-packages/gptqmodel/models/base.py", line 1166, in generate
    return self.model.generate(inputs=inputs, **kwargs)
  File "/data/armaan/venvs/omnizip_clean/lib/python3.10/site-packages/torch/utils/_contextlib.py", line 116, in decorate_context
    return func(*args, **kwargs)
  File "/data/armaan/purs/Qwen2.5-Omni/low-VRAM-mode/modeling_qwen2_5_omni_low_VRAM_mode.py", line 4760, in generate
    thinker_result = self.thinker.generate(input_ids=input_ids, **thinker_kwargs)
  File "/data/armaan/venvs/omnizip_clean/lib/python3.10/site-packages/torch/utils/_contextlib.py", line 116, in decorate_context
    return func(*args, **kwargs)
  File "/data/armaan/venvs/omnizip_clean/lib/python3.10/site-packages/transformers/generation/utils.py", line 2597, in generate
    result = self._sample(
  File "/data/armaan/venvs/omnizip_clean/lib/python3.10/site-packages/transformers/generation/utils.py", line 3557, in _sample
    outputs = self(**model_inputs, return_dict=True)
  File "/data/armaan/venvs/omnizip_clean/lib/python3.10/site-packages/torch/nn/modules/module.py", line 1739, in _wrapped_call_impl
    return self._call_impl(*args, **kwargs)
  File "/data/armaan/venvs/omnizip_clean/lib/python3.10/site-packages/torch/nn/modules/module.py", line 1750, in _call_impl
    return forward_call(*args, **kwargs)
  File "/data/armaan/purs/Qwen2.5-Omni/low-VRAM-mode/modeling_qwen2_5_omni_low_VRAM_mode.py", line 2490, in forward
    video_embeds = self.visual(pixel_values_videos, grid_thw=video_grid_thw)
  File "/data/armaan/venvs/omnizip_clean/lib/python3.10/site-packages/torch/nn/modules/module.py", line 1739, in _wrapped_call_impl
    return self._call_impl(*args, **kwargs)
  File "/data/armaan/venvs/omnizip_clean/lib/python3.10/site-packages/torch/nn/modules/module.py", line 1750, in _call_impl
    return forward_call(*args, **kwargs)
  File "/data/armaan/purs/Qwen2.5-Omni/low-VRAM-mode/modeling_qwen2_5_omni_low_VRAM_mode.py", line 1366, in forward
    hidden_states = blk(
  File "/data/armaan/venvs/omnizip_clean/lib/python3.10/site-packages/torch/nn/modules/module.py", line 1739, in _wrapped_call_impl
    return self._call_impl(*args, **kwargs)
  File "/data/armaan/venvs/omnizip_clean/lib/python3.10/site-packages/torch/nn/modules/module.py", line 1750, in _call_impl
    return forward_call(*args, **kwargs)
  File "/data/armaan/purs/Qwen2.5-Omni/low-VRAM-mode/modeling_qwen2_5_omni_low_VRAM_mode.py", line 1155, in forward
    hidden_states = hidden_states + self.attn(
  File "/data/armaan/venvs/omnizip_clean/lib/python3.10/site-packages/torch/nn/modules/module.py", line 1739, in _wrapped_call_impl
    return self._call_impl(*args, **kwargs)
  File "/data/armaan/venvs/omnizip_clean/lib/python3.10/site-packages/torch/nn/modules/module.py", line 1750, in _call_impl
    return forward_call(*args, **kwargs)
  File "/data/armaan/purs/Qwen2.5-Omni/low-VRAM-mode/modeling_qwen2_5_omni_low_VRAM_mode.py", line 1116, in forward
    attn_output = F.scaled_dot_product_attention(q, k, v, attention_mask, dropout_p=0.0)
torch.OutOfMemoryError: CUDA out of memory. Tried to allocate 71.19 GiB. GPU 0 has a total capacity of 47.37 GiB of which 35.59 GiB is free. Including non-PyTorch memory, this process has 11.77 GiB memory in use. Of the allocated memory 11.22 GiB is allocated by PyTorch, and 55.10 MiB is reserved by PyTorch but unallocated. If reserved but unallocated memory is large try setting PYTORCH_CUDA_ALLOC_CONF=expandable_segments:True to avoid fragmentation.  See documentation for Memory Management  (https://pytorch.org/docs/stable/notes/cuda.html#environment-variables)


--- video-mme/Action Reasoning ---
Traceback (most recent call last):
  File "/data/armaan/purs/eval_qwen_omni.py", line 843, in main
    pred, reasoning = run_inference(
  File "/data/armaan/purs/eval_qwen_omni.py", line 660, in run_inference
    raw_out = model.generate(**gen_in, **gen_kw)
  File "/data/armaan/venvs/omnizip_clean/lib/python3.10/site-packages/gptqmodel/models/base.py", line 1166, in generate
    return self.model.generate(inputs=inputs, **kwargs)
  File "/data/armaan/venvs/omnizip_clean/lib/python3.10/site-packages/torch/utils/_contextlib.py", line 116, in decorate_context
    return func(*args, **kwargs)
  File "/data/armaan/purs/Qwen2.5-Omni/low-VRAM-mode/modeling_qwen2_5_omni_low_VRAM_mode.py", line 4760, in generate
    thinker_result = self.thinker.generate(input_ids=input_ids, **thinker_kwargs)
  File "/data/armaan/venvs/omnizip_clean/lib/python3.10/site-packages/torch/utils/_contextlib.py", line 116, in decorate_context
    return func(*args, **kwargs)
  File "/data/armaan/venvs/omnizip_clean/lib/python3.10/site-packages/transformers/generation/utils.py", line 2597, in generate
    result = self._sample(
  File "/data/armaan/venvs/omnizip_clean/lib/python3.10/site-packages/transformers/generation/utils.py", line 3557, in _sample
    outputs = self(**model_inputs, return_dict=True)
  File "/data/armaan/venvs/omnizip_clean/lib/python3.10/site-packages/torch/nn/modules/module.py", line 1739, in _wrapped_call_impl
    return self._call_impl(*args, **kwargs)
  File "/data/armaan/venvs/omnizip_clean/lib/python3.10/site-packages/torch/nn/modules/module.py", line 1750, in _call_impl
    return forward_call(*args, **kwargs)
  File "/data/armaan/purs/Qwen2.5-Omni/low-VRAM-mode/modeling_qwen2_5_omni_low_VRAM_mode.py", line 2490, in forward
    video_embeds = self.visual(pixel_values_videos, grid_thw=video_grid_thw)
  File "/data/armaan/venvs/omnizip_clean/lib/python3.10/site-packages/torch/nn/modules/module.py", line 1739, in _wrapped_call_impl
    return self._call_impl(*args, **kwargs)
  File "/data/armaan/venvs/omnizip_clean/lib/python3.10/site-packages/torch/nn/modules/module.py", line 1750, in _call_impl
    return forward_call(*args, **kwargs)
  File "/data/armaan/purs/Qwen2.5-Omni/low-VRAM-mode/modeling_qwen2_5_omni_low_VRAM_mode.py", line 1366, in forward
    hidden_states = blk(
  File "/data/armaan/venvs/omnizip_clean/lib/python3.10/site-packages/torch/nn/modules/module.py", line 1739, in _wrapped_call_impl
    return self._call_impl(*args, **kwargs)
  File "/data/armaan/venvs/omnizip_clean/lib/python3.10/site-packages/torch/nn/modules/module.py", line 1750, in _call_impl
    return forward_call(*args, **kwargs)
  File "/data/armaan/purs/Qwen2.5-Omni/low-VRAM-mode/modeling_qwen2_5_omni_low_VRAM_mode.py", line 1155, in forward
    hidden_states = hidden_states + self.attn(
  File "/data/armaan/venvs/omnizip_clean/lib/python3.10/site-packages/torch/nn/modules/module.py", line 1739, in _wrapped_call_impl
    return self._call_impl(*args, **kwargs)
  File "/data/armaan/venvs/omnizip_clean/lib/python3.10/site-packages/torch/nn/modules/module.py", line 1750, in _call_impl
    return forward_call(*args, **kwargs)
  File "/data/armaan/purs/Qwen2.5-Omni/low-VRAM-mode/modeling_qwen2_5_omni_low_VRAM_mode.py", line 1116, in forward
    attn_output = F.scaled_dot_product_attention(q, k, v, attention_mask, dropout_p=0.0)
torch.OutOfMemoryError: CUDA out of memory. Tried to allocate 71.19 GiB. GPU 0 has a total capacity of 47.37 GiB of which 35.59 GiB is free. Including non-PyTorch memory, this process has 11.77 GiB memory in use. Of the allocated memory 11.22 GiB is allocated by PyTorch, and 55.07 MiB is reserved by PyTorch but unallocated. If reserved but unallocated memory is large try setting PYTORCH_CUDA_ALLOC_CONF=expandable_segments:True to avoid fragmentation.  See documentation for Memory Management  (https://pytorch.org/docs/stable/notes/cuda.html#environment-variables)


--- video-mme/Action Recognition ---
Traceback (most recent call last):
  File "/data/armaan/purs/eval_qwen_omni.py", line 843, in main
    pred, reasoning = run_inference(
  File "/data/armaan/purs/eval_qwen_omni.py", line 660, in run_inference
    raw_out = model.generate(**gen_in, **gen_kw)
  File "/data/armaan/venvs/omnizip_clean/lib/python3.10/site-packages/gptqmodel/models/base.py", line 1166, in generate
    return self.model.generate(inputs=inputs, **kwargs)
  File "/data/armaan/venvs/omnizip_clean/lib/python3.10/site-packages/torch/utils/_contextlib.py", line 116, in decorate_context
    return func(*args, **kwargs)
  File "/data/armaan/purs/Qwen2.5-Omni/low-VRAM-mode/modeling_qwen2_5_omni_low_VRAM_mode.py", line 4760, in generate
    thinker_result = self.thinker.generate(input_ids=input_ids, **thinker_kwargs)
  File "/data/armaan/venvs/omnizip_clean/lib/python3.10/site-packages/torch/utils/_contextlib.py", line 116, in decorate_context
    return func(*args, **kwargs)
  File "/data/armaan/venvs/omnizip_clean/lib/python3.10/site-packages/transformers/generation/utils.py", line 2597, in generate
    result = self._sample(
  File "/data/armaan/venvs/omnizip_clean/lib/python3.10/site-packages/transformers/generation/utils.py", line 3557, in _sample
    outputs = self(**model_inputs, return_dict=True)
  File "/data/armaan/venvs/omnizip_clean/lib/python3.10/site-packages/torch/nn/modules/module.py", line 1739, in _wrapped_call_impl
    return self._call_impl(*args, **kwargs)
  File "/data/armaan/venvs/omnizip_clean/lib/python3.10/site-packages/torch/nn/modules/module.py", line 1750, in _call_impl
    return forward_call(*args, **kwargs)
  File "/data/armaan/purs/Qwen2.5-Omni/low-VRAM-mode/modeling_qwen2_5_omni_low_VRAM_mode.py", line 2490, in forward
    video_embeds = self.visual(pixel_values_videos, grid_thw=video_grid_thw)
  File "/data/armaan/venvs/omnizip_clean/lib/python3.10/site-packages/torch/nn/modules/module.py", line 1739, in _wrapped_call_impl
    return self._call_impl(*args, **kwargs)
  File "/data/armaan/venvs/omnizip_clean/lib/python3.10/site-packages/torch/nn/modules/module.py", line 1750, in _call_impl
    return forward_call(*args, **kwargs)
  File "/data/armaan/purs/Qwen2.5-Omni/low-VRAM-mode/modeling_qwen2_5_omni_low_VRAM_mode.py", line 1366, in forward
    hidden_states = blk(
  File "/data/armaan/venvs/omnizip_clean/lib/python3.10/site-packages/torch/nn/modules/module.py", line 1739, in _wrapped_call_impl
    return self._call_impl(*args, **kwargs)
  File "/data/armaan/venvs/omnizip_clean/lib/python3.10/site-packages/torch/nn/modules/module.py", line 1750, in _call_impl
    return forward_call(*args, **kwargs)
  File "/data/armaan/purs/Qwen2.5-Omni/low-VRAM-mode/modeling_qwen2_5_omni_low_VRAM_mode.py", line 1155, in forward
    hidden_states = hidden_states + self.attn(
  File "/data/armaan/venvs/omnizip_clean/lib/python3.10/site-packages/torch/nn/modules/module.py", line 1739, in _wrapped_call_impl
    return self._call_impl(*args, **kwargs)
  File "/data/armaan/venvs/omnizip_clean/lib/python3.10/site-packages/torch/nn/modules/module.py", line 1750, in _call_impl
    return forward_call(*args, **kwargs)
  File "/data/armaan/purs/Qwen2.5-Omni/low-VRAM-mode/modeling_qwen2_5_omni_low_VRAM_mode.py", line 1116, in forward
    attn_output = F.scaled_dot_product_attention(q, k, v, attention_mask, dropout_p=0.0)
torch.OutOfMemoryError: CUDA out of memory. Tried to allocate 71.19 GiB. GPU 0 has a total capacity of 47.37 GiB of which 35.59 GiB is free. Including non-PyTorch memory, this process has 11.77 GiB memory in use. Of the allocated memory 11.21 GiB is allocated by PyTorch, and 58.97 MiB is reserved by PyTorch but unallocated. If reserved but unallocated memory is large try setting PYTORCH_CUDA_ALLOC_CONF=expandable_segments:True to avoid fragmentation.  See documentation for Memory Management  (https://pytorch.org/docs/stable/notes/cuda.html#environment-variables)


--- video-mme/Action Recognition ---
Traceback (most recent call last):
  File "/data/armaan/purs/eval_qwen_omni.py", line 843, in main
    pred, reasoning = run_inference(
  File "/data/armaan/purs/eval_qwen_omni.py", line 660, in run_inference
    raw_out = model.generate(**gen_in, **gen_kw)
  File "/data/armaan/venvs/omnizip_clean/lib/python3.10/site-packages/gptqmodel/models/base.py", line 1166, in generate
    return self.model.generate(inputs=inputs, **kwargs)
  File "/data/armaan/venvs/omnizip_clean/lib/python3.10/site-packages/torch/utils/_contextlib.py", line 116, in decorate_context
    return func(*args, **kwargs)
  File "/data/armaan/purs/Qwen2.5-Omni/low-VRAM-mode/modeling_qwen2_5_omni_low_VRAM_mode.py", line 4760, in generate
    thinker_result = self.thinker.generate(input_ids=input_ids, **thinker_kwargs)
  File "/data/armaan/venvs/omnizip_clean/lib/python3.10/site-packages/torch/utils/_contextlib.py", line 116, in decorate_context
    return func(*args, **kwargs)
  File "/data/armaan/venvs/omnizip_clean/lib/python3.10/site-packages/transformers/generation/utils.py", line 2597, in generate
    result = self._sample(
  File "/data/armaan/venvs/omnizip_clean/lib/python3.10/site-packages/transformers/generation/utils.py", line 3557, in _sample
    outputs = self(**model_inputs, return_dict=True)
  File "/data/armaan/venvs/omnizip_clean/lib/python3.10/site-packages/torch/nn/modules/module.py", line 1739, in _wrapped_call_impl
    return self._call_impl(*args, **kwargs)
  File "/data/armaan/venvs/omnizip_clean/lib/python3.10/site-packages/torch/nn/modules/module.py", line 1750, in _call_impl
    return forward_call(*args, **kwargs)
  File "/data/armaan/purs/Qwen2.5-Omni/low-VRAM-mode/modeling_qwen2_5_omni_low_VRAM_mode.py", line 2490, in forward
    video_embeds = self.visual(pixel_values_videos, grid_thw=video_grid_thw)
  File "/data/armaan/venvs/omnizip_clean/lib/python3.10/site-packages/torch/nn/modules/module.py", line 1739, in _wrapped_call_impl
    return self._call_impl(*args, **kwargs)
  File "/data/armaan/venvs/omnizip_clean/lib/python3.10/site-packages/torch/nn/modules/module.py", line 1750, in _call_impl
    return forward_call(*args, **kwargs)
  File "/data/armaan/purs/Qwen2.5-Omni/low-VRAM-mode/modeling_qwen2_5_omni_low_VRAM_mode.py", line 1366, in forward
    hidden_states = blk(
  File "/data/armaan/venvs/omnizip_clean/lib/python3.10/site-packages/torch/nn/modules/module.py", line 1739, in _wrapped_call_impl
    return self._call_impl(*args, **kwargs)
  File "/data/armaan/venvs/omnizip_clean/lib/python3.10/site-packages/torch/nn/modules/module.py", line 1750, in _call_impl
    return forward_call(*args, **kwargs)
  File "/data/armaan/purs/Qwen2.5-Omni/low-VRAM-mode/modeling_qwen2_5_omni_low_VRAM_mode.py", line 1155, in forward
    hidden_states = hidden_states + self.attn(
  File "/data/armaan/venvs/omnizip_clean/lib/python3.10/site-packages/torch/nn/modules/module.py", line 1739, in _wrapped_call_impl
    return self._call_impl(*args, **kwargs)
  File "/data/armaan/venvs/omnizip_clean/lib/python3.10/site-packages/torch/nn/modules/module.py", line 1750, in _call_impl
    return forward_call(*args, **kwargs)
  File "/data/armaan/purs/Qwen2.5-Omni/low-VRAM-mode/modeling_qwen2_5_omni_low_VRAM_mode.py", line 1116, in forward
    attn_output = F.scaled_dot_product_attention(q, k, v, attention_mask, dropout_p=0.0)
torch.OutOfMemoryError: CUDA out of memory. Tried to allocate 71.19 GiB. GPU 0 has a total capacity of 47.37 GiB of which 35.59 GiB is free. Including non-PyTorch memory, this process has 11.77 GiB memory in use. Of the allocated memory 11.21 GiB is allocated by PyTorch, and 59.02 MiB is reserved by PyTorch but unallocated. If reserved but unallocated memory is large try setting PYTORCH_CUDA_ALLOC_CONF=expandable_segments:True to avoid fragmentation.  See documentation for Memory Management  (https://pytorch.org/docs/stable/notes/cuda.html#environment-variables)


--- video-mme/Action Recognition ---
Traceback (most recent call last):
  File "/data/armaan/purs/eval_qwen_omni.py", line 843, in main
    pred, reasoning = run_inference(
  File "/data/armaan/purs/eval_qwen_omni.py", line 660, in run_inference
    raw_out = model.generate(**gen_in, **gen_kw)
  File "/data/armaan/venvs/omnizip_clean/lib/python3.10/site-packages/gptqmodel/models/base.py", line 1166, in generate
    return self.model.generate(inputs=inputs, **kwargs)
  File "/data/armaan/venvs/omnizip_clean/lib/python3.10/site-packages/torch/utils/_contextlib.py", line 116, in decorate_context
    return func(*args, **kwargs)
  File "/data/armaan/purs/Qwen2.5-Omni/low-VRAM-mode/modeling_qwen2_5_omni_low_VRAM_mode.py", line 4760, in generate
    thinker_result = self.thinker.generate(input_ids=input_ids, **thinker_kwargs)
  File "/data/armaan/venvs/omnizip_clean/lib/python3.10/site-packages/torch/utils/_contextlib.py", line 116, in decorate_context
    return func(*args, **kwargs)
  File "/data/armaan/venvs/omnizip_clean/lib/python3.10/site-packages/transformers/generation/utils.py", line 2597, in generate
    result = self._sample(
  File "/data/armaan/venvs/omnizip_clean/lib/python3.10/site-packages/transformers/generation/utils.py", line 3557, in _sample
    outputs = self(**model_inputs, return_dict=True)
  File "/data/armaan/venvs/omnizip_clean/lib/python3.10/site-packages/torch/nn/modules/module.py", line 1739, in _wrapped_call_impl
    return self._call_impl(*args, **kwargs)
  File "/data/armaan/venvs/omnizip_clean/lib/python3.10/site-packages/torch/nn/modules/module.py", line 1750, in _call_impl
    return forward_call(*args, **kwargs)
  File "/data/armaan/purs/Qwen2.5-Omni/low-VRAM-mode/modeling_qwen2_5_omni_low_VRAM_mode.py", line 2490, in forward
    video_embeds = self.visual(pixel_values_videos, grid_thw=video_grid_thw)
  File "/data/armaan/venvs/omnizip_clean/lib/python3.10/site-packages/torch/nn/modules/module.py", line 1739, in _wrapped_call_impl
    return self._call_impl(*args, **kwargs)
  File "/data/armaan/venvs/omnizip_clean/lib/python3.10/site-packages/torch/nn/modules/module.py", line 1750, in _call_impl
    return forward_call(*args, **kwargs)
  File "/data/armaan/purs/Qwen2.5-Omni/low-VRAM-mode/modeling_qwen2_5_omni_low_VRAM_mode.py", line 1366, in forward
    hidden_states = blk(
  File "/data/armaan/venvs/omnizip_clean/lib/python3.10/site-packages/torch/nn/modules/module.py", line 1739, in _wrapped_call_impl
    return self._call_impl(*args, **kwargs)
  File "/data/armaan/venvs/omnizip_clean/lib/python3.10/site-packages/torch/nn/modules/module.py", line 1750, in _call_impl
    return forward_call(*args, **kwargs)
  File "/data/armaan/purs/Qwen2.5-Omni/low-VRAM-mode/modeling_qwen2_5_omni_low_VRAM_mode.py", line 1155, in forward
    hidden_states = hidden_states + self.attn(
  File "/data/armaan/venvs/omnizip_clean/lib/python3.10/site-packages/torch/nn/modules/module.py", line 1739, in _wrapped_call_impl
    return self._call_impl(*args, **kwargs)
  File "/data/armaan/venvs/omnizip_clean/lib/python3.10/site-packages/torch/nn/modules/module.py", line 1750, in _call_impl
    return forward_call(*args, **kwargs)
  File "/data/armaan/purs/Qwen2.5-Omni/low-VRAM-mode/modeling_qwen2_5_omni_low_VRAM_mode.py", line 1116, in forward
    attn_output = F.scaled_dot_product_attention(q, k, v, attention_mask, dropout_p=0.0)
torch.OutOfMemoryError: CUDA out of memory. Tried to allocate 71.19 GiB. GPU 0 has a total capacity of 47.37 GiB of which 35.59 GiB is free. Including non-PyTorch memory, this process has 11.77 GiB memory in use. Of the allocated memory 11.21 GiB is allocated by PyTorch, and 58.93 MiB is reserved by PyTorch but unallocated. If reserved but unallocated memory is large try setting PYTORCH_CUDA_ALLOC_CONF=expandable_segments:True to avoid fragmentation.  See documentation for Memory Management  (https://pytorch.org/docs/stable/notes/cuda.html#environment-variables)


--- video-mme/Attribute Perception ---
Traceback (most recent call last):
  File "/data/armaan/purs/eval_qwen_omni.py", line 843, in main
    pred, reasoning = run_inference(
  File "/data/armaan/purs/eval_qwen_omni.py", line 660, in run_inference
    raw_out = model.generate(**gen_in, **gen_kw)
  File "/data/armaan/venvs/omnizip_clean/lib/python3.10/site-packages/gptqmodel/models/base.py", line 1166, in generate
    return self.model.generate(inputs=inputs, **kwargs)
  File "/data/armaan/venvs/omnizip_clean/lib/python3.10/site-packages/torch/utils/_contextlib.py", line 116, in decorate_context
    return func(*args, **kwargs)
  File "/data/armaan/purs/Qwen2.5-Omni/low-VRAM-mode/modeling_qwen2_5_omni_low_VRAM_mode.py", line 4760, in generate
    thinker_result = self.thinker.generate(input_ids=input_ids, **thinker_kwargs)
  File "/data/armaan/venvs/omnizip_clean/lib/python3.10/site-packages/torch/utils/_contextlib.py", line 116, in decorate_context
    return func(*args, **kwargs)
  File "/data/armaan/venvs/omnizip_clean/lib/python3.10/site-packages/transformers/generation/utils.py", line 2597, in generate
    result = self._sample(
  File "/data/armaan/venvs/omnizip_clean/lib/python3.10/site-packages/transformers/generation/utils.py", line 3557, in _sample
    outputs = self(**model_inputs, return_dict=True)
  File "/data/armaan/venvs/omnizip_clean/lib/python3.10/site-packages/torch/nn/modules/module.py", line 1739, in _wrapped_call_impl
    return self._call_impl(*args, **kwargs)
  File "/data/armaan/venvs/omnizip_clean/lib/python3.10/site-packages/torch/nn/modules/module.py", line 1750, in _call_impl
    return forward_call(*args, **kwargs)
  File "/data/armaan/purs/Qwen2.5-Omni/low-VRAM-mode/modeling_qwen2_5_omni_low_VRAM_mode.py", line 2490, in forward
    video_embeds = self.visual(pixel_values_videos, grid_thw=video_grid_thw)
  File "/data/armaan/venvs/omnizip_clean/lib/python3.10/site-packages/torch/nn/modules/module.py", line 1739, in _wrapped_call_impl
    return self._call_impl(*args, **kwargs)
  File "/data/armaan/venvs/omnizip_clean/lib/python3.10/site-packages/torch/nn/modules/module.py", line 1750, in _call_impl
    return forward_call(*args, **kwargs)
  File "/data/armaan/purs/Qwen2.5-Omni/low-VRAM-mode/modeling_qwen2_5_omni_low_VRAM_mode.py", line 1366, in forward
    hidden_states = blk(
  File "/data/armaan/venvs/omnizip_clean/lib/python3.10/site-packages/torch/nn/modules/module.py", line 1739, in _wrapped_call_impl
    return self._call_impl(*args, **kwargs)
  File "/data/armaan/venvs/omnizip_clean/lib/python3.10/site-packages/torch/nn/modules/module.py", line 1750, in _call_impl
    return forward_call(*args, **kwargs)
  File "/data/armaan/purs/Qwen2.5-Omni/low-VRAM-mode/modeling_qwen2_5_omni_low_VRAM_mode.py", line 1155, in forward
    hidden_states = hidden_states + self.attn(
  File "/data/armaan/venvs/omnizip_clean/lib/python3.10/site-packages/torch/nn/modules/module.py", line 1739, in _wrapped_call_impl
    return self._call_impl(*args, **kwargs)
  File "/data/armaan/venvs/omnizip_clean/lib/python3.10/site-packages/torch/nn/modules/module.py", line 1750, in _call_impl
    return forward_call(*args, **kwargs)
  File "/data/armaan/purs/Qwen2.5-Omni/low-VRAM-mode/modeling_qwen2_5_omni_low_VRAM_mode.py", line 1116, in forward
    attn_output = F.scaled_dot_product_attention(q, k, v, attention_mask, dropout_p=0.0)
torch.OutOfMemoryError: CUDA out of memory. Tried to allocate 71.19 GiB. GPU 0 has a total capacity of 47.37 GiB of which 35.61 GiB is free. Including non-PyTorch memory, this process has 11.75 GiB memory in use. Of the allocated memory 11.21 GiB is allocated by PyTorch, and 38.63 MiB is reserved by PyTorch but unallocated. If reserved but unallocated memory is large try setting PYTORCH_CUDA_ALLOC_CONF=expandable_segments:True to avoid fragmentation.  See documentation for Memory Management  (https://pytorch.org/docs/stable/notes/cuda.html#environment-variables)


--- video-mme/Attribute Perception ---
Traceback (most recent call last):
  File "/data/armaan/purs/eval_qwen_omni.py", line 843, in main
    pred, reasoning = run_inference(
  File "/data/armaan/purs/eval_qwen_omni.py", line 660, in run_inference
    raw_out = model.generate(**gen_in, **gen_kw)
  File "/data/armaan/venvs/omnizip_clean/lib/python3.10/site-packages/gptqmodel/models/base.py", line 1166, in generate
    return self.model.generate(inputs=inputs, **kwargs)
  File "/data/armaan/venvs/omnizip_clean/lib/python3.10/site-packages/torch/utils/_contextlib.py", line 116, in decorate_context
    return func(*args, **kwargs)
  File "/data/armaan/purs/Qwen2.5-Omni/low-VRAM-mode/modeling_qwen2_5_omni_low_VRAM_mode.py", line 4760, in generate
    thinker_result = self.thinker.generate(input_ids=input_ids, **thinker_kwargs)
  File "/data/armaan/venvs/omnizip_clean/lib/python3.10/site-packages/torch/utils/_contextlib.py", line 116, in decorate_context
    return func(*args, **kwargs)
  File "/data/armaan/venvs/omnizip_clean/lib/python3.10/site-packages/transformers/generation/utils.py", line 2597, in generate
    result = self._sample(
  File "/data/armaan/venvs/omnizip_clean/lib/python3.10/site-packages/transformers/generation/utils.py", line 3557, in _sample
    outputs = self(**model_inputs, return_dict=True)
  File "/data/armaan/venvs/omnizip_clean/lib/python3.10/site-packages/torch/nn/modules/module.py", line 1739, in _wrapped_call_impl
    return self._call_impl(*args, **kwargs)
  File "/data/armaan/venvs/omnizip_clean/lib/python3.10/site-packages/torch/nn/modules/module.py", line 1750, in _call_impl
    return forward_call(*args, **kwargs)
  File "/data/armaan/purs/Qwen2.5-Omni/low-VRAM-mode/modeling_qwen2_5_omni_low_VRAM_mode.py", line 2490, in forward
    video_embeds = self.visual(pixel_values_videos, grid_thw=video_grid_thw)
  File "/data/armaan/venvs/omnizip_clean/lib/python3.10/site-packages/torch/nn/modules/module.py", line 1739, in _wrapped_call_impl
    return self._call_impl(*args, **kwargs)
  File "/data/armaan/venvs/omnizip_clean/lib/python3.10/site-packages/torch/nn/modules/module.py", line 1750, in _call_impl
    return forward_call(*args, **kwargs)
  File "/data/armaan/purs/Qwen2.5-Omni/low-VRAM-mode/modeling_qwen2_5_omni_low_VRAM_mode.py", line 1366, in forward
    hidden_states = blk(
  File "/data/armaan/venvs/omnizip_clean/lib/python3.10/site-packages/torch/nn/modules/module.py", line 1739, in _wrapped_call_impl
    return self._call_impl(*args, **kwargs)
  File "/data/armaan/venvs/omnizip_clean/lib/python3.10/site-packages/torch/nn/modules/module.py", line 1750, in _call_impl
    return forward_call(*args, **kwargs)
  File "/data/armaan/purs/Qwen2.5-Omni/low-VRAM-mode/modeling_qwen2_5_omni_low_VRAM_mode.py", line 1155, in forward
    hidden_states = hidden_states + self.attn(
  File "/data/armaan/venvs/omnizip_clean/lib/python3.10/site-packages/torch/nn/modules/module.py", line 1739, in _wrapped_call_impl
    return self._call_impl(*args, **kwargs)
  File "/data/armaan/venvs/omnizip_clean/lib/python3.10/site-packages/torch/nn/modules/module.py", line 1750, in _call_impl
    return forward_call(*args, **kwargs)
  File "/data/armaan/purs/Qwen2.5-Omni/low-VRAM-mode/modeling_qwen2_5_omni_low_VRAM_mode.py", line 1116, in forward
    attn_output = F.scaled_dot_product_attention(q, k, v, attention_mask, dropout_p=0.0)
torch.OutOfMemoryError: CUDA out of memory. Tried to allocate 71.19 GiB. GPU 0 has a total capacity of 47.37 GiB of which 35.59 GiB is free. Including non-PyTorch memory, this process has 11.77 GiB memory in use. Of the allocated memory 11.21 GiB is allocated by PyTorch, and 58.79 MiB is reserved by PyTorch but unallocated. If reserved but unallocated memory is large try setting PYTORCH_CUDA_ALLOC_CONF=expandable_segments:True to avoid fragmentation.  See documentation for Memory Management  (https://pytorch.org/docs/stable/notes/cuda.html#environment-variables)


--- video-mme/Attribute Perception ---
Traceback (most recent call last):
  File "/data/armaan/purs/eval_qwen_omni.py", line 843, in main
    pred, reasoning = run_inference(
  File "/data/armaan/purs/eval_qwen_omni.py", line 660, in run_inference
    raw_out = model.generate(**gen_in, **gen_kw)
  File "/data/armaan/venvs/omnizip_clean/lib/python3.10/site-packages/gptqmodel/models/base.py", line 1166, in generate
    return self.model.generate(inputs=inputs, **kwargs)
  File "/data/armaan/venvs/omnizip_clean/lib/python3.10/site-packages/torch/utils/_contextlib.py", line 116, in decorate_context
    return func(*args, **kwargs)
  File "/data/armaan/purs/Qwen2.5-Omni/low-VRAM-mode/modeling_qwen2_5_omni_low_VRAM_mode.py", line 4760, in generate
    thinker_result = self.thinker.generate(input_ids=input_ids, **thinker_kwargs)
  File "/data/armaan/venvs/omnizip_clean/lib/python3.10/site-packages/torch/utils/_contextlib.py", line 116, in decorate_context
    return func(*args, **kwargs)
  File "/data/armaan/venvs/omnizip_clean/lib/python3.10/site-packages/transformers/generation/utils.py", line 2597, in generate
    result = self._sample(
  File "/data/armaan/venvs/omnizip_clean/lib/python3.10/site-packages/transformers/generation/utils.py", line 3557, in _sample
    outputs = self(**model_inputs, return_dict=True)
  File "/data/armaan/venvs/omnizip_clean/lib/python3.10/site-packages/torch/nn/modules/module.py", line 1739, in _wrapped_call_impl
    return self._call_impl(*args, **kwargs)
  File "/data/armaan/venvs/omnizip_clean/lib/python3.10/site-packages/torch/nn/modules/module.py", line 1750, in _call_impl
    return forward_call(*args, **kwargs)
  File "/data/armaan/purs/Qwen2.5-Omni/low-VRAM-mode/modeling_qwen2_5_omni_low_VRAM_mode.py", line 2490, in forward
    video_embeds = self.visual(pixel_values_videos, grid_thw=video_grid_thw)
  File "/data/armaan/venvs/omnizip_clean/lib/python3.10/site-packages/torch/nn/modules/module.py", line 1739, in _wrapped_call_impl
    return self._call_impl(*args, **kwargs)
  File "/data/armaan/venvs/omnizip_clean/lib/python3.10/site-packages/torch/nn/modules/module.py", line 1750, in _call_impl
    return forward_call(*args, **kwargs)
  File "/data/armaan/purs/Qwen2.5-Omni/low-VRAM-mode/modeling_qwen2_5_omni_low_VRAM_mode.py", line 1366, in forward
    hidden_states = blk(
  File "/data/armaan/venvs/omnizip_clean/lib/python3.10/site-packages/torch/nn/modules/module.py", line 1739, in _wrapped_call_impl
    return self._call_impl(*args, **kwargs)
  File "/data/armaan/venvs/omnizip_clean/lib/python3.10/site-packages/torch/nn/modules/module.py", line 1750, in _call_impl
    return forward_call(*args, **kwargs)
  File "/data/armaan/purs/Qwen2.5-Omni/low-VRAM-mode/modeling_qwen2_5_omni_low_VRAM_mode.py", line 1155, in forward
    hidden_states = hidden_states + self.attn(
  File "/data/armaan/venvs/omnizip_clean/lib/python3.10/site-packages/torch/nn/modules/module.py", line 1739, in _wrapped_call_impl
    return self._call_impl(*args, **kwargs)
  File "/data/armaan/venvs/omnizip_clean/lib/python3.10/site-packages/torch/nn/modules/module.py", line 1750, in _call_impl
    return forward_call(*args, **kwargs)
  File "/data/armaan/purs/Qwen2.5-Omni/low-VRAM-mode/modeling_qwen2_5_omni_low_VRAM_mode.py", line 1116, in forward
    attn_output = F.scaled_dot_product_attention(q, k, v, attention_mask, dropout_p=0.0)
torch.OutOfMemoryError: CUDA out of memory. Tried to allocate 71.19 GiB. GPU 0 has a total capacity of 47.37 GiB of which 35.57 GiB is free. Including non-PyTorch memory, this process has 11.79 GiB memory in use. Of the allocated memory 11.21 GiB is allocated by PyTorch, and 78.86 MiB is reserved by PyTorch but unallocated. If reserved but unallocated memory is large try setting PYTORCH_CUDA_ALLOC_CONF=expandable_segments:True to avoid fragmentation.  See documentation for Memory Management  (https://pytorch.org/docs/stable/notes/cuda.html#environment-variables)


--- video-mme/Counting Problem ---
Traceback (most recent call last):
  File "/data/armaan/purs/eval_qwen_omni.py", line 843, in main
    pred, reasoning = run_inference(
  File "/data/armaan/purs/eval_qwen_omni.py", line 660, in run_inference
    raw_out = model.generate(**gen_in, **gen_kw)
  File "/data/armaan/venvs/omnizip_clean/lib/python3.10/site-packages/gptqmodel/models/base.py", line 1166, in generate
    return self.model.generate(inputs=inputs, **kwargs)
  File "/data/armaan/venvs/omnizip_clean/lib/python3.10/site-packages/torch/utils/_contextlib.py", line 116, in decorate_context
    return func(*args, **kwargs)
  File "/data/armaan/purs/Qwen2.5-Omni/low-VRAM-mode/modeling_qwen2_5_omni_low_VRAM_mode.py", line 4760, in generate
    thinker_result = self.thinker.generate(input_ids=input_ids, **thinker_kwargs)
  File "/data/armaan/venvs/omnizip_clean/lib/python3.10/site-packages/torch/utils/_contextlib.py", line 116, in decorate_context
    return func(*args, **kwargs)
  File "/data/armaan/venvs/omnizip_clean/lib/python3.10/site-packages/transformers/generation/utils.py", line 2597, in generate
    result = self._sample(
  File "/data/armaan/venvs/omnizip_clean/lib/python3.10/site-packages/transformers/generation/utils.py", line 3557, in _sample
    outputs = self(**model_inputs, return_dict=True)
  File "/data/armaan/venvs/omnizip_clean/lib/python3.10/site-packages/torch/nn/modules/module.py", line 1739, in _wrapped_call_impl
    return self._call_impl(*args, **kwargs)
  File "/data/armaan/venvs/omnizip_clean/lib/python3.10/site-packages/torch/nn/modules/module.py", line 1750, in _call_impl
    return forward_call(*args, **kwargs)
  File "/data/armaan/purs/Qwen2.5-Omni/low-VRAM-mode/modeling_qwen2_5_omni_low_VRAM_mode.py", line 2490, in forward
    video_embeds = self.visual(pixel_values_videos, grid_thw=video_grid_thw)
  File "/data/armaan/venvs/omnizip_clean/lib/python3.10/site-packages/torch/nn/modules/module.py", line 1739, in _wrapped_call_impl
    return self._call_impl(*args, **kwargs)
  File "/data/armaan/venvs/omnizip_clean/lib/python3.10/site-packages/torch/nn/modules/module.py", line 1750, in _call_impl
    return forward_call(*args, **kwargs)
  File "/data/armaan/purs/Qwen2.5-Omni/low-VRAM-mode/modeling_qwen2_5_omni_low_VRAM_mode.py", line 1366, in forward
    hidden_states = blk(
  File "/data/armaan/venvs/omnizip_clean/lib/python3.10/site-packages/torch/nn/modules/module.py", line 1739, in _wrapped_call_impl
    return self._call_impl(*args, **kwargs)
  File "/data/armaan/venvs/omnizip_clean/lib/python3.10/site-packages/torch/nn/modules/module.py", line 1750, in _call_impl
    return forward_call(*args, **kwargs)
  File "/data/armaan/purs/Qwen2.5-Omni/low-VRAM-mode/modeling_qwen2_5_omni_low_VRAM_mode.py", line 1155, in forward
    hidden_states = hidden_states + self.attn(
  File "/data/armaan/venvs/omnizip_clean/lib/python3.10/site-packages/torch/nn/modules/module.py", line 1739, in _wrapped_call_impl
    return self._call_impl(*args, **kwargs)
  File "/data/armaan/venvs/omnizip_clean/lib/python3.10/site-packages/torch/nn/modules/module.py", line 1750, in _call_impl
    return forward_call(*args, **kwargs)
  File "/data/armaan/purs/Qwen2.5-Omni/low-VRAM-mode/modeling_qwen2_5_omni_low_VRAM_mode.py", line 1116, in forward
    attn_output = F.scaled_dot_product_attention(q, k, v, attention_mask, dropout_p=0.0)
torch.OutOfMemoryError: CUDA out of memory. Tried to allocate 71.19 GiB. GPU 0 has a total capacity of 47.37 GiB of which 35.59 GiB is free. Including non-PyTorch memory, this process has 11.77 GiB memory in use. Of the allocated memory 11.21 GiB is allocated by PyTorch, and 59.56 MiB is reserved by PyTorch but unallocated. If reserved but unallocated memory is large try setting PYTORCH_CUDA_ALLOC_CONF=expandable_segments:True to avoid fragmentation.  See documentation for Memory Management  (https://pytorch.org/docs/stable/notes/cuda.html#environment-variables)


--- video-mme/Counting Problem ---
Traceback (most recent call last):
  File "/data/armaan/purs/eval_qwen_omni.py", line 843, in main
    pred, reasoning = run_inference(
  File "/data/armaan/purs/eval_qwen_omni.py", line 660, in run_inference
    raw_out = model.generate(**gen_in, **gen_kw)
  File "/data/armaan/venvs/omnizip_clean/lib/python3.10/site-packages/gptqmodel/models/base.py", line 1166, in generate
    return self.model.generate(inputs=inputs, **kwargs)
  File "/data/armaan/venvs/omnizip_clean/lib/python3.10/site-packages/torch/utils/_contextlib.py", line 116, in decorate_context
    return func(*args, **kwargs)
  File "/data/armaan/purs/Qwen2.5-Omni/low-VRAM-mode/modeling_qwen2_5_omni_low_VRAM_mode.py", line 4760, in generate
    thinker_result = self.thinker.generate(input_ids=input_ids, **thinker_kwargs)
  File "/data/armaan/venvs/omnizip_clean/lib/python3.10/site-packages/torch/utils/_contextlib.py", line 116, in decorate_context
    return func(*args, **kwargs)
  File "/data/armaan/venvs/omnizip_clean/lib/python3.10/site-packages/transformers/generation/utils.py", line 2597, in generate
    result = self._sample(
  File "/data/armaan/venvs/omnizip_clean/lib/python3.10/site-packages/transformers/generation/utils.py", line 3557, in _sample
    outputs = self(**model_inputs, return_dict=True)
  File "/data/armaan/venvs/omnizip_clean/lib/python3.10/site-packages/torch/nn/modules/module.py", line 1739, in _wrapped_call_impl
    return self._call_impl(*args, **kwargs)
  File "/data/armaan/venvs/omnizip_clean/lib/python3.10/site-packages/torch/nn/modules/module.py", line 1750, in _call_impl
    return forward_call(*args, **kwargs)
  File "/data/armaan/purs/Qwen2.5-Omni/low-VRAM-mode/modeling_qwen2_5_omni_low_VRAM_mode.py", line 2490, in forward
    video_embeds = self.visual(pixel_values_videos, grid_thw=video_grid_thw)
  File "/data/armaan/venvs/omnizip_clean/lib/python3.10/site-packages/torch/nn/modules/module.py", line 1739, in _wrapped_call_impl
    return self._call_impl(*args, **kwargs)
  File "/data/armaan/venvs/omnizip_clean/lib/python3.10/site-packages/torch/nn/modules/module.py", line 1750, in _call_impl
    return forward_call(*args, **kwargs)
  File "/data/armaan/purs/Qwen2.5-Omni/low-VRAM-mode/modeling_qwen2_5_omni_low_VRAM_mode.py", line 1366, in forward
    hidden_states = blk(
  File "/data/armaan/venvs/omnizip_clean/lib/python3.10/site-packages/torch/nn/modules/module.py", line 1739, in _wrapped_call_impl
    return self._call_impl(*args, **kwargs)
  File "/data/armaan/venvs/omnizip_clean/lib/python3.10/site-packages/torch/nn/modules/module.py", line 1750, in _call_impl
    return forward_call(*args, **kwargs)
  File "/data/armaan/purs/Qwen2.5-Omni/low-VRAM-mode/modeling_qwen2_5_omni_low_VRAM_mode.py", line 1155, in forward
    hidden_states = hidden_states + self.attn(
  File "/data/armaan/venvs/omnizip_clean/lib/python3.10/site-packages/torch/nn/modules/module.py", line 1739, in _wrapped_call_impl
    return self._call_impl(*args, **kwargs)
  File "/data/armaan/venvs/omnizip_clean/lib/python3.10/site-packages/torch/nn/modules/module.py", line 1750, in _call_impl
    return forward_call(*args, **kwargs)
  File "/data/armaan/purs/Qwen2.5-Omni/low-VRAM-mode/modeling_qwen2_5_omni_low_VRAM_mode.py", line 1116, in forward
    attn_output = F.scaled_dot_product_attention(q, k, v, attention_mask, dropout_p=0.0)
torch.OutOfMemoryError: CUDA out of memory. Tried to allocate 71.19 GiB. GPU 0 has a total capacity of 47.37 GiB of which 35.61 GiB is free. Including non-PyTorch memory, this process has 11.75 GiB memory in use. Of the allocated memory 11.21 GiB is allocated by PyTorch, and 39.69 MiB is reserved by PyTorch but unallocated. If reserved but unallocated memory is large try setting PYTORCH_CUDA_ALLOC_CONF=expandable_segments:True to avoid fragmentation.  See documentation for Memory Management  (https://pytorch.org/docs/stable/notes/cuda.html#environment-variables)


--- video-mme/Counting Problem ---
Traceback (most recent call last):
  File "/data/armaan/purs/eval_qwen_omni.py", line 843, in main
    pred, reasoning = run_inference(
  File "/data/armaan/purs/eval_qwen_omni.py", line 660, in run_inference
    raw_out = model.generate(**gen_in, **gen_kw)
  File "/data/armaan/venvs/omnizip_clean/lib/python3.10/site-packages/gptqmodel/models/base.py", line 1166, in generate
    return self.model.generate(inputs=inputs, **kwargs)
  File "/data/armaan/venvs/omnizip_clean/lib/python3.10/site-packages/torch/utils/_contextlib.py", line 116, in decorate_context
    return func(*args, **kwargs)
  File "/data/armaan/purs/Qwen2.5-Omni/low-VRAM-mode/modeling_qwen2_5_omni_low_VRAM_mode.py", line 4760, in generate
    thinker_result = self.thinker.generate(input_ids=input_ids, **thinker_kwargs)
  File "/data/armaan/venvs/omnizip_clean/lib/python3.10/site-packages/torch/utils/_contextlib.py", line 116, in decorate_context
    return func(*args, **kwargs)
  File "/data/armaan/venvs/omnizip_clean/lib/python3.10/site-packages/transformers/generation/utils.py", line 2597, in generate
    result = self._sample(
  File "/data/armaan/venvs/omnizip_clean/lib/python3.10/site-packages/transformers/generation/utils.py", line 3557, in _sample
    outputs = self(**model_inputs, return_dict=True)
  File "/data/armaan/venvs/omnizip_clean/lib/python3.10/site-packages/torch/nn/modules/module.py", line 1739, in _wrapped_call_impl
    return self._call_impl(*args, **kwargs)
  File "/data/armaan/venvs/omnizip_clean/lib/python3.10/site-packages/torch/nn/modules/module.py", line 1750, in _call_impl
    return forward_call(*args, **kwargs)
  File "/data/armaan/purs/Qwen2.5-Omni/low-VRAM-mode/modeling_qwen2_5_omni_low_VRAM_mode.py", line 2490, in forward
    video_embeds = self.visual(pixel_values_videos, grid_thw=video_grid_thw)
  File "/data/armaan/venvs/omnizip_clean/lib/python3.10/site-packages/torch/nn/modules/module.py", line 1739, in _wrapped_call_impl
    return self._call_impl(*args, **kwargs)
  File "/data/armaan/venvs/omnizip_clean/lib/python3.10/site-packages/torch/nn/modules/module.py", line 1750, in _call_impl
    return forward_call(*args, **kwargs)
  File "/data/armaan/purs/Qwen2.5-Omni/low-VRAM-mode/modeling_qwen2_5_omni_low_VRAM_mode.py", line 1366, in forward
    hidden_states = blk(
  File "/data/armaan/venvs/omnizip_clean/lib/python3.10/site-packages/torch/nn/modules/module.py", line 1739, in _wrapped_call_impl
    return self._call_impl(*args, **kwargs)
  File "/data/armaan/venvs/omnizip_clean/lib/python3.10/site-packages/torch/nn/modules/module.py", line 1750, in _call_impl
    return forward_call(*args, **kwargs)
  File "/data/armaan/purs/Qwen2.5-Omni/low-VRAM-mode/modeling_qwen2_5_omni_low_VRAM_mode.py", line 1155, in forward
    hidden_states = hidden_states + self.attn(
  File "/data/armaan/venvs/omnizip_clean/lib/python3.10/site-packages/torch/nn/modules/module.py", line 1739, in _wrapped_call_impl
    return self._call_impl(*args, **kwargs)
  File "/data/armaan/venvs/omnizip_clean/lib/python3.10/site-packages/torch/nn/modules/module.py", line 1750, in _call_impl
    return forward_call(*args, **kwargs)
  File "/data/armaan/purs/Qwen2.5-Omni/low-VRAM-mode/modeling_qwen2_5_omni_low_VRAM_mode.py", line 1116, in forward
    attn_output = F.scaled_dot_product_attention(q, k, v, attention_mask, dropout_p=0.0)
torch.OutOfMemoryError: CUDA out of memory. Tried to allocate 71.19 GiB. GPU 0 has a total capacity of 47.37 GiB of which 35.61 GiB is free. Including non-PyTorch memory, this process has 11.75 GiB memory in use. Of the allocated memory 11.21 GiB is allocated by PyTorch, and 39.65 MiB is reserved by PyTorch but unallocated. If reserved but unallocated memory is large try setting PYTORCH_CUDA_ALLOC_CONF=expandable_segments:True to avoid fragmentation.  See documentation for Memory Management  (https://pytorch.org/docs/stable/notes/cuda.html#environment-variables)


--- video-mme/Information Synopsis ---
Traceback (most recent call last):
  File "/data/armaan/purs/eval_qwen_omni.py", line 843, in main
    pred, reasoning = run_inference(
  File "/data/armaan/purs/eval_qwen_omni.py", line 660, in run_inference
    raw_out = model.generate(**gen_in, **gen_kw)
  File "/data/armaan/venvs/omnizip_clean/lib/python3.10/site-packages/gptqmodel/models/base.py", line 1166, in generate
    return self.model.generate(inputs=inputs, **kwargs)
  File "/data/armaan/venvs/omnizip_clean/lib/python3.10/site-packages/torch/utils/_contextlib.py", line 116, in decorate_context
    return func(*args, **kwargs)
  File "/data/armaan/purs/Qwen2.5-Omni/low-VRAM-mode/modeling_qwen2_5_omni_low_VRAM_mode.py", line 4760, in generate
    thinker_result = self.thinker.generate(input_ids=input_ids, **thinker_kwargs)
  File "/data/armaan/venvs/omnizip_clean/lib/python3.10/site-packages/torch/utils/_contextlib.py", line 116, in decorate_context
    return func(*args, **kwargs)
  File "/data/armaan/venvs/omnizip_clean/lib/python3.10/site-packages/transformers/generation/utils.py", line 2597, in generate
    result = self._sample(
  File "/data/armaan/venvs/omnizip_clean/lib/python3.10/site-packages/transformers/generation/utils.py", line 3557, in _sample
    outputs = self(**model_inputs, return_dict=True)
  File "/data/armaan/venvs/omnizip_clean/lib/python3.10/site-packages/torch/nn/modules/module.py", line 1739, in _wrapped_call_impl
    return self._call_impl(*args, **kwargs)
  File "/data/armaan/venvs/omnizip_clean/lib/python3.10/site-packages/torch/nn/modules/module.py", line 1750, in _call_impl
    return forward_call(*args, **kwargs)
  File "/data/armaan/purs/Qwen2.5-Omni/low-VRAM-mode/modeling_qwen2_5_omni_low_VRAM_mode.py", line 2490, in forward
    video_embeds = self.visual(pixel_values_videos, grid_thw=video_grid_thw)
  File "/data/armaan/venvs/omnizip_clean/lib/python3.10/site-packages/torch/nn/modules/module.py", line 1739, in _wrapped_call_impl
    return self._call_impl(*args, **kwargs)
  File "/data/armaan/venvs/omnizip_clean/lib/python3.10/site-packages/torch/nn/modules/module.py", line 1750, in _call_impl
    return forward_call(*args, **kwargs)
  File "/data/armaan/purs/Qwen2.5-Omni/low-VRAM-mode/modeling_qwen2_5_omni_low_VRAM_mode.py", line 1366, in forward
    hidden_states = blk(
  File "/data/armaan/venvs/omnizip_clean/lib/python3.10/site-packages/torch/nn/modules/module.py", line 1739, in _wrapped_call_impl
    return self._call_impl(*args, **kwargs)
  File "/data/armaan/venvs/omnizip_clean/lib/python3.10/site-packages/torch/nn/modules/module.py", line 1750, in _call_impl
    return forward_call(*args, **kwargs)
  File "/data/armaan/purs/Qwen2.5-Omni/low-VRAM-mode/modeling_qwen2_5_omni_low_VRAM_mode.py", line 1155, in forward
    hidden_states = hidden_states + self.attn(
  File "/data/armaan/venvs/omnizip_clean/lib/python3.10/site-packages/torch/nn/modules/module.py", line 1739, in _wrapped_call_impl
    return self._call_impl(*args, **kwargs)
  File "/data/armaan/venvs/omnizip_clean/lib/python3.10/site-packages/torch/nn/modules/module.py", line 1750, in _call_impl
    return forward_call(*args, **kwargs)
  File "/data/armaan/purs/Qwen2.5-Omni/low-VRAM-mode/modeling_qwen2_5_omni_low_VRAM_mode.py", line 1116, in forward
    attn_output = F.scaled_dot_product_attention(q, k, v, attention_mask, dropout_p=0.0)
torch.OutOfMemoryError: CUDA out of memory. Tried to allocate 71.19 GiB. GPU 0 has a total capacity of 47.37 GiB of which 35.59 GiB is free. Including non-PyTorch memory, this process has 11.77 GiB memory in use. Of the allocated memory 11.22 GiB is allocated by PyTorch, and 55.96 MiB is reserved by PyTorch but unallocated. If reserved but unallocated memory is large try setting PYTORCH_CUDA_ALLOC_CONF=expandable_segments:True to avoid fragmentation.  See documentation for Memory Management  (https://pytorch.org/docs/stable/notes/cuda.html#environment-variables)


--- video-mme/Information Synopsis ---
Traceback (most recent call last):
  File "/data/armaan/purs/eval_qwen_omni.py", line 843, in main
    pred, reasoning = run_inference(
  File "/data/armaan/purs/eval_qwen_omni.py", line 660, in run_inference
    raw_out = model.generate(**gen_in, **gen_kw)
  File "/data/armaan/venvs/omnizip_clean/lib/python3.10/site-packages/gptqmodel/models/base.py", line 1166, in generate
    return self.model.generate(inputs=inputs, **kwargs)
  File "/data/armaan/venvs/omnizip_clean/lib/python3.10/site-packages/torch/utils/_contextlib.py", line 116, in decorate_context
    return func(*args, **kwargs)
  File "/data/armaan/purs/Qwen2.5-Omni/low-VRAM-mode/modeling_qwen2_5_omni_low_VRAM_mode.py", line 4760, in generate
    thinker_result = self.thinker.generate(input_ids=input_ids, **thinker_kwargs)
  File "/data/armaan/venvs/omnizip_clean/lib/python3.10/site-packages/torch/utils/_contextlib.py", line 116, in decorate_context
    return func(*args, **kwargs)
  File "/data/armaan/venvs/omnizip_clean/lib/python3.10/site-packages/transformers/generation/utils.py", line 2597, in generate
    result = self._sample(
  File "/data/armaan/venvs/omnizip_clean/lib/python3.10/site-packages/transformers/generation/utils.py", line 3557, in _sample
    outputs = self(**model_inputs, return_dict=True)
  File "/data/armaan/venvs/omnizip_clean/lib/python3.10/site-packages/torch/nn/modules/module.py", line 1739, in _wrapped_call_impl
    return self._call_impl(*args, **kwargs)
  File "/data/armaan/venvs/omnizip_clean/lib/python3.10/site-packages/torch/nn/modules/module.py", line 1750, in _call_impl
    return forward_call(*args, **kwargs)
  File "/data/armaan/purs/Qwen2.5-Omni/low-VRAM-mode/modeling_qwen2_5_omni_low_VRAM_mode.py", line 2490, in forward
    video_embeds = self.visual(pixel_values_videos, grid_thw=video_grid_thw)
  File "/data/armaan/venvs/omnizip_clean/lib/python3.10/site-packages/torch/nn/modules/module.py", line 1739, in _wrapped_call_impl
    return self._call_impl(*args, **kwargs)
  File "/data/armaan/venvs/omnizip_clean/lib/python3.10/site-packages/torch/nn/modules/module.py", line 1750, in _call_impl
    return forward_call(*args, **kwargs)
  File "/data/armaan/purs/Qwen2.5-Omni/low-VRAM-mode/modeling_qwen2_5_omni_low_VRAM_mode.py", line 1366, in forward
    hidden_states = blk(
  File "/data/armaan/venvs/omnizip_clean/lib/python3.10/site-packages/torch/nn/modules/module.py", line 1739, in _wrapped_call_impl
    return self._call_impl(*args, **kwargs)
  File "/data/armaan/venvs/omnizip_clean/lib/python3.10/site-packages/torch/nn/modules/module.py", line 1750, in _call_impl
    return forward_call(*args, **kwargs)
  File "/data/armaan/purs/Qwen2.5-Omni/low-VRAM-mode/modeling_qwen2_5_omni_low_VRAM_mode.py", line 1155, in forward
    hidden_states = hidden_states + self.attn(
  File "/data/armaan/venvs/omnizip_clean/lib/python3.10/site-packages/torch/nn/modules/module.py", line 1739, in _wrapped_call_impl
    return self._call_impl(*args, **kwargs)
  File "/data/armaan/venvs/omnizip_clean/lib/python3.10/site-packages/torch/nn/modules/module.py", line 1750, in _call_impl
    return forward_call(*args, **kwargs)
  File "/data/armaan/purs/Qwen2.5-Omni/low-VRAM-mode/modeling_qwen2_5_omni_low_VRAM_mode.py", line 1116, in forward
    attn_output = F.scaled_dot_product_attention(q, k, v, attention_mask, dropout_p=0.0)
torch.OutOfMemoryError: CUDA out of memory. Tried to allocate 71.19 GiB. GPU 0 has a total capacity of 47.37 GiB of which 35.61 GiB is free. Including non-PyTorch memory, this process has 11.75 GiB memory in use. Of the allocated memory 11.22 GiB is allocated by PyTorch, and 36.04 MiB is reserved by PyTorch but unallocated. If reserved but unallocated memory is large try setting PYTORCH_CUDA_ALLOC_CONF=expandable_segments:True to avoid fragmentation.  See documentation for Memory Management  (https://pytorch.org/docs/stable/notes/cuda.html#environment-variables)


--- video-mme/Information Synopsis ---
Traceback (most recent call last):
  File "/data/armaan/purs/eval_qwen_omni.py", line 843, in main
    pred, reasoning = run_inference(
  File "/data/armaan/purs/eval_qwen_omni.py", line 660, in run_inference
    raw_out = model.generate(**gen_in, **gen_kw)
  File "/data/armaan/venvs/omnizip_clean/lib/python3.10/site-packages/gptqmodel/models/base.py", line 1166, in generate
    return self.model.generate(inputs=inputs, **kwargs)
  File "/data/armaan/venvs/omnizip_clean/lib/python3.10/site-packages/torch/utils/_contextlib.py", line 116, in decorate_context
    return func(*args, **kwargs)
  File "/data/armaan/purs/Qwen2.5-Omni/low-VRAM-mode/modeling_qwen2_5_omni_low_VRAM_mode.py", line 4760, in generate
    thinker_result = self.thinker.generate(input_ids=input_ids, **thinker_kwargs)
  File "/data/armaan/venvs/omnizip_clean/lib/python3.10/site-packages/torch/utils/_contextlib.py", line 116, in decorate_context
    return func(*args, **kwargs)
  File "/data/armaan/venvs/omnizip_clean/lib/python3.10/site-packages/transformers/generation/utils.py", line 2597, in generate
    result = self._sample(
  File "/data/armaan/venvs/omnizip_clean/lib/python3.10/site-packages/transformers/generation/utils.py", line 3557, in _sample
    outputs = self(**model_inputs, return_dict=True)
  File "/data/armaan/venvs/omnizip_clean/lib/python3.10/site-packages/torch/nn/modules/module.py", line 1739, in _wrapped_call_impl
    return self._call_impl(*args, **kwargs)
  File "/data/armaan/venvs/omnizip_clean/lib/python3.10/site-packages/torch/nn/modules/module.py", line 1750, in _call_impl
    return forward_call(*args, **kwargs)
  File "/data/armaan/purs/Qwen2.5-Omni/low-VRAM-mode/modeling_qwen2_5_omni_low_VRAM_mode.py", line 2490, in forward
    video_embeds = self.visual(pixel_values_videos, grid_thw=video_grid_thw)
  File "/data/armaan/venvs/omnizip_clean/lib/python3.10/site-packages/torch/nn/modules/module.py", line 1739, in _wrapped_call_impl
    return self._call_impl(*args, **kwargs)
  File "/data/armaan/venvs/omnizip_clean/lib/python3.10/site-packages/torch/nn/modules/module.py", line 1750, in _call_impl
    return forward_call(*args, **kwargs)
  File "/data/armaan/purs/Qwen2.5-Omni/low-VRAM-mode/modeling_qwen2_5_omni_low_VRAM_mode.py", line 1366, in forward
    hidden_states = blk(
  File "/data/armaan/venvs/omnizip_clean/lib/python3.10/site-packages/torch/nn/modules/module.py", line 1739, in _wrapped_call_impl
    return self._call_impl(*args, **kwargs)
  File "/data/armaan/venvs/omnizip_clean/lib/python3.10/site-packages/torch/nn/modules/module.py", line 1750, in _call_impl
    return forward_call(*args, **kwargs)
  File "/data/armaan/purs/Qwen2.5-Omni/low-VRAM-mode/modeling_qwen2_5_omni_low_VRAM_mode.py", line 1155, in forward
    hidden_states = hidden_states + self.attn(
  File "/data/armaan/venvs/omnizip_clean/lib/python3.10/site-packages/torch/nn/modules/module.py", line 1739, in _wrapped_call_impl
    return self._call_impl(*args, **kwargs)
  File "/data/armaan/venvs/omnizip_clean/lib/python3.10/site-packages/torch/nn/modules/module.py", line 1750, in _call_impl
    return forward_call(*args, **kwargs)
  File "/data/armaan/purs/Qwen2.5-Omni/low-VRAM-mode/modeling_qwen2_5_omni_low_VRAM_mode.py", line 1116, in forward
    attn_output = F.scaled_dot_product_attention(q, k, v, attention_mask, dropout_p=0.0)
torch.OutOfMemoryError: CUDA out of memory. Tried to allocate 71.19 GiB. GPU 0 has a total capacity of 47.37 GiB of which 35.59 GiB is free. Including non-PyTorch memory, this process has 11.77 GiB memory in use. Of the allocated memory 11.22 GiB is allocated by PyTorch, and 55.99 MiB is reserved by PyTorch but unallocated. If reserved but unallocated memory is large try setting PYTORCH_CUDA_ALLOC_CONF=expandable_segments:True to avoid fragmentation.  See documentation for Memory Management  (https://pytorch.org/docs/stable/notes/cuda.html#environment-variables)


--- video-mme/Object Reasoning ---
Traceback (most recent call last):
  File "/data/armaan/purs/eval_qwen_omni.py", line 843, in main
    pred, reasoning = run_inference(
  File "/data/armaan/purs/eval_qwen_omni.py", line 660, in run_inference
    raw_out = model.generate(**gen_in, **gen_kw)
  File "/data/armaan/venvs/omnizip_clean/lib/python3.10/site-packages/gptqmodel/models/base.py", line 1166, in generate
    return self.model.generate(inputs=inputs, **kwargs)
  File "/data/armaan/venvs/omnizip_clean/lib/python3.10/site-packages/torch/utils/_contextlib.py", line 116, in decorate_context
    return func(*args, **kwargs)
  File "/data/armaan/purs/Qwen2.5-Omni/low-VRAM-mode/modeling_qwen2_5_omni_low_VRAM_mode.py", line 4760, in generate
    thinker_result = self.thinker.generate(input_ids=input_ids, **thinker_kwargs)
  File "/data/armaan/venvs/omnizip_clean/lib/python3.10/site-packages/torch/utils/_contextlib.py", line 116, in decorate_context
    return func(*args, **kwargs)
  File "/data/armaan/venvs/omnizip_clean/lib/python3.10/site-packages/transformers/generation/utils.py", line 2597, in generate
    result = self._sample(
  File "/data/armaan/venvs/omnizip_clean/lib/python3.10/site-packages/transformers/generation/utils.py", line 3557, in _sample
    outputs = self(**model_inputs, return_dict=True)
  File "/data/armaan/venvs/omnizip_clean/lib/python3.10/site-packages/torch/nn/modules/module.py", line 1739, in _wrapped_call_impl
    return self._call_impl(*args, **kwargs)
  File "/data/armaan/venvs/omnizip_clean/lib/python3.10/site-packages/torch/nn/modules/module.py", line 1750, in _call_impl
    return forward_call(*args, **kwargs)
  File "/data/armaan/purs/Qwen2.5-Omni/low-VRAM-mode/modeling_qwen2_5_omni_low_VRAM_mode.py", line 2490, in forward
    video_embeds = self.visual(pixel_values_videos, grid_thw=video_grid_thw)
  File "/data/armaan/venvs/omnizip_clean/lib/python3.10/site-packages/torch/nn/modules/module.py", line 1739, in _wrapped_call_impl
    return self._call_impl(*args, **kwargs)
  File "/data/armaan/venvs/omnizip_clean/lib/python3.10/site-packages/torch/nn/modules/module.py", line 1750, in _call_impl
    return forward_call(*args, **kwargs)
  File "/data/armaan/purs/Qwen2.5-Omni/low-VRAM-mode/modeling_qwen2_5_omni_low_VRAM_mode.py", line 1366, in forward
    hidden_states = blk(
  File "/data/armaan/venvs/omnizip_clean/lib/python3.10/site-packages/torch/nn/modules/module.py", line 1739, in _wrapped_call_impl
    return self._call_impl(*args, **kwargs)
  File "/data/armaan/venvs/omnizip_clean/lib/python3.10/site-packages/torch/nn/modules/module.py", line 1750, in _call_impl
    return forward_call(*args, **kwargs)
  File "/data/armaan/purs/Qwen2.5-Omni/low-VRAM-mode/modeling_qwen2_5_omni_low_VRAM_mode.py", line 1155, in forward
    hidden_states = hidden_states + self.attn(
  File "/data/armaan/venvs/omnizip_clean/lib/python3.10/site-packages/torch/nn/modules/module.py", line 1739, in _wrapped_call_impl
    return self._call_impl(*args, **kwargs)
  File "/data/armaan/venvs/omnizip_clean/lib/python3.10/site-packages/torch/nn/modules/module.py", line 1750, in _call_impl
    return forward_call(*args, **kwargs)
  File "/data/armaan/purs/Qwen2.5-Omni/low-VRAM-mode/modeling_qwen2_5_omni_low_VRAM_mode.py", line 1116, in forward
    attn_output = F.scaled_dot_product_attention(q, k, v, attention_mask, dropout_p=0.0)
torch.OutOfMemoryError: CUDA out of memory. Tried to allocate 71.19 GiB. GPU 0 has a total capacity of 47.37 GiB of which 35.59 GiB is free. Including non-PyTorch memory, this process has 11.77 GiB memory in use. Of the allocated memory 11.21 GiB is allocated by PyTorch, and 61.27 MiB is reserved by PyTorch but unallocated. If reserved but unallocated memory is large try setting PYTORCH_CUDA_ALLOC_CONF=expandable_segments:True to avoid fragmentation.  See documentation for Memory Management  (https://pytorch.org/docs/stable/notes/cuda.html#environment-variables)


--- video-mme/Object Reasoning ---
Traceback (most recent call last):
  File "/data/armaan/purs/eval_qwen_omni.py", line 843, in main
    pred, reasoning = run_inference(
  File "/data/armaan/purs/eval_qwen_omni.py", line 660, in run_inference
    raw_out = model.generate(**gen_in, **gen_kw)
  File "/data/armaan/venvs/omnizip_clean/lib/python3.10/site-packages/gptqmodel/models/base.py", line 1166, in generate
    return self.model.generate(inputs=inputs, **kwargs)
  File "/data/armaan/venvs/omnizip_clean/lib/python3.10/site-packages/torch/utils/_contextlib.py", line 116, in decorate_context
    return func(*args, **kwargs)
  File "/data/armaan/purs/Qwen2.5-Omni/low-VRAM-mode/modeling_qwen2_5_omni_low_VRAM_mode.py", line 4760, in generate
    thinker_result = self.thinker.generate(input_ids=input_ids, **thinker_kwargs)
  File "/data/armaan/venvs/omnizip_clean/lib/python3.10/site-packages/torch/utils/_contextlib.py", line 116, in decorate_context
    return func(*args, **kwargs)
  File "/data/armaan/venvs/omnizip_clean/lib/python3.10/site-packages/transformers/generation/utils.py", line 2597, in generate
    result = self._sample(
  File "/data/armaan/venvs/omnizip_clean/lib/python3.10/site-packages/transformers/generation/utils.py", line 3557, in _sample
    outputs = self(**model_inputs, return_dict=True)
  File "/data/armaan/venvs/omnizip_clean/lib/python3.10/site-packages/torch/nn/modules/module.py", line 1739, in _wrapped_call_impl
    return self._call_impl(*args, **kwargs)
  File "/data/armaan/venvs/omnizip_clean/lib/python3.10/site-packages/torch/nn/modules/module.py", line 1750, in _call_impl
    return forward_call(*args, **kwargs)
  File "/data/armaan/purs/Qwen2.5-Omni/low-VRAM-mode/modeling_qwen2_5_omni_low_VRAM_mode.py", line 2490, in forward
    video_embeds = self.visual(pixel_values_videos, grid_thw=video_grid_thw)
  File "/data/armaan/venvs/omnizip_clean/lib/python3.10/site-packages/torch/nn/modules/module.py", line 1739, in _wrapped_call_impl
    return self._call_impl(*args, **kwargs)
  File "/data/armaan/venvs/omnizip_clean/lib/python3.10/site-packages/torch/nn/modules/module.py", line 1750, in _call_impl
    return forward_call(*args, **kwargs)
  File "/data/armaan/purs/Qwen2.5-Omni/low-VRAM-mode/modeling_qwen2_5_omni_low_VRAM_mode.py", line 1366, in forward
    hidden_states = blk(
  File "/data/armaan/venvs/omnizip_clean/lib/python3.10/site-packages/torch/nn/modules/module.py", line 1739, in _wrapped_call_impl
    return self._call_impl(*args, **kwargs)
  File "/data/armaan/venvs/omnizip_clean/lib/python3.10/site-packages/torch/nn/modules/module.py", line 1750, in _call_impl
    return forward_call(*args, **kwargs)
  File "/data/armaan/purs/Qwen2.5-Omni/low-VRAM-mode/modeling_qwen2_5_omni_low_VRAM_mode.py", line 1155, in forward
    hidden_states = hidden_states + self.attn(
  File "/data/armaan/venvs/omnizip_clean/lib/python3.10/site-packages/torch/nn/modules/module.py", line 1739, in _wrapped_call_impl
    return self._call_impl(*args, **kwargs)
  File "/data/armaan/venvs/omnizip_clean/lib/python3.10/site-packages/torch/nn/modules/module.py", line 1750, in _call_impl
    return forward_call(*args, **kwargs)
  File "/data/armaan/purs/Qwen2.5-Omni/low-VRAM-mode/modeling_qwen2_5_omni_low_VRAM_mode.py", line 1116, in forward
    attn_output = F.scaled_dot_product_attention(q, k, v, attention_mask, dropout_p=0.0)
torch.OutOfMemoryError: CUDA out of memory. Tried to allocate 71.19 GiB. GPU 0 has a total capacity of 47.37 GiB of which 35.59 GiB is free. Including non-PyTorch memory, this process has 11.77 GiB memory in use. Of the allocated memory 11.21 GiB is allocated by PyTorch, and 61.24 MiB is reserved by PyTorch but unallocated. If reserved but unallocated memory is large try setting PYTORCH_CUDA_ALLOC_CONF=expandable_segments:True to avoid fragmentation.  See documentation for Memory Management  (https://pytorch.org/docs/stable/notes/cuda.html#environment-variables)


--- video-mme/Object Reasoning ---
Traceback (most recent call last):
  File "/data/armaan/purs/eval_qwen_omni.py", line 843, in main
    pred, reasoning = run_inference(
  File "/data/armaan/purs/eval_qwen_omni.py", line 660, in run_inference
    raw_out = model.generate(**gen_in, **gen_kw)
  File "/data/armaan/venvs/omnizip_clean/lib/python3.10/site-packages/gptqmodel/models/base.py", line 1166, in generate
    return self.model.generate(inputs=inputs, **kwargs)
  File "/data/armaan/venvs/omnizip_clean/lib/python3.10/site-packages/torch/utils/_contextlib.py", line 116, in decorate_context
    return func(*args, **kwargs)
  File "/data/armaan/purs/Qwen2.5-Omni/low-VRAM-mode/modeling_qwen2_5_omni_low_VRAM_mode.py", line 4760, in generate
    thinker_result = self.thinker.generate(input_ids=input_ids, **thinker_kwargs)
  File "/data/armaan/venvs/omnizip_clean/lib/python3.10/site-packages/torch/utils/_contextlib.py", line 116, in decorate_context
    return func(*args, **kwargs)
  File "/data/armaan/venvs/omnizip_clean/lib/python3.10/site-packages/transformers/generation/utils.py", line 2597, in generate
    result = self._sample(
  File "/data/armaan/venvs/omnizip_clean/lib/python3.10/site-packages/transformers/generation/utils.py", line 3557, in _sample
    outputs = self(**model_inputs, return_dict=True)
  File "/data/armaan/venvs/omnizip_clean/lib/python3.10/site-packages/torch/nn/modules/module.py", line 1739, in _wrapped_call_impl
    return self._call_impl(*args, **kwargs)
  File "/data/armaan/venvs/omnizip_clean/lib/python3.10/site-packages/torch/nn/modules/module.py", line 1750, in _call_impl
    return forward_call(*args, **kwargs)
  File "/data/armaan/purs/Qwen2.5-Omni/low-VRAM-mode/modeling_qwen2_5_omni_low_VRAM_mode.py", line 2490, in forward
    video_embeds = self.visual(pixel_values_videos, grid_thw=video_grid_thw)
  File "/data/armaan/venvs/omnizip_clean/lib/python3.10/site-packages/torch/nn/modules/module.py", line 1739, in _wrapped_call_impl
    return self._call_impl(*args, **kwargs)
  File "/data/armaan/venvs/omnizip_clean/lib/python3.10/site-packages/torch/nn/modules/module.py", line 1750, in _call_impl
    return forward_call(*args, **kwargs)
  File "/data/armaan/purs/Qwen2.5-Omni/low-VRAM-mode/modeling_qwen2_5_omni_low_VRAM_mode.py", line 1366, in forward
    hidden_states = blk(
  File "/data/armaan/venvs/omnizip_clean/lib/python3.10/site-packages/torch/nn/modules/module.py", line 1739, in _wrapped_call_impl
    return self._call_impl(*args, **kwargs)
  File "/data/armaan/venvs/omnizip_clean/lib/python3.10/site-packages/torch/nn/modules/module.py", line 1750, in _call_impl
    return forward_call(*args, **kwargs)
  File "/data/armaan/purs/Qwen2.5-Omni/low-VRAM-mode/modeling_qwen2_5_omni_low_VRAM_mode.py", line 1155, in forward
    hidden_states = hidden_states + self.attn(
  File "/data/armaan/venvs/omnizip_clean/lib/python3.10/site-packages/torch/nn/modules/module.py", line 1739, in _wrapped_call_impl
    return self._call_impl(*args, **kwargs)
  File "/data/armaan/venvs/omnizip_clean/lib/python3.10/site-packages/torch/nn/modules/module.py", line 1750, in _call_impl
    return forward_call(*args, **kwargs)
  File "/data/armaan/purs/Qwen2.5-Omni/low-VRAM-mode/modeling_qwen2_5_omni_low_VRAM_mode.py", line 1116, in forward
    attn_output = F.scaled_dot_product_attention(q, k, v, attention_mask, dropout_p=0.0)
torch.OutOfMemoryError: CUDA out of memory. Tried to allocate 71.19 GiB. GPU 0 has a total capacity of 47.37 GiB of which 35.59 GiB is free. Including non-PyTorch memory, this process has 11.77 GiB memory in use. Of the allocated memory 11.21 GiB is allocated by PyTorch, and 60.97 MiB is reserved by PyTorch but unallocated. If reserved but unallocated memory is large try setting PYTORCH_CUDA_ALLOC_CONF=expandable_segments:True to avoid fragmentation.  See documentation for Memory Management  (https://pytorch.org/docs/stable/notes/cuda.html#environment-variables)


--- video-mme/Object Recognition ---
Traceback (most recent call last):
  File "/data/armaan/purs/eval_qwen_omni.py", line 843, in main
    pred, reasoning = run_inference(
  File "/data/armaan/purs/eval_qwen_omni.py", line 660, in run_inference
    raw_out = model.generate(**gen_in, **gen_kw)
  File "/data/armaan/venvs/omnizip_clean/lib/python3.10/site-packages/gptqmodel/models/base.py", line 1166, in generate
    return self.model.generate(inputs=inputs, **kwargs)
  File "/data/armaan/venvs/omnizip_clean/lib/python3.10/site-packages/torch/utils/_contextlib.py", line 116, in decorate_context
    return func(*args, **kwargs)
  File "/data/armaan/purs/Qwen2.5-Omni/low-VRAM-mode/modeling_qwen2_5_omni_low_VRAM_mode.py", line 4760, in generate
    thinker_result = self.thinker.generate(input_ids=input_ids, **thinker_kwargs)
  File "/data/armaan/venvs/omnizip_clean/lib/python3.10/site-packages/torch/utils/_contextlib.py", line 116, in decorate_context
    return func(*args, **kwargs)
  File "/data/armaan/venvs/omnizip_clean/lib/python3.10/site-packages/transformers/generation/utils.py", line 2597, in generate
    result = self._sample(
  File "/data/armaan/venvs/omnizip_clean/lib/python3.10/site-packages/transformers/generation/utils.py", line 3557, in _sample
    outputs = self(**model_inputs, return_dict=True)
  File "/data/armaan/venvs/omnizip_clean/lib/python3.10/site-packages/torch/nn/modules/module.py", line 1739, in _wrapped_call_impl
    return self._call_impl(*args, **kwargs)
  File "/data/armaan/venvs/omnizip_clean/lib/python3.10/site-packages/torch/nn/modules/module.py", line 1750, in _call_impl
    return forward_call(*args, **kwargs)
  File "/data/armaan/purs/Qwen2.5-Omni/low-VRAM-mode/modeling_qwen2_5_omni_low_VRAM_mode.py", line 2490, in forward
    video_embeds = self.visual(pixel_values_videos, grid_thw=video_grid_thw)
  File "/data/armaan/venvs/omnizip_clean/lib/python3.10/site-packages/torch/nn/modules/module.py", line 1739, in _wrapped_call_impl
    return self._call_impl(*args, **kwargs)
  File "/data/armaan/venvs/omnizip_clean/lib/python3.10/site-packages/torch/nn/modules/module.py", line 1750, in _call_impl
    return forward_call(*args, **kwargs)
  File "/data/armaan/purs/Qwen2.5-Omni/low-VRAM-mode/modeling_qwen2_5_omni_low_VRAM_mode.py", line 1366, in forward
    hidden_states = blk(
  File "/data/armaan/venvs/omnizip_clean/lib/python3.10/site-packages/torch/nn/modules/module.py", line 1739, in _wrapped_call_impl
    return self._call_impl(*args, **kwargs)
  File "/data/armaan/venvs/omnizip_clean/lib/python3.10/site-packages/torch/nn/modules/module.py", line 1750, in _call_impl
    return forward_call(*args, **kwargs)
  File "/data/armaan/purs/Qwen2.5-Omni/low-VRAM-mode/modeling_qwen2_5_omni_low_VRAM_mode.py", line 1155, in forward
    hidden_states = hidden_states + self.attn(
  File "/data/armaan/venvs/omnizip_clean/lib/python3.10/site-packages/torch/nn/modules/module.py", line 1739, in _wrapped_call_impl
    return self._call_impl(*args, **kwargs)
  File "/data/armaan/venvs/omnizip_clean/lib/python3.10/site-packages/torch/nn/modules/module.py", line 1750, in _call_impl
    return forward_call(*args, **kwargs)
  File "/data/armaan/purs/Qwen2.5-Omni/low-VRAM-mode/modeling_qwen2_5_omni_low_VRAM_mode.py", line 1116, in forward
    attn_output = F.scaled_dot_product_attention(q, k, v, attention_mask, dropout_p=0.0)
torch.OutOfMemoryError: CUDA out of memory. Tried to allocate 71.19 GiB. GPU 0 has a total capacity of 47.37 GiB of which 35.59 GiB is free. Including non-PyTorch memory, this process has 11.77 GiB memory in use. Of the allocated memory 11.22 GiB is allocated by PyTorch, and 54.37 MiB is reserved by PyTorch but unallocated. If reserved but unallocated memory is large try setting PYTORCH_CUDA_ALLOC_CONF=expandable_segments:True to avoid fragmentation.  See documentation for Memory Management  (https://pytorch.org/docs/stable/notes/cuda.html#environment-variables)


--- video-mme/Object Recognition ---
Traceback (most recent call last):
  File "/data/armaan/purs/eval_qwen_omni.py", line 843, in main
    pred, reasoning = run_inference(
  File "/data/armaan/purs/eval_qwen_omni.py", line 660, in run_inference
    raw_out = model.generate(**gen_in, **gen_kw)
  File "/data/armaan/venvs/omnizip_clean/lib/python3.10/site-packages/gptqmodel/models/base.py", line 1166, in generate
    return self.model.generate(inputs=inputs, **kwargs)
  File "/data/armaan/venvs/omnizip_clean/lib/python3.10/site-packages/torch/utils/_contextlib.py", line 116, in decorate_context
    return func(*args, **kwargs)
  File "/data/armaan/purs/Qwen2.5-Omni/low-VRAM-mode/modeling_qwen2_5_omni_low_VRAM_mode.py", line 4760, in generate
    thinker_result = self.thinker.generate(input_ids=input_ids, **thinker_kwargs)
  File "/data/armaan/venvs/omnizip_clean/lib/python3.10/site-packages/torch/utils/_contextlib.py", line 116, in decorate_context
    return func(*args, **kwargs)
  File "/data/armaan/venvs/omnizip_clean/lib/python3.10/site-packages/transformers/generation/utils.py", line 2597, in generate
    result = self._sample(
  File "/data/armaan/venvs/omnizip_clean/lib/python3.10/site-packages/transformers/generation/utils.py", line 3557, in _sample
    outputs = self(**model_inputs, return_dict=True)
  File "/data/armaan/venvs/omnizip_clean/lib/python3.10/site-packages/torch/nn/modules/module.py", line 1739, in _wrapped_call_impl
    return self._call_impl(*args, **kwargs)
  File "/data/armaan/venvs/omnizip_clean/lib/python3.10/site-packages/torch/nn/modules/module.py", line 1750, in _call_impl
    return forward_call(*args, **kwargs)
  File "/data/armaan/purs/Qwen2.5-Omni/low-VRAM-mode/modeling_qwen2_5_omni_low_VRAM_mode.py", line 2490, in forward
    video_embeds = self.visual(pixel_values_videos, grid_thw=video_grid_thw)
  File "/data/armaan/venvs/omnizip_clean/lib/python3.10/site-packages/torch/nn/modules/module.py", line 1739, in _wrapped_call_impl
    return self._call_impl(*args, **kwargs)
  File "/data/armaan/venvs/omnizip_clean/lib/python3.10/site-packages/torch/nn/modules/module.py", line 1750, in _call_impl
    return forward_call(*args, **kwargs)
  File "/data/armaan/purs/Qwen2.5-Omni/low-VRAM-mode/modeling_qwen2_5_omni_low_VRAM_mode.py", line 1366, in forward
    hidden_states = blk(
  File "/data/armaan/venvs/omnizip_clean/lib/python3.10/site-packages/torch/nn/modules/module.py", line 1739, in _wrapped_call_impl
    return self._call_impl(*args, **kwargs)
  File "/data/armaan/venvs/omnizip_clean/lib/python3.10/site-packages/torch/nn/modules/module.py", line 1750, in _call_impl
    return forward_call(*args, **kwargs)
  File "/data/armaan/purs/Qwen2.5-Omni/low-VRAM-mode/modeling_qwen2_5_omni_low_VRAM_mode.py", line 1155, in forward
    hidden_states = hidden_states + self.attn(
  File "/data/armaan/venvs/omnizip_clean/lib/python3.10/site-packages/torch/nn/modules/module.py", line 1739, in _wrapped_call_impl
    return self._call_impl(*args, **kwargs)
  File "/data/armaan/venvs/omnizip_clean/lib/python3.10/site-packages/torch/nn/modules/module.py", line 1750, in _call_impl
    return forward_call(*args, **kwargs)
  File "/data/armaan/purs/Qwen2.5-Omni/low-VRAM-mode/modeling_qwen2_5_omni_low_VRAM_mode.py", line 1116, in forward
    attn_output = F.scaled_dot_product_attention(q, k, v, attention_mask, dropout_p=0.0)
torch.OutOfMemoryError: CUDA out of memory. Tried to allocate 71.19 GiB. GPU 0 has a total capacity of 47.37 GiB of which 35.59 GiB is free. Including non-PyTorch memory, this process has 11.77 GiB memory in use. Of the allocated memory 11.22 GiB is allocated by PyTorch, and 54.17 MiB is reserved by PyTorch but unallocated. If reserved but unallocated memory is large try setting PYTORCH_CUDA_ALLOC_CONF=expandable_segments:True to avoid fragmentation.  See documentation for Memory Management  (https://pytorch.org/docs/stable/notes/cuda.html#environment-variables)


--- video-mme/Object Recognition ---
Traceback (most recent call last):
  File "/data/armaan/purs/eval_qwen_omni.py", line 843, in main
    pred, reasoning = run_inference(
  File "/data/armaan/purs/eval_qwen_omni.py", line 660, in run_inference
    raw_out = model.generate(**gen_in, **gen_kw)
  File "/data/armaan/venvs/omnizip_clean/lib/python3.10/site-packages/gptqmodel/models/base.py", line 1166, in generate
    return self.model.generate(inputs=inputs, **kwargs)
  File "/data/armaan/venvs/omnizip_clean/lib/python3.10/site-packages/torch/utils/_contextlib.py", line 116, in decorate_context
    return func(*args, **kwargs)
  File "/data/armaan/purs/Qwen2.5-Omni/low-VRAM-mode/modeling_qwen2_5_omni_low_VRAM_mode.py", line 4760, in generate
    thinker_result = self.thinker.generate(input_ids=input_ids, **thinker_kwargs)
  File "/data/armaan/venvs/omnizip_clean/lib/python3.10/site-packages/torch/utils/_contextlib.py", line 116, in decorate_context
    return func(*args, **kwargs)
  File "/data/armaan/venvs/omnizip_clean/lib/python3.10/site-packages/transformers/generation/utils.py", line 2597, in generate
    result = self._sample(
  File "/data/armaan/venvs/omnizip_clean/lib/python3.10/site-packages/transformers/generation/utils.py", line 3557, in _sample
    outputs = self(**model_inputs, return_dict=True)
  File "/data/armaan/venvs/omnizip_clean/lib/python3.10/site-packages/torch/nn/modules/module.py", line 1739, in _wrapped_call_impl
    return self._call_impl(*args, **kwargs)
  File "/data/armaan/venvs/omnizip_clean/lib/python3.10/site-packages/torch/nn/modules/module.py", line 1750, in _call_impl
    return forward_call(*args, **kwargs)
  File "/data/armaan/purs/Qwen2.5-Omni/low-VRAM-mode/modeling_qwen2_5_omni_low_VRAM_mode.py", line 2490, in forward
    video_embeds = self.visual(pixel_values_videos, grid_thw=video_grid_thw)
  File "/data/armaan/venvs/omnizip_clean/lib/python3.10/site-packages/torch/nn/modules/module.py", line 1739, in _wrapped_call_impl
    return self._call_impl(*args, **kwargs)
  File "/data/armaan/venvs/omnizip_clean/lib/python3.10/site-packages/torch/nn/modules/module.py", line 1750, in _call_impl
    return forward_call(*args, **kwargs)
  File "/data/armaan/purs/Qwen2.5-Omni/low-VRAM-mode/modeling_qwen2_5_omni_low_VRAM_mode.py", line 1366, in forward
    hidden_states = blk(
  File "/data/armaan/venvs/omnizip_clean/lib/python3.10/site-packages/torch/nn/modules/module.py", line 1739, in _wrapped_call_impl
    return self._call_impl(*args, **kwargs)
  File "/data/armaan/venvs/omnizip_clean/lib/python3.10/site-packages/torch/nn/modules/module.py", line 1750, in _call_impl
    return forward_call(*args, **kwargs)
  File "/data/armaan/purs/Qwen2.5-Omni/low-VRAM-mode/modeling_qwen2_5_omni_low_VRAM_mode.py", line 1155, in forward
    hidden_states = hidden_states + self.attn(
  File "/data/armaan/venvs/omnizip_clean/lib/python3.10/site-packages/torch/nn/modules/module.py", line 1739, in _wrapped_call_impl
    return self._call_impl(*args, **kwargs)
  File "/data/armaan/venvs/omnizip_clean/lib/python3.10/site-packages/torch/nn/modules/module.py", line 1750, in _call_impl
    return forward_call(*args, **kwargs)
  File "/data/armaan/purs/Qwen2.5-Omni/low-VRAM-mode/modeling_qwen2_5_omni_low_VRAM_mode.py", line 1116, in forward
    attn_output = F.scaled_dot_product_attention(q, k, v, attention_mask, dropout_p=0.0)
torch.OutOfMemoryError: CUDA out of memory. Tried to allocate 71.19 GiB. GPU 0 has a total capacity of 47.37 GiB of which 35.59 GiB is free. Including non-PyTorch memory, this process has 11.77 GiB memory in use. Of the allocated memory 11.22 GiB is allocated by PyTorch, and 54.26 MiB is reserved by PyTorch but unallocated. If reserved but unallocated memory is large try setting PYTORCH_CUDA_ALLOC_CONF=expandable_segments:True to avoid fragmentation.  See documentation for Memory Management  (https://pytorch.org/docs/stable/notes/cuda.html#environment-variables)


--- video-mme/Spatial Perception ---
Traceback (most recent call last):
  File "/data/armaan/purs/eval_qwen_omni.py", line 843, in main
    pred, reasoning = run_inference(
  File "/data/armaan/purs/eval_qwen_omni.py", line 660, in run_inference
    raw_out = model.generate(**gen_in, **gen_kw)
  File "/data/armaan/venvs/omnizip_clean/lib/python3.10/site-packages/gptqmodel/models/base.py", line 1166, in generate
    return self.model.generate(inputs=inputs, **kwargs)
  File "/data/armaan/venvs/omnizip_clean/lib/python3.10/site-packages/torch/utils/_contextlib.py", line 116, in decorate_context
    return func(*args, **kwargs)
  File "/data/armaan/purs/Qwen2.5-Omni/low-VRAM-mode/modeling_qwen2_5_omni_low_VRAM_mode.py", line 4760, in generate
    thinker_result = self.thinker.generate(input_ids=input_ids, **thinker_kwargs)
  File "/data/armaan/venvs/omnizip_clean/lib/python3.10/site-packages/torch/utils/_contextlib.py", line 116, in decorate_context
    return func(*args, **kwargs)
  File "/data/armaan/venvs/omnizip_clean/lib/python3.10/site-packages/transformers/generation/utils.py", line 2597, in generate
    result = self._sample(
  File "/data/armaan/venvs/omnizip_clean/lib/python3.10/site-packages/transformers/generation/utils.py", line 3557, in _sample
    outputs = self(**model_inputs, return_dict=True)
  File "/data/armaan/venvs/omnizip_clean/lib/python3.10/site-packages/torch/nn/modules/module.py", line 1739, in _wrapped_call_impl
    return self._call_impl(*args, **kwargs)
  File "/data/armaan/venvs/omnizip_clean/lib/python3.10/site-packages/torch/nn/modules/module.py", line 1750, in _call_impl
    return forward_call(*args, **kwargs)
  File "/data/armaan/purs/Qwen2.5-Omni/low-VRAM-mode/modeling_qwen2_5_omni_low_VRAM_mode.py", line 2490, in forward
    video_embeds = self.visual(pixel_values_videos, grid_thw=video_grid_thw)
  File "/data/armaan/venvs/omnizip_clean/lib/python3.10/site-packages/torch/nn/modules/module.py", line 1739, in _wrapped_call_impl
    return self._call_impl(*args, **kwargs)
  File "/data/armaan/venvs/omnizip_clean/lib/python3.10/site-packages/torch/nn/modules/module.py", line 1750, in _call_impl
    return forward_call(*args, **kwargs)
  File "/data/armaan/purs/Qwen2.5-Omni/low-VRAM-mode/modeling_qwen2_5_omni_low_VRAM_mode.py", line 1366, in forward
    hidden_states = blk(
  File "/data/armaan/venvs/omnizip_clean/lib/python3.10/site-packages/torch/nn/modules/module.py", line 1739, in _wrapped_call_impl
    return self._call_impl(*args, **kwargs)
  File "/data/armaan/venvs/omnizip_clean/lib/python3.10/site-packages/torch/nn/modules/module.py", line 1750, in _call_impl
    return forward_call(*args, **kwargs)
  File "/data/armaan/purs/Qwen2.5-Omni/low-VRAM-mode/modeling_qwen2_5_omni_low_VRAM_mode.py", line 1155, in forward
    hidden_states = hidden_states + self.attn(
  File "/data/armaan/venvs/omnizip_clean/lib/python3.10/site-packages/torch/nn/modules/module.py", line 1739, in _wrapped_call_impl
    return self._call_impl(*args, **kwargs)
  File "/data/armaan/venvs/omnizip_clean/lib/python3.10/site-packages/torch/nn/modules/module.py", line 1750, in _call_impl
    return forward_call(*args, **kwargs)
  File "/data/armaan/purs/Qwen2.5-Omni/low-VRAM-mode/modeling_qwen2_5_omni_low_VRAM_mode.py", line 1116, in forward
    attn_output = F.scaled_dot_product_attention(q, k, v, attention_mask, dropout_p=0.0)
torch.OutOfMemoryError: CUDA out of memory. Tried to allocate 71.19 GiB. GPU 0 has a total capacity of 47.37 GiB of which 35.59 GiB is free. Including non-PyTorch memory, this process has 11.77 GiB memory in use. Of the allocated memory 11.22 GiB is allocated by PyTorch, and 55.45 MiB is reserved by PyTorch but unallocated. If reserved but unallocated memory is large try setting PYTORCH_CUDA_ALLOC_CONF=expandable_segments:True to avoid fragmentation.  See documentation for Memory Management  (https://pytorch.org/docs/stable/notes/cuda.html#environment-variables)


--- video-mme/Spatial Perception ---
Traceback (most recent call last):
  File "/data/armaan/purs/eval_qwen_omni.py", line 843, in main
    pred, reasoning = run_inference(
  File "/data/armaan/purs/eval_qwen_omni.py", line 660, in run_inference
    raw_out = model.generate(**gen_in, **gen_kw)
  File "/data/armaan/venvs/omnizip_clean/lib/python3.10/site-packages/gptqmodel/models/base.py", line 1166, in generate
    return self.model.generate(inputs=inputs, **kwargs)
  File "/data/armaan/venvs/omnizip_clean/lib/python3.10/site-packages/torch/utils/_contextlib.py", line 116, in decorate_context
    return func(*args, **kwargs)
  File "/data/armaan/purs/Qwen2.5-Omni/low-VRAM-mode/modeling_qwen2_5_omni_low_VRAM_mode.py", line 4760, in generate
    thinker_result = self.thinker.generate(input_ids=input_ids, **thinker_kwargs)
  File "/data/armaan/venvs/omnizip_clean/lib/python3.10/site-packages/torch/utils/_contextlib.py", line 116, in decorate_context
    return func(*args, **kwargs)
  File "/data/armaan/venvs/omnizip_clean/lib/python3.10/site-packages/transformers/generation/utils.py", line 2597, in generate
    result = self._sample(
  File "/data/armaan/venvs/omnizip_clean/lib/python3.10/site-packages/transformers/generation/utils.py", line 3557, in _sample
    outputs = self(**model_inputs, return_dict=True)
  File "/data/armaan/venvs/omnizip_clean/lib/python3.10/site-packages/torch/nn/modules/module.py", line 1739, in _wrapped_call_impl
    return self._call_impl(*args, **kwargs)
  File "/data/armaan/venvs/omnizip_clean/lib/python3.10/site-packages/torch/nn/modules/module.py", line 1750, in _call_impl
    return forward_call(*args, **kwargs)
  File "/data/armaan/purs/Qwen2.5-Omni/low-VRAM-mode/modeling_qwen2_5_omni_low_VRAM_mode.py", line 2490, in forward
    video_embeds = self.visual(pixel_values_videos, grid_thw=video_grid_thw)
  File "/data/armaan/venvs/omnizip_clean/lib/python3.10/site-packages/torch/nn/modules/module.py", line 1739, in _wrapped_call_impl
    return self._call_impl(*args, **kwargs)
  File "/data/armaan/venvs/omnizip_clean/lib/python3.10/site-packages/torch/nn/modules/module.py", line 1750, in _call_impl
    return forward_call(*args, **kwargs)
  File "/data/armaan/purs/Qwen2.5-Omni/low-VRAM-mode/modeling_qwen2_5_omni_low_VRAM_mode.py", line 1366, in forward
    hidden_states = blk(
  File "/data/armaan/venvs/omnizip_clean/lib/python3.10/site-packages/torch/nn/modules/module.py", line 1739, in _wrapped_call_impl
    return self._call_impl(*args, **kwargs)
  File "/data/armaan/venvs/omnizip_clean/lib/python3.10/site-packages/torch/nn/modules/module.py", line 1750, in _call_impl
    return forward_call(*args, **kwargs)
  File "/data/armaan/purs/Qwen2.5-Omni/low-VRAM-mode/modeling_qwen2_5_omni_low_VRAM_mode.py", line 1155, in forward
    hidden_states = hidden_states + self.attn(
  File "/data/armaan/venvs/omnizip_clean/lib/python3.10/site-packages/torch/nn/modules/module.py", line 1739, in _wrapped_call_impl
    return self._call_impl(*args, **kwargs)
  File "/data/armaan/venvs/omnizip_clean/lib/python3.10/site-packages/torch/nn/modules/module.py", line 1750, in _call_impl
    return forward_call(*args, **kwargs)
  File "/data/armaan/purs/Qwen2.5-Omni/low-VRAM-mode/modeling_qwen2_5_omni_low_VRAM_mode.py", line 1116, in forward
    attn_output = F.scaled_dot_product_attention(q, k, v, attention_mask, dropout_p=0.0)
torch.OutOfMemoryError: CUDA out of memory. Tried to allocate 71.19 GiB. GPU 0 has a total capacity of 47.37 GiB of which 35.59 GiB is free. Including non-PyTorch memory, this process has 11.77 GiB memory in use. Of the allocated memory 11.22 GiB is allocated by PyTorch, and 55.32 MiB is reserved by PyTorch but unallocated. If reserved but unallocated memory is large try setting PYTORCH_CUDA_ALLOC_CONF=expandable_segments:True to avoid fragmentation.  See documentation for Memory Management  (https://pytorch.org/docs/stable/notes/cuda.html#environment-variables)


--- video-mme/Spatial Perception ---
Traceback (most recent call last):
  File "/data/armaan/purs/eval_qwen_omni.py", line 843, in main
    pred, reasoning = run_inference(
  File "/data/armaan/purs/eval_qwen_omni.py", line 660, in run_inference
    raw_out = model.generate(**gen_in, **gen_kw)
  File "/data/armaan/venvs/omnizip_clean/lib/python3.10/site-packages/gptqmodel/models/base.py", line 1166, in generate
    return self.model.generate(inputs=inputs, **kwargs)
  File "/data/armaan/venvs/omnizip_clean/lib/python3.10/site-packages/torch/utils/_contextlib.py", line 116, in decorate_context
    return func(*args, **kwargs)
  File "/data/armaan/purs/Qwen2.5-Omni/low-VRAM-mode/modeling_qwen2_5_omni_low_VRAM_mode.py", line 4760, in generate
    thinker_result = self.thinker.generate(input_ids=input_ids, **thinker_kwargs)
  File "/data/armaan/venvs/omnizip_clean/lib/python3.10/site-packages/torch/utils/_contextlib.py", line 116, in decorate_context
    return func(*args, **kwargs)
  File "/data/armaan/venvs/omnizip_clean/lib/python3.10/site-packages/transformers/generation/utils.py", line 2597, in generate
    result = self._sample(
  File "/data/armaan/venvs/omnizip_clean/lib/python3.10/site-packages/transformers/generation/utils.py", line 3557, in _sample
    outputs = self(**model_inputs, return_dict=True)
  File "/data/armaan/venvs/omnizip_clean/lib/python3.10/site-packages/torch/nn/modules/module.py", line 1739, in _wrapped_call_impl
    return self._call_impl(*args, **kwargs)
  File "/data/armaan/venvs/omnizip_clean/lib/python3.10/site-packages/torch/nn/modules/module.py", line 1750, in _call_impl
    return forward_call(*args, **kwargs)
  File "/data/armaan/purs/Qwen2.5-Omni/low-VRAM-mode/modeling_qwen2_5_omni_low_VRAM_mode.py", line 2490, in forward
    video_embeds = self.visual(pixel_values_videos, grid_thw=video_grid_thw)
  File "/data/armaan/venvs/omnizip_clean/lib/python3.10/site-packages/torch/nn/modules/module.py", line 1739, in _wrapped_call_impl
    return self._call_impl(*args, **kwargs)
  File "/data/armaan/venvs/omnizip_clean/lib/python3.10/site-packages/torch/nn/modules/module.py", line 1750, in _call_impl
    return forward_call(*args, **kwargs)
  File "/data/armaan/purs/Qwen2.5-Omni/low-VRAM-mode/modeling_qwen2_5_omni_low_VRAM_mode.py", line 1366, in forward
    hidden_states = blk(
  File "/data/armaan/venvs/omnizip_clean/lib/python3.10/site-packages/torch/nn/modules/module.py", line 1739, in _wrapped_call_impl
    return self._call_impl(*args, **kwargs)
  File "/data/armaan/venvs/omnizip_clean/lib/python3.10/site-packages/torch/nn/modules/module.py", line 1750, in _call_impl
    return forward_call(*args, **kwargs)
  File "/data/armaan/purs/Qwen2.5-Omni/low-VRAM-mode/modeling_qwen2_5_omni_low_VRAM_mode.py", line 1155, in forward
    hidden_states = hidden_states + self.attn(
  File "/data/armaan/venvs/omnizip_clean/lib/python3.10/site-packages/torch/nn/modules/module.py", line 1739, in _wrapped_call_impl
    return self._call_impl(*args, **kwargs)
  File "/data/armaan/venvs/omnizip_clean/lib/python3.10/site-packages/torch/nn/modules/module.py", line 1750, in _call_impl
    return forward_call(*args, **kwargs)
  File "/data/armaan/purs/Qwen2.5-Omni/low-VRAM-mode/modeling_qwen2_5_omni_low_VRAM_mode.py", line 1116, in forward
    attn_output = F.scaled_dot_product_attention(q, k, v, attention_mask, dropout_p=0.0)
torch.OutOfMemoryError: CUDA out of memory. Tried to allocate 71.19 GiB. GPU 0 has a total capacity of 47.37 GiB of which 35.59 GiB is free. Including non-PyTorch memory, this process has 11.77 GiB memory in use. Of the allocated memory 11.22 GiB is allocated by PyTorch, and 55.42 MiB is reserved by PyTorch but unallocated. If reserved but unallocated memory is large try setting PYTORCH_CUDA_ALLOC_CONF=expandable_segments:True to avoid fragmentation.  See documentation for Memory Management  (https://pytorch.org/docs/stable/notes/cuda.html#environment-variables)


--- video-mme/Spatial Reasoning ---
Traceback (most recent call last):
  File "/data/armaan/purs/eval_qwen_omni.py", line 843, in main
    pred, reasoning = run_inference(
  File "/data/armaan/purs/eval_qwen_omni.py", line 660, in run_inference
    raw_out = model.generate(**gen_in, **gen_kw)
  File "/data/armaan/venvs/omnizip_clean/lib/python3.10/site-packages/gptqmodel/models/base.py", line 1166, in generate
    return self.model.generate(inputs=inputs, **kwargs)
  File "/data/armaan/venvs/omnizip_clean/lib/python3.10/site-packages/torch/utils/_contextlib.py", line 116, in decorate_context
    return func(*args, **kwargs)
  File "/data/armaan/purs/Qwen2.5-Omni/low-VRAM-mode/modeling_qwen2_5_omni_low_VRAM_mode.py", line 4760, in generate
    thinker_result = self.thinker.generate(input_ids=input_ids, **thinker_kwargs)
  File "/data/armaan/venvs/omnizip_clean/lib/python3.10/site-packages/torch/utils/_contextlib.py", line 116, in decorate_context
    return func(*args, **kwargs)
  File "/data/armaan/venvs/omnizip_clean/lib/python3.10/site-packages/transformers/generation/utils.py", line 2597, in generate
    result = self._sample(
  File "/data/armaan/venvs/omnizip_clean/lib/python3.10/site-packages/transformers/generation/utils.py", line 3557, in _sample
    outputs = self(**model_inputs, return_dict=True)
  File "/data/armaan/venvs/omnizip_clean/lib/python3.10/site-packages/torch/nn/modules/module.py", line 1739, in _wrapped_call_impl
    return self._call_impl(*args, **kwargs)
  File "/data/armaan/venvs/omnizip_clean/lib/python3.10/site-packages/torch/nn/modules/module.py", line 1750, in _call_impl
    return forward_call(*args, **kwargs)
  File "/data/armaan/purs/Qwen2.5-Omni/low-VRAM-mode/modeling_qwen2_5_omni_low_VRAM_mode.py", line 2490, in forward
    video_embeds = self.visual(pixel_values_videos, grid_thw=video_grid_thw)
  File "/data/armaan/venvs/omnizip_clean/lib/python3.10/site-packages/torch/nn/modules/module.py", line 1739, in _wrapped_call_impl
    return self._call_impl(*args, **kwargs)
  File "/data/armaan/venvs/omnizip_clean/lib/python3.10/site-packages/torch/nn/modules/module.py", line 1750, in _call_impl
    return forward_call(*args, **kwargs)
  File "/data/armaan/purs/Qwen2.5-Omni/low-VRAM-mode/modeling_qwen2_5_omni_low_VRAM_mode.py", line 1366, in forward
    hidden_states = blk(
  File "/data/armaan/venvs/omnizip_clean/lib/python3.10/site-packages/torch/nn/modules/module.py", line 1739, in _wrapped_call_impl
    return self._call_impl(*args, **kwargs)
  File "/data/armaan/venvs/omnizip_clean/lib/python3.10/site-packages/torch/nn/modules/module.py", line 1750, in _call_impl
    return forward_call(*args, **kwargs)
  File "/data/armaan/purs/Qwen2.5-Omni/low-VRAM-mode/modeling_qwen2_5_omni_low_VRAM_mode.py", line 1155, in forward
    hidden_states = hidden_states + self.attn(
  File "/data/armaan/venvs/omnizip_clean/lib/python3.10/site-packages/torch/nn/modules/module.py", line 1739, in _wrapped_call_impl
    return self._call_impl(*args, **kwargs)
  File "/data/armaan/venvs/omnizip_clean/lib/python3.10/site-packages/torch/nn/modules/module.py", line 1750, in _call_impl
    return forward_call(*args, **kwargs)
  File "/data/armaan/purs/Qwen2.5-Omni/low-VRAM-mode/modeling_qwen2_5_omni_low_VRAM_mode.py", line 1116, in forward
    attn_output = F.scaled_dot_product_attention(q, k, v, attention_mask, dropout_p=0.0)
torch.OutOfMemoryError: CUDA out of memory. Tried to allocate 71.19 GiB. GPU 0 has a total capacity of 47.37 GiB of which 35.59 GiB is free. Including non-PyTorch memory, this process has 11.77 GiB memory in use. Of the allocated memory 11.22 GiB is allocated by PyTorch, and 57.44 MiB is reserved by PyTorch but unallocated. If reserved but unallocated memory is large try setting PYTORCH_CUDA_ALLOC_CONF=expandable_segments:True to avoid fragmentation.  See documentation for Memory Management  (https://pytorch.org/docs/stable/notes/cuda.html#environment-variables)


--- video-mme/Spatial Reasoning ---
Traceback (most recent call last):
  File "/data/armaan/purs/eval_qwen_omni.py", line 843, in main
    pred, reasoning = run_inference(
  File "/data/armaan/purs/eval_qwen_omni.py", line 660, in run_inference
    raw_out = model.generate(**gen_in, **gen_kw)
  File "/data/armaan/venvs/omnizip_clean/lib/python3.10/site-packages/gptqmodel/models/base.py", line 1166, in generate
    return self.model.generate(inputs=inputs, **kwargs)
  File "/data/armaan/venvs/omnizip_clean/lib/python3.10/site-packages/torch/utils/_contextlib.py", line 116, in decorate_context
    return func(*args, **kwargs)
  File "/data/armaan/purs/Qwen2.5-Omni/low-VRAM-mode/modeling_qwen2_5_omni_low_VRAM_mode.py", line 4760, in generate
    thinker_result = self.thinker.generate(input_ids=input_ids, **thinker_kwargs)
  File "/data/armaan/venvs/omnizip_clean/lib/python3.10/site-packages/torch/utils/_contextlib.py", line 116, in decorate_context
    return func(*args, **kwargs)
  File "/data/armaan/venvs/omnizip_clean/lib/python3.10/site-packages/transformers/generation/utils.py", line 2597, in generate
    result = self._sample(
  File "/data/armaan/venvs/omnizip_clean/lib/python3.10/site-packages/transformers/generation/utils.py", line 3557, in _sample
    outputs = self(**model_inputs, return_dict=True)
  File "/data/armaan/venvs/omnizip_clean/lib/python3.10/site-packages/torch/nn/modules/module.py", line 1739, in _wrapped_call_impl
    return self._call_impl(*args, **kwargs)
  File "/data/armaan/venvs/omnizip_clean/lib/python3.10/site-packages/torch/nn/modules/module.py", line 1750, in _call_impl
    return forward_call(*args, **kwargs)
  File "/data/armaan/purs/Qwen2.5-Omni/low-VRAM-mode/modeling_qwen2_5_omni_low_VRAM_mode.py", line 2490, in forward
    video_embeds = self.visual(pixel_values_videos, grid_thw=video_grid_thw)
  File "/data/armaan/venvs/omnizip_clean/lib/python3.10/site-packages/torch/nn/modules/module.py", line 1739, in _wrapped_call_impl
    return self._call_impl(*args, **kwargs)
  File "/data/armaan/venvs/omnizip_clean/lib/python3.10/site-packages/torch/nn/modules/module.py", line 1750, in _call_impl
    return forward_call(*args, **kwargs)
  File "/data/armaan/purs/Qwen2.5-Omni/low-VRAM-mode/modeling_qwen2_5_omni_low_VRAM_mode.py", line 1366, in forward
    hidden_states = blk(
  File "/data/armaan/venvs/omnizip_clean/lib/python3.10/site-packages/torch/nn/modules/module.py", line 1739, in _wrapped_call_impl
    return self._call_impl(*args, **kwargs)
  File "/data/armaan/venvs/omnizip_clean/lib/python3.10/site-packages/torch/nn/modules/module.py", line 1750, in _call_impl
    return forward_call(*args, **kwargs)
  File "/data/armaan/purs/Qwen2.5-Omni/low-VRAM-mode/modeling_qwen2_5_omni_low_VRAM_mode.py", line 1155, in forward
    hidden_states = hidden_states + self.attn(
  File "/data/armaan/venvs/omnizip_clean/lib/python3.10/site-packages/torch/nn/modules/module.py", line 1739, in _wrapped_call_impl
    return self._call_impl(*args, **kwargs)
  File "/data/armaan/venvs/omnizip_clean/lib/python3.10/site-packages/torch/nn/modules/module.py", line 1750, in _call_impl
    return forward_call(*args, **kwargs)
  File "/data/armaan/purs/Qwen2.5-Omni/low-VRAM-mode/modeling_qwen2_5_omni_low_VRAM_mode.py", line 1116, in forward
    attn_output = F.scaled_dot_product_attention(q, k, v, attention_mask, dropout_p=0.0)
torch.OutOfMemoryError: CUDA out of memory. Tried to allocate 71.19 GiB. GPU 0 has a total capacity of 47.37 GiB of which 35.59 GiB is free. Including non-PyTorch memory, this process has 11.77 GiB memory in use. Of the allocated memory 11.22 GiB is allocated by PyTorch, and 57.47 MiB is reserved by PyTorch but unallocated. If reserved but unallocated memory is large try setting PYTORCH_CUDA_ALLOC_CONF=expandable_segments:True to avoid fragmentation.  See documentation for Memory Management  (https://pytorch.org/docs/stable/notes/cuda.html#environment-variables)


--- video-mme/Spatial Reasoning ---
Traceback (most recent call last):
  File "/data/armaan/purs/eval_qwen_omni.py", line 843, in main
    pred, reasoning = run_inference(
  File "/data/armaan/purs/eval_qwen_omni.py", line 660, in run_inference
    raw_out = model.generate(**gen_in, **gen_kw)
  File "/data/armaan/venvs/omnizip_clean/lib/python3.10/site-packages/gptqmodel/models/base.py", line 1166, in generate
    return self.model.generate(inputs=inputs, **kwargs)
  File "/data/armaan/venvs/omnizip_clean/lib/python3.10/site-packages/torch/utils/_contextlib.py", line 116, in decorate_context
    return func(*args, **kwargs)
  File "/data/armaan/purs/Qwen2.5-Omni/low-VRAM-mode/modeling_qwen2_5_omni_low_VRAM_mode.py", line 4760, in generate
    thinker_result = self.thinker.generate(input_ids=input_ids, **thinker_kwargs)
  File "/data/armaan/venvs/omnizip_clean/lib/python3.10/site-packages/torch/utils/_contextlib.py", line 116, in decorate_context
    return func(*args, **kwargs)
  File "/data/armaan/venvs/omnizip_clean/lib/python3.10/site-packages/transformers/generation/utils.py", line 2597, in generate
    result = self._sample(
  File "/data/armaan/venvs/omnizip_clean/lib/python3.10/site-packages/transformers/generation/utils.py", line 3557, in _sample
    outputs = self(**model_inputs, return_dict=True)
  File "/data/armaan/venvs/omnizip_clean/lib/python3.10/site-packages/torch/nn/modules/module.py", line 1739, in _wrapped_call_impl
    return self._call_impl(*args, **kwargs)
  File "/data/armaan/venvs/omnizip_clean/lib/python3.10/site-packages/torch/nn/modules/module.py", line 1750, in _call_impl
    return forward_call(*args, **kwargs)
  File "/data/armaan/purs/Qwen2.5-Omni/low-VRAM-mode/modeling_qwen2_5_omni_low_VRAM_mode.py", line 2490, in forward
    video_embeds = self.visual(pixel_values_videos, grid_thw=video_grid_thw)
  File "/data/armaan/venvs/omnizip_clean/lib/python3.10/site-packages/torch/nn/modules/module.py", line 1739, in _wrapped_call_impl
    return self._call_impl(*args, **kwargs)
  File "/data/armaan/venvs/omnizip_clean/lib/python3.10/site-packages/torch/nn/modules/module.py", line 1750, in _call_impl
    return forward_call(*args, **kwargs)
  File "/data/armaan/purs/Qwen2.5-Omni/low-VRAM-mode/modeling_qwen2_5_omni_low_VRAM_mode.py", line 1366, in forward
    hidden_states = blk(
  File "/data/armaan/venvs/omnizip_clean/lib/python3.10/site-packages/torch/nn/modules/module.py", line 1739, in _wrapped_call_impl
    return self._call_impl(*args, **kwargs)
  File "/data/armaan/venvs/omnizip_clean/lib/python3.10/site-packages/torch/nn/modules/module.py", line 1750, in _call_impl
    return forward_call(*args, **kwargs)
  File "/data/armaan/purs/Qwen2.5-Omni/low-VRAM-mode/modeling_qwen2_5_omni_low_VRAM_mode.py", line 1155, in forward
    hidden_states = hidden_states + self.attn(
  File "/data/armaan/venvs/omnizip_clean/lib/python3.10/site-packages/torch/nn/modules/module.py", line 1739, in _wrapped_call_impl
    return self._call_impl(*args, **kwargs)
  File "/data/armaan/venvs/omnizip_clean/lib/python3.10/site-packages/torch/nn/modules/module.py", line 1750, in _call_impl
    return forward_call(*args, **kwargs)
  File "/data/armaan/purs/Qwen2.5-Omni/low-VRAM-mode/modeling_qwen2_5_omni_low_VRAM_mode.py", line 1116, in forward
    attn_output = F.scaled_dot_product_attention(q, k, v, attention_mask, dropout_p=0.0)
torch.OutOfMemoryError: CUDA out of memory. Tried to allocate 71.19 GiB. GPU 0 has a total capacity of 47.37 GiB of which 35.57 GiB is free. Including non-PyTorch memory, this process has 11.79 GiB memory in use. Of the allocated memory 11.22 GiB is allocated by PyTorch, and 77.48 MiB is reserved by PyTorch but unallocated. If reserved but unallocated memory is large try setting PYTORCH_CUDA_ALLOC_CONF=expandable_segments:True to avoid fragmentation.  See documentation for Memory Management  (https://pytorch.org/docs/stable/notes/cuda.html#environment-variables)


--- video-mme/Temporal Perception ---
Traceback (most recent call last):
  File "/data/armaan/purs/eval_qwen_omni.py", line 843, in main
    pred, reasoning = run_inference(
  File "/data/armaan/purs/eval_qwen_omni.py", line 660, in run_inference
    raw_out = model.generate(**gen_in, **gen_kw)
  File "/data/armaan/venvs/omnizip_clean/lib/python3.10/site-packages/gptqmodel/models/base.py", line 1166, in generate
    return self.model.generate(inputs=inputs, **kwargs)
  File "/data/armaan/venvs/omnizip_clean/lib/python3.10/site-packages/torch/utils/_contextlib.py", line 116, in decorate_context
    return func(*args, **kwargs)
  File "/data/armaan/purs/Qwen2.5-Omni/low-VRAM-mode/modeling_qwen2_5_omni_low_VRAM_mode.py", line 4760, in generate
    thinker_result = self.thinker.generate(input_ids=input_ids, **thinker_kwargs)
  File "/data/armaan/venvs/omnizip_clean/lib/python3.10/site-packages/torch/utils/_contextlib.py", line 116, in decorate_context
    return func(*args, **kwargs)
  File "/data/armaan/venvs/omnizip_clean/lib/python3.10/site-packages/transformers/generation/utils.py", line 2597, in generate
    result = self._sample(
  File "/data/armaan/venvs/omnizip_clean/lib/python3.10/site-packages/transformers/generation/utils.py", line 3557, in _sample
    outputs = self(**model_inputs, return_dict=True)
  File "/data/armaan/venvs/omnizip_clean/lib/python3.10/site-packages/torch/nn/modules/module.py", line 1739, in _wrapped_call_impl
    return self._call_impl(*args, **kwargs)
  File "/data/armaan/venvs/omnizip_clean/lib/python3.10/site-packages/torch/nn/modules/module.py", line 1750, in _call_impl
    return forward_call(*args, **kwargs)
  File "/data/armaan/purs/Qwen2.5-Omni/low-VRAM-mode/modeling_qwen2_5_omni_low_VRAM_mode.py", line 2490, in forward
    video_embeds = self.visual(pixel_values_videos, grid_thw=video_grid_thw)
  File "/data/armaan/venvs/omnizip_clean/lib/python3.10/site-packages/torch/nn/modules/module.py", line 1739, in _wrapped_call_impl
    return self._call_impl(*args, **kwargs)
  File "/data/armaan/venvs/omnizip_clean/lib/python3.10/site-packages/torch/nn/modules/module.py", line 1750, in _call_impl
    return forward_call(*args, **kwargs)
  File "/data/armaan/purs/Qwen2.5-Omni/low-VRAM-mode/modeling_qwen2_5_omni_low_VRAM_mode.py", line 1366, in forward
    hidden_states = blk(
  File "/data/armaan/venvs/omnizip_clean/lib/python3.10/site-packages/torch/nn/modules/module.py", line 1739, in _wrapped_call_impl
    return self._call_impl(*args, **kwargs)
  File "/data/armaan/venvs/omnizip_clean/lib/python3.10/site-packages/torch/nn/modules/module.py", line 1750, in _call_impl
    return forward_call(*args, **kwargs)
  File "/data/armaan/purs/Qwen2.5-Omni/low-VRAM-mode/modeling_qwen2_5_omni_low_VRAM_mode.py", line 1155, in forward
    hidden_states = hidden_states + self.attn(
  File "/data/armaan/venvs/omnizip_clean/lib/python3.10/site-packages/torch/nn/modules/module.py", line 1739, in _wrapped_call_impl
    return self._call_impl(*args, **kwargs)
  File "/data/armaan/venvs/omnizip_clean/lib/python3.10/site-packages/torch/nn/modules/module.py", line 1750, in _call_impl
    return forward_call(*args, **kwargs)
  File "/data/armaan/purs/Qwen2.5-Omni/low-VRAM-mode/modeling_qwen2_5_omni_low_VRAM_mode.py", line 1116, in forward
    attn_output = F.scaled_dot_product_attention(q, k, v, attention_mask, dropout_p=0.0)
torch.OutOfMemoryError: CUDA out of memory. Tried to allocate 47.00 GiB. GPU 0 has a total capacity of 47.37 GiB of which 36.98 GiB is free. Including non-PyTorch memory, this process has 10.39 GiB memory in use. Of the allocated memory 9.81 GiB is allocated by PyTorch, and 72.74 MiB is reserved by PyTorch but unallocated. If reserved but unallocated memory is large try setting PYTORCH_CUDA_ALLOC_CONF=expandable_segments:True to avoid fragmentation.  See documentation for Memory Management  (https://pytorch.org/docs/stable/notes/cuda.html#environment-variables)


--- video-mme/Temporal Perception ---
Traceback (most recent call last):
  File "/data/armaan/purs/eval_qwen_omni.py", line 843, in main
    pred, reasoning = run_inference(
  File "/data/armaan/purs/eval_qwen_omni.py", line 660, in run_inference
    raw_out = model.generate(**gen_in, **gen_kw)
  File "/data/armaan/venvs/omnizip_clean/lib/python3.10/site-packages/gptqmodel/models/base.py", line 1166, in generate
    return self.model.generate(inputs=inputs, **kwargs)
  File "/data/armaan/venvs/omnizip_clean/lib/python3.10/site-packages/torch/utils/_contextlib.py", line 116, in decorate_context
    return func(*args, **kwargs)
  File "/data/armaan/purs/Qwen2.5-Omni/low-VRAM-mode/modeling_qwen2_5_omni_low_VRAM_mode.py", line 4760, in generate
    thinker_result = self.thinker.generate(input_ids=input_ids, **thinker_kwargs)
  File "/data/armaan/venvs/omnizip_clean/lib/python3.10/site-packages/torch/utils/_contextlib.py", line 116, in decorate_context
    return func(*args, **kwargs)
  File "/data/armaan/venvs/omnizip_clean/lib/python3.10/site-packages/transformers/generation/utils.py", line 2597, in generate
    result = self._sample(
  File "/data/armaan/venvs/omnizip_clean/lib/python3.10/site-packages/transformers/generation/utils.py", line 3557, in _sample
    outputs = self(**model_inputs, return_dict=True)
  File "/data/armaan/venvs/omnizip_clean/lib/python3.10/site-packages/torch/nn/modules/module.py", line 1739, in _wrapped_call_impl
    return self._call_impl(*args, **kwargs)
  File "/data/armaan/venvs/omnizip_clean/lib/python3.10/site-packages/torch/nn/modules/module.py", line 1750, in _call_impl
    return forward_call(*args, **kwargs)
  File "/data/armaan/purs/Qwen2.5-Omni/low-VRAM-mode/modeling_qwen2_5_omni_low_VRAM_mode.py", line 2490, in forward
    video_embeds = self.visual(pixel_values_videos, grid_thw=video_grid_thw)
  File "/data/armaan/venvs/omnizip_clean/lib/python3.10/site-packages/torch/nn/modules/module.py", line 1739, in _wrapped_call_impl
    return self._call_impl(*args, **kwargs)
  File "/data/armaan/venvs/omnizip_clean/lib/python3.10/site-packages/torch/nn/modules/module.py", line 1750, in _call_impl
    return forward_call(*args, **kwargs)
  File "/data/armaan/purs/Qwen2.5-Omni/low-VRAM-mode/modeling_qwen2_5_omni_low_VRAM_mode.py", line 1366, in forward
    hidden_states = blk(
  File "/data/armaan/venvs/omnizip_clean/lib/python3.10/site-packages/torch/nn/modules/module.py", line 1739, in _wrapped_call_impl
    return self._call_impl(*args, **kwargs)
  File "/data/armaan/venvs/omnizip_clean/lib/python3.10/site-packages/torch/nn/modules/module.py", line 1750, in _call_impl
    return forward_call(*args, **kwargs)
  File "/data/armaan/purs/Qwen2.5-Omni/low-VRAM-mode/modeling_qwen2_5_omni_low_VRAM_mode.py", line 1155, in forward
    hidden_states = hidden_states + self.attn(
  File "/data/armaan/venvs/omnizip_clean/lib/python3.10/site-packages/torch/nn/modules/module.py", line 1739, in _wrapped_call_impl
    return self._call_impl(*args, **kwargs)
  File "/data/armaan/venvs/omnizip_clean/lib/python3.10/site-packages/torch/nn/modules/module.py", line 1750, in _call_impl
    return forward_call(*args, **kwargs)
  File "/data/armaan/purs/Qwen2.5-Omni/low-VRAM-mode/modeling_qwen2_5_omni_low_VRAM_mode.py", line 1116, in forward
    attn_output = F.scaled_dot_product_attention(q, k, v, attention_mask, dropout_p=0.0)
torch.OutOfMemoryError: CUDA out of memory. Tried to allocate 47.00 GiB. GPU 0 has a total capacity of 47.37 GiB of which 36.98 GiB is free. Including non-PyTorch memory, this process has 10.39 GiB memory in use. Of the allocated memory 9.81 GiB is allocated by PyTorch, and 72.61 MiB is reserved by PyTorch but unallocated. If reserved but unallocated memory is large try setting PYTORCH_CUDA_ALLOC_CONF=expandable_segments:True to avoid fragmentation.  See documentation for Memory Management  (https://pytorch.org/docs/stable/notes/cuda.html#environment-variables)


--- video-mme/Temporal Perception ---
Traceback (most recent call last):
  File "/data/armaan/purs/eval_qwen_omni.py", line 843, in main
    pred, reasoning = run_inference(
  File "/data/armaan/purs/eval_qwen_omni.py", line 660, in run_inference
    raw_out = model.generate(**gen_in, **gen_kw)
  File "/data/armaan/venvs/omnizip_clean/lib/python3.10/site-packages/gptqmodel/models/base.py", line 1166, in generate
    return self.model.generate(inputs=inputs, **kwargs)
  File "/data/armaan/venvs/omnizip_clean/lib/python3.10/site-packages/torch/utils/_contextlib.py", line 116, in decorate_context
    return func(*args, **kwargs)
  File "/data/armaan/purs/Qwen2.5-Omni/low-VRAM-mode/modeling_qwen2_5_omni_low_VRAM_mode.py", line 4760, in generate
    thinker_result = self.thinker.generate(input_ids=input_ids, **thinker_kwargs)
  File "/data/armaan/venvs/omnizip_clean/lib/python3.10/site-packages/torch/utils/_contextlib.py", line 116, in decorate_context
    return func(*args, **kwargs)
  File "/data/armaan/venvs/omnizip_clean/lib/python3.10/site-packages/transformers/generation/utils.py", line 2597, in generate
    result = self._sample(
  File "/data/armaan/venvs/omnizip_clean/lib/python3.10/site-packages/transformers/generation/utils.py", line 3557, in _sample
    outputs = self(**model_inputs, return_dict=True)
  File "/data/armaan/venvs/omnizip_clean/lib/python3.10/site-packages/torch/nn/modules/module.py", line 1739, in _wrapped_call_impl
    return self._call_impl(*args, **kwargs)
  File "/data/armaan/venvs/omnizip_clean/lib/python3.10/site-packages/torch/nn/modules/module.py", line 1750, in _call_impl
    return forward_call(*args, **kwargs)
  File "/data/armaan/purs/Qwen2.5-Omni/low-VRAM-mode/modeling_qwen2_5_omni_low_VRAM_mode.py", line 2490, in forward
    video_embeds = self.visual(pixel_values_videos, grid_thw=video_grid_thw)
  File "/data/armaan/venvs/omnizip_clean/lib/python3.10/site-packages/torch/nn/modules/module.py", line 1739, in _wrapped_call_impl
    return self._call_impl(*args, **kwargs)
  File "/data/armaan/venvs/omnizip_clean/lib/python3.10/site-packages/torch/nn/modules/module.py", line 1750, in _call_impl
    return forward_call(*args, **kwargs)
  File "/data/armaan/purs/Qwen2.5-Omni/low-VRAM-mode/modeling_qwen2_5_omni_low_VRAM_mode.py", line 1366, in forward
    hidden_states = blk(
  File "/data/armaan/venvs/omnizip_clean/lib/python3.10/site-packages/torch/nn/modules/module.py", line 1739, in _wrapped_call_impl
    return self._call_impl(*args, **kwargs)
  File "/data/armaan/venvs/omnizip_clean/lib/python3.10/site-packages/torch/nn/modules/module.py", line 1750, in _call_impl
    return forward_call(*args, **kwargs)
  File "/data/armaan/purs/Qwen2.5-Omni/low-VRAM-mode/modeling_qwen2_5_omni_low_VRAM_mode.py", line 1155, in forward
    hidden_states = hidden_states + self.attn(
  File "/data/armaan/venvs/omnizip_clean/lib/python3.10/site-packages/torch/nn/modules/module.py", line 1739, in _wrapped_call_impl
    return self._call_impl(*args, **kwargs)
  File "/data/armaan/venvs/omnizip_clean/lib/python3.10/site-packages/torch/nn/modules/module.py", line 1750, in _call_impl
    return forward_call(*args, **kwargs)
  File "/data/armaan/purs/Qwen2.5-Omni/low-VRAM-mode/modeling_qwen2_5_omni_low_VRAM_mode.py", line 1116, in forward
    attn_output = F.scaled_dot_product_attention(q, k, v, attention_mask, dropout_p=0.0)
torch.OutOfMemoryError: CUDA out of memory. Tried to allocate 47.00 GiB. GPU 0 has a total capacity of 47.37 GiB of which 36.98 GiB is free. Including non-PyTorch memory, this process has 10.39 GiB memory in use. Of the allocated memory 9.81 GiB is allocated by PyTorch, and 72.81 MiB is reserved by PyTorch but unallocated. If reserved but unallocated memory is large try setting PYTORCH_CUDA_ALLOC_CONF=expandable_segments:True to avoid fragmentation.  See documentation for Memory Management  (https://pytorch.org/docs/stable/notes/cuda.html#environment-variables)


--- video-mme/Temporal Reasoning ---
Traceback (most recent call last):
  File "/data/armaan/purs/eval_qwen_omni.py", line 843, in main
    pred, reasoning = run_inference(
  File "/data/armaan/purs/eval_qwen_omni.py", line 660, in run_inference
    raw_out = model.generate(**gen_in, **gen_kw)
  File "/data/armaan/venvs/omnizip_clean/lib/python3.10/site-packages/gptqmodel/models/base.py", line 1166, in generate
    return self.model.generate(inputs=inputs, **kwargs)
  File "/data/armaan/venvs/omnizip_clean/lib/python3.10/site-packages/torch/utils/_contextlib.py", line 116, in decorate_context
    return func(*args, **kwargs)
  File "/data/armaan/purs/Qwen2.5-Omni/low-VRAM-mode/modeling_qwen2_5_omni_low_VRAM_mode.py", line 4760, in generate
    thinker_result = self.thinker.generate(input_ids=input_ids, **thinker_kwargs)
  File "/data/armaan/venvs/omnizip_clean/lib/python3.10/site-packages/torch/utils/_contextlib.py", line 116, in decorate_context
    return func(*args, **kwargs)
  File "/data/armaan/venvs/omnizip_clean/lib/python3.10/site-packages/transformers/generation/utils.py", line 2597, in generate
    result = self._sample(
  File "/data/armaan/venvs/omnizip_clean/lib/python3.10/site-packages/transformers/generation/utils.py", line 3557, in _sample
    outputs = self(**model_inputs, return_dict=True)
  File "/data/armaan/venvs/omnizip_clean/lib/python3.10/site-packages/torch/nn/modules/module.py", line 1739, in _wrapped_call_impl
    return self._call_impl(*args, **kwargs)
  File "/data/armaan/venvs/omnizip_clean/lib/python3.10/site-packages/torch/nn/modules/module.py", line 1750, in _call_impl
    return forward_call(*args, **kwargs)
  File "/data/armaan/purs/Qwen2.5-Omni/low-VRAM-mode/modeling_qwen2_5_omni_low_VRAM_mode.py", line 2490, in forward
    video_embeds = self.visual(pixel_values_videos, grid_thw=video_grid_thw)
  File "/data/armaan/venvs/omnizip_clean/lib/python3.10/site-packages/torch/nn/modules/module.py", line 1739, in _wrapped_call_impl
    return self._call_impl(*args, **kwargs)
  File "/data/armaan/venvs/omnizip_clean/lib/python3.10/site-packages/torch/nn/modules/module.py", line 1750, in _call_impl
    return forward_call(*args, **kwargs)
  File "/data/armaan/purs/Qwen2.5-Omni/low-VRAM-mode/modeling_qwen2_5_omni_low_VRAM_mode.py", line 1366, in forward
    hidden_states = blk(
  File "/data/armaan/venvs/omnizip_clean/lib/python3.10/site-packages/torch/nn/modules/module.py", line 1739, in _wrapped_call_impl
    return self._call_impl(*args, **kwargs)
  File "/data/armaan/venvs/omnizip_clean/lib/python3.10/site-packages/torch/nn/modules/module.py", line 1750, in _call_impl
    return forward_call(*args, **kwargs)
  File "/data/armaan/purs/Qwen2.5-Omni/low-VRAM-mode/modeling_qwen2_5_omni_low_VRAM_mode.py", line 1155, in forward
    hidden_states = hidden_states + self.attn(
  File "/data/armaan/venvs/omnizip_clean/lib/python3.10/site-packages/torch/nn/modules/module.py", line 1739, in _wrapped_call_impl
    return self._call_impl(*args, **kwargs)
  File "/data/armaan/venvs/omnizip_clean/lib/python3.10/site-packages/torch/nn/modules/module.py", line 1750, in _call_impl
    return forward_call(*args, **kwargs)
  File "/data/armaan/purs/Qwen2.5-Omni/low-VRAM-mode/modeling_qwen2_5_omni_low_VRAM_mode.py", line 1116, in forward
    attn_output = F.scaled_dot_product_attention(q, k, v, attention_mask, dropout_p=0.0)
torch.OutOfMemoryError: CUDA out of memory. Tried to allocate 54.51 GiB. GPU 0 has a total capacity of 47.37 GiB of which 36.53 GiB is free. Including non-PyTorch memory, this process has 10.84 GiB memory in use. Of the allocated memory 10.25 GiB is allocated by PyTorch, and 82.79 MiB is reserved by PyTorch but unallocated. If reserved but unallocated memory is large try setting PYTORCH_CUDA_ALLOC_CONF=expandable_segments:True to avoid fragmentation.  See documentation for Memory Management  (https://pytorch.org/docs/stable/notes/cuda.html#environment-variables)


--- video-mme/Temporal Reasoning ---
Traceback (most recent call last):
  File "/data/armaan/purs/eval_qwen_omni.py", line 843, in main
    pred, reasoning = run_inference(
  File "/data/armaan/purs/eval_qwen_omni.py", line 660, in run_inference
    raw_out = model.generate(**gen_in, **gen_kw)
  File "/data/armaan/venvs/omnizip_clean/lib/python3.10/site-packages/gptqmodel/models/base.py", line 1166, in generate
    return self.model.generate(inputs=inputs, **kwargs)
  File "/data/armaan/venvs/omnizip_clean/lib/python3.10/site-packages/torch/utils/_contextlib.py", line 116, in decorate_context
    return func(*args, **kwargs)
  File "/data/armaan/purs/Qwen2.5-Omni/low-VRAM-mode/modeling_qwen2_5_omni_low_VRAM_mode.py", line 4760, in generate
    thinker_result = self.thinker.generate(input_ids=input_ids, **thinker_kwargs)
  File "/data/armaan/venvs/omnizip_clean/lib/python3.10/site-packages/torch/utils/_contextlib.py", line 116, in decorate_context
    return func(*args, **kwargs)
  File "/data/armaan/venvs/omnizip_clean/lib/python3.10/site-packages/transformers/generation/utils.py", line 2597, in generate
    result = self._sample(
  File "/data/armaan/venvs/omnizip_clean/lib/python3.10/site-packages/transformers/generation/utils.py", line 3557, in _sample
    outputs = self(**model_inputs, return_dict=True)
  File "/data/armaan/venvs/omnizip_clean/lib/python3.10/site-packages/torch/nn/modules/module.py", line 1739, in _wrapped_call_impl
    return self._call_impl(*args, **kwargs)
  File "/data/armaan/venvs/omnizip_clean/lib/python3.10/site-packages/torch/nn/modules/module.py", line 1750, in _call_impl
    return forward_call(*args, **kwargs)
  File "/data/armaan/purs/Qwen2.5-Omni/low-VRAM-mode/modeling_qwen2_5_omni_low_VRAM_mode.py", line 2490, in forward
    video_embeds = self.visual(pixel_values_videos, grid_thw=video_grid_thw)
  File "/data/armaan/venvs/omnizip_clean/lib/python3.10/site-packages/torch/nn/modules/module.py", line 1739, in _wrapped_call_impl
    return self._call_impl(*args, **kwargs)
  File "/data/armaan/venvs/omnizip_clean/lib/python3.10/site-packages/torch/nn/modules/module.py", line 1750, in _call_impl
    return forward_call(*args, **kwargs)
  File "/data/armaan/purs/Qwen2.5-Omni/low-VRAM-mode/modeling_qwen2_5_omni_low_VRAM_mode.py", line 1366, in forward
    hidden_states = blk(
  File "/data/armaan/venvs/omnizip_clean/lib/python3.10/site-packages/torch/nn/modules/module.py", line 1739, in _wrapped_call_impl
    return self._call_impl(*args, **kwargs)
  File "/data/armaan/venvs/omnizip_clean/lib/python3.10/site-packages/torch/nn/modules/module.py", line 1750, in _call_impl
    return forward_call(*args, **kwargs)
  File "/data/armaan/purs/Qwen2.5-Omni/low-VRAM-mode/modeling_qwen2_5_omni_low_VRAM_mode.py", line 1155, in forward
    hidden_states = hidden_states + self.attn(
  File "/data/armaan/venvs/omnizip_clean/lib/python3.10/site-packages/torch/nn/modules/module.py", line 1739, in _wrapped_call_impl
    return self._call_impl(*args, **kwargs)
  File "/data/armaan/venvs/omnizip_clean/lib/python3.10/site-packages/torch/nn/modules/module.py", line 1750, in _call_impl
    return forward_call(*args, **kwargs)
  File "/data/armaan/purs/Qwen2.5-Omni/low-VRAM-mode/modeling_qwen2_5_omni_low_VRAM_mode.py", line 1116, in forward
    attn_output = F.scaled_dot_product_attention(q, k, v, attention_mask, dropout_p=0.0)
torch.OutOfMemoryError: CUDA out of memory. Tried to allocate 54.51 GiB. GPU 0 has a total capacity of 47.37 GiB of which 36.53 GiB is free. Including non-PyTorch memory, this process has 10.84 GiB memory in use. Of the allocated memory 10.25 GiB is allocated by PyTorch, and 83.04 MiB is reserved by PyTorch but unallocated. If reserved but unallocated memory is large try setting PYTORCH_CUDA_ALLOC_CONF=expandable_segments:True to avoid fragmentation.  See documentation for Memory Management  (https://pytorch.org/docs/stable/notes/cuda.html#environment-variables)

