Loading checkpoint shards:   0%|          | 0/5 [00:00<?, ?it/s]Loading checkpoint shards:  20%|##        | 1/5 [00:01<00:04,  1.23s/it]Loading checkpoint shards:  40%|####      | 2/5 [00:01<00:02,  1.07it/s]Loading checkpoint shards:  60%|######    | 3/5 [00:02<00:01,  1.19it/s]Loading checkpoint shards:  80%|########  | 4/5 [00:03<00:00,  1.26it/s]Loading checkpoint shards: 100%|##########| 5/5 [00:03<00:00,  1.51it/s]Loading checkpoint shards: 100%|##########| 5/5 [00:03<00:00,  1.30it/s]
WARNING:root:System prompt modified, audio output may not work as expected. Audio output mode only works when using default system prompt 'You are Qwen, a virtual human developed by the Qwen Team, Alibaba Group, capable of perceiving auditory and visual inputs, as well as generating text and speech.'
/data/armaan/venvs/omnizip_clean/lib/python3.10/site-packages/librosa/core/audio.py:172: FutureWarning: librosa.core.audio.__audioread_load
	Deprecated as of librosa version 0.10.0.
	It will be removed in librosa version 1.0.
  y, sr_native = __audioread_load(path, offset, duration, dtype)
qwen-vl-utils using decord to read video.
WARNING:root:System prompt modified, audio output may not work as expected. Audio output mode only works when using default system prompt 'You are Qwen, a virtual human developed by the Qwen Team, Alibaba Group, capable of perceiving auditory and visual inputs, as well as generating text and speech.'
/data/armaan/venvs/omnizip_clean/lib/python3.10/site-packages/librosa/core/audio.py:172: FutureWarning: librosa.core.audio.__audioread_load
	Deprecated as of librosa version 0.10.0.
	It will be removed in librosa version 1.0.
  y, sr_native = __audioread_load(path, offset, duration, dtype)
WARNING:root:System prompt modified, audio output may not work as expected. Audio output mode only works when using default system prompt 'You are Qwen, a virtual human developed by the Qwen Team, Alibaba Group, capable of perceiving auditory and visual inputs, as well as generating text and speech.'
/data/armaan/venvs/omnizip_clean/lib/python3.10/site-packages/librosa/core/audio.py:172: FutureWarning: librosa.core.audio.__audioread_load
	Deprecated as of librosa version 0.10.0.
	It will be removed in librosa version 1.0.
  y, sr_native = __audioread_load(path, offset, duration, dtype)
WARNING:root:System prompt modified, audio output may not work as expected. Audio output mode only works when using default system prompt 'You are Qwen, a virtual human developed by the Qwen Team, Alibaba Group, capable of perceiving auditory and visual inputs, as well as generating text and speech.'
/data/armaan/venvs/omnizip_clean/lib/python3.10/site-packages/librosa/core/audio.py:172: FutureWarning: librosa.core.audio.__audioread_load
	Deprecated as of librosa version 0.10.0.
	It will be removed in librosa version 1.0.
  y, sr_native = __audioread_load(path, offset, duration, dtype)
WARNING:root:System prompt modified, audio output may not work as expected. Audio output mode only works when using default system prompt 'You are Qwen, a virtual human developed by the Qwen Team, Alibaba Group, capable of perceiving auditory and visual inputs, as well as generating text and speech.'
/data/armaan/venvs/omnizip_clean/lib/python3.10/site-packages/librosa/core/audio.py:172: FutureWarning: librosa.core.audio.__audioread_load
	Deprecated as of librosa version 0.10.0.
	It will be removed in librosa version 1.0.
  y, sr_native = __audioread_load(path, offset, duration, dtype)
WARNING:root:System prompt modified, audio output may not work as expected. Audio output mode only works when using default system prompt 'You are Qwen, a virtual human developed by the Qwen Team, Alibaba Group, capable of perceiving auditory and visual inputs, as well as generating text and speech.'
/data/armaan/venvs/omnizip_clean/lib/python3.10/site-packages/librosa/core/audio.py:172: FutureWarning: librosa.core.audio.__audioread_load
	Deprecated as of librosa version 0.10.0.
	It will be removed in librosa version 1.0.
  y, sr_native = __audioread_load(path, offset, duration, dtype)
WARNING:root:System prompt modified, audio output may not work as expected. Audio output mode only works when using default system prompt 'You are Qwen, a virtual human developed by the Qwen Team, Alibaba Group, capable of perceiving auditory and visual inputs, as well as generating text and speech.'
/data/armaan/venvs/omnizip_clean/lib/python3.10/site-packages/librosa/core/audio.py:172: FutureWarning: librosa.core.audio.__audioread_load
	Deprecated as of librosa version 0.10.0.
	It will be removed in librosa version 1.0.
  y, sr_native = __audioread_load(path, offset, duration, dtype)
WARNING:root:System prompt modified, audio output may not work as expected. Audio output mode only works when using default system prompt 'You are Qwen, a virtual human developed by the Qwen Team, Alibaba Group, capable of perceiving auditory and visual inputs, as well as generating text and speech.'
/data/armaan/venvs/omnizip_clean/lib/python3.10/site-packages/librosa/core/audio.py:172: FutureWarning: librosa.core.audio.__audioread_load
	Deprecated as of librosa version 0.10.0.
	It will be removed in librosa version 1.0.
  y, sr_native = __audioread_load(path, offset, duration, dtype)
WARNING:root:System prompt modified, audio output may not work as expected. Audio output mode only works when using default system prompt 'You are Qwen, a virtual human developed by the Qwen Team, Alibaba Group, capable of perceiving auditory and visual inputs, as well as generating text and speech.'
/data/armaan/venvs/omnizip_clean/lib/python3.10/site-packages/librosa/core/audio.py:172: FutureWarning: librosa.core.audio.__audioread_load
	Deprecated as of librosa version 0.10.0.
	It will be removed in librosa version 1.0.
  y, sr_native = __audioread_load(path, offset, duration, dtype)
WARNING:root:System prompt modified, audio output may not work as expected. Audio output mode only works when using default system prompt 'You are Qwen, a virtual human developed by the Qwen Team, Alibaba Group, capable of perceiving auditory and visual inputs, as well as generating text and speech.'
/data/armaan/venvs/omnizip_clean/lib/python3.10/site-packages/librosa/core/audio.py:172: FutureWarning: librosa.core.audio.__audioread_load
	Deprecated as of librosa version 0.10.0.
	It will be removed in librosa version 1.0.
  y, sr_native = __audioread_load(path, offset, duration, dtype)
WARNING:root:System prompt modified, audio output may not work as expected. Audio output mode only works when using default system prompt 'You are Qwen, a virtual human developed by the Qwen Team, Alibaba Group, capable of perceiving auditory and visual inputs, as well as generating text and speech.'
/data/armaan/venvs/omnizip_clean/lib/python3.10/site-packages/librosa/core/audio.py:172: FutureWarning: librosa.core.audio.__audioread_load
	Deprecated as of librosa version 0.10.0.
	It will be removed in librosa version 1.0.
  y, sr_native = __audioread_load(path, offset, duration, dtype)
WARNING:root:System prompt modified, audio output may not work as expected. Audio output mode only works when using default system prompt 'You are Qwen, a virtual human developed by the Qwen Team, Alibaba Group, capable of perceiving auditory and visual inputs, as well as generating text and speech.'
/data/armaan/venvs/omnizip_clean/lib/python3.10/site-packages/librosa/core/audio.py:172: FutureWarning: librosa.core.audio.__audioread_load
	Deprecated as of librosa version 0.10.0.
	It will be removed in librosa version 1.0.
  y, sr_native = __audioread_load(path, offset, duration, dtype)
WARNING:root:System prompt modified, audio output may not work as expected. Audio output mode only works when using default system prompt 'You are Qwen, a virtual human developed by the Qwen Team, Alibaba Group, capable of perceiving auditory and visual inputs, as well as generating text and speech.'
/data/armaan/venvs/omnizip_clean/lib/python3.10/site-packages/librosa/core/audio.py:172: FutureWarning: librosa.core.audio.__audioread_load
	Deprecated as of librosa version 0.10.0.
	It will be removed in librosa version 1.0.
  y, sr_native = __audioread_load(path, offset, duration, dtype)
WARNING:root:System prompt modified, audio output may not work as expected. Audio output mode only works when using default system prompt 'You are Qwen, a virtual human developed by the Qwen Team, Alibaba Group, capable of perceiving auditory and visual inputs, as well as generating text and speech.'
/data/armaan/venvs/omnizip_clean/lib/python3.10/site-packages/librosa/core/audio.py:172: FutureWarning: librosa.core.audio.__audioread_load
	Deprecated as of librosa version 0.10.0.
	It will be removed in librosa version 1.0.
  y, sr_native = __audioread_load(path, offset, duration, dtype)
WARNING:root:System prompt modified, audio output may not work as expected. Audio output mode only works when using default system prompt 'You are Qwen, a virtual human developed by the Qwen Team, Alibaba Group, capable of perceiving auditory and visual inputs, as well as generating text and speech.'
/data/armaan/venvs/omnizip_clean/lib/python3.10/site-packages/librosa/core/audio.py:172: FutureWarning: librosa.core.audio.__audioread_load
	Deprecated as of librosa version 0.10.0.
	It will be removed in librosa version 1.0.
  y, sr_native = __audioread_load(path, offset, duration, dtype)
WARNING:root:System prompt modified, audio output may not work as expected. Audio output mode only works when using default system prompt 'You are Qwen, a virtual human developed by the Qwen Team, Alibaba Group, capable of perceiving auditory and visual inputs, as well as generating text and speech.'
/data/armaan/venvs/omnizip_clean/lib/python3.10/site-packages/librosa/core/audio.py:172: FutureWarning: librosa.core.audio.__audioread_load
	Deprecated as of librosa version 0.10.0.
	It will be removed in librosa version 1.0.
  y, sr_native = __audioread_load(path, offset, duration, dtype)
WARNING:root:System prompt modified, audio output may not work as expected. Audio output mode only works when using default system prompt 'You are Qwen, a virtual human developed by the Qwen Team, Alibaba Group, capable of perceiving auditory and visual inputs, as well as generating text and speech.'
/data/armaan/venvs/omnizip_clean/lib/python3.10/site-packages/librosa/core/audio.py:172: FutureWarning: librosa.core.audio.__audioread_load
	Deprecated as of librosa version 0.10.0.
	It will be removed in librosa version 1.0.
  y, sr_native = __audioread_load(path, offset, duration, dtype)
WARNING:root:System prompt modified, audio output may not work as expected. Audio output mode only works when using default system prompt 'You are Qwen, a virtual human developed by the Qwen Team, Alibaba Group, capable of perceiving auditory and visual inputs, as well as generating text and speech.'
/data/armaan/venvs/omnizip_clean/lib/python3.10/site-packages/librosa/core/audio.py:172: FutureWarning: librosa.core.audio.__audioread_load
	Deprecated as of librosa version 0.10.0.
	It will be removed in librosa version 1.0.
  y, sr_native = __audioread_load(path, offset, duration, dtype)
WARNING:root:System prompt modified, audio output may not work as expected. Audio output mode only works when using default system prompt 'You are Qwen, a virtual human developed by the Qwen Team, Alibaba Group, capable of perceiving auditory and visual inputs, as well as generating text and speech.'
/data/armaan/venvs/omnizip_clean/lib/python3.10/site-packages/librosa/core/audio.py:172: FutureWarning: librosa.core.audio.__audioread_load
	Deprecated as of librosa version 0.10.0.
	It will be removed in librosa version 1.0.
  y, sr_native = __audioread_load(path, offset, duration, dtype)
WARNING:root:System prompt modified, audio output may not work as expected. Audio output mode only works when using default system prompt 'You are Qwen, a virtual human developed by the Qwen Team, Alibaba Group, capable of perceiving auditory and visual inputs, as well as generating text and speech.'
/data/armaan/venvs/omnizip_clean/lib/python3.10/site-packages/librosa/core/audio.py:172: FutureWarning: librosa.core.audio.__audioread_load
	Deprecated as of librosa version 0.10.0.
	It will be removed in librosa version 1.0.
  y, sr_native = __audioread_load(path, offset, duration, dtype)
WARNING:root:System prompt modified, audio output may not work as expected. Audio output mode only works when using default system prompt 'You are Qwen, a virtual human developed by the Qwen Team, Alibaba Group, capable of perceiving auditory and visual inputs, as well as generating text and speech.'
/data/armaan/venvs/omnizip_clean/lib/python3.10/site-packages/librosa/core/audio.py:172: FutureWarning: librosa.core.audio.__audioread_load
	Deprecated as of librosa version 0.10.0.
	It will be removed in librosa version 1.0.
  y, sr_native = __audioread_load(path, offset, duration, dtype)
WARNING:root:System prompt modified, audio output may not work as expected. Audio output mode only works when using default system prompt 'You are Qwen, a virtual human developed by the Qwen Team, Alibaba Group, capable of perceiving auditory and visual inputs, as well as generating text and speech.'
/data/armaan/venvs/omnizip_clean/lib/python3.10/site-packages/librosa/core/audio.py:172: FutureWarning: librosa.core.audio.__audioread_load
	Deprecated as of librosa version 0.10.0.
	It will be removed in librosa version 1.0.
  y, sr_native = __audioread_load(path, offset, duration, dtype)
WARNING:root:System prompt modified, audio output may not work as expected. Audio output mode only works when using default system prompt 'You are Qwen, a virtual human developed by the Qwen Team, Alibaba Group, capable of perceiving auditory and visual inputs, as well as generating text and speech.'
/data/armaan/venvs/omnizip_clean/lib/python3.10/site-packages/librosa/core/audio.py:172: FutureWarning: librosa.core.audio.__audioread_load
	Deprecated as of librosa version 0.10.0.
	It will be removed in librosa version 1.0.
  y, sr_native = __audioread_load(path, offset, duration, dtype)
WARNING:root:System prompt modified, audio output may not work as expected. Audio output mode only works when using default system prompt 'You are Qwen, a virtual human developed by the Qwen Team, Alibaba Group, capable of perceiving auditory and visual inputs, as well as generating text and speech.'
/data/armaan/venvs/omnizip_clean/lib/python3.10/site-packages/librosa/core/audio.py:172: FutureWarning: librosa.core.audio.__audioread_load
	Deprecated as of librosa version 0.10.0.
	It will be removed in librosa version 1.0.
  y, sr_native = __audioread_load(path, offset, duration, dtype)
WARNING:root:System prompt modified, audio output may not work as expected. Audio output mode only works when using default system prompt 'You are Qwen, a virtual human developed by the Qwen Team, Alibaba Group, capable of perceiving auditory and visual inputs, as well as generating text and speech.'
/data/armaan/venvs/omnizip_clean/lib/python3.10/site-packages/librosa/core/audio.py:172: FutureWarning: librosa.core.audio.__audioread_load
	Deprecated as of librosa version 0.10.0.
	It will be removed in librosa version 1.0.
  y, sr_native = __audioread_load(path, offset, duration, dtype)
WARNING:root:System prompt modified, audio output may not work as expected. Audio output mode only works when using default system prompt 'You are Qwen, a virtual human developed by the Qwen Team, Alibaba Group, capable of perceiving auditory and visual inputs, as well as generating text and speech.'
/data/armaan/venvs/omnizip_clean/lib/python3.10/site-packages/librosa/core/audio.py:172: FutureWarning: librosa.core.audio.__audioread_load
	Deprecated as of librosa version 0.10.0.
	It will be removed in librosa version 1.0.
  y, sr_native = __audioread_load(path, offset, duration, dtype)
WARNING:root:System prompt modified, audio output may not work as expected. Audio output mode only works when using default system prompt 'You are Qwen, a virtual human developed by the Qwen Team, Alibaba Group, capable of perceiving auditory and visual inputs, as well as generating text and speech.'
/data/armaan/venvs/omnizip_clean/lib/python3.10/site-packages/librosa/core/audio.py:172: FutureWarning: librosa.core.audio.__audioread_load
	Deprecated as of librosa version 0.10.0.
	It will be removed in librosa version 1.0.
  y, sr_native = __audioread_load(path, offset, duration, dtype)
WARNING:root:System prompt modified, audio output may not work as expected. Audio output mode only works when using default system prompt 'You are Qwen, a virtual human developed by the Qwen Team, Alibaba Group, capable of perceiving auditory and visual inputs, as well as generating text and speech.'
/data/armaan/venvs/omnizip_clean/lib/python3.10/site-packages/librosa/core/audio.py:172: FutureWarning: librosa.core.audio.__audioread_load
	Deprecated as of librosa version 0.10.0.
	It will be removed in librosa version 1.0.
  y, sr_native = __audioread_load(path, offset, duration, dtype)
WARNING:root:System prompt modified, audio output may not work as expected. Audio output mode only works when using default system prompt 'You are Qwen, a virtual human developed by the Qwen Team, Alibaba Group, capable of perceiving auditory and visual inputs, as well as generating text and speech.'
/data/armaan/venvs/omnizip_clean/lib/python3.10/site-packages/librosa/core/audio.py:172: FutureWarning: librosa.core.audio.__audioread_load
	Deprecated as of librosa version 0.10.0.
	It will be removed in librosa version 1.0.
  y, sr_native = __audioread_load(path, offset, duration, dtype)
WARNING:root:System prompt modified, audio output may not work as expected. Audio output mode only works when using default system prompt 'You are Qwen, a virtual human developed by the Qwen Team, Alibaba Group, capable of perceiving auditory and visual inputs, as well as generating text and speech.'
/data/armaan/venvs/omnizip_clean/lib/python3.10/site-packages/librosa/core/audio.py:172: FutureWarning: librosa.core.audio.__audioread_load
	Deprecated as of librosa version 0.10.0.
	It will be removed in librosa version 1.0.
  y, sr_native = __audioread_load(path, offset, duration, dtype)
WARNING:root:System prompt modified, audio output may not work as expected. Audio output mode only works when using default system prompt 'You are Qwen, a virtual human developed by the Qwen Team, Alibaba Group, capable of perceiving auditory and visual inputs, as well as generating text and speech.'
/data/armaan/venvs/omnizip_clean/lib/python3.10/site-packages/librosa/core/audio.py:172: FutureWarning: librosa.core.audio.__audioread_load
	Deprecated as of librosa version 0.10.0.
	It will be removed in librosa version 1.0.
  y, sr_native = __audioread_load(path, offset, duration, dtype)
WARNING:root:System prompt modified, audio output may not work as expected. Audio output mode only works when using default system prompt 'You are Qwen, a virtual human developed by the Qwen Team, Alibaba Group, capable of perceiving auditory and visual inputs, as well as generating text and speech.'
/data/armaan/venvs/omnizip_clean/lib/python3.10/site-packages/librosa/core/audio.py:172: FutureWarning: librosa.core.audio.__audioread_load
	Deprecated as of librosa version 0.10.0.
	It will be removed in librosa version 1.0.
  y, sr_native = __audioread_load(path, offset, duration, dtype)
WARNING:root:System prompt modified, audio output may not work as expected. Audio output mode only works when using default system prompt 'You are Qwen, a virtual human developed by the Qwen Team, Alibaba Group, capable of perceiving auditory and visual inputs, as well as generating text and speech.'
/data/armaan/venvs/omnizip_clean/lib/python3.10/site-packages/librosa/core/audio.py:172: FutureWarning: librosa.core.audio.__audioread_load
	Deprecated as of librosa version 0.10.0.
	It will be removed in librosa version 1.0.
  y, sr_native = __audioread_load(path, offset, duration, dtype)
WARNING:root:System prompt modified, audio output may not work as expected. Audio output mode only works when using default system prompt 'You are Qwen, a virtual human developed by the Qwen Team, Alibaba Group, capable of perceiving auditory and visual inputs, as well as generating text and speech.'
/data/armaan/venvs/omnizip_clean/lib/python3.10/site-packages/librosa/core/audio.py:172: FutureWarning: librosa.core.audio.__audioread_load
	Deprecated as of librosa version 0.10.0.
	It will be removed in librosa version 1.0.
  y, sr_native = __audioread_load(path, offset, duration, dtype)
WARNING:root:System prompt modified, audio output may not work as expected. Audio output mode only works when using default system prompt 'You are Qwen, a virtual human developed by the Qwen Team, Alibaba Group, capable of perceiving auditory and visual inputs, as well as generating text and speech.'
/data/armaan/venvs/omnizip_clean/lib/python3.10/site-packages/librosa/core/audio.py:172: FutureWarning: librosa.core.audio.__audioread_load
	Deprecated as of librosa version 0.10.0.
	It will be removed in librosa version 1.0.
  y, sr_native = __audioread_load(path, offset, duration, dtype)
WARNING:root:System prompt modified, audio output may not work as expected. Audio output mode only works when using default system prompt 'You are Qwen, a virtual human developed by the Qwen Team, Alibaba Group, capable of perceiving auditory and visual inputs, as well as generating text and speech.'
/data/armaan/venvs/omnizip_clean/lib/python3.10/site-packages/librosa/core/audio.py:172: FutureWarning: librosa.core.audio.__audioread_load
	Deprecated as of librosa version 0.10.0.
	It will be removed in librosa version 1.0.
  y, sr_native = __audioread_load(path, offset, duration, dtype)
WARNING:root:System prompt modified, audio output may not work as expected. Audio output mode only works when using default system prompt 'You are Qwen, a virtual human developed by the Qwen Team, Alibaba Group, capable of perceiving auditory and visual inputs, as well as generating text and speech.'
/data/armaan/venvs/omnizip_clean/lib/python3.10/site-packages/librosa/core/audio.py:172: FutureWarning: librosa.core.audio.__audioread_load
	Deprecated as of librosa version 0.10.0.
	It will be removed in librosa version 1.0.
  y, sr_native = __audioread_load(path, offset, duration, dtype)
WARNING:root:System prompt modified, audio output may not work as expected. Audio output mode only works when using default system prompt 'You are Qwen, a virtual human developed by the Qwen Team, Alibaba Group, capable of perceiving auditory and visual inputs, as well as generating text and speech.'
/data/armaan/venvs/omnizip_clean/lib/python3.10/site-packages/librosa/core/audio.py:172: FutureWarning: librosa.core.audio.__audioread_load
	Deprecated as of librosa version 0.10.0.
	It will be removed in librosa version 1.0.
  y, sr_native = __audioread_load(path, offset, duration, dtype)
WARNING:root:System prompt modified, audio output may not work as expected. Audio output mode only works when using default system prompt 'You are Qwen, a virtual human developed by the Qwen Team, Alibaba Group, capable of perceiving auditory and visual inputs, as well as generating text and speech.'
/data/armaan/venvs/omnizip_clean/lib/python3.10/site-packages/librosa/core/audio.py:172: FutureWarning: librosa.core.audio.__audioread_load
	Deprecated as of librosa version 0.10.0.
	It will be removed in librosa version 1.0.
  y, sr_native = __audioread_load(path, offset, duration, dtype)
WARNING:root:System prompt modified, audio output may not work as expected. Audio output mode only works when using default system prompt 'You are Qwen, a virtual human developed by the Qwen Team, Alibaba Group, capable of perceiving auditory and visual inputs, as well as generating text and speech.'
/data/armaan/venvs/omnizip_clean/lib/python3.10/site-packages/librosa/core/audio.py:172: FutureWarning: librosa.core.audio.__audioread_load
	Deprecated as of librosa version 0.10.0.
	It will be removed in librosa version 1.0.
  y, sr_native = __audioread_load(path, offset, duration, dtype)
WARNING:root:System prompt modified, audio output may not work as expected. Audio output mode only works when using default system prompt 'You are Qwen, a virtual human developed by the Qwen Team, Alibaba Group, capable of perceiving auditory and visual inputs, as well as generating text and speech.'
/data/armaan/venvs/omnizip_clean/lib/python3.10/site-packages/librosa/core/audio.py:172: FutureWarning: librosa.core.audio.__audioread_load
	Deprecated as of librosa version 0.10.0.
	It will be removed in librosa version 1.0.
  y, sr_native = __audioread_load(path, offset, duration, dtype)
WARNING:root:System prompt modified, audio output may not work as expected. Audio output mode only works when using default system prompt 'You are Qwen, a virtual human developed by the Qwen Team, Alibaba Group, capable of perceiving auditory and visual inputs, as well as generating text and speech.'
/data/armaan/venvs/omnizip_clean/lib/python3.10/site-packages/librosa/core/audio.py:172: FutureWarning: librosa.core.audio.__audioread_load
	Deprecated as of librosa version 0.10.0.
	It will be removed in librosa version 1.0.
  y, sr_native = __audioread_load(path, offset, duration, dtype)
WARNING:root:System prompt modified, audio output may not work as expected. Audio output mode only works when using default system prompt 'You are Qwen, a virtual human developed by the Qwen Team, Alibaba Group, capable of perceiving auditory and visual inputs, as well as generating text and speech.'
/data/armaan/venvs/omnizip_clean/lib/python3.10/site-packages/librosa/core/audio.py:172: FutureWarning: librosa.core.audio.__audioread_load
	Deprecated as of librosa version 0.10.0.
	It will be removed in librosa version 1.0.
  y, sr_native = __audioread_load(path, offset, duration, dtype)
WARNING:root:System prompt modified, audio output may not work as expected. Audio output mode only works when using default system prompt 'You are Qwen, a virtual human developed by the Qwen Team, Alibaba Group, capable of perceiving auditory and visual inputs, as well as generating text and speech.'
/data/armaan/venvs/omnizip_clean/lib/python3.10/site-packages/librosa/core/audio.py:172: FutureWarning: librosa.core.audio.__audioread_load
	Deprecated as of librosa version 0.10.0.
	It will be removed in librosa version 1.0.
  y, sr_native = __audioread_load(path, offset, duration, dtype)
WARNING:root:System prompt modified, audio output may not work as expected. Audio output mode only works when using default system prompt 'You are Qwen, a virtual human developed by the Qwen Team, Alibaba Group, capable of perceiving auditory and visual inputs, as well as generating text and speech.'
/data/armaan/venvs/omnizip_clean/lib/python3.10/site-packages/librosa/core/audio.py:172: FutureWarning: librosa.core.audio.__audioread_load
	Deprecated as of librosa version 0.10.0.
	It will be removed in librosa version 1.0.
  y, sr_native = __audioread_load(path, offset, duration, dtype)
WARNING:root:System prompt modified, audio output may not work as expected. Audio output mode only works when using default system prompt 'You are Qwen, a virtual human developed by the Qwen Team, Alibaba Group, capable of perceiving auditory and visual inputs, as well as generating text and speech.'
/data/armaan/venvs/omnizip_clean/lib/python3.10/site-packages/librosa/core/audio.py:172: FutureWarning: librosa.core.audio.__audioread_load
	Deprecated as of librosa version 0.10.0.
	It will be removed in librosa version 1.0.
  y, sr_native = __audioread_load(path, offset, duration, dtype)
WARNING:root:System prompt modified, audio output may not work as expected. Audio output mode only works when using default system prompt 'You are Qwen, a virtual human developed by the Qwen Team, Alibaba Group, capable of perceiving auditory and visual inputs, as well as generating text and speech.'
/data/armaan/venvs/omnizip_clean/lib/python3.10/site-packages/librosa/core/audio.py:172: FutureWarning: librosa.core.audio.__audioread_load
	Deprecated as of librosa version 0.10.0.
	It will be removed in librosa version 1.0.
  y, sr_native = __audioread_load(path, offset, duration, dtype)
WARNING:root:System prompt modified, audio output may not work as expected. Audio output mode only works when using default system prompt 'You are Qwen, a virtual human developed by the Qwen Team, Alibaba Group, capable of perceiving auditory and visual inputs, as well as generating text and speech.'
/data/armaan/venvs/omnizip_clean/lib/python3.10/site-packages/librosa/core/audio.py:172: FutureWarning: librosa.core.audio.__audioread_load
	Deprecated as of librosa version 0.10.0.
	It will be removed in librosa version 1.0.
  y, sr_native = __audioread_load(path, offset, duration, dtype)
WARNING:root:System prompt modified, audio output may not work as expected. Audio output mode only works when using default system prompt 'You are Qwen, a virtual human developed by the Qwen Team, Alibaba Group, capable of perceiving auditory and visual inputs, as well as generating text and speech.'
/data/armaan/venvs/omnizip_clean/lib/python3.10/site-packages/librosa/core/audio.py:172: FutureWarning: librosa.core.audio.__audioread_load
	Deprecated as of librosa version 0.10.0.
	It will be removed in librosa version 1.0.
  y, sr_native = __audioread_load(path, offset, duration, dtype)
WARNING:root:System prompt modified, audio output may not work as expected. Audio output mode only works when using default system prompt 'You are Qwen, a virtual human developed by the Qwen Team, Alibaba Group, capable of perceiving auditory and visual inputs, as well as generating text and speech.'
/data/armaan/venvs/omnizip_clean/lib/python3.10/site-packages/librosa/core/audio.py:172: FutureWarning: librosa.core.audio.__audioread_load
	Deprecated as of librosa version 0.10.0.
	It will be removed in librosa version 1.0.
  y, sr_native = __audioread_load(path, offset, duration, dtype)
WARNING:root:System prompt modified, audio output may not work as expected. Audio output mode only works when using default system prompt 'You are Qwen, a virtual human developed by the Qwen Team, Alibaba Group, capable of perceiving auditory and visual inputs, as well as generating text and speech.'
/data/armaan/venvs/omnizip_clean/lib/python3.10/site-packages/librosa/core/audio.py:172: FutureWarning: librosa.core.audio.__audioread_load
	Deprecated as of librosa version 0.10.0.
	It will be removed in librosa version 1.0.
  y, sr_native = __audioread_load(path, offset, duration, dtype)
WARNING:root:System prompt modified, audio output may not work as expected. Audio output mode only works when using default system prompt 'You are Qwen, a virtual human developed by the Qwen Team, Alibaba Group, capable of perceiving auditory and visual inputs, as well as generating text and speech.'
/data/armaan/venvs/omnizip_clean/lib/python3.10/site-packages/librosa/core/audio.py:172: FutureWarning: librosa.core.audio.__audioread_load
	Deprecated as of librosa version 0.10.0.
	It will be removed in librosa version 1.0.
  y, sr_native = __audioread_load(path, offset, duration, dtype)
WARNING:root:System prompt modified, audio output may not work as expected. Audio output mode only works when using default system prompt 'You are Qwen, a virtual human developed by the Qwen Team, Alibaba Group, capable of perceiving auditory and visual inputs, as well as generating text and speech.'
/data/armaan/venvs/omnizip_clean/lib/python3.10/site-packages/librosa/core/audio.py:172: FutureWarning: librosa.core.audio.__audioread_load
	Deprecated as of librosa version 0.10.0.
	It will be removed in librosa version 1.0.
  y, sr_native = __audioread_load(path, offset, duration, dtype)
WARNING:root:System prompt modified, audio output may not work as expected. Audio output mode only works when using default system prompt 'You are Qwen, a virtual human developed by the Qwen Team, Alibaba Group, capable of perceiving auditory and visual inputs, as well as generating text and speech.'
/data/armaan/venvs/omnizip_clean/lib/python3.10/site-packages/librosa/core/audio.py:172: FutureWarning: librosa.core.audio.__audioread_load
	Deprecated as of librosa version 0.10.0.
	It will be removed in librosa version 1.0.
  y, sr_native = __audioread_load(path, offset, duration, dtype)
WARNING:root:System prompt modified, audio output may not work as expected. Audio output mode only works when using default system prompt 'You are Qwen, a virtual human developed by the Qwen Team, Alibaba Group, capable of perceiving auditory and visual inputs, as well as generating text and speech.'
/data/armaan/venvs/omnizip_clean/lib/python3.10/site-packages/librosa/core/audio.py:172: FutureWarning: librosa.core.audio.__audioread_load
	Deprecated as of librosa version 0.10.0.
	It will be removed in librosa version 1.0.
  y, sr_native = __audioread_load(path, offset, duration, dtype)
WARNING:root:System prompt modified, audio output may not work as expected. Audio output mode only works when using default system prompt 'You are Qwen, a virtual human developed by the Qwen Team, Alibaba Group, capable of perceiving auditory and visual inputs, as well as generating text and speech.'
/data/armaan/venvs/omnizip_clean/lib/python3.10/site-packages/librosa/core/audio.py:172: FutureWarning: librosa.core.audio.__audioread_load
	Deprecated as of librosa version 0.10.0.
	It will be removed in librosa version 1.0.
  y, sr_native = __audioread_load(path, offset, duration, dtype)
WARNING:root:System prompt modified, audio output may not work as expected. Audio output mode only works when using default system prompt 'You are Qwen, a virtual human developed by the Qwen Team, Alibaba Group, capable of perceiving auditory and visual inputs, as well as generating text and speech.'
/data/armaan/venvs/omnizip_clean/lib/python3.10/site-packages/librosa/core/audio.py:172: FutureWarning: librosa.core.audio.__audioread_load
	Deprecated as of librosa version 0.10.0.
	It will be removed in librosa version 1.0.
  y, sr_native = __audioread_load(path, offset, duration, dtype)
WARNING:root:System prompt modified, audio output may not work as expected. Audio output mode only works when using default system prompt 'You are Qwen, a virtual human developed by the Qwen Team, Alibaba Group, capable of perceiving auditory and visual inputs, as well as generating text and speech.'
/data/armaan/venvs/omnizip_clean/lib/python3.10/site-packages/librosa/core/audio.py:172: FutureWarning: librosa.core.audio.__audioread_load
	Deprecated as of librosa version 0.10.0.
	It will be removed in librosa version 1.0.
  y, sr_native = __audioread_load(path, offset, duration, dtype)
WARNING:root:System prompt modified, audio output may not work as expected. Audio output mode only works when using default system prompt 'You are Qwen, a virtual human developed by the Qwen Team, Alibaba Group, capable of perceiving auditory and visual inputs, as well as generating text and speech.'
/data/armaan/venvs/omnizip_clean/lib/python3.10/site-packages/librosa/core/audio.py:172: FutureWarning: librosa.core.audio.__audioread_load
	Deprecated as of librosa version 0.10.0.
	It will be removed in librosa version 1.0.
  y, sr_native = __audioread_load(path, offset, duration, dtype)
WARNING:root:System prompt modified, audio output may not work as expected. Audio output mode only works when using default system prompt 'You are Qwen, a virtual human developed by the Qwen Team, Alibaba Group, capable of perceiving auditory and visual inputs, as well as generating text and speech.'
/data/armaan/venvs/omnizip_clean/lib/python3.10/site-packages/librosa/core/audio.py:172: FutureWarning: librosa.core.audio.__audioread_load
	Deprecated as of librosa version 0.10.0.
	It will be removed in librosa version 1.0.
  y, sr_native = __audioread_load(path, offset, duration, dtype)
WARNING:root:System prompt modified, audio output may not work as expected. Audio output mode only works when using default system prompt 'You are Qwen, a virtual human developed by the Qwen Team, Alibaba Group, capable of perceiving auditory and visual inputs, as well as generating text and speech.'
/data/armaan/venvs/omnizip_clean/lib/python3.10/site-packages/librosa/core/audio.py:172: FutureWarning: librosa.core.audio.__audioread_load
	Deprecated as of librosa version 0.10.0.
	It will be removed in librosa version 1.0.
  y, sr_native = __audioread_load(path, offset, duration, dtype)
WARNING:root:System prompt modified, audio output may not work as expected. Audio output mode only works when using default system prompt 'You are Qwen, a virtual human developed by the Qwen Team, Alibaba Group, capable of perceiving auditory and visual inputs, as well as generating text and speech.'
/data/armaan/venvs/omnizip_clean/lib/python3.10/site-packages/librosa/core/audio.py:172: FutureWarning: librosa.core.audio.__audioread_load
	Deprecated as of librosa version 0.10.0.
	It will be removed in librosa version 1.0.
  y, sr_native = __audioread_load(path, offset, duration, dtype)
WARNING:root:System prompt modified, audio output may not work as expected. Audio output mode only works when using default system prompt 'You are Qwen, a virtual human developed by the Qwen Team, Alibaba Group, capable of perceiving auditory and visual inputs, as well as generating text and speech.'
/data/armaan/venvs/omnizip_clean/lib/python3.10/site-packages/librosa/core/audio.py:172: FutureWarning: librosa.core.audio.__audioread_load
	Deprecated as of librosa version 0.10.0.
	It will be removed in librosa version 1.0.
  y, sr_native = __audioread_load(path, offset, duration, dtype)
WARNING:root:System prompt modified, audio output may not work as expected. Audio output mode only works when using default system prompt 'You are Qwen, a virtual human developed by the Qwen Team, Alibaba Group, capable of perceiving auditory and visual inputs, as well as generating text and speech.'
/data/armaan/venvs/omnizip_clean/lib/python3.10/site-packages/librosa/core/audio.py:172: FutureWarning: librosa.core.audio.__audioread_load
	Deprecated as of librosa version 0.10.0.
	It will be removed in librosa version 1.0.
  y, sr_native = __audioread_load(path, offset, duration, dtype)
WARNING:root:System prompt modified, audio output may not work as expected. Audio output mode only works when using default system prompt 'You are Qwen, a virtual human developed by the Qwen Team, Alibaba Group, capable of perceiving auditory and visual inputs, as well as generating text and speech.'
/data/armaan/venvs/omnizip_clean/lib/python3.10/site-packages/librosa/core/audio.py:172: FutureWarning: librosa.core.audio.__audioread_load
	Deprecated as of librosa version 0.10.0.
	It will be removed in librosa version 1.0.
  y, sr_native = __audioread_load(path, offset, duration, dtype)
WARNING:root:System prompt modified, audio output may not work as expected. Audio output mode only works when using default system prompt 'You are Qwen, a virtual human developed by the Qwen Team, Alibaba Group, capable of perceiving auditory and visual inputs, as well as generating text and speech.'
/data/armaan/venvs/omnizip_clean/lib/python3.10/site-packages/librosa/core/audio.py:172: FutureWarning: librosa.core.audio.__audioread_load
	Deprecated as of librosa version 0.10.0.
	It will be removed in librosa version 1.0.
  y, sr_native = __audioread_load(path, offset, duration, dtype)
WARNING:root:System prompt modified, audio output may not work as expected. Audio output mode only works when using default system prompt 'You are Qwen, a virtual human developed by the Qwen Team, Alibaba Group, capable of perceiving auditory and visual inputs, as well as generating text and speech.'
/data/armaan/venvs/omnizip_clean/lib/python3.10/site-packages/librosa/core/audio.py:172: FutureWarning: librosa.core.audio.__audioread_load
	Deprecated as of librosa version 0.10.0.
	It will be removed in librosa version 1.0.
  y, sr_native = __audioread_load(path, offset, duration, dtype)
WARNING:root:System prompt modified, audio output may not work as expected. Audio output mode only works when using default system prompt 'You are Qwen, a virtual human developed by the Qwen Team, Alibaba Group, capable of perceiving auditory and visual inputs, as well as generating text and speech.'
/data/armaan/venvs/omnizip_clean/lib/python3.10/site-packages/librosa/core/audio.py:172: FutureWarning: librosa.core.audio.__audioread_load
	Deprecated as of librosa version 0.10.0.
	It will be removed in librosa version 1.0.
  y, sr_native = __audioread_load(path, offset, duration, dtype)
WARNING:root:System prompt modified, audio output may not work as expected. Audio output mode only works when using default system prompt 'You are Qwen, a virtual human developed by the Qwen Team, Alibaba Group, capable of perceiving auditory and visual inputs, as well as generating text and speech.'
/data/armaan/venvs/omnizip_clean/lib/python3.10/site-packages/librosa/core/audio.py:172: FutureWarning: librosa.core.audio.__audioread_load
	Deprecated as of librosa version 0.10.0.
	It will be removed in librosa version 1.0.
  y, sr_native = __audioread_load(path, offset, duration, dtype)
WARNING:root:System prompt modified, audio output may not work as expected. Audio output mode only works when using default system prompt 'You are Qwen, a virtual human developed by the Qwen Team, Alibaba Group, capable of perceiving auditory and visual inputs, as well as generating text and speech.'
/data/armaan/venvs/omnizip_clean/lib/python3.10/site-packages/librosa/core/audio.py:172: FutureWarning: librosa.core.audio.__audioread_load
	Deprecated as of librosa version 0.10.0.
	It will be removed in librosa version 1.0.
  y, sr_native = __audioread_load(path, offset, duration, dtype)
Traceback (most recent call last):
  File "/data/armaan/purs/eval_qwen_omni.py", line 1031, in <module>
    main()
  File "/data/armaan/purs/eval_qwen_omni.py", line 903, in main
    pred, reasoning, orig_nf, used_nf, timing = run_inference(
  File "/data/armaan/purs/eval_qwen_omni.py", line 649, in run_inference
    audios, images, videos = process_mm_info(messages, use_audio_in_video=effective_use_audio)
  File "/data/armaan/purs/OmniZip-main/qwen-omni-utils/src/qwen_omni_utils/v2_5/__init__.py", line 13, in process_mm_info
    vision = process_vision_info(conversations, return_video_kwargs=return_video_kwargs)
  File "/data/armaan/purs/OmniZip-main/qwen-omni-utils/src/qwen_omni_utils/v2_5/vision_process.py", line 544, in process_vision_info
    video_input, video_sample_fps = fetch_video(vision_info, return_video_sample_fps=True)
  File "/data/armaan/purs/OmniZip-main/qwen-omni-utils/src/qwen_omni_utils/v2_5/vision_process.py", line 452, in fetch_video
    video, sample_fps = VIDEO_READER_BACKENDS[video_reader_backend](ele)
  File "/data/armaan/purs/OmniZip-main/qwen-omni-utils/src/qwen_omni_utils/v2_5/vision_process.py", line 368, in _read_video_decord
    video = vr.get_batch(idx).asnumpy()
  File "/data/armaan/venvs/omnizip_clean/lib/python3.10/site-packages/decord/video_reader.py", line 175, in get_batch
    arr = _CAPI_VideoReaderGetBatch(self._handle, indices)
  File "/data/armaan/venvs/omnizip_clean/lib/python3.10/site-packages/decord/_ffi/_ctypes/function.py", line 173, in __call__
    check_call(_LIB.DECORDFuncCall(
KeyboardInterrupt
Loading checkpoint shards:   0%|          | 0/5 [00:00<?, ?it/s]Loading checkpoint shards:  20%|##        | 1/5 [00:01<00:04,  1.05s/it]Loading checkpoint shards:  40%|####      | 2/5 [00:01<00:02,  1.01it/s]Loading checkpoint shards:  60%|######    | 3/5 [00:02<00:01,  1.04it/s]Loading checkpoint shards:  80%|########  | 4/5 [00:03<00:00,  1.06it/s]Loading checkpoint shards: 100%|##########| 5/5 [00:04<00:00,  1.27it/s]Loading checkpoint shards: 100%|##########| 5/5 [00:04<00:00,  1.15it/s]
WARNING:root:System prompt modified, audio output may not work as expected. Audio output mode only works when using default system prompt 'You are Qwen, a virtual human developed by the Qwen Team, Alibaba Group, capable of perceiving auditory and visual inputs, as well as generating text and speech.'
/data/armaan/venvs/omnizip_clean/lib/python3.10/site-packages/librosa/core/audio.py:172: FutureWarning: librosa.core.audio.__audioread_load
	Deprecated as of librosa version 0.10.0.
	It will be removed in librosa version 1.0.
  y, sr_native = __audioread_load(path, offset, duration, dtype)
qwen-vl-utils using decord to read video.
WARNING:root:System prompt modified, audio output may not work as expected. Audio output mode only works when using default system prompt 'You are Qwen, a virtual human developed by the Qwen Team, Alibaba Group, capable of perceiving auditory and visual inputs, as well as generating text and speech.'
/data/armaan/venvs/omnizip_clean/lib/python3.10/site-packages/librosa/core/audio.py:172: FutureWarning: librosa.core.audio.__audioread_load
	Deprecated as of librosa version 0.10.0.
	It will be removed in librosa version 1.0.
  y, sr_native = __audioread_load(path, offset, duration, dtype)
WARNING:root:System prompt modified, audio output may not work as expected. Audio output mode only works when using default system prompt 'You are Qwen, a virtual human developed by the Qwen Team, Alibaba Group, capable of perceiving auditory and visual inputs, as well as generating text and speech.'
/data/armaan/venvs/omnizip_clean/lib/python3.10/site-packages/librosa/core/audio.py:172: FutureWarning: librosa.core.audio.__audioread_load
	Deprecated as of librosa version 0.10.0.
	It will be removed in librosa version 1.0.
  y, sr_native = __audioread_load(path, offset, duration, dtype)
WARNING:root:System prompt modified, audio output may not work as expected. Audio output mode only works when using default system prompt 'You are Qwen, a virtual human developed by the Qwen Team, Alibaba Group, capable of perceiving auditory and visual inputs, as well as generating text and speech.'
/data/armaan/venvs/omnizip_clean/lib/python3.10/site-packages/librosa/core/audio.py:172: FutureWarning: librosa.core.audio.__audioread_load
	Deprecated as of librosa version 0.10.0.
	It will be removed in librosa version 1.0.
  y, sr_native = __audioread_load(path, offset, duration, dtype)
WARNING:root:System prompt modified, audio output may not work as expected. Audio output mode only works when using default system prompt 'You are Qwen, a virtual human developed by the Qwen Team, Alibaba Group, capable of perceiving auditory and visual inputs, as well as generating text and speech.'
/data/armaan/venvs/omnizip_clean/lib/python3.10/site-packages/librosa/core/audio.py:172: FutureWarning: librosa.core.audio.__audioread_load
	Deprecated as of librosa version 0.10.0.
	It will be removed in librosa version 1.0.
  y, sr_native = __audioread_load(path, offset, duration, dtype)
WARNING:root:System prompt modified, audio output may not work as expected. Audio output mode only works when using default system prompt 'You are Qwen, a virtual human developed by the Qwen Team, Alibaba Group, capable of perceiving auditory and visual inputs, as well as generating text and speech.'
/data/armaan/venvs/omnizip_clean/lib/python3.10/site-packages/librosa/core/audio.py:172: FutureWarning: librosa.core.audio.__audioread_load
	Deprecated as of librosa version 0.10.0.
	It will be removed in librosa version 1.0.
  y, sr_native = __audioread_load(path, offset, duration, dtype)
WARNING:root:System prompt modified, audio output may not work as expected. Audio output mode only works when using default system prompt 'You are Qwen, a virtual human developed by the Qwen Team, Alibaba Group, capable of perceiving auditory and visual inputs, as well as generating text and speech.'
/data/armaan/venvs/omnizip_clean/lib/python3.10/site-packages/librosa/core/audio.py:172: FutureWarning: librosa.core.audio.__audioread_load
	Deprecated as of librosa version 0.10.0.
	It will be removed in librosa version 1.0.
  y, sr_native = __audioread_load(path, offset, duration, dtype)
WARNING:root:System prompt modified, audio output may not work as expected. Audio output mode only works when using default system prompt 'You are Qwen, a virtual human developed by the Qwen Team, Alibaba Group, capable of perceiving auditory and visual inputs, as well as generating text and speech.'
/data/armaan/venvs/omnizip_clean/lib/python3.10/site-packages/librosa/core/audio.py:172: FutureWarning: librosa.core.audio.__audioread_load
	Deprecated as of librosa version 0.10.0.
	It will be removed in librosa version 1.0.
  y, sr_native = __audioread_load(path, offset, duration, dtype)
WARNING:root:System prompt modified, audio output may not work as expected. Audio output mode only works when using default system prompt 'You are Qwen, a virtual human developed by the Qwen Team, Alibaba Group, capable of perceiving auditory and visual inputs, as well as generating text and speech.'
/data/armaan/venvs/omnizip_clean/lib/python3.10/site-packages/librosa/core/audio.py:172: FutureWarning: librosa.core.audio.__audioread_load
	Deprecated as of librosa version 0.10.0.
	It will be removed in librosa version 1.0.
  y, sr_native = __audioread_load(path, offset, duration, dtype)
WARNING:root:System prompt modified, audio output may not work as expected. Audio output mode only works when using default system prompt 'You are Qwen, a virtual human developed by the Qwen Team, Alibaba Group, capable of perceiving auditory and visual inputs, as well as generating text and speech.'
/data/armaan/venvs/omnizip_clean/lib/python3.10/site-packages/librosa/core/audio.py:172: FutureWarning: librosa.core.audio.__audioread_load
	Deprecated as of librosa version 0.10.0.
	It will be removed in librosa version 1.0.
  y, sr_native = __audioread_load(path, offset, duration, dtype)
WARNING:root:System prompt modified, audio output may not work as expected. Audio output mode only works when using default system prompt 'You are Qwen, a virtual human developed by the Qwen Team, Alibaba Group, capable of perceiving auditory and visual inputs, as well as generating text and speech.'
/data/armaan/venvs/omnizip_clean/lib/python3.10/site-packages/librosa/core/audio.py:172: FutureWarning: librosa.core.audio.__audioread_load
	Deprecated as of librosa version 0.10.0.
	It will be removed in librosa version 1.0.
  y, sr_native = __audioread_load(path, offset, duration, dtype)
WARNING:root:System prompt modified, audio output may not work as expected. Audio output mode only works when using default system prompt 'You are Qwen, a virtual human developed by the Qwen Team, Alibaba Group, capable of perceiving auditory and visual inputs, as well as generating text and speech.'
/data/armaan/venvs/omnizip_clean/lib/python3.10/site-packages/librosa/core/audio.py:172: FutureWarning: librosa.core.audio.__audioread_load
	Deprecated as of librosa version 0.10.0.
	It will be removed in librosa version 1.0.
  y, sr_native = __audioread_load(path, offset, duration, dtype)
WARNING:root:System prompt modified, audio output may not work as expected. Audio output mode only works when using default system prompt 'You are Qwen, a virtual human developed by the Qwen Team, Alibaba Group, capable of perceiving auditory and visual inputs, as well as generating text and speech.'
/data/armaan/venvs/omnizip_clean/lib/python3.10/site-packages/librosa/core/audio.py:172: FutureWarning: librosa.core.audio.__audioread_load
	Deprecated as of librosa version 0.10.0.
	It will be removed in librosa version 1.0.
  y, sr_native = __audioread_load(path, offset, duration, dtype)
WARNING:root:System prompt modified, audio output may not work as expected. Audio output mode only works when using default system prompt 'You are Qwen, a virtual human developed by the Qwen Team, Alibaba Group, capable of perceiving auditory and visual inputs, as well as generating text and speech.'
/data/armaan/venvs/omnizip_clean/lib/python3.10/site-packages/librosa/core/audio.py:172: FutureWarning: librosa.core.audio.__audioread_load
	Deprecated as of librosa version 0.10.0.
	It will be removed in librosa version 1.0.
  y, sr_native = __audioread_load(path, offset, duration, dtype)
WARNING:root:System prompt modified, audio output may not work as expected. Audio output mode only works when using default system prompt 'You are Qwen, a virtual human developed by the Qwen Team, Alibaba Group, capable of perceiving auditory and visual inputs, as well as generating text and speech.'
/data/armaan/venvs/omnizip_clean/lib/python3.10/site-packages/librosa/core/audio.py:172: FutureWarning: librosa.core.audio.__audioread_load
	Deprecated as of librosa version 0.10.0.
	It will be removed in librosa version 1.0.
  y, sr_native = __audioread_load(path, offset, duration, dtype)
WARNING:root:System prompt modified, audio output may not work as expected. Audio output mode only works when using default system prompt 'You are Qwen, a virtual human developed by the Qwen Team, Alibaba Group, capable of perceiving auditory and visual inputs, as well as generating text and speech.'
/data/armaan/venvs/omnizip_clean/lib/python3.10/site-packages/librosa/core/audio.py:172: FutureWarning: librosa.core.audio.__audioread_load
	Deprecated as of librosa version 0.10.0.
	It will be removed in librosa version 1.0.
  y, sr_native = __audioread_load(path, offset, duration, dtype)
WARNING:root:System prompt modified, audio output may not work as expected. Audio output mode only works when using default system prompt 'You are Qwen, a virtual human developed by the Qwen Team, Alibaba Group, capable of perceiving auditory and visual inputs, as well as generating text and speech.'
/data/armaan/venvs/omnizip_clean/lib/python3.10/site-packages/librosa/core/audio.py:172: FutureWarning: librosa.core.audio.__audioread_load
	Deprecated as of librosa version 0.10.0.
	It will be removed in librosa version 1.0.
  y, sr_native = __audioread_load(path, offset, duration, dtype)
WARNING:root:System prompt modified, audio output may not work as expected. Audio output mode only works when using default system prompt 'You are Qwen, a virtual human developed by the Qwen Team, Alibaba Group, capable of perceiving auditory and visual inputs, as well as generating text and speech.'
/data/armaan/venvs/omnizip_clean/lib/python3.10/site-packages/librosa/core/audio.py:172: FutureWarning: librosa.core.audio.__audioread_load
	Deprecated as of librosa version 0.10.0.
	It will be removed in librosa version 1.0.
  y, sr_native = __audioread_load(path, offset, duration, dtype)
WARNING:root:System prompt modified, audio output may not work as expected. Audio output mode only works when using default system prompt 'You are Qwen, a virtual human developed by the Qwen Team, Alibaba Group, capable of perceiving auditory and visual inputs, as well as generating text and speech.'
/data/armaan/venvs/omnizip_clean/lib/python3.10/site-packages/librosa/core/audio.py:172: FutureWarning: librosa.core.audio.__audioread_load
	Deprecated as of librosa version 0.10.0.
	It will be removed in librosa version 1.0.
  y, sr_native = __audioread_load(path, offset, duration, dtype)
WARNING:root:System prompt modified, audio output may not work as expected. Audio output mode only works when using default system prompt 'You are Qwen, a virtual human developed by the Qwen Team, Alibaba Group, capable of perceiving auditory and visual inputs, as well as generating text and speech.'
/data/armaan/venvs/omnizip_clean/lib/python3.10/site-packages/librosa/core/audio.py:172: FutureWarning: librosa.core.audio.__audioread_load
	Deprecated as of librosa version 0.10.0.
	It will be removed in librosa version 1.0.
  y, sr_native = __audioread_load(path, offset, duration, dtype)
WARNING:root:System prompt modified, audio output may not work as expected. Audio output mode only works when using default system prompt 'You are Qwen, a virtual human developed by the Qwen Team, Alibaba Group, capable of perceiving auditory and visual inputs, as well as generating text and speech.'
/data/armaan/venvs/omnizip_clean/lib/python3.10/site-packages/librosa/core/audio.py:172: FutureWarning: librosa.core.audio.__audioread_load
	Deprecated as of librosa version 0.10.0.
	It will be removed in librosa version 1.0.
  y, sr_native = __audioread_load(path, offset, duration, dtype)
WARNING:root:System prompt modified, audio output may not work as expected. Audio output mode only works when using default system prompt 'You are Qwen, a virtual human developed by the Qwen Team, Alibaba Group, capable of perceiving auditory and visual inputs, as well as generating text and speech.'
/data/armaan/venvs/omnizip_clean/lib/python3.10/site-packages/librosa/core/audio.py:172: FutureWarning: librosa.core.audio.__audioread_load
	Deprecated as of librosa version 0.10.0.
	It will be removed in librosa version 1.0.
  y, sr_native = __audioread_load(path, offset, duration, dtype)
WARNING:root:System prompt modified, audio output may not work as expected. Audio output mode only works when using default system prompt 'You are Qwen, a virtual human developed by the Qwen Team, Alibaba Group, capable of perceiving auditory and visual inputs, as well as generating text and speech.'
/data/armaan/venvs/omnizip_clean/lib/python3.10/site-packages/librosa/core/audio.py:172: FutureWarning: librosa.core.audio.__audioread_load
	Deprecated as of librosa version 0.10.0.
	It will be removed in librosa version 1.0.
  y, sr_native = __audioread_load(path, offset, duration, dtype)
WARNING:root:System prompt modified, audio output may not work as expected. Audio output mode only works when using default system prompt 'You are Qwen, a virtual human developed by the Qwen Team, Alibaba Group, capable of perceiving auditory and visual inputs, as well as generating text and speech.'
/data/armaan/venvs/omnizip_clean/lib/python3.10/site-packages/librosa/core/audio.py:172: FutureWarning: librosa.core.audio.__audioread_load
	Deprecated as of librosa version 0.10.0.
	It will be removed in librosa version 1.0.
  y, sr_native = __audioread_load(path, offset, duration, dtype)
WARNING:root:System prompt modified, audio output may not work as expected. Audio output mode only works when using default system prompt 'You are Qwen, a virtual human developed by the Qwen Team, Alibaba Group, capable of perceiving auditory and visual inputs, as well as generating text and speech.'
/data/armaan/venvs/omnizip_clean/lib/python3.10/site-packages/librosa/core/audio.py:172: FutureWarning: librosa.core.audio.__audioread_load
	Deprecated as of librosa version 0.10.0.
	It will be removed in librosa version 1.0.
  y, sr_native = __audioread_load(path, offset, duration, dtype)
WARNING:root:System prompt modified, audio output may not work as expected. Audio output mode only works when using default system prompt 'You are Qwen, a virtual human developed by the Qwen Team, Alibaba Group, capable of perceiving auditory and visual inputs, as well as generating text and speech.'
/data/armaan/venvs/omnizip_clean/lib/python3.10/site-packages/librosa/core/audio.py:172: FutureWarning: librosa.core.audio.__audioread_load
	Deprecated as of librosa version 0.10.0.
	It will be removed in librosa version 1.0.
  y, sr_native = __audioread_load(path, offset, duration, dtype)
WARNING:root:System prompt modified, audio output may not work as expected. Audio output mode only works when using default system prompt 'You are Qwen, a virtual human developed by the Qwen Team, Alibaba Group, capable of perceiving auditory and visual inputs, as well as generating text and speech.'
/data/armaan/venvs/omnizip_clean/lib/python3.10/site-packages/librosa/core/audio.py:172: FutureWarning: librosa.core.audio.__audioread_load
	Deprecated as of librosa version 0.10.0.
	It will be removed in librosa version 1.0.
  y, sr_native = __audioread_load(path, offset, duration, dtype)
WARNING:root:System prompt modified, audio output may not work as expected. Audio output mode only works when using default system prompt 'You are Qwen, a virtual human developed by the Qwen Team, Alibaba Group, capable of perceiving auditory and visual inputs, as well as generating text and speech.'
/data/armaan/venvs/omnizip_clean/lib/python3.10/site-packages/librosa/core/audio.py:172: FutureWarning: librosa.core.audio.__audioread_load
	Deprecated as of librosa version 0.10.0.
	It will be removed in librosa version 1.0.
  y, sr_native = __audioread_load(path, offset, duration, dtype)
WARNING:root:System prompt modified, audio output may not work as expected. Audio output mode only works when using default system prompt 'You are Qwen, a virtual human developed by the Qwen Team, Alibaba Group, capable of perceiving auditory and visual inputs, as well as generating text and speech.'
/data/armaan/venvs/omnizip_clean/lib/python3.10/site-packages/librosa/core/audio.py:172: FutureWarning: librosa.core.audio.__audioread_load
	Deprecated as of librosa version 0.10.0.
	It will be removed in librosa version 1.0.
  y, sr_native = __audioread_load(path, offset, duration, dtype)
WARNING:root:System prompt modified, audio output may not work as expected. Audio output mode only works when using default system prompt 'You are Qwen, a virtual human developed by the Qwen Team, Alibaba Group, capable of perceiving auditory and visual inputs, as well as generating text and speech.'
/data/armaan/venvs/omnizip_clean/lib/python3.10/site-packages/librosa/core/audio.py:172: FutureWarning: librosa.core.audio.__audioread_load
	Deprecated as of librosa version 0.10.0.
	It will be removed in librosa version 1.0.
  y, sr_native = __audioread_load(path, offset, duration, dtype)
WARNING:root:System prompt modified, audio output may not work as expected. Audio output mode only works when using default system prompt 'You are Qwen, a virtual human developed by the Qwen Team, Alibaba Group, capable of perceiving auditory and visual inputs, as well as generating text and speech.'
/data/armaan/venvs/omnizip_clean/lib/python3.10/site-packages/librosa/core/audio.py:172: FutureWarning: librosa.core.audio.__audioread_load
	Deprecated as of librosa version 0.10.0.
	It will be removed in librosa version 1.0.
  y, sr_native = __audioread_load(path, offset, duration, dtype)
WARNING:root:System prompt modified, audio output may not work as expected. Audio output mode only works when using default system prompt 'You are Qwen, a virtual human developed by the Qwen Team, Alibaba Group, capable of perceiving auditory and visual inputs, as well as generating text and speech.'
/data/armaan/venvs/omnizip_clean/lib/python3.10/site-packages/librosa/core/audio.py:172: FutureWarning: librosa.core.audio.__audioread_load
	Deprecated as of librosa version 0.10.0.
	It will be removed in librosa version 1.0.
  y, sr_native = __audioread_load(path, offset, duration, dtype)
WARNING:root:System prompt modified, audio output may not work as expected. Audio output mode only works when using default system prompt 'You are Qwen, a virtual human developed by the Qwen Team, Alibaba Group, capable of perceiving auditory and visual inputs, as well as generating text and speech.'
/data/armaan/venvs/omnizip_clean/lib/python3.10/site-packages/librosa/core/audio.py:172: FutureWarning: librosa.core.audio.__audioread_load
	Deprecated as of librosa version 0.10.0.
	It will be removed in librosa version 1.0.
  y, sr_native = __audioread_load(path, offset, duration, dtype)
WARNING:root:System prompt modified, audio output may not work as expected. Audio output mode only works when using default system prompt 'You are Qwen, a virtual human developed by the Qwen Team, Alibaba Group, capable of perceiving auditory and visual inputs, as well as generating text and speech.'
/data/armaan/venvs/omnizip_clean/lib/python3.10/site-packages/librosa/core/audio.py:172: FutureWarning: librosa.core.audio.__audioread_load
	Deprecated as of librosa version 0.10.0.
	It will be removed in librosa version 1.0.
  y, sr_native = __audioread_load(path, offset, duration, dtype)
WARNING:root:System prompt modified, audio output may not work as expected. Audio output mode only works when using default system prompt 'You are Qwen, a virtual human developed by the Qwen Team, Alibaba Group, capable of perceiving auditory and visual inputs, as well as generating text and speech.'
/data/armaan/venvs/omnizip_clean/lib/python3.10/site-packages/librosa/core/audio.py:172: FutureWarning: librosa.core.audio.__audioread_load
	Deprecated as of librosa version 0.10.0.
	It will be removed in librosa version 1.0.
  y, sr_native = __audioread_load(path, offset, duration, dtype)
WARNING:root:System prompt modified, audio output may not work as expected. Audio output mode only works when using default system prompt 'You are Qwen, a virtual human developed by the Qwen Team, Alibaba Group, capable of perceiving auditory and visual inputs, as well as generating text and speech.'
/data/armaan/venvs/omnizip_clean/lib/python3.10/site-packages/librosa/core/audio.py:172: FutureWarning: librosa.core.audio.__audioread_load
	Deprecated as of librosa version 0.10.0.
	It will be removed in librosa version 1.0.
  y, sr_native = __audioread_load(path, offset, duration, dtype)
WARNING:root:System prompt modified, audio output may not work as expected. Audio output mode only works when using default system prompt 'You are Qwen, a virtual human developed by the Qwen Team, Alibaba Group, capable of perceiving auditory and visual inputs, as well as generating text and speech.'
/data/armaan/venvs/omnizip_clean/lib/python3.10/site-packages/librosa/core/audio.py:172: FutureWarning: librosa.core.audio.__audioread_load
	Deprecated as of librosa version 0.10.0.
	It will be removed in librosa version 1.0.
  y, sr_native = __audioread_load(path, offset, duration, dtype)
WARNING:root:System prompt modified, audio output may not work as expected. Audio output mode only works when using default system prompt 'You are Qwen, a virtual human developed by the Qwen Team, Alibaba Group, capable of perceiving auditory and visual inputs, as well as generating text and speech.'
/data/armaan/venvs/omnizip_clean/lib/python3.10/site-packages/librosa/core/audio.py:172: FutureWarning: librosa.core.audio.__audioread_load
	Deprecated as of librosa version 0.10.0.
	It will be removed in librosa version 1.0.
  y, sr_native = __audioread_load(path, offset, duration, dtype)
WARNING:root:System prompt modified, audio output may not work as expected. Audio output mode only works when using default system prompt 'You are Qwen, a virtual human developed by the Qwen Team, Alibaba Group, capable of perceiving auditory and visual inputs, as well as generating text and speech.'
/data/armaan/venvs/omnizip_clean/lib/python3.10/site-packages/librosa/core/audio.py:172: FutureWarning: librosa.core.audio.__audioread_load
	Deprecated as of librosa version 0.10.0.
	It will be removed in librosa version 1.0.
  y, sr_native = __audioread_load(path, offset, duration, dtype)
WARNING:root:System prompt modified, audio output may not work as expected. Audio output mode only works when using default system prompt 'You are Qwen, a virtual human developed by the Qwen Team, Alibaba Group, capable of perceiving auditory and visual inputs, as well as generating text and speech.'
/data/armaan/venvs/omnizip_clean/lib/python3.10/site-packages/librosa/core/audio.py:172: FutureWarning: librosa.core.audio.__audioread_load
	Deprecated as of librosa version 0.10.0.
	It will be removed in librosa version 1.0.
  y, sr_native = __audioread_load(path, offset, duration, dtype)
WARNING:root:System prompt modified, audio output may not work as expected. Audio output mode only works when using default system prompt 'You are Qwen, a virtual human developed by the Qwen Team, Alibaba Group, capable of perceiving auditory and visual inputs, as well as generating text and speech.'
/data/armaan/venvs/omnizip_clean/lib/python3.10/site-packages/librosa/core/audio.py:172: FutureWarning: librosa.core.audio.__audioread_load
	Deprecated as of librosa version 0.10.0.
	It will be removed in librosa version 1.0.
  y, sr_native = __audioread_load(path, offset, duration, dtype)
WARNING:root:System prompt modified, audio output may not work as expected. Audio output mode only works when using default system prompt 'You are Qwen, a virtual human developed by the Qwen Team, Alibaba Group, capable of perceiving auditory and visual inputs, as well as generating text and speech.'
/data/armaan/venvs/omnizip_clean/lib/python3.10/site-packages/librosa/core/audio.py:172: FutureWarning: librosa.core.audio.__audioread_load
	Deprecated as of librosa version 0.10.0.
	It will be removed in librosa version 1.0.
  y, sr_native = __audioread_load(path, offset, duration, dtype)
WARNING:root:System prompt modified, audio output may not work as expected. Audio output mode only works when using default system prompt 'You are Qwen, a virtual human developed by the Qwen Team, Alibaba Group, capable of perceiving auditory and visual inputs, as well as generating text and speech.'
/data/armaan/venvs/omnizip_clean/lib/python3.10/site-packages/librosa/core/audio.py:172: FutureWarning: librosa.core.audio.__audioread_load
	Deprecated as of librosa version 0.10.0.
	It will be removed in librosa version 1.0.
  y, sr_native = __audioread_load(path, offset, duration, dtype)
WARNING:root:System prompt modified, audio output may not work as expected. Audio output mode only works when using default system prompt 'You are Qwen, a virtual human developed by the Qwen Team, Alibaba Group, capable of perceiving auditory and visual inputs, as well as generating text and speech.'
/data/armaan/venvs/omnizip_clean/lib/python3.10/site-packages/librosa/core/audio.py:172: FutureWarning: librosa.core.audio.__audioread_load
	Deprecated as of librosa version 0.10.0.
	It will be removed in librosa version 1.0.
  y, sr_native = __audioread_load(path, offset, duration, dtype)
WARNING:root:System prompt modified, audio output may not work as expected. Audio output mode only works when using default system prompt 'You are Qwen, a virtual human developed by the Qwen Team, Alibaba Group, capable of perceiving auditory and visual inputs, as well as generating text and speech.'
/data/armaan/venvs/omnizip_clean/lib/python3.10/site-packages/librosa/core/audio.py:172: FutureWarning: librosa.core.audio.__audioread_load
	Deprecated as of librosa version 0.10.0.
	It will be removed in librosa version 1.0.
  y, sr_native = __audioread_load(path, offset, duration, dtype)
WARNING:root:System prompt modified, audio output may not work as expected. Audio output mode only works when using default system prompt 'You are Qwen, a virtual human developed by the Qwen Team, Alibaba Group, capable of perceiving auditory and visual inputs, as well as generating text and speech.'
/data/armaan/venvs/omnizip_clean/lib/python3.10/site-packages/librosa/core/audio.py:172: FutureWarning: librosa.core.audio.__audioread_load
	Deprecated as of librosa version 0.10.0.
	It will be removed in librosa version 1.0.
  y, sr_native = __audioread_load(path, offset, duration, dtype)
WARNING:root:System prompt modified, audio output may not work as expected. Audio output mode only works when using default system prompt 'You are Qwen, a virtual human developed by the Qwen Team, Alibaba Group, capable of perceiving auditory and visual inputs, as well as generating text and speech.'
/data/armaan/venvs/omnizip_clean/lib/python3.10/site-packages/librosa/core/audio.py:172: FutureWarning: librosa.core.audio.__audioread_load
	Deprecated as of librosa version 0.10.0.
	It will be removed in librosa version 1.0.
  y, sr_native = __audioread_load(path, offset, duration, dtype)
WARNING:root:System prompt modified, audio output may not work as expected. Audio output mode only works when using default system prompt 'You are Qwen, a virtual human developed by the Qwen Team, Alibaba Group, capable of perceiving auditory and visual inputs, as well as generating text and speech.'
/data/armaan/venvs/omnizip_clean/lib/python3.10/site-packages/librosa/core/audio.py:172: FutureWarning: librosa.core.audio.__audioread_load
	Deprecated as of librosa version 0.10.0.
	It will be removed in librosa version 1.0.
  y, sr_native = __audioread_load(path, offset, duration, dtype)
WARNING:root:System prompt modified, audio output may not work as expected. Audio output mode only works when using default system prompt 'You are Qwen, a virtual human developed by the Qwen Team, Alibaba Group, capable of perceiving auditory and visual inputs, as well as generating text and speech.'
/data/armaan/venvs/omnizip_clean/lib/python3.10/site-packages/librosa/core/audio.py:172: FutureWarning: librosa.core.audio.__audioread_load
	Deprecated as of librosa version 0.10.0.
	It will be removed in librosa version 1.0.
  y, sr_native = __audioread_load(path, offset, duration, dtype)
WARNING:root:System prompt modified, audio output may not work as expected. Audio output mode only works when using default system prompt 'You are Qwen, a virtual human developed by the Qwen Team, Alibaba Group, capable of perceiving auditory and visual inputs, as well as generating text and speech.'
/data/armaan/venvs/omnizip_clean/lib/python3.10/site-packages/librosa/core/audio.py:172: FutureWarning: librosa.core.audio.__audioread_load
	Deprecated as of librosa version 0.10.0.
	It will be removed in librosa version 1.0.
  y, sr_native = __audioread_load(path, offset, duration, dtype)
WARNING:root:System prompt modified, audio output may not work as expected. Audio output mode only works when using default system prompt 'You are Qwen, a virtual human developed by the Qwen Team, Alibaba Group, capable of perceiving auditory and visual inputs, as well as generating text and speech.'
/data/armaan/venvs/omnizip_clean/lib/python3.10/site-packages/librosa/core/audio.py:172: FutureWarning: librosa.core.audio.__audioread_load
	Deprecated as of librosa version 0.10.0.
	It will be removed in librosa version 1.0.
  y, sr_native = __audioread_load(path, offset, duration, dtype)
WARNING:root:System prompt modified, audio output may not work as expected. Audio output mode only works when using default system prompt 'You are Qwen, a virtual human developed by the Qwen Team, Alibaba Group, capable of perceiving auditory and visual inputs, as well as generating text and speech.'
/data/armaan/venvs/omnizip_clean/lib/python3.10/site-packages/librosa/core/audio.py:172: FutureWarning: librosa.core.audio.__audioread_load
	Deprecated as of librosa version 0.10.0.
	It will be removed in librosa version 1.0.
  y, sr_native = __audioread_load(path, offset, duration, dtype)
WARNING:root:System prompt modified, audio output may not work as expected. Audio output mode only works when using default system prompt 'You are Qwen, a virtual human developed by the Qwen Team, Alibaba Group, capable of perceiving auditory and visual inputs, as well as generating text and speech.'
/data/armaan/venvs/omnizip_clean/lib/python3.10/site-packages/librosa/core/audio.py:172: FutureWarning: librosa.core.audio.__audioread_load
	Deprecated as of librosa version 0.10.0.
	It will be removed in librosa version 1.0.
  y, sr_native = __audioread_load(path, offset, duration, dtype)
WARNING:root:System prompt modified, audio output may not work as expected. Audio output mode only works when using default system prompt 'You are Qwen, a virtual human developed by the Qwen Team, Alibaba Group, capable of perceiving auditory and visual inputs, as well as generating text and speech.'
/data/armaan/venvs/omnizip_clean/lib/python3.10/site-packages/librosa/core/audio.py:172: FutureWarning: librosa.core.audio.__audioread_load
	Deprecated as of librosa version 0.10.0.
	It will be removed in librosa version 1.0.
  y, sr_native = __audioread_load(path, offset, duration, dtype)
WARNING:root:System prompt modified, audio output may not work as expected. Audio output mode only works when using default system prompt 'You are Qwen, a virtual human developed by the Qwen Team, Alibaba Group, capable of perceiving auditory and visual inputs, as well as generating text and speech.'
/data/armaan/venvs/omnizip_clean/lib/python3.10/site-packages/librosa/core/audio.py:172: FutureWarning: librosa.core.audio.__audioread_load
	Deprecated as of librosa version 0.10.0.
	It will be removed in librosa version 1.0.
  y, sr_native = __audioread_load(path, offset, duration, dtype)
WARNING:root:System prompt modified, audio output may not work as expected. Audio output mode only works when using default system prompt 'You are Qwen, a virtual human developed by the Qwen Team, Alibaba Group, capable of perceiving auditory and visual inputs, as well as generating text and speech.'
/data/armaan/venvs/omnizip_clean/lib/python3.10/site-packages/librosa/core/audio.py:172: FutureWarning: librosa.core.audio.__audioread_load
	Deprecated as of librosa version 0.10.0.
	It will be removed in librosa version 1.0.
  y, sr_native = __audioread_load(path, offset, duration, dtype)
WARNING:root:System prompt modified, audio output may not work as expected. Audio output mode only works when using default system prompt 'You are Qwen, a virtual human developed by the Qwen Team, Alibaba Group, capable of perceiving auditory and visual inputs, as well as generating text and speech.'
/data/armaan/venvs/omnizip_clean/lib/python3.10/site-packages/librosa/core/audio.py:172: FutureWarning: librosa.core.audio.__audioread_load
	Deprecated as of librosa version 0.10.0.
	It will be removed in librosa version 1.0.
  y, sr_native = __audioread_load(path, offset, duration, dtype)
WARNING:root:System prompt modified, audio output may not work as expected. Audio output mode only works when using default system prompt 'You are Qwen, a virtual human developed by the Qwen Team, Alibaba Group, capable of perceiving auditory and visual inputs, as well as generating text and speech.'
/data/armaan/venvs/omnizip_clean/lib/python3.10/site-packages/librosa/core/audio.py:172: FutureWarning: librosa.core.audio.__audioread_load
	Deprecated as of librosa version 0.10.0.
	It will be removed in librosa version 1.0.
  y, sr_native = __audioread_load(path, offset, duration, dtype)
WARNING:root:System prompt modified, audio output may not work as expected. Audio output mode only works when using default system prompt 'You are Qwen, a virtual human developed by the Qwen Team, Alibaba Group, capable of perceiving auditory and visual inputs, as well as generating text and speech.'
/data/armaan/venvs/omnizip_clean/lib/python3.10/site-packages/librosa/core/audio.py:172: FutureWarning: librosa.core.audio.__audioread_load
	Deprecated as of librosa version 0.10.0.
	It will be removed in librosa version 1.0.
  y, sr_native = __audioread_load(path, offset, duration, dtype)
WARNING:root:System prompt modified, audio output may not work as expected. Audio output mode only works when using default system prompt 'You are Qwen, a virtual human developed by the Qwen Team, Alibaba Group, capable of perceiving auditory and visual inputs, as well as generating text and speech.'
/data/armaan/venvs/omnizip_clean/lib/python3.10/site-packages/librosa/core/audio.py:172: FutureWarning: librosa.core.audio.__audioread_load
	Deprecated as of librosa version 0.10.0.
	It will be removed in librosa version 1.0.
  y, sr_native = __audioread_load(path, offset, duration, dtype)
WARNING:root:System prompt modified, audio output may not work as expected. Audio output mode only works when using default system prompt 'You are Qwen, a virtual human developed by the Qwen Team, Alibaba Group, capable of perceiving auditory and visual inputs, as well as generating text and speech.'
/data/armaan/venvs/omnizip_clean/lib/python3.10/site-packages/librosa/core/audio.py:172: FutureWarning: librosa.core.audio.__audioread_load
	Deprecated as of librosa version 0.10.0.
	It will be removed in librosa version 1.0.
  y, sr_native = __audioread_load(path, offset, duration, dtype)
WARNING:root:System prompt modified, audio output may not work as expected. Audio output mode only works when using default system prompt 'You are Qwen, a virtual human developed by the Qwen Team, Alibaba Group, capable of perceiving auditory and visual inputs, as well as generating text and speech.'
/data/armaan/venvs/omnizip_clean/lib/python3.10/site-packages/librosa/core/audio.py:172: FutureWarning: librosa.core.audio.__audioread_load
	Deprecated as of librosa version 0.10.0.
	It will be removed in librosa version 1.0.
  y, sr_native = __audioread_load(path, offset, duration, dtype)
WARNING:root:System prompt modified, audio output may not work as expected. Audio output mode only works when using default system prompt 'You are Qwen, a virtual human developed by the Qwen Team, Alibaba Group, capable of perceiving auditory and visual inputs, as well as generating text and speech.'
/data/armaan/venvs/omnizip_clean/lib/python3.10/site-packages/librosa/core/audio.py:172: FutureWarning: librosa.core.audio.__audioread_load
	Deprecated as of librosa version 0.10.0.
	It will be removed in librosa version 1.0.
  y, sr_native = __audioread_load(path, offset, duration, dtype)
WARNING:root:System prompt modified, audio output may not work as expected. Audio output mode only works when using default system prompt 'You are Qwen, a virtual human developed by the Qwen Team, Alibaba Group, capable of perceiving auditory and visual inputs, as well as generating text and speech.'
/data/armaan/venvs/omnizip_clean/lib/python3.10/site-packages/librosa/core/audio.py:172: FutureWarning: librosa.core.audio.__audioread_load
	Deprecated as of librosa version 0.10.0.
	It will be removed in librosa version 1.0.
  y, sr_native = __audioread_load(path, offset, duration, dtype)
WARNING:root:System prompt modified, audio output may not work as expected. Audio output mode only works when using default system prompt 'You are Qwen, a virtual human developed by the Qwen Team, Alibaba Group, capable of perceiving auditory and visual inputs, as well as generating text and speech.'
/data/armaan/venvs/omnizip_clean/lib/python3.10/site-packages/librosa/core/audio.py:172: FutureWarning: librosa.core.audio.__audioread_load
	Deprecated as of librosa version 0.10.0.
	It will be removed in librosa version 1.0.
  y, sr_native = __audioread_load(path, offset, duration, dtype)
WARNING:root:System prompt modified, audio output may not work as expected. Audio output mode only works when using default system prompt 'You are Qwen, a virtual human developed by the Qwen Team, Alibaba Group, capable of perceiving auditory and visual inputs, as well as generating text and speech.'
/data/armaan/venvs/omnizip_clean/lib/python3.10/site-packages/librosa/core/audio.py:172: FutureWarning: librosa.core.audio.__audioread_load
	Deprecated as of librosa version 0.10.0.
	It will be removed in librosa version 1.0.
  y, sr_native = __audioread_load(path, offset, duration, dtype)
WARNING:root:System prompt modified, audio output may not work as expected. Audio output mode only works when using default system prompt 'You are Qwen, a virtual human developed by the Qwen Team, Alibaba Group, capable of perceiving auditory and visual inputs, as well as generating text and speech.'
/data/armaan/venvs/omnizip_clean/lib/python3.10/site-packages/librosa/core/audio.py:172: FutureWarning: librosa.core.audio.__audioread_load
	Deprecated as of librosa version 0.10.0.
	It will be removed in librosa version 1.0.
  y, sr_native = __audioread_load(path, offset, duration, dtype)
WARNING:root:System prompt modified, audio output may not work as expected. Audio output mode only works when using default system prompt 'You are Qwen, a virtual human developed by the Qwen Team, Alibaba Group, capable of perceiving auditory and visual inputs, as well as generating text and speech.'
/data/armaan/venvs/omnizip_clean/lib/python3.10/site-packages/librosa/core/audio.py:172: FutureWarning: librosa.core.audio.__audioread_load
	Deprecated as of librosa version 0.10.0.
	It will be removed in librosa version 1.0.
  y, sr_native = __audioread_load(path, offset, duration, dtype)
WARNING:root:System prompt modified, audio output may not work as expected. Audio output mode only works when using default system prompt 'You are Qwen, a virtual human developed by the Qwen Team, Alibaba Group, capable of perceiving auditory and visual inputs, as well as generating text and speech.'
/data/armaan/venvs/omnizip_clean/lib/python3.10/site-packages/librosa/core/audio.py:172: FutureWarning: librosa.core.audio.__audioread_load
	Deprecated as of librosa version 0.10.0.
	It will be removed in librosa version 1.0.
  y, sr_native = __audioread_load(path, offset, duration, dtype)
WARNING:root:System prompt modified, audio output may not work as expected. Audio output mode only works when using default system prompt 'You are Qwen, a virtual human developed by the Qwen Team, Alibaba Group, capable of perceiving auditory and visual inputs, as well as generating text and speech.'
/data/armaan/venvs/omnizip_clean/lib/python3.10/site-packages/librosa/core/audio.py:172: FutureWarning: librosa.core.audio.__audioread_load
	Deprecated as of librosa version 0.10.0.
	It will be removed in librosa version 1.0.
  y, sr_native = __audioread_load(path, offset, duration, dtype)
WARNING:root:System prompt modified, audio output may not work as expected. Audio output mode only works when using default system prompt 'You are Qwen, a virtual human developed by the Qwen Team, Alibaba Group, capable of perceiving auditory and visual inputs, as well as generating text and speech.'
/data/armaan/venvs/omnizip_clean/lib/python3.10/site-packages/librosa/core/audio.py:172: FutureWarning: librosa.core.audio.__audioread_load
	Deprecated as of librosa version 0.10.0.
	It will be removed in librosa version 1.0.
  y, sr_native = __audioread_load(path, offset, duration, dtype)
WARNING:root:System prompt modified, audio output may not work as expected. Audio output mode only works when using default system prompt 'You are Qwen, a virtual human developed by the Qwen Team, Alibaba Group, capable of perceiving auditory and visual inputs, as well as generating text and speech.'
/data/armaan/venvs/omnizip_clean/lib/python3.10/site-packages/librosa/core/audio.py:172: FutureWarning: librosa.core.audio.__audioread_load
	Deprecated as of librosa version 0.10.0.
	It will be removed in librosa version 1.0.
  y, sr_native = __audioread_load(path, offset, duration, dtype)
WARNING:root:System prompt modified, audio output may not work as expected. Audio output mode only works when using default system prompt 'You are Qwen, a virtual human developed by the Qwen Team, Alibaba Group, capable of perceiving auditory and visual inputs, as well as generating text and speech.'
/data/armaan/venvs/omnizip_clean/lib/python3.10/site-packages/librosa/core/audio.py:172: FutureWarning: librosa.core.audio.__audioread_load
	Deprecated as of librosa version 0.10.0.
	It will be removed in librosa version 1.0.
  y, sr_native = __audioread_load(path, offset, duration, dtype)
WARNING:root:System prompt modified, audio output may not work as expected. Audio output mode only works when using default system prompt 'You are Qwen, a virtual human developed by the Qwen Team, Alibaba Group, capable of perceiving auditory and visual inputs, as well as generating text and speech.'
/data/armaan/venvs/omnizip_clean/lib/python3.10/site-packages/librosa/core/audio.py:172: FutureWarning: librosa.core.audio.__audioread_load
	Deprecated as of librosa version 0.10.0.
	It will be removed in librosa version 1.0.
  y, sr_native = __audioread_load(path, offset, duration, dtype)
WARNING:root:System prompt modified, audio output may not work as expected. Audio output mode only works when using default system prompt 'You are Qwen, a virtual human developed by the Qwen Team, Alibaba Group, capable of perceiving auditory and visual inputs, as well as generating text and speech.'
/data/armaan/venvs/omnizip_clean/lib/python3.10/site-packages/librosa/core/audio.py:172: FutureWarning: librosa.core.audio.__audioread_load
	Deprecated as of librosa version 0.10.0.
	It will be removed in librosa version 1.0.
  y, sr_native = __audioread_load(path, offset, duration, dtype)
WARNING:root:System prompt modified, audio output may not work as expected. Audio output mode only works when using default system prompt 'You are Qwen, a virtual human developed by the Qwen Team, Alibaba Group, capable of perceiving auditory and visual inputs, as well as generating text and speech.'
/data/armaan/venvs/omnizip_clean/lib/python3.10/site-packages/librosa/core/audio.py:172: FutureWarning: librosa.core.audio.__audioread_load
	Deprecated as of librosa version 0.10.0.
	It will be removed in librosa version 1.0.
  y, sr_native = __audioread_load(path, offset, duration, dtype)
WARNING:root:System prompt modified, audio output may not work as expected. Audio output mode only works when using default system prompt 'You are Qwen, a virtual human developed by the Qwen Team, Alibaba Group, capable of perceiving auditory and visual inputs, as well as generating text and speech.'
/data/armaan/venvs/omnizip_clean/lib/python3.10/site-packages/librosa/core/audio.py:172: FutureWarning: librosa.core.audio.__audioread_load
	Deprecated as of librosa version 0.10.0.
	It will be removed in librosa version 1.0.
  y, sr_native = __audioread_load(path, offset, duration, dtype)
WARNING:root:System prompt modified, audio output may not work as expected. Audio output mode only works when using default system prompt 'You are Qwen, a virtual human developed by the Qwen Team, Alibaba Group, capable of perceiving auditory and visual inputs, as well as generating text and speech.'
/data/armaan/venvs/omnizip_clean/lib/python3.10/site-packages/librosa/core/audio.py:172: FutureWarning: librosa.core.audio.__audioread_load
	Deprecated as of librosa version 0.10.0.
	It will be removed in librosa version 1.0.
  y, sr_native = __audioread_load(path, offset, duration, dtype)
WARNING:root:System prompt modified, audio output may not work as expected. Audio output mode only works when using default system prompt 'You are Qwen, a virtual human developed by the Qwen Team, Alibaba Group, capable of perceiving auditory and visual inputs, as well as generating text and speech.'
/data/armaan/venvs/omnizip_clean/lib/python3.10/site-packages/librosa/core/audio.py:172: FutureWarning: librosa.core.audio.__audioread_load
	Deprecated as of librosa version 0.10.0.
	It will be removed in librosa version 1.0.
  y, sr_native = __audioread_load(path, offset, duration, dtype)
WARNING:root:System prompt modified, audio output may not work as expected. Audio output mode only works when using default system prompt 'You are Qwen, a virtual human developed by the Qwen Team, Alibaba Group, capable of perceiving auditory and visual inputs, as well as generating text and speech.'
/data/armaan/venvs/omnizip_clean/lib/python3.10/site-packages/librosa/core/audio.py:172: FutureWarning: librosa.core.audio.__audioread_load
	Deprecated as of librosa version 0.10.0.
	It will be removed in librosa version 1.0.
  y, sr_native = __audioread_load(path, offset, duration, dtype)
WARNING:root:System prompt modified, audio output may not work as expected. Audio output mode only works when using default system prompt 'You are Qwen, a virtual human developed by the Qwen Team, Alibaba Group, capable of perceiving auditory and visual inputs, as well as generating text and speech.'
/data/armaan/venvs/omnizip_clean/lib/python3.10/site-packages/librosa/core/audio.py:172: FutureWarning: librosa.core.audio.__audioread_load
	Deprecated as of librosa version 0.10.0.
	It will be removed in librosa version 1.0.
  y, sr_native = __audioread_load(path, offset, duration, dtype)
WARNING:root:System prompt modified, audio output may not work as expected. Audio output mode only works when using default system prompt 'You are Qwen, a virtual human developed by the Qwen Team, Alibaba Group, capable of perceiving auditory and visual inputs, as well as generating text and speech.'
/data/armaan/venvs/omnizip_clean/lib/python3.10/site-packages/librosa/core/audio.py:172: FutureWarning: librosa.core.audio.__audioread_load
	Deprecated as of librosa version 0.10.0.
	It will be removed in librosa version 1.0.
  y, sr_native = __audioread_load(path, offset, duration, dtype)
WARNING:root:System prompt modified, audio output may not work as expected. Audio output mode only works when using default system prompt 'You are Qwen, a virtual human developed by the Qwen Team, Alibaba Group, capable of perceiving auditory and visual inputs, as well as generating text and speech.'
/data/armaan/venvs/omnizip_clean/lib/python3.10/site-packages/librosa/core/audio.py:172: FutureWarning: librosa.core.audio.__audioread_load
	Deprecated as of librosa version 0.10.0.
	It will be removed in librosa version 1.0.
  y, sr_native = __audioread_load(path, offset, duration, dtype)
WARNING:root:System prompt modified, audio output may not work as expected. Audio output mode only works when using default system prompt 'You are Qwen, a virtual human developed by the Qwen Team, Alibaba Group, capable of perceiving auditory and visual inputs, as well as generating text and speech.'
/data/armaan/venvs/omnizip_clean/lib/python3.10/site-packages/librosa/core/audio.py:172: FutureWarning: librosa.core.audio.__audioread_load
	Deprecated as of librosa version 0.10.0.
	It will be removed in librosa version 1.0.
  y, sr_native = __audioread_load(path, offset, duration, dtype)
WARNING:root:System prompt modified, audio output may not work as expected. Audio output mode only works when using default system prompt 'You are Qwen, a virtual human developed by the Qwen Team, Alibaba Group, capable of perceiving auditory and visual inputs, as well as generating text and speech.'
/data/armaan/venvs/omnizip_clean/lib/python3.10/site-packages/librosa/core/audio.py:172: FutureWarning: librosa.core.audio.__audioread_load
	Deprecated as of librosa version 0.10.0.
	It will be removed in librosa version 1.0.
  y, sr_native = __audioread_load(path, offset, duration, dtype)
WARNING:root:System prompt modified, audio output may not work as expected. Audio output mode only works when using default system prompt 'You are Qwen, a virtual human developed by the Qwen Team, Alibaba Group, capable of perceiving auditory and visual inputs, as well as generating text and speech.'
/data/armaan/venvs/omnizip_clean/lib/python3.10/site-packages/librosa/core/audio.py:172: FutureWarning: librosa.core.audio.__audioread_load
	Deprecated as of librosa version 0.10.0.
	It will be removed in librosa version 1.0.
  y, sr_native = __audioread_load(path, offset, duration, dtype)
WARNING:root:System prompt modified, audio output may not work as expected. Audio output mode only works when using default system prompt 'You are Qwen, a virtual human developed by the Qwen Team, Alibaba Group, capable of perceiving auditory and visual inputs, as well as generating text and speech.'
/data/armaan/venvs/omnizip_clean/lib/python3.10/site-packages/librosa/core/audio.py:172: FutureWarning: librosa.core.audio.__audioread_load
	Deprecated as of librosa version 0.10.0.
	It will be removed in librosa version 1.0.
  y, sr_native = __audioread_load(path, offset, duration, dtype)
WARNING:root:System prompt modified, audio output may not work as expected. Audio output mode only works when using default system prompt 'You are Qwen, a virtual human developed by the Qwen Team, Alibaba Group, capable of perceiving auditory and visual inputs, as well as generating text and speech.'
/data/armaan/venvs/omnizip_clean/lib/python3.10/site-packages/librosa/core/audio.py:172: FutureWarning: librosa.core.audio.__audioread_load
	Deprecated as of librosa version 0.10.0.
	It will be removed in librosa version 1.0.
  y, sr_native = __audioread_load(path, offset, duration, dtype)
WARNING:root:System prompt modified, audio output may not work as expected. Audio output mode only works when using default system prompt 'You are Qwen, a virtual human developed by the Qwen Team, Alibaba Group, capable of perceiving auditory and visual inputs, as well as generating text and speech.'
/data/armaan/venvs/omnizip_clean/lib/python3.10/site-packages/librosa/core/audio.py:172: FutureWarning: librosa.core.audio.__audioread_load
	Deprecated as of librosa version 0.10.0.
	It will be removed in librosa version 1.0.
  y, sr_native = __audioread_load(path, offset, duration, dtype)
WARNING:root:System prompt modified, audio output may not work as expected. Audio output mode only works when using default system prompt 'You are Qwen, a virtual human developed by the Qwen Team, Alibaba Group, capable of perceiving auditory and visual inputs, as well as generating text and speech.'
/data/armaan/venvs/omnizip_clean/lib/python3.10/site-packages/librosa/core/audio.py:172: FutureWarning: librosa.core.audio.__audioread_load
	Deprecated as of librosa version 0.10.0.
	It will be removed in librosa version 1.0.
  y, sr_native = __audioread_load(path, offset, duration, dtype)
WARNING:root:System prompt modified, audio output may not work as expected. Audio output mode only works when using default system prompt 'You are Qwen, a virtual human developed by the Qwen Team, Alibaba Group, capable of perceiving auditory and visual inputs, as well as generating text and speech.'
/data/armaan/venvs/omnizip_clean/lib/python3.10/site-packages/librosa/core/audio.py:172: FutureWarning: librosa.core.audio.__audioread_load
	Deprecated as of librosa version 0.10.0.
	It will be removed in librosa version 1.0.
  y, sr_native = __audioread_load(path, offset, duration, dtype)
WARNING:root:System prompt modified, audio output may not work as expected. Audio output mode only works when using default system prompt 'You are Qwen, a virtual human developed by the Qwen Team, Alibaba Group, capable of perceiving auditory and visual inputs, as well as generating text and speech.'
/data/armaan/venvs/omnizip_clean/lib/python3.10/site-packages/librosa/core/audio.py:172: FutureWarning: librosa.core.audio.__audioread_load
	Deprecated as of librosa version 0.10.0.
	It will be removed in librosa version 1.0.
  y, sr_native = __audioread_load(path, offset, duration, dtype)
WARNING:root:System prompt modified, audio output may not work as expected. Audio output mode only works when using default system prompt 'You are Qwen, a virtual human developed by the Qwen Team, Alibaba Group, capable of perceiving auditory and visual inputs, as well as generating text and speech.'
/data/armaan/venvs/omnizip_clean/lib/python3.10/site-packages/librosa/core/audio.py:172: FutureWarning: librosa.core.audio.__audioread_load
	Deprecated as of librosa version 0.10.0.
	It will be removed in librosa version 1.0.
  y, sr_native = __audioread_load(path, offset, duration, dtype)
WARNING:root:System prompt modified, audio output may not work as expected. Audio output mode only works when using default system prompt 'You are Qwen, a virtual human developed by the Qwen Team, Alibaba Group, capable of perceiving auditory and visual inputs, as well as generating text and speech.'
/data/armaan/venvs/omnizip_clean/lib/python3.10/site-packages/librosa/core/audio.py:172: FutureWarning: librosa.core.audio.__audioread_load
	Deprecated as of librosa version 0.10.0.
	It will be removed in librosa version 1.0.
  y, sr_native = __audioread_load(path, offset, duration, dtype)
WARNING:root:System prompt modified, audio output may not work as expected. Audio output mode only works when using default system prompt 'You are Qwen, a virtual human developed by the Qwen Team, Alibaba Group, capable of perceiving auditory and visual inputs, as well as generating text and speech.'
/data/armaan/venvs/omnizip_clean/lib/python3.10/site-packages/librosa/core/audio.py:172: FutureWarning: librosa.core.audio.__audioread_load
	Deprecated as of librosa version 0.10.0.
	It will be removed in librosa version 1.0.
  y, sr_native = __audioread_load(path, offset, duration, dtype)
WARNING:root:System prompt modified, audio output may not work as expected. Audio output mode only works when using default system prompt 'You are Qwen, a virtual human developed by the Qwen Team, Alibaba Group, capable of perceiving auditory and visual inputs, as well as generating text and speech.'
/data/armaan/venvs/omnizip_clean/lib/python3.10/site-packages/librosa/core/audio.py:172: FutureWarning: librosa.core.audio.__audioread_load
	Deprecated as of librosa version 0.10.0.
	It will be removed in librosa version 1.0.
  y, sr_native = __audioread_load(path, offset, duration, dtype)
WARNING:root:System prompt modified, audio output may not work as expected. Audio output mode only works when using default system prompt 'You are Qwen, a virtual human developed by the Qwen Team, Alibaba Group, capable of perceiving auditory and visual inputs, as well as generating text and speech.'
/data/armaan/venvs/omnizip_clean/lib/python3.10/site-packages/librosa/core/audio.py:172: FutureWarning: librosa.core.audio.__audioread_load
	Deprecated as of librosa version 0.10.0.
	It will be removed in librosa version 1.0.
  y, sr_native = __audioread_load(path, offset, duration, dtype)
WARNING:root:System prompt modified, audio output may not work as expected. Audio output mode only works when using default system prompt 'You are Qwen, a virtual human developed by the Qwen Team, Alibaba Group, capable of perceiving auditory and visual inputs, as well as generating text and speech.'
/data/armaan/venvs/omnizip_clean/lib/python3.10/site-packages/librosa/core/audio.py:172: FutureWarning: librosa.core.audio.__audioread_load
	Deprecated as of librosa version 0.10.0.
	It will be removed in librosa version 1.0.
  y, sr_native = __audioread_load(path, offset, duration, dtype)
WARNING:root:System prompt modified, audio output may not work as expected. Audio output mode only works when using default system prompt 'You are Qwen, a virtual human developed by the Qwen Team, Alibaba Group, capable of perceiving auditory and visual inputs, as well as generating text and speech.'
/data/armaan/venvs/omnizip_clean/lib/python3.10/site-packages/librosa/core/audio.py:172: FutureWarning: librosa.core.audio.__audioread_load
	Deprecated as of librosa version 0.10.0.
	It will be removed in librosa version 1.0.
  y, sr_native = __audioread_load(path, offset, duration, dtype)
WARNING:root:System prompt modified, audio output may not work as expected. Audio output mode only works when using default system prompt 'You are Qwen, a virtual human developed by the Qwen Team, Alibaba Group, capable of perceiving auditory and visual inputs, as well as generating text and speech.'
/data/armaan/venvs/omnizip_clean/lib/python3.10/site-packages/librosa/core/audio.py:172: FutureWarning: librosa.core.audio.__audioread_load
	Deprecated as of librosa version 0.10.0.
	It will be removed in librosa version 1.0.
  y, sr_native = __audioread_load(path, offset, duration, dtype)
WARNING:root:System prompt modified, audio output may not work as expected. Audio output mode only works when using default system prompt 'You are Qwen, a virtual human developed by the Qwen Team, Alibaba Group, capable of perceiving auditory and visual inputs, as well as generating text and speech.'
/data/armaan/venvs/omnizip_clean/lib/python3.10/site-packages/librosa/core/audio.py:172: FutureWarning: librosa.core.audio.__audioread_load
	Deprecated as of librosa version 0.10.0.
	It will be removed in librosa version 1.0.
  y, sr_native = __audioread_load(path, offset, duration, dtype)
WARNING:root:System prompt modified, audio output may not work as expected. Audio output mode only works when using default system prompt 'You are Qwen, a virtual human developed by the Qwen Team, Alibaba Group, capable of perceiving auditory and visual inputs, as well as generating text and speech.'
/data/armaan/venvs/omnizip_clean/lib/python3.10/site-packages/librosa/core/audio.py:172: FutureWarning: librosa.core.audio.__audioread_load
	Deprecated as of librosa version 0.10.0.
	It will be removed in librosa version 1.0.
  y, sr_native = __audioread_load(path, offset, duration, dtype)
WARNING:root:System prompt modified, audio output may not work as expected. Audio output mode only works when using default system prompt 'You are Qwen, a virtual human developed by the Qwen Team, Alibaba Group, capable of perceiving auditory and visual inputs, as well as generating text and speech.'
/data/armaan/venvs/omnizip_clean/lib/python3.10/site-packages/librosa/core/audio.py:172: FutureWarning: librosa.core.audio.__audioread_load
	Deprecated as of librosa version 0.10.0.
	It will be removed in librosa version 1.0.
  y, sr_native = __audioread_load(path, offset, duration, dtype)
WARNING:root:System prompt modified, audio output may not work as expected. Audio output mode only works when using default system prompt 'You are Qwen, a virtual human developed by the Qwen Team, Alibaba Group, capable of perceiving auditory and visual inputs, as well as generating text and speech.'
/data/armaan/venvs/omnizip_clean/lib/python3.10/site-packages/librosa/core/audio.py:172: FutureWarning: librosa.core.audio.__audioread_load
	Deprecated as of librosa version 0.10.0.
	It will be removed in librosa version 1.0.
  y, sr_native = __audioread_load(path, offset, duration, dtype)
WARNING:root:System prompt modified, audio output may not work as expected. Audio output mode only works when using default system prompt 'You are Qwen, a virtual human developed by the Qwen Team, Alibaba Group, capable of perceiving auditory and visual inputs, as well as generating text and speech.'
/data/armaan/venvs/omnizip_clean/lib/python3.10/site-packages/librosa/core/audio.py:172: FutureWarning: librosa.core.audio.__audioread_load
	Deprecated as of librosa version 0.10.0.
	It will be removed in librosa version 1.0.
  y, sr_native = __audioread_load(path, offset, duration, dtype)
WARNING:root:System prompt modified, audio output may not work as expected. Audio output mode only works when using default system prompt 'You are Qwen, a virtual human developed by the Qwen Team, Alibaba Group, capable of perceiving auditory and visual inputs, as well as generating text and speech.'
/data/armaan/venvs/omnizip_clean/lib/python3.10/site-packages/librosa/core/audio.py:172: FutureWarning: librosa.core.audio.__audioread_load
	Deprecated as of librosa version 0.10.0.
	It will be removed in librosa version 1.0.
  y, sr_native = __audioread_load(path, offset, duration, dtype)
WARNING:root:System prompt modified, audio output may not work as expected. Audio output mode only works when using default system prompt 'You are Qwen, a virtual human developed by the Qwen Team, Alibaba Group, capable of perceiving auditory and visual inputs, as well as generating text and speech.'
/data/armaan/venvs/omnizip_clean/lib/python3.10/site-packages/librosa/core/audio.py:172: FutureWarning: librosa.core.audio.__audioread_load
	Deprecated as of librosa version 0.10.0.
	It will be removed in librosa version 1.0.
  y, sr_native = __audioread_load(path, offset, duration, dtype)
WARNING:root:System prompt modified, audio output may not work as expected. Audio output mode only works when using default system prompt 'You are Qwen, a virtual human developed by the Qwen Team, Alibaba Group, capable of perceiving auditory and visual inputs, as well as generating text and speech.'
/data/armaan/venvs/omnizip_clean/lib/python3.10/site-packages/librosa/core/audio.py:172: FutureWarning: librosa.core.audio.__audioread_load
	Deprecated as of librosa version 0.10.0.
	It will be removed in librosa version 1.0.
  y, sr_native = __audioread_load(path, offset, duration, dtype)
WARNING:root:System prompt modified, audio output may not work as expected. Audio output mode only works when using default system prompt 'You are Qwen, a virtual human developed by the Qwen Team, Alibaba Group, capable of perceiving auditory and visual inputs, as well as generating text and speech.'
/data/armaan/venvs/omnizip_clean/lib/python3.10/site-packages/librosa/core/audio.py:172: FutureWarning: librosa.core.audio.__audioread_load
	Deprecated as of librosa version 0.10.0.
	It will be removed in librosa version 1.0.
  y, sr_native = __audioread_load(path, offset, duration, dtype)
WARNING:root:System prompt modified, audio output may not work as expected. Audio output mode only works when using default system prompt 'You are Qwen, a virtual human developed by the Qwen Team, Alibaba Group, capable of perceiving auditory and visual inputs, as well as generating text and speech.'
/data/armaan/venvs/omnizip_clean/lib/python3.10/site-packages/librosa/core/audio.py:172: FutureWarning: librosa.core.audio.__audioread_load
	Deprecated as of librosa version 0.10.0.
	It will be removed in librosa version 1.0.
  y, sr_native = __audioread_load(path, offset, duration, dtype)
WARNING:root:System prompt modified, audio output may not work as expected. Audio output mode only works when using default system prompt 'You are Qwen, a virtual human developed by the Qwen Team, Alibaba Group, capable of perceiving auditory and visual inputs, as well as generating text and speech.'
/data/armaan/venvs/omnizip_clean/lib/python3.10/site-packages/librosa/core/audio.py:172: FutureWarning: librosa.core.audio.__audioread_load
	Deprecated as of librosa version 0.10.0.
	It will be removed in librosa version 1.0.
  y, sr_native = __audioread_load(path, offset, duration, dtype)
WARNING:root:System prompt modified, audio output may not work as expected. Audio output mode only works when using default system prompt 'You are Qwen, a virtual human developed by the Qwen Team, Alibaba Group, capable of perceiving auditory and visual inputs, as well as generating text and speech.'
/data/armaan/venvs/omnizip_clean/lib/python3.10/site-packages/librosa/core/audio.py:172: FutureWarning: librosa.core.audio.__audioread_load
	Deprecated as of librosa version 0.10.0.
	It will be removed in librosa version 1.0.
  y, sr_native = __audioread_load(path, offset, duration, dtype)
WARNING:root:System prompt modified, audio output may not work as expected. Audio output mode only works when using default system prompt 'You are Qwen, a virtual human developed by the Qwen Team, Alibaba Group, capable of perceiving auditory and visual inputs, as well as generating text and speech.'
/data/armaan/venvs/omnizip_clean/lib/python3.10/site-packages/librosa/core/audio.py:172: FutureWarning: librosa.core.audio.__audioread_load
	Deprecated as of librosa version 0.10.0.
	It will be removed in librosa version 1.0.
  y, sr_native = __audioread_load(path, offset, duration, dtype)
WARNING:root:System prompt modified, audio output may not work as expected. Audio output mode only works when using default system prompt 'You are Qwen, a virtual human developed by the Qwen Team, Alibaba Group, capable of perceiving auditory and visual inputs, as well as generating text and speech.'
/data/armaan/venvs/omnizip_clean/lib/python3.10/site-packages/librosa/core/audio.py:172: FutureWarning: librosa.core.audio.__audioread_load
	Deprecated as of librosa version 0.10.0.
	It will be removed in librosa version 1.0.
  y, sr_native = __audioread_load(path, offset, duration, dtype)
WARNING:root:System prompt modified, audio output may not work as expected. Audio output mode only works when using default system prompt 'You are Qwen, a virtual human developed by the Qwen Team, Alibaba Group, capable of perceiving auditory and visual inputs, as well as generating text and speech.'
/data/armaan/venvs/omnizip_clean/lib/python3.10/site-packages/librosa/core/audio.py:172: FutureWarning: librosa.core.audio.__audioread_load
	Deprecated as of librosa version 0.10.0.
	It will be removed in librosa version 1.0.
  y, sr_native = __audioread_load(path, offset, duration, dtype)
WARNING:root:System prompt modified, audio output may not work as expected. Audio output mode only works when using default system prompt 'You are Qwen, a virtual human developed by the Qwen Team, Alibaba Group, capable of perceiving auditory and visual inputs, as well as generating text and speech.'
/data/armaan/venvs/omnizip_clean/lib/python3.10/site-packages/librosa/core/audio.py:172: FutureWarning: librosa.core.audio.__audioread_load
	Deprecated as of librosa version 0.10.0.
	It will be removed in librosa version 1.0.
  y, sr_native = __audioread_load(path, offset, duration, dtype)
WARNING:root:System prompt modified, audio output may not work as expected. Audio output mode only works when using default system prompt 'You are Qwen, a virtual human developed by the Qwen Team, Alibaba Group, capable of perceiving auditory and visual inputs, as well as generating text and speech.'
/data/armaan/venvs/omnizip_clean/lib/python3.10/site-packages/librosa/core/audio.py:172: FutureWarning: librosa.core.audio.__audioread_load
	Deprecated as of librosa version 0.10.0.
	It will be removed in librosa version 1.0.
  y, sr_native = __audioread_load(path, offset, duration, dtype)
WARNING:root:System prompt modified, audio output may not work as expected. Audio output mode only works when using default system prompt 'You are Qwen, a virtual human developed by the Qwen Team, Alibaba Group, capable of perceiving auditory and visual inputs, as well as generating text and speech.'
/data/armaan/venvs/omnizip_clean/lib/python3.10/site-packages/librosa/core/audio.py:172: FutureWarning: librosa.core.audio.__audioread_load
	Deprecated as of librosa version 0.10.0.
	It will be removed in librosa version 1.0.
  y, sr_native = __audioread_load(path, offset, duration, dtype)
