
--- video-mme/Action Reasoning ---
Traceback (most recent call last):
  File "/data/armaan/purs/eval_qwen_omni.py", line 843, in main
    pred, reasoning = run_inference(
  File "/data/armaan/purs/eval_qwen_omni.py", line 660, in run_inference
    raw_out = model.generate(**gen_in, **gen_kw)
  File "/data/armaan/venvs/omnizip_clean/lib/python3.10/site-packages/awq/models/base.py", line 134, in generate
    return self.model.generate(*args, **kwargs)
  File "/data/armaan/venvs/omnizip_clean/lib/python3.10/site-packages/torch/utils/_contextlib.py", line 116, in decorate_context
    return func(*args, **kwargs)
  File "/data/armaan/purs/Qwen2.5-Omni/low-VRAM-mode/modeling_qwen2_5_omni_low_VRAM_mode.py", line 4760, in generate
    thinker_result = self.thinker.generate(input_ids=input_ids, **thinker_kwargs)
  File "/data/armaan/venvs/omnizip_clean/lib/python3.10/site-packages/torch/utils/_contextlib.py", line 116, in decorate_context
    return func(*args, **kwargs)
  File "/data/armaan/venvs/omnizip_clean/lib/python3.10/site-packages/transformers/generation/utils.py", line 2597, in generate
    result = self._sample(
  File "/data/armaan/venvs/omnizip_clean/lib/python3.10/site-packages/transformers/generation/utils.py", line 3557, in _sample
    outputs = self(**model_inputs, return_dict=True)
  File "/data/armaan/venvs/omnizip_clean/lib/python3.10/site-packages/torch/nn/modules/module.py", line 1739, in _wrapped_call_impl
    return self._call_impl(*args, **kwargs)
  File "/data/armaan/venvs/omnizip_clean/lib/python3.10/site-packages/torch/nn/modules/module.py", line 1750, in _call_impl
    return forward_call(*args, **kwargs)
  File "/data/armaan/purs/Qwen2.5-Omni/low-VRAM-mode/modeling_qwen2_5_omni_low_VRAM_mode.py", line 2490, in forward
    video_embeds = self.visual(pixel_values_videos, grid_thw=video_grid_thw)
  File "/data/armaan/venvs/omnizip_clean/lib/python3.10/site-packages/torch/nn/modules/module.py", line 1739, in _wrapped_call_impl
    return self._call_impl(*args, **kwargs)
  File "/data/armaan/venvs/omnizip_clean/lib/python3.10/site-packages/torch/nn/modules/module.py", line 1750, in _call_impl
    return forward_call(*args, **kwargs)
  File "/data/armaan/purs/Qwen2.5-Omni/low-VRAM-mode/modeling_qwen2_5_omni_low_VRAM_mode.py", line 1366, in forward
    hidden_states = blk(
  File "/data/armaan/venvs/omnizip_clean/lib/python3.10/site-packages/torch/nn/modules/module.py", line 1739, in _wrapped_call_impl
    return self._call_impl(*args, **kwargs)
  File "/data/armaan/venvs/omnizip_clean/lib/python3.10/site-packages/torch/nn/modules/module.py", line 1750, in _call_impl
    return forward_call(*args, **kwargs)
  File "/data/armaan/purs/Qwen2.5-Omni/low-VRAM-mode/modeling_qwen2_5_omni_low_VRAM_mode.py", line 1155, in forward
    hidden_states = hidden_states + self.attn(
  File "/data/armaan/venvs/omnizip_clean/lib/python3.10/site-packages/torch/nn/modules/module.py", line 1739, in _wrapped_call_impl
    return self._call_impl(*args, **kwargs)
  File "/data/armaan/venvs/omnizip_clean/lib/python3.10/site-packages/torch/nn/modules/module.py", line 1750, in _call_impl
    return forward_call(*args, **kwargs)
  File "/data/armaan/purs/Qwen2.5-Omni/low-VRAM-mode/modeling_qwen2_5_omni_low_VRAM_mode.py", line 1116, in forward
    attn_output = F.scaled_dot_product_attention(q, k, v, attention_mask, dropout_p=0.0)
torch.OutOfMemoryError: CUDA out of memory. Tried to allocate 146.26 GiB. GPU 0 has a total capacity of 47.37 GiB of which 31.05 GiB is free. Including non-PyTorch memory, this process has 16.31 GiB memory in use. Of the allocated memory 15.36 GiB is allocated by PyTorch, and 460.87 MiB is reserved by PyTorch but unallocated. If reserved but unallocated memory is large try setting PYTORCH_CUDA_ALLOC_CONF=expandable_segments:True to avoid fragmentation.  See documentation for Memory Management  (https://pytorch.org/docs/stable/notes/cuda.html#environment-variables)


--- video-mme/Action Reasoning ---
Traceback (most recent call last):
  File "/data/armaan/purs/eval_qwen_omni.py", line 843, in main
    pred, reasoning = run_inference(
  File "/data/armaan/purs/eval_qwen_omni.py", line 660, in run_inference
    raw_out = model.generate(**gen_in, **gen_kw)
  File "/data/armaan/venvs/omnizip_clean/lib/python3.10/site-packages/awq/models/base.py", line 134, in generate
    return self.model.generate(*args, **kwargs)
  File "/data/armaan/venvs/omnizip_clean/lib/python3.10/site-packages/torch/utils/_contextlib.py", line 116, in decorate_context
    return func(*args, **kwargs)
  File "/data/armaan/purs/Qwen2.5-Omni/low-VRAM-mode/modeling_qwen2_5_omni_low_VRAM_mode.py", line 4760, in generate
    thinker_result = self.thinker.generate(input_ids=input_ids, **thinker_kwargs)
  File "/data/armaan/venvs/omnizip_clean/lib/python3.10/site-packages/torch/utils/_contextlib.py", line 116, in decorate_context
    return func(*args, **kwargs)
  File "/data/armaan/venvs/omnizip_clean/lib/python3.10/site-packages/transformers/generation/utils.py", line 2597, in generate
    result = self._sample(
  File "/data/armaan/venvs/omnizip_clean/lib/python3.10/site-packages/transformers/generation/utils.py", line 3557, in _sample
    outputs = self(**model_inputs, return_dict=True)
  File "/data/armaan/venvs/omnizip_clean/lib/python3.10/site-packages/torch/nn/modules/module.py", line 1739, in _wrapped_call_impl
    return self._call_impl(*args, **kwargs)
  File "/data/armaan/venvs/omnizip_clean/lib/python3.10/site-packages/torch/nn/modules/module.py", line 1750, in _call_impl
    return forward_call(*args, **kwargs)
  File "/data/armaan/purs/Qwen2.5-Omni/low-VRAM-mode/modeling_qwen2_5_omni_low_VRAM_mode.py", line 2490, in forward
    video_embeds = self.visual(pixel_values_videos, grid_thw=video_grid_thw)
  File "/data/armaan/venvs/omnizip_clean/lib/python3.10/site-packages/torch/nn/modules/module.py", line 1739, in _wrapped_call_impl
    return self._call_impl(*args, **kwargs)
  File "/data/armaan/venvs/omnizip_clean/lib/python3.10/site-packages/torch/nn/modules/module.py", line 1750, in _call_impl
    return forward_call(*args, **kwargs)
  File "/data/armaan/purs/Qwen2.5-Omni/low-VRAM-mode/modeling_qwen2_5_omni_low_VRAM_mode.py", line 1366, in forward
    hidden_states = blk(
  File "/data/armaan/venvs/omnizip_clean/lib/python3.10/site-packages/torch/nn/modules/module.py", line 1739, in _wrapped_call_impl
    return self._call_impl(*args, **kwargs)
  File "/data/armaan/venvs/omnizip_clean/lib/python3.10/site-packages/torch/nn/modules/module.py", line 1750, in _call_impl
    return forward_call(*args, **kwargs)
  File "/data/armaan/purs/Qwen2.5-Omni/low-VRAM-mode/modeling_qwen2_5_omni_low_VRAM_mode.py", line 1155, in forward
    hidden_states = hidden_states + self.attn(
  File "/data/armaan/venvs/omnizip_clean/lib/python3.10/site-packages/torch/nn/modules/module.py", line 1739, in _wrapped_call_impl
    return self._call_impl(*args, **kwargs)
  File "/data/armaan/venvs/omnizip_clean/lib/python3.10/site-packages/torch/nn/modules/module.py", line 1750, in _call_impl
    return forward_call(*args, **kwargs)
  File "/data/armaan/purs/Qwen2.5-Omni/low-VRAM-mode/modeling_qwen2_5_omni_low_VRAM_mode.py", line 1116, in forward
    attn_output = F.scaled_dot_product_attention(q, k, v, attention_mask, dropout_p=0.0)
torch.OutOfMemoryError: CUDA out of memory. Tried to allocate 146.26 GiB. GPU 0 has a total capacity of 47.37 GiB of which 31.03 GiB is free. Including non-PyTorch memory, this process has 16.33 GiB memory in use. Of the allocated memory 15.36 GiB is allocated by PyTorch, and 481.82 MiB is reserved by PyTorch but unallocated. If reserved but unallocated memory is large try setting PYTORCH_CUDA_ALLOC_CONF=expandable_segments:True to avoid fragmentation.  See documentation for Memory Management  (https://pytorch.org/docs/stable/notes/cuda.html#environment-variables)


--- video-mme/Action Reasoning ---
Traceback (most recent call last):
  File "/data/armaan/purs/eval_qwen_omni.py", line 843, in main
    pred, reasoning = run_inference(
  File "/data/armaan/purs/eval_qwen_omni.py", line 660, in run_inference
    raw_out = model.generate(**gen_in, **gen_kw)
  File "/data/armaan/venvs/omnizip_clean/lib/python3.10/site-packages/awq/models/base.py", line 134, in generate
    return self.model.generate(*args, **kwargs)
  File "/data/armaan/venvs/omnizip_clean/lib/python3.10/site-packages/torch/utils/_contextlib.py", line 116, in decorate_context
    return func(*args, **kwargs)
  File "/data/armaan/purs/Qwen2.5-Omni/low-VRAM-mode/modeling_qwen2_5_omni_low_VRAM_mode.py", line 4760, in generate
    thinker_result = self.thinker.generate(input_ids=input_ids, **thinker_kwargs)
  File "/data/armaan/venvs/omnizip_clean/lib/python3.10/site-packages/torch/utils/_contextlib.py", line 116, in decorate_context
    return func(*args, **kwargs)
  File "/data/armaan/venvs/omnizip_clean/lib/python3.10/site-packages/transformers/generation/utils.py", line 2597, in generate
    result = self._sample(
  File "/data/armaan/venvs/omnizip_clean/lib/python3.10/site-packages/transformers/generation/utils.py", line 3557, in _sample
    outputs = self(**model_inputs, return_dict=True)
  File "/data/armaan/venvs/omnizip_clean/lib/python3.10/site-packages/torch/nn/modules/module.py", line 1739, in _wrapped_call_impl
    return self._call_impl(*args, **kwargs)
  File "/data/armaan/venvs/omnizip_clean/lib/python3.10/site-packages/torch/nn/modules/module.py", line 1750, in _call_impl
    return forward_call(*args, **kwargs)
  File "/data/armaan/purs/Qwen2.5-Omni/low-VRAM-mode/modeling_qwen2_5_omni_low_VRAM_mode.py", line 2490, in forward
    video_embeds = self.visual(pixel_values_videos, grid_thw=video_grid_thw)
  File "/data/armaan/venvs/omnizip_clean/lib/python3.10/site-packages/torch/nn/modules/module.py", line 1739, in _wrapped_call_impl
    return self._call_impl(*args, **kwargs)
  File "/data/armaan/venvs/omnizip_clean/lib/python3.10/site-packages/torch/nn/modules/module.py", line 1750, in _call_impl
    return forward_call(*args, **kwargs)
  File "/data/armaan/purs/Qwen2.5-Omni/low-VRAM-mode/modeling_qwen2_5_omni_low_VRAM_mode.py", line 1366, in forward
    hidden_states = blk(
  File "/data/armaan/venvs/omnizip_clean/lib/python3.10/site-packages/torch/nn/modules/module.py", line 1739, in _wrapped_call_impl
    return self._call_impl(*args, **kwargs)
  File "/data/armaan/venvs/omnizip_clean/lib/python3.10/site-packages/torch/nn/modules/module.py", line 1750, in _call_impl
    return forward_call(*args, **kwargs)
  File "/data/armaan/purs/Qwen2.5-Omni/low-VRAM-mode/modeling_qwen2_5_omni_low_VRAM_mode.py", line 1155, in forward
    hidden_states = hidden_states + self.attn(
  File "/data/armaan/venvs/omnizip_clean/lib/python3.10/site-packages/torch/nn/modules/module.py", line 1739, in _wrapped_call_impl
    return self._call_impl(*args, **kwargs)
  File "/data/armaan/venvs/omnizip_clean/lib/python3.10/site-packages/torch/nn/modules/module.py", line 1750, in _call_impl
    return forward_call(*args, **kwargs)
  File "/data/armaan/purs/Qwen2.5-Omni/low-VRAM-mode/modeling_qwen2_5_omni_low_VRAM_mode.py", line 1116, in forward
    attn_output = F.scaled_dot_product_attention(q, k, v, attention_mask, dropout_p=0.0)
torch.OutOfMemoryError: CUDA out of memory. Tried to allocate 146.26 GiB. GPU 0 has a total capacity of 47.37 GiB of which 31.03 GiB is free. Including non-PyTorch memory, this process has 16.33 GiB memory in use. Of the allocated memory 15.36 GiB is allocated by PyTorch, and 481.80 MiB is reserved by PyTorch but unallocated. If reserved but unallocated memory is large try setting PYTORCH_CUDA_ALLOC_CONF=expandable_segments:True to avoid fragmentation.  See documentation for Memory Management  (https://pytorch.org/docs/stable/notes/cuda.html#environment-variables)


--- video-mme/Action Recognition ---
Traceback (most recent call last):
  File "/data/armaan/purs/eval_qwen_omni.py", line 843, in main
    pred, reasoning = run_inference(
  File "/data/armaan/purs/eval_qwen_omni.py", line 660, in run_inference
    raw_out = model.generate(**gen_in, **gen_kw)
  File "/data/armaan/venvs/omnizip_clean/lib/python3.10/site-packages/awq/models/base.py", line 134, in generate
    return self.model.generate(*args, **kwargs)
  File "/data/armaan/venvs/omnizip_clean/lib/python3.10/site-packages/torch/utils/_contextlib.py", line 116, in decorate_context
    return func(*args, **kwargs)
  File "/data/armaan/purs/Qwen2.5-Omni/low-VRAM-mode/modeling_qwen2_5_omni_low_VRAM_mode.py", line 4760, in generate
    thinker_result = self.thinker.generate(input_ids=input_ids, **thinker_kwargs)
  File "/data/armaan/venvs/omnizip_clean/lib/python3.10/site-packages/torch/utils/_contextlib.py", line 116, in decorate_context
    return func(*args, **kwargs)
  File "/data/armaan/venvs/omnizip_clean/lib/python3.10/site-packages/transformers/generation/utils.py", line 2597, in generate
    result = self._sample(
  File "/data/armaan/venvs/omnizip_clean/lib/python3.10/site-packages/transformers/generation/utils.py", line 3557, in _sample
    outputs = self(**model_inputs, return_dict=True)
  File "/data/armaan/venvs/omnizip_clean/lib/python3.10/site-packages/torch/nn/modules/module.py", line 1739, in _wrapped_call_impl
    return self._call_impl(*args, **kwargs)
  File "/data/armaan/venvs/omnizip_clean/lib/python3.10/site-packages/torch/nn/modules/module.py", line 1750, in _call_impl
    return forward_call(*args, **kwargs)
  File "/data/armaan/purs/Qwen2.5-Omni/low-VRAM-mode/modeling_qwen2_5_omni_low_VRAM_mode.py", line 2490, in forward
    video_embeds = self.visual(pixel_values_videos, grid_thw=video_grid_thw)
  File "/data/armaan/venvs/omnizip_clean/lib/python3.10/site-packages/torch/nn/modules/module.py", line 1739, in _wrapped_call_impl
    return self._call_impl(*args, **kwargs)
  File "/data/armaan/venvs/omnizip_clean/lib/python3.10/site-packages/torch/nn/modules/module.py", line 1750, in _call_impl
    return forward_call(*args, **kwargs)
  File "/data/armaan/purs/Qwen2.5-Omni/low-VRAM-mode/modeling_qwen2_5_omni_low_VRAM_mode.py", line 1366, in forward
    hidden_states = blk(
  File "/data/armaan/venvs/omnizip_clean/lib/python3.10/site-packages/torch/nn/modules/module.py", line 1739, in _wrapped_call_impl
    return self._call_impl(*args, **kwargs)
  File "/data/armaan/venvs/omnizip_clean/lib/python3.10/site-packages/torch/nn/modules/module.py", line 1750, in _call_impl
    return forward_call(*args, **kwargs)
  File "/data/armaan/purs/Qwen2.5-Omni/low-VRAM-mode/modeling_qwen2_5_omni_low_VRAM_mode.py", line 1155, in forward
    hidden_states = hidden_states + self.attn(
  File "/data/armaan/venvs/omnizip_clean/lib/python3.10/site-packages/torch/nn/modules/module.py", line 1739, in _wrapped_call_impl
    return self._call_impl(*args, **kwargs)
  File "/data/armaan/venvs/omnizip_clean/lib/python3.10/site-packages/torch/nn/modules/module.py", line 1750, in _call_impl
    return forward_call(*args, **kwargs)
  File "/data/armaan/purs/Qwen2.5-Omni/low-VRAM-mode/modeling_qwen2_5_omni_low_VRAM_mode.py", line 1116, in forward
    attn_output = F.scaled_dot_product_attention(q, k, v, attention_mask, dropout_p=0.0)
torch.OutOfMemoryError: CUDA out of memory. Tried to allocate 111.24 GiB. GPU 0 has a total capacity of 47.37 GiB of which 32.93 GiB is free. Including non-PyTorch memory, this process has 14.43 GiB memory in use. Of the allocated memory 13.46 GiB is allocated by PyTorch, and 482.73 MiB is reserved by PyTorch but unallocated. If reserved but unallocated memory is large try setting PYTORCH_CUDA_ALLOC_CONF=expandable_segments:True to avoid fragmentation.  See documentation for Memory Management  (https://pytorch.org/docs/stable/notes/cuda.html#environment-variables)


--- video-mme/Action Recognition ---
Traceback (most recent call last):
  File "/data/armaan/purs/eval_qwen_omni.py", line 843, in main
    pred, reasoning = run_inference(
  File "/data/armaan/purs/eval_qwen_omni.py", line 660, in run_inference
    raw_out = model.generate(**gen_in, **gen_kw)
  File "/data/armaan/venvs/omnizip_clean/lib/python3.10/site-packages/awq/models/base.py", line 134, in generate
    return self.model.generate(*args, **kwargs)
  File "/data/armaan/venvs/omnizip_clean/lib/python3.10/site-packages/torch/utils/_contextlib.py", line 116, in decorate_context
    return func(*args, **kwargs)
  File "/data/armaan/purs/Qwen2.5-Omni/low-VRAM-mode/modeling_qwen2_5_omni_low_VRAM_mode.py", line 4760, in generate
    thinker_result = self.thinker.generate(input_ids=input_ids, **thinker_kwargs)
  File "/data/armaan/venvs/omnizip_clean/lib/python3.10/site-packages/torch/utils/_contextlib.py", line 116, in decorate_context
    return func(*args, **kwargs)
  File "/data/armaan/venvs/omnizip_clean/lib/python3.10/site-packages/transformers/generation/utils.py", line 2597, in generate
    result = self._sample(
  File "/data/armaan/venvs/omnizip_clean/lib/python3.10/site-packages/transformers/generation/utils.py", line 3557, in _sample
    outputs = self(**model_inputs, return_dict=True)
  File "/data/armaan/venvs/omnizip_clean/lib/python3.10/site-packages/torch/nn/modules/module.py", line 1739, in _wrapped_call_impl
    return self._call_impl(*args, **kwargs)
  File "/data/armaan/venvs/omnizip_clean/lib/python3.10/site-packages/torch/nn/modules/module.py", line 1750, in _call_impl
    return forward_call(*args, **kwargs)
  File "/data/armaan/purs/Qwen2.5-Omni/low-VRAM-mode/modeling_qwen2_5_omni_low_VRAM_mode.py", line 2490, in forward
    video_embeds = self.visual(pixel_values_videos, grid_thw=video_grid_thw)
  File "/data/armaan/venvs/omnizip_clean/lib/python3.10/site-packages/torch/nn/modules/module.py", line 1739, in _wrapped_call_impl
    return self._call_impl(*args, **kwargs)
  File "/data/armaan/venvs/omnizip_clean/lib/python3.10/site-packages/torch/nn/modules/module.py", line 1750, in _call_impl
    return forward_call(*args, **kwargs)
  File "/data/armaan/purs/Qwen2.5-Omni/low-VRAM-mode/modeling_qwen2_5_omni_low_VRAM_mode.py", line 1366, in forward
    hidden_states = blk(
  File "/data/armaan/venvs/omnizip_clean/lib/python3.10/site-packages/torch/nn/modules/module.py", line 1739, in _wrapped_call_impl
    return self._call_impl(*args, **kwargs)
  File "/data/armaan/venvs/omnizip_clean/lib/python3.10/site-packages/torch/nn/modules/module.py", line 1750, in _call_impl
    return forward_call(*args, **kwargs)
  File "/data/armaan/purs/Qwen2.5-Omni/low-VRAM-mode/modeling_qwen2_5_omni_low_VRAM_mode.py", line 1155, in forward
    hidden_states = hidden_states + self.attn(
  File "/data/armaan/venvs/omnizip_clean/lib/python3.10/site-packages/torch/nn/modules/module.py", line 1739, in _wrapped_call_impl
    return self._call_impl(*args, **kwargs)
  File "/data/armaan/venvs/omnizip_clean/lib/python3.10/site-packages/torch/nn/modules/module.py", line 1750, in _call_impl
    return forward_call(*args, **kwargs)
  File "/data/armaan/purs/Qwen2.5-Omni/low-VRAM-mode/modeling_qwen2_5_omni_low_VRAM_mode.py", line 1116, in forward
    attn_output = F.scaled_dot_product_attention(q, k, v, attention_mask, dropout_p=0.0)
torch.OutOfMemoryError: CUDA out of memory. Tried to allocate 111.24 GiB. GPU 0 has a total capacity of 47.37 GiB of which 32.93 GiB is free. Including non-PyTorch memory, this process has 14.43 GiB memory in use. Of the allocated memory 13.46 GiB is allocated by PyTorch, and 482.78 MiB is reserved by PyTorch but unallocated. If reserved but unallocated memory is large try setting PYTORCH_CUDA_ALLOC_CONF=expandable_segments:True to avoid fragmentation.  See documentation for Memory Management  (https://pytorch.org/docs/stable/notes/cuda.html#environment-variables)


--- video-mme/Action Recognition ---
Traceback (most recent call last):
  File "/data/armaan/purs/eval_qwen_omni.py", line 843, in main
    pred, reasoning = run_inference(
  File "/data/armaan/purs/eval_qwen_omni.py", line 660, in run_inference
    raw_out = model.generate(**gen_in, **gen_kw)
  File "/data/armaan/venvs/omnizip_clean/lib/python3.10/site-packages/awq/models/base.py", line 134, in generate
    return self.model.generate(*args, **kwargs)
  File "/data/armaan/venvs/omnizip_clean/lib/python3.10/site-packages/torch/utils/_contextlib.py", line 116, in decorate_context
    return func(*args, **kwargs)
  File "/data/armaan/purs/Qwen2.5-Omni/low-VRAM-mode/modeling_qwen2_5_omni_low_VRAM_mode.py", line 4760, in generate
    thinker_result = self.thinker.generate(input_ids=input_ids, **thinker_kwargs)
  File "/data/armaan/venvs/omnizip_clean/lib/python3.10/site-packages/torch/utils/_contextlib.py", line 116, in decorate_context
    return func(*args, **kwargs)
  File "/data/armaan/venvs/omnizip_clean/lib/python3.10/site-packages/transformers/generation/utils.py", line 2597, in generate
    result = self._sample(
  File "/data/armaan/venvs/omnizip_clean/lib/python3.10/site-packages/transformers/generation/utils.py", line 3557, in _sample
    outputs = self(**model_inputs, return_dict=True)
  File "/data/armaan/venvs/omnizip_clean/lib/python3.10/site-packages/torch/nn/modules/module.py", line 1739, in _wrapped_call_impl
    return self._call_impl(*args, **kwargs)
  File "/data/armaan/venvs/omnizip_clean/lib/python3.10/site-packages/torch/nn/modules/module.py", line 1750, in _call_impl
    return forward_call(*args, **kwargs)
  File "/data/armaan/purs/Qwen2.5-Omni/low-VRAM-mode/modeling_qwen2_5_omni_low_VRAM_mode.py", line 2490, in forward
    video_embeds = self.visual(pixel_values_videos, grid_thw=video_grid_thw)
  File "/data/armaan/venvs/omnizip_clean/lib/python3.10/site-packages/torch/nn/modules/module.py", line 1739, in _wrapped_call_impl
    return self._call_impl(*args, **kwargs)
  File "/data/armaan/venvs/omnizip_clean/lib/python3.10/site-packages/torch/nn/modules/module.py", line 1750, in _call_impl
    return forward_call(*args, **kwargs)
  File "/data/armaan/purs/Qwen2.5-Omni/low-VRAM-mode/modeling_qwen2_5_omni_low_VRAM_mode.py", line 1366, in forward
    hidden_states = blk(
  File "/data/armaan/venvs/omnizip_clean/lib/python3.10/site-packages/torch/nn/modules/module.py", line 1739, in _wrapped_call_impl
    return self._call_impl(*args, **kwargs)
  File "/data/armaan/venvs/omnizip_clean/lib/python3.10/site-packages/torch/nn/modules/module.py", line 1750, in _call_impl
    return forward_call(*args, **kwargs)
  File "/data/armaan/purs/Qwen2.5-Omni/low-VRAM-mode/modeling_qwen2_5_omni_low_VRAM_mode.py", line 1155, in forward
    hidden_states = hidden_states + self.attn(
  File "/data/armaan/venvs/omnizip_clean/lib/python3.10/site-packages/torch/nn/modules/module.py", line 1739, in _wrapped_call_impl
    return self._call_impl(*args, **kwargs)
  File "/data/armaan/venvs/omnizip_clean/lib/python3.10/site-packages/torch/nn/modules/module.py", line 1750, in _call_impl
    return forward_call(*args, **kwargs)
  File "/data/armaan/purs/Qwen2.5-Omni/low-VRAM-mode/modeling_qwen2_5_omni_low_VRAM_mode.py", line 1116, in forward
    attn_output = F.scaled_dot_product_attention(q, k, v, attention_mask, dropout_p=0.0)
torch.OutOfMemoryError: CUDA out of memory. Tried to allocate 111.24 GiB. GPU 0 has a total capacity of 47.37 GiB of which 32.93 GiB is free. Including non-PyTorch memory, this process has 14.43 GiB memory in use. Of the allocated memory 13.46 GiB is allocated by PyTorch, and 482.69 MiB is reserved by PyTorch but unallocated. If reserved but unallocated memory is large try setting PYTORCH_CUDA_ALLOC_CONF=expandable_segments:True to avoid fragmentation.  See documentation for Memory Management  (https://pytorch.org/docs/stable/notes/cuda.html#environment-variables)


--- video-mme/Attribute Perception ---
Traceback (most recent call last):
  File "/data/armaan/purs/eval_qwen_omni.py", line 843, in main
    pred, reasoning = run_inference(
  File "/data/armaan/purs/eval_qwen_omni.py", line 660, in run_inference
    raw_out = model.generate(**gen_in, **gen_kw)
  File "/data/armaan/venvs/omnizip_clean/lib/python3.10/site-packages/awq/models/base.py", line 134, in generate
    return self.model.generate(*args, **kwargs)
  File "/data/armaan/venvs/omnizip_clean/lib/python3.10/site-packages/torch/utils/_contextlib.py", line 116, in decorate_context
    return func(*args, **kwargs)
  File "/data/armaan/purs/Qwen2.5-Omni/low-VRAM-mode/modeling_qwen2_5_omni_low_VRAM_mode.py", line 4760, in generate
    thinker_result = self.thinker.generate(input_ids=input_ids, **thinker_kwargs)
  File "/data/armaan/venvs/omnizip_clean/lib/python3.10/site-packages/torch/utils/_contextlib.py", line 116, in decorate_context
    return func(*args, **kwargs)
  File "/data/armaan/venvs/omnizip_clean/lib/python3.10/site-packages/transformers/generation/utils.py", line 2597, in generate
    result = self._sample(
  File "/data/armaan/venvs/omnizip_clean/lib/python3.10/site-packages/transformers/generation/utils.py", line 3557, in _sample
    outputs = self(**model_inputs, return_dict=True)
  File "/data/armaan/venvs/omnizip_clean/lib/python3.10/site-packages/torch/nn/modules/module.py", line 1739, in _wrapped_call_impl
    return self._call_impl(*args, **kwargs)
  File "/data/armaan/venvs/omnizip_clean/lib/python3.10/site-packages/torch/nn/modules/module.py", line 1750, in _call_impl
    return forward_call(*args, **kwargs)
  File "/data/armaan/purs/Qwen2.5-Omni/low-VRAM-mode/modeling_qwen2_5_omni_low_VRAM_mode.py", line 2490, in forward
    video_embeds = self.visual(pixel_values_videos, grid_thw=video_grid_thw)
  File "/data/armaan/venvs/omnizip_clean/lib/python3.10/site-packages/torch/nn/modules/module.py", line 1739, in _wrapped_call_impl
    return self._call_impl(*args, **kwargs)
  File "/data/armaan/venvs/omnizip_clean/lib/python3.10/site-packages/torch/nn/modules/module.py", line 1750, in _call_impl
    return forward_call(*args, **kwargs)
  File "/data/armaan/purs/Qwen2.5-Omni/low-VRAM-mode/modeling_qwen2_5_omni_low_VRAM_mode.py", line 1366, in forward
    hidden_states = blk(
  File "/data/armaan/venvs/omnizip_clean/lib/python3.10/site-packages/torch/nn/modules/module.py", line 1739, in _wrapped_call_impl
    return self._call_impl(*args, **kwargs)
  File "/data/armaan/venvs/omnizip_clean/lib/python3.10/site-packages/torch/nn/modules/module.py", line 1750, in _call_impl
    return forward_call(*args, **kwargs)
  File "/data/armaan/purs/Qwen2.5-Omni/low-VRAM-mode/modeling_qwen2_5_omni_low_VRAM_mode.py", line 1155, in forward
    hidden_states = hidden_states + self.attn(
  File "/data/armaan/venvs/omnizip_clean/lib/python3.10/site-packages/torch/nn/modules/module.py", line 1739, in _wrapped_call_impl
    return self._call_impl(*args, **kwargs)
  File "/data/armaan/venvs/omnizip_clean/lib/python3.10/site-packages/torch/nn/modules/module.py", line 1750, in _call_impl
    return forward_call(*args, **kwargs)
  File "/data/armaan/purs/Qwen2.5-Omni/low-VRAM-mode/modeling_qwen2_5_omni_low_VRAM_mode.py", line 1116, in forward
    attn_output = F.scaled_dot_product_attention(q, k, v, attention_mask, dropout_p=0.0)
torch.OutOfMemoryError: CUDA out of memory. Tried to allocate 114.22 GiB. GPU 0 has a total capacity of 47.37 GiB of which 32.74 GiB is free. Including non-PyTorch memory, this process has 14.62 GiB memory in use. Of the allocated memory 13.62 GiB is allocated by PyTorch, and 505.56 MiB is reserved by PyTorch but unallocated. If reserved but unallocated memory is large try setting PYTORCH_CUDA_ALLOC_CONF=expandable_segments:True to avoid fragmentation.  See documentation for Memory Management  (https://pytorch.org/docs/stable/notes/cuda.html#environment-variables)


--- video-mme/Attribute Perception ---
Traceback (most recent call last):
  File "/data/armaan/purs/eval_qwen_omni.py", line 843, in main
    pred, reasoning = run_inference(
  File "/data/armaan/purs/eval_qwen_omni.py", line 660, in run_inference
    raw_out = model.generate(**gen_in, **gen_kw)
  File "/data/armaan/venvs/omnizip_clean/lib/python3.10/site-packages/awq/models/base.py", line 134, in generate
    return self.model.generate(*args, **kwargs)
  File "/data/armaan/venvs/omnizip_clean/lib/python3.10/site-packages/torch/utils/_contextlib.py", line 116, in decorate_context
    return func(*args, **kwargs)
  File "/data/armaan/purs/Qwen2.5-Omni/low-VRAM-mode/modeling_qwen2_5_omni_low_VRAM_mode.py", line 4760, in generate
    thinker_result = self.thinker.generate(input_ids=input_ids, **thinker_kwargs)
  File "/data/armaan/venvs/omnizip_clean/lib/python3.10/site-packages/torch/utils/_contextlib.py", line 116, in decorate_context
    return func(*args, **kwargs)
  File "/data/armaan/venvs/omnizip_clean/lib/python3.10/site-packages/transformers/generation/utils.py", line 2597, in generate
    result = self._sample(
  File "/data/armaan/venvs/omnizip_clean/lib/python3.10/site-packages/transformers/generation/utils.py", line 3557, in _sample
    outputs = self(**model_inputs, return_dict=True)
  File "/data/armaan/venvs/omnizip_clean/lib/python3.10/site-packages/torch/nn/modules/module.py", line 1739, in _wrapped_call_impl
    return self._call_impl(*args, **kwargs)
  File "/data/armaan/venvs/omnizip_clean/lib/python3.10/site-packages/torch/nn/modules/module.py", line 1750, in _call_impl
    return forward_call(*args, **kwargs)
  File "/data/armaan/purs/Qwen2.5-Omni/low-VRAM-mode/modeling_qwen2_5_omni_low_VRAM_mode.py", line 2490, in forward
    video_embeds = self.visual(pixel_values_videos, grid_thw=video_grid_thw)
  File "/data/armaan/venvs/omnizip_clean/lib/python3.10/site-packages/torch/nn/modules/module.py", line 1739, in _wrapped_call_impl
    return self._call_impl(*args, **kwargs)
  File "/data/armaan/venvs/omnizip_clean/lib/python3.10/site-packages/torch/nn/modules/module.py", line 1750, in _call_impl
    return forward_call(*args, **kwargs)
  File "/data/armaan/purs/Qwen2.5-Omni/low-VRAM-mode/modeling_qwen2_5_omni_low_VRAM_mode.py", line 1366, in forward
    hidden_states = blk(
  File "/data/armaan/venvs/omnizip_clean/lib/python3.10/site-packages/torch/nn/modules/module.py", line 1739, in _wrapped_call_impl
    return self._call_impl(*args, **kwargs)
  File "/data/armaan/venvs/omnizip_clean/lib/python3.10/site-packages/torch/nn/modules/module.py", line 1750, in _call_impl
    return forward_call(*args, **kwargs)
  File "/data/armaan/purs/Qwen2.5-Omni/low-VRAM-mode/modeling_qwen2_5_omni_low_VRAM_mode.py", line 1155, in forward
    hidden_states = hidden_states + self.attn(
  File "/data/armaan/venvs/omnizip_clean/lib/python3.10/site-packages/torch/nn/modules/module.py", line 1739, in _wrapped_call_impl
    return self._call_impl(*args, **kwargs)
  File "/data/armaan/venvs/omnizip_clean/lib/python3.10/site-packages/torch/nn/modules/module.py", line 1750, in _call_impl
    return forward_call(*args, **kwargs)
  File "/data/armaan/purs/Qwen2.5-Omni/low-VRAM-mode/modeling_qwen2_5_omni_low_VRAM_mode.py", line 1116, in forward
    attn_output = F.scaled_dot_product_attention(q, k, v, attention_mask, dropout_p=0.0)
torch.OutOfMemoryError: CUDA out of memory. Tried to allocate 114.22 GiB. GPU 0 has a total capacity of 47.37 GiB of which 32.74 GiB is free. Including non-PyTorch memory, this process has 14.62 GiB memory in use. Of the allocated memory 13.62 GiB is allocated by PyTorch, and 505.72 MiB is reserved by PyTorch but unallocated. If reserved but unallocated memory is large try setting PYTORCH_CUDA_ALLOC_CONF=expandable_segments:True to avoid fragmentation.  See documentation for Memory Management  (https://pytorch.org/docs/stable/notes/cuda.html#environment-variables)


--- video-mme/Attribute Perception ---
Traceback (most recent call last):
  File "/data/armaan/purs/eval_qwen_omni.py", line 843, in main
    pred, reasoning = run_inference(
  File "/data/armaan/purs/eval_qwen_omni.py", line 660, in run_inference
    raw_out = model.generate(**gen_in, **gen_kw)
  File "/data/armaan/venvs/omnizip_clean/lib/python3.10/site-packages/awq/models/base.py", line 134, in generate
    return self.model.generate(*args, **kwargs)
  File "/data/armaan/venvs/omnizip_clean/lib/python3.10/site-packages/torch/utils/_contextlib.py", line 116, in decorate_context
    return func(*args, **kwargs)
  File "/data/armaan/purs/Qwen2.5-Omni/low-VRAM-mode/modeling_qwen2_5_omni_low_VRAM_mode.py", line 4760, in generate
    thinker_result = self.thinker.generate(input_ids=input_ids, **thinker_kwargs)
  File "/data/armaan/venvs/omnizip_clean/lib/python3.10/site-packages/torch/utils/_contextlib.py", line 116, in decorate_context
    return func(*args, **kwargs)
  File "/data/armaan/venvs/omnizip_clean/lib/python3.10/site-packages/transformers/generation/utils.py", line 2597, in generate
    result = self._sample(
  File "/data/armaan/venvs/omnizip_clean/lib/python3.10/site-packages/transformers/generation/utils.py", line 3557, in _sample
    outputs = self(**model_inputs, return_dict=True)
  File "/data/armaan/venvs/omnizip_clean/lib/python3.10/site-packages/torch/nn/modules/module.py", line 1739, in _wrapped_call_impl
    return self._call_impl(*args, **kwargs)
  File "/data/armaan/venvs/omnizip_clean/lib/python3.10/site-packages/torch/nn/modules/module.py", line 1750, in _call_impl
    return forward_call(*args, **kwargs)
  File "/data/armaan/purs/Qwen2.5-Omni/low-VRAM-mode/modeling_qwen2_5_omni_low_VRAM_mode.py", line 2490, in forward
    video_embeds = self.visual(pixel_values_videos, grid_thw=video_grid_thw)
  File "/data/armaan/venvs/omnizip_clean/lib/python3.10/site-packages/torch/nn/modules/module.py", line 1739, in _wrapped_call_impl
    return self._call_impl(*args, **kwargs)
  File "/data/armaan/venvs/omnizip_clean/lib/python3.10/site-packages/torch/nn/modules/module.py", line 1750, in _call_impl
    return forward_call(*args, **kwargs)
  File "/data/armaan/purs/Qwen2.5-Omni/low-VRAM-mode/modeling_qwen2_5_omni_low_VRAM_mode.py", line 1366, in forward
    hidden_states = blk(
  File "/data/armaan/venvs/omnizip_clean/lib/python3.10/site-packages/torch/nn/modules/module.py", line 1739, in _wrapped_call_impl
    return self._call_impl(*args, **kwargs)
  File "/data/armaan/venvs/omnizip_clean/lib/python3.10/site-packages/torch/nn/modules/module.py", line 1750, in _call_impl
    return forward_call(*args, **kwargs)
  File "/data/armaan/purs/Qwen2.5-Omni/low-VRAM-mode/modeling_qwen2_5_omni_low_VRAM_mode.py", line 1155, in forward
    hidden_states = hidden_states + self.attn(
  File "/data/armaan/venvs/omnizip_clean/lib/python3.10/site-packages/torch/nn/modules/module.py", line 1739, in _wrapped_call_impl
    return self._call_impl(*args, **kwargs)
  File "/data/armaan/venvs/omnizip_clean/lib/python3.10/site-packages/torch/nn/modules/module.py", line 1750, in _call_impl
    return forward_call(*args, **kwargs)
  File "/data/armaan/purs/Qwen2.5-Omni/low-VRAM-mode/modeling_qwen2_5_omni_low_VRAM_mode.py", line 1116, in forward
    attn_output = F.scaled_dot_product_attention(q, k, v, attention_mask, dropout_p=0.0)
torch.OutOfMemoryError: CUDA out of memory. Tried to allocate 114.22 GiB. GPU 0 has a total capacity of 47.37 GiB of which 32.74 GiB is free. Including non-PyTorch memory, this process has 14.62 GiB memory in use. Of the allocated memory 13.62 GiB is allocated by PyTorch, and 505.79 MiB is reserved by PyTorch but unallocated. If reserved but unallocated memory is large try setting PYTORCH_CUDA_ALLOC_CONF=expandable_segments:True to avoid fragmentation.  See documentation for Memory Management  (https://pytorch.org/docs/stable/notes/cuda.html#environment-variables)


--- video-mme/Counting Problem ---
Traceback (most recent call last):
  File "/data/armaan/purs/eval_qwen_omni.py", line 843, in main
    pred, reasoning = run_inference(
  File "/data/armaan/purs/eval_qwen_omni.py", line 660, in run_inference
    raw_out = model.generate(**gen_in, **gen_kw)
  File "/data/armaan/venvs/omnizip_clean/lib/python3.10/site-packages/awq/models/base.py", line 134, in generate
    return self.model.generate(*args, **kwargs)
  File "/data/armaan/venvs/omnizip_clean/lib/python3.10/site-packages/torch/utils/_contextlib.py", line 116, in decorate_context
    return func(*args, **kwargs)
  File "/data/armaan/purs/Qwen2.5-Omni/low-VRAM-mode/modeling_qwen2_5_omni_low_VRAM_mode.py", line 4760, in generate
    thinker_result = self.thinker.generate(input_ids=input_ids, **thinker_kwargs)
  File "/data/armaan/venvs/omnizip_clean/lib/python3.10/site-packages/torch/utils/_contextlib.py", line 116, in decorate_context
    return func(*args, **kwargs)
  File "/data/armaan/venvs/omnizip_clean/lib/python3.10/site-packages/transformers/generation/utils.py", line 2597, in generate
    result = self._sample(
  File "/data/armaan/venvs/omnizip_clean/lib/python3.10/site-packages/transformers/generation/utils.py", line 3557, in _sample
    outputs = self(**model_inputs, return_dict=True)
  File "/data/armaan/venvs/omnizip_clean/lib/python3.10/site-packages/torch/nn/modules/module.py", line 1739, in _wrapped_call_impl
    return self._call_impl(*args, **kwargs)
  File "/data/armaan/venvs/omnizip_clean/lib/python3.10/site-packages/torch/nn/modules/module.py", line 1750, in _call_impl
    return forward_call(*args, **kwargs)
  File "/data/armaan/purs/Qwen2.5-Omni/low-VRAM-mode/modeling_qwen2_5_omni_low_VRAM_mode.py", line 2490, in forward
    video_embeds = self.visual(pixel_values_videos, grid_thw=video_grid_thw)
  File "/data/armaan/venvs/omnizip_clean/lib/python3.10/site-packages/torch/nn/modules/module.py", line 1739, in _wrapped_call_impl
    return self._call_impl(*args, **kwargs)
  File "/data/armaan/venvs/omnizip_clean/lib/python3.10/site-packages/torch/nn/modules/module.py", line 1750, in _call_impl
    return forward_call(*args, **kwargs)
  File "/data/armaan/purs/Qwen2.5-Omni/low-VRAM-mode/modeling_qwen2_5_omni_low_VRAM_mode.py", line 1366, in forward
    hidden_states = blk(
  File "/data/armaan/venvs/omnizip_clean/lib/python3.10/site-packages/torch/nn/modules/module.py", line 1739, in _wrapped_call_impl
    return self._call_impl(*args, **kwargs)
  File "/data/armaan/venvs/omnizip_clean/lib/python3.10/site-packages/torch/nn/modules/module.py", line 1750, in _call_impl
    return forward_call(*args, **kwargs)
  File "/data/armaan/purs/Qwen2.5-Omni/low-VRAM-mode/modeling_qwen2_5_omni_low_VRAM_mode.py", line 1155, in forward
    hidden_states = hidden_states + self.attn(
  File "/data/armaan/venvs/omnizip_clean/lib/python3.10/site-packages/torch/nn/modules/module.py", line 1739, in _wrapped_call_impl
    return self._call_impl(*args, **kwargs)
  File "/data/armaan/venvs/omnizip_clean/lib/python3.10/site-packages/torch/nn/modules/module.py", line 1750, in _call_impl
    return forward_call(*args, **kwargs)
  File "/data/armaan/purs/Qwen2.5-Omni/low-VRAM-mode/modeling_qwen2_5_omni_low_VRAM_mode.py", line 1116, in forward
    attn_output = F.scaled_dot_product_attention(q, k, v, attention_mask, dropout_p=0.0)
torch.OutOfMemoryError: CUDA out of memory. Tried to allocate 108.29 GiB. GPU 0 has a total capacity of 47.37 GiB of which 33.07 GiB is free. Including non-PyTorch memory, this process has 14.29 GiB memory in use. Of the allocated memory 13.30 GiB is allocated by PyTorch, and 504.29 MiB is reserved by PyTorch but unallocated. If reserved but unallocated memory is large try setting PYTORCH_CUDA_ALLOC_CONF=expandable_segments:True to avoid fragmentation.  See documentation for Memory Management  (https://pytorch.org/docs/stable/notes/cuda.html#environment-variables)


--- video-mme/Counting Problem ---
Traceback (most recent call last):
  File "/data/armaan/purs/eval_qwen_omni.py", line 843, in main
    pred, reasoning = run_inference(
  File "/data/armaan/purs/eval_qwen_omni.py", line 660, in run_inference
    raw_out = model.generate(**gen_in, **gen_kw)
  File "/data/armaan/venvs/omnizip_clean/lib/python3.10/site-packages/awq/models/base.py", line 134, in generate
    return self.model.generate(*args, **kwargs)
  File "/data/armaan/venvs/omnizip_clean/lib/python3.10/site-packages/torch/utils/_contextlib.py", line 116, in decorate_context
    return func(*args, **kwargs)
  File "/data/armaan/purs/Qwen2.5-Omni/low-VRAM-mode/modeling_qwen2_5_omni_low_VRAM_mode.py", line 4760, in generate
    thinker_result = self.thinker.generate(input_ids=input_ids, **thinker_kwargs)
  File "/data/armaan/venvs/omnizip_clean/lib/python3.10/site-packages/torch/utils/_contextlib.py", line 116, in decorate_context
    return func(*args, **kwargs)
  File "/data/armaan/venvs/omnizip_clean/lib/python3.10/site-packages/transformers/generation/utils.py", line 2597, in generate
    result = self._sample(
  File "/data/armaan/venvs/omnizip_clean/lib/python3.10/site-packages/transformers/generation/utils.py", line 3557, in _sample
    outputs = self(**model_inputs, return_dict=True)
  File "/data/armaan/venvs/omnizip_clean/lib/python3.10/site-packages/torch/nn/modules/module.py", line 1739, in _wrapped_call_impl
    return self._call_impl(*args, **kwargs)
  File "/data/armaan/venvs/omnizip_clean/lib/python3.10/site-packages/torch/nn/modules/module.py", line 1750, in _call_impl
    return forward_call(*args, **kwargs)
  File "/data/armaan/purs/Qwen2.5-Omni/low-VRAM-mode/modeling_qwen2_5_omni_low_VRAM_mode.py", line 2490, in forward
    video_embeds = self.visual(pixel_values_videos, grid_thw=video_grid_thw)
  File "/data/armaan/venvs/omnizip_clean/lib/python3.10/site-packages/torch/nn/modules/module.py", line 1739, in _wrapped_call_impl
    return self._call_impl(*args, **kwargs)
  File "/data/armaan/venvs/omnizip_clean/lib/python3.10/site-packages/torch/nn/modules/module.py", line 1750, in _call_impl
    return forward_call(*args, **kwargs)
  File "/data/armaan/purs/Qwen2.5-Omni/low-VRAM-mode/modeling_qwen2_5_omni_low_VRAM_mode.py", line 1366, in forward
    hidden_states = blk(
  File "/data/armaan/venvs/omnizip_clean/lib/python3.10/site-packages/torch/nn/modules/module.py", line 1739, in _wrapped_call_impl
    return self._call_impl(*args, **kwargs)
  File "/data/armaan/venvs/omnizip_clean/lib/python3.10/site-packages/torch/nn/modules/module.py", line 1750, in _call_impl
    return forward_call(*args, **kwargs)
  File "/data/armaan/purs/Qwen2.5-Omni/low-VRAM-mode/modeling_qwen2_5_omni_low_VRAM_mode.py", line 1155, in forward
    hidden_states = hidden_states + self.attn(
  File "/data/armaan/venvs/omnizip_clean/lib/python3.10/site-packages/torch/nn/modules/module.py", line 1739, in _wrapped_call_impl
    return self._call_impl(*args, **kwargs)
  File "/data/armaan/venvs/omnizip_clean/lib/python3.10/site-packages/torch/nn/modules/module.py", line 1750, in _call_impl
    return forward_call(*args, **kwargs)
  File "/data/armaan/purs/Qwen2.5-Omni/low-VRAM-mode/modeling_qwen2_5_omni_low_VRAM_mode.py", line 1116, in forward
    attn_output = F.scaled_dot_product_attention(q, k, v, attention_mask, dropout_p=0.0)
torch.OutOfMemoryError: CUDA out of memory. Tried to allocate 108.29 GiB. GPU 0 has a total capacity of 47.37 GiB of which 33.07 GiB is free. Including non-PyTorch memory, this process has 14.29 GiB memory in use. Of the allocated memory 13.30 GiB is allocated by PyTorch, and 504.41 MiB is reserved by PyTorch but unallocated. If reserved but unallocated memory is large try setting PYTORCH_CUDA_ALLOC_CONF=expandable_segments:True to avoid fragmentation.  See documentation for Memory Management  (https://pytorch.org/docs/stable/notes/cuda.html#environment-variables)


--- video-mme/Counting Problem ---
Traceback (most recent call last):
  File "/data/armaan/purs/eval_qwen_omni.py", line 843, in main
    pred, reasoning = run_inference(
  File "/data/armaan/purs/eval_qwen_omni.py", line 660, in run_inference
    raw_out = model.generate(**gen_in, **gen_kw)
  File "/data/armaan/venvs/omnizip_clean/lib/python3.10/site-packages/awq/models/base.py", line 134, in generate
    return self.model.generate(*args, **kwargs)
  File "/data/armaan/venvs/omnizip_clean/lib/python3.10/site-packages/torch/utils/_contextlib.py", line 116, in decorate_context
    return func(*args, **kwargs)
  File "/data/armaan/purs/Qwen2.5-Omni/low-VRAM-mode/modeling_qwen2_5_omni_low_VRAM_mode.py", line 4760, in generate
    thinker_result = self.thinker.generate(input_ids=input_ids, **thinker_kwargs)
  File "/data/armaan/venvs/omnizip_clean/lib/python3.10/site-packages/torch/utils/_contextlib.py", line 116, in decorate_context
    return func(*args, **kwargs)
  File "/data/armaan/venvs/omnizip_clean/lib/python3.10/site-packages/transformers/generation/utils.py", line 2597, in generate
    result = self._sample(
  File "/data/armaan/venvs/omnizip_clean/lib/python3.10/site-packages/transformers/generation/utils.py", line 3557, in _sample
    outputs = self(**model_inputs, return_dict=True)
  File "/data/armaan/venvs/omnizip_clean/lib/python3.10/site-packages/torch/nn/modules/module.py", line 1739, in _wrapped_call_impl
    return self._call_impl(*args, **kwargs)
  File "/data/armaan/venvs/omnizip_clean/lib/python3.10/site-packages/torch/nn/modules/module.py", line 1750, in _call_impl
    return forward_call(*args, **kwargs)
  File "/data/armaan/purs/Qwen2.5-Omni/low-VRAM-mode/modeling_qwen2_5_omni_low_VRAM_mode.py", line 2490, in forward
    video_embeds = self.visual(pixel_values_videos, grid_thw=video_grid_thw)
  File "/data/armaan/venvs/omnizip_clean/lib/python3.10/site-packages/torch/nn/modules/module.py", line 1739, in _wrapped_call_impl
    return self._call_impl(*args, **kwargs)
  File "/data/armaan/venvs/omnizip_clean/lib/python3.10/site-packages/torch/nn/modules/module.py", line 1750, in _call_impl
    return forward_call(*args, **kwargs)
  File "/data/armaan/purs/Qwen2.5-Omni/low-VRAM-mode/modeling_qwen2_5_omni_low_VRAM_mode.py", line 1366, in forward
    hidden_states = blk(
  File "/data/armaan/venvs/omnizip_clean/lib/python3.10/site-packages/torch/nn/modules/module.py", line 1739, in _wrapped_call_impl
    return self._call_impl(*args, **kwargs)
  File "/data/armaan/venvs/omnizip_clean/lib/python3.10/site-packages/torch/nn/modules/module.py", line 1750, in _call_impl
    return forward_call(*args, **kwargs)
  File "/data/armaan/purs/Qwen2.5-Omni/low-VRAM-mode/modeling_qwen2_5_omni_low_VRAM_mode.py", line 1155, in forward
    hidden_states = hidden_states + self.attn(
  File "/data/armaan/venvs/omnizip_clean/lib/python3.10/site-packages/torch/nn/modules/module.py", line 1739, in _wrapped_call_impl
    return self._call_impl(*args, **kwargs)
  File "/data/armaan/venvs/omnizip_clean/lib/python3.10/site-packages/torch/nn/modules/module.py", line 1750, in _call_impl
    return forward_call(*args, **kwargs)
  File "/data/armaan/purs/Qwen2.5-Omni/low-VRAM-mode/modeling_qwen2_5_omni_low_VRAM_mode.py", line 1116, in forward
    attn_output = F.scaled_dot_product_attention(q, k, v, attention_mask, dropout_p=0.0)
torch.OutOfMemoryError: CUDA out of memory. Tried to allocate 108.29 GiB. GPU 0 has a total capacity of 47.37 GiB of which 33.07 GiB is free. Including non-PyTorch memory, this process has 14.29 GiB memory in use. Of the allocated memory 13.30 GiB is allocated by PyTorch, and 504.38 MiB is reserved by PyTorch but unallocated. If reserved but unallocated memory is large try setting PYTORCH_CUDA_ALLOC_CONF=expandable_segments:True to avoid fragmentation.  See documentation for Memory Management  (https://pytorch.org/docs/stable/notes/cuda.html#environment-variables)


--- video-mme/Information Synopsis ---
Traceback (most recent call last):
  File "/data/armaan/purs/eval_qwen_omni.py", line 843, in main
    pred, reasoning = run_inference(
  File "/data/armaan/purs/eval_qwen_omni.py", line 660, in run_inference
    raw_out = model.generate(**gen_in, **gen_kw)
  File "/data/armaan/venvs/omnizip_clean/lib/python3.10/site-packages/awq/models/base.py", line 134, in generate
    return self.model.generate(*args, **kwargs)
  File "/data/armaan/venvs/omnizip_clean/lib/python3.10/site-packages/torch/utils/_contextlib.py", line 116, in decorate_context
    return func(*args, **kwargs)
  File "/data/armaan/purs/Qwen2.5-Omni/low-VRAM-mode/modeling_qwen2_5_omni_low_VRAM_mode.py", line 4760, in generate
    thinker_result = self.thinker.generate(input_ids=input_ids, **thinker_kwargs)
  File "/data/armaan/venvs/omnizip_clean/lib/python3.10/site-packages/torch/utils/_contextlib.py", line 116, in decorate_context
    return func(*args, **kwargs)
  File "/data/armaan/venvs/omnizip_clean/lib/python3.10/site-packages/transformers/generation/utils.py", line 2597, in generate
    result = self._sample(
  File "/data/armaan/venvs/omnizip_clean/lib/python3.10/site-packages/transformers/generation/utils.py", line 3557, in _sample
    outputs = self(**model_inputs, return_dict=True)
  File "/data/armaan/venvs/omnizip_clean/lib/python3.10/site-packages/torch/nn/modules/module.py", line 1739, in _wrapped_call_impl
    return self._call_impl(*args, **kwargs)
  File "/data/armaan/venvs/omnizip_clean/lib/python3.10/site-packages/torch/nn/modules/module.py", line 1750, in _call_impl
    return forward_call(*args, **kwargs)
  File "/data/armaan/purs/Qwen2.5-Omni/low-VRAM-mode/modeling_qwen2_5_omni_low_VRAM_mode.py", line 2490, in forward
    video_embeds = self.visual(pixel_values_videos, grid_thw=video_grid_thw)
  File "/data/armaan/venvs/omnizip_clean/lib/python3.10/site-packages/torch/nn/modules/module.py", line 1739, in _wrapped_call_impl
    return self._call_impl(*args, **kwargs)
  File "/data/armaan/venvs/omnizip_clean/lib/python3.10/site-packages/torch/nn/modules/module.py", line 1750, in _call_impl
    return forward_call(*args, **kwargs)
  File "/data/armaan/purs/Qwen2.5-Omni/low-VRAM-mode/modeling_qwen2_5_omni_low_VRAM_mode.py", line 1366, in forward
    hidden_states = blk(
  File "/data/armaan/venvs/omnizip_clean/lib/python3.10/site-packages/torch/nn/modules/module.py", line 1739, in _wrapped_call_impl
    return self._call_impl(*args, **kwargs)
  File "/data/armaan/venvs/omnizip_clean/lib/python3.10/site-packages/torch/nn/modules/module.py", line 1750, in _call_impl
    return forward_call(*args, **kwargs)
  File "/data/armaan/purs/Qwen2.5-Omni/low-VRAM-mode/modeling_qwen2_5_omni_low_VRAM_mode.py", line 1155, in forward
    hidden_states = hidden_states + self.attn(
  File "/data/armaan/venvs/omnizip_clean/lib/python3.10/site-packages/torch/nn/modules/module.py", line 1739, in _wrapped_call_impl
    return self._call_impl(*args, **kwargs)
  File "/data/armaan/venvs/omnizip_clean/lib/python3.10/site-packages/torch/nn/modules/module.py", line 1750, in _call_impl
    return forward_call(*args, **kwargs)
  File "/data/armaan/purs/Qwen2.5-Omni/low-VRAM-mode/modeling_qwen2_5_omni_low_VRAM_mode.py", line 1116, in forward
    attn_output = F.scaled_dot_product_attention(q, k, v, attention_mask, dropout_p=0.0)
torch.OutOfMemoryError: CUDA out of memory. Tried to allocate 136.23 GiB. GPU 0 has a total capacity of 47.37 GiB of which 31.51 GiB is free. Including non-PyTorch memory, this process has 15.85 GiB memory in use. Of the allocated memory 14.82 GiB is allocated by PyTorch, and 543.68 MiB is reserved by PyTorch but unallocated. If reserved but unallocated memory is large try setting PYTORCH_CUDA_ALLOC_CONF=expandable_segments:True to avoid fragmentation.  See documentation for Memory Management  (https://pytorch.org/docs/stable/notes/cuda.html#environment-variables)


--- video-mme/Information Synopsis ---
Traceback (most recent call last):
  File "/data/armaan/purs/eval_qwen_omni.py", line 843, in main
    pred, reasoning = run_inference(
  File "/data/armaan/purs/eval_qwen_omni.py", line 660, in run_inference
    raw_out = model.generate(**gen_in, **gen_kw)
  File "/data/armaan/venvs/omnizip_clean/lib/python3.10/site-packages/awq/models/base.py", line 134, in generate
    return self.model.generate(*args, **kwargs)
  File "/data/armaan/venvs/omnizip_clean/lib/python3.10/site-packages/torch/utils/_contextlib.py", line 116, in decorate_context
    return func(*args, **kwargs)
  File "/data/armaan/purs/Qwen2.5-Omni/low-VRAM-mode/modeling_qwen2_5_omni_low_VRAM_mode.py", line 4760, in generate
    thinker_result = self.thinker.generate(input_ids=input_ids, **thinker_kwargs)
  File "/data/armaan/venvs/omnizip_clean/lib/python3.10/site-packages/torch/utils/_contextlib.py", line 116, in decorate_context
    return func(*args, **kwargs)
  File "/data/armaan/venvs/omnizip_clean/lib/python3.10/site-packages/transformers/generation/utils.py", line 2597, in generate
    result = self._sample(
  File "/data/armaan/venvs/omnizip_clean/lib/python3.10/site-packages/transformers/generation/utils.py", line 3557, in _sample
    outputs = self(**model_inputs, return_dict=True)
  File "/data/armaan/venvs/omnizip_clean/lib/python3.10/site-packages/torch/nn/modules/module.py", line 1739, in _wrapped_call_impl
    return self._call_impl(*args, **kwargs)
  File "/data/armaan/venvs/omnizip_clean/lib/python3.10/site-packages/torch/nn/modules/module.py", line 1750, in _call_impl
    return forward_call(*args, **kwargs)
  File "/data/armaan/purs/Qwen2.5-Omni/low-VRAM-mode/modeling_qwen2_5_omni_low_VRAM_mode.py", line 2490, in forward
    video_embeds = self.visual(pixel_values_videos, grid_thw=video_grid_thw)
  File "/data/armaan/venvs/omnizip_clean/lib/python3.10/site-packages/torch/nn/modules/module.py", line 1739, in _wrapped_call_impl
    return self._call_impl(*args, **kwargs)
  File "/data/armaan/venvs/omnizip_clean/lib/python3.10/site-packages/torch/nn/modules/module.py", line 1750, in _call_impl
    return forward_call(*args, **kwargs)
  File "/data/armaan/purs/Qwen2.5-Omni/low-VRAM-mode/modeling_qwen2_5_omni_low_VRAM_mode.py", line 1366, in forward
    hidden_states = blk(
  File "/data/armaan/venvs/omnizip_clean/lib/python3.10/site-packages/torch/nn/modules/module.py", line 1739, in _wrapped_call_impl
    return self._call_impl(*args, **kwargs)
  File "/data/armaan/venvs/omnizip_clean/lib/python3.10/site-packages/torch/nn/modules/module.py", line 1750, in _call_impl
    return forward_call(*args, **kwargs)
  File "/data/armaan/purs/Qwen2.5-Omni/low-VRAM-mode/modeling_qwen2_5_omni_low_VRAM_mode.py", line 1155, in forward
    hidden_states = hidden_states + self.attn(
  File "/data/armaan/venvs/omnizip_clean/lib/python3.10/site-packages/torch/nn/modules/module.py", line 1739, in _wrapped_call_impl
    return self._call_impl(*args, **kwargs)
  File "/data/armaan/venvs/omnizip_clean/lib/python3.10/site-packages/torch/nn/modules/module.py", line 1750, in _call_impl
    return forward_call(*args, **kwargs)
  File "/data/armaan/purs/Qwen2.5-Omni/low-VRAM-mode/modeling_qwen2_5_omni_low_VRAM_mode.py", line 1116, in forward
    attn_output = F.scaled_dot_product_attention(q, k, v, attention_mask, dropout_p=0.0)
torch.OutOfMemoryError: CUDA out of memory. Tried to allocate 136.23 GiB. GPU 0 has a total capacity of 47.37 GiB of which 31.51 GiB is free. Including non-PyTorch memory, this process has 15.85 GiB memory in use. Of the allocated memory 14.82 GiB is allocated by PyTorch, and 543.76 MiB is reserved by PyTorch but unallocated. If reserved but unallocated memory is large try setting PYTORCH_CUDA_ALLOC_CONF=expandable_segments:True to avoid fragmentation.  See documentation for Memory Management  (https://pytorch.org/docs/stable/notes/cuda.html#environment-variables)


--- video-mme/Information Synopsis ---
Traceback (most recent call last):
  File "/data/armaan/purs/eval_qwen_omni.py", line 843, in main
    pred, reasoning = run_inference(
  File "/data/armaan/purs/eval_qwen_omni.py", line 660, in run_inference
    raw_out = model.generate(**gen_in, **gen_kw)
  File "/data/armaan/venvs/omnizip_clean/lib/python3.10/site-packages/awq/models/base.py", line 134, in generate
    return self.model.generate(*args, **kwargs)
  File "/data/armaan/venvs/omnizip_clean/lib/python3.10/site-packages/torch/utils/_contextlib.py", line 116, in decorate_context
    return func(*args, **kwargs)
  File "/data/armaan/purs/Qwen2.5-Omni/low-VRAM-mode/modeling_qwen2_5_omni_low_VRAM_mode.py", line 4760, in generate
    thinker_result = self.thinker.generate(input_ids=input_ids, **thinker_kwargs)
  File "/data/armaan/venvs/omnizip_clean/lib/python3.10/site-packages/torch/utils/_contextlib.py", line 116, in decorate_context
    return func(*args, **kwargs)
  File "/data/armaan/venvs/omnizip_clean/lib/python3.10/site-packages/transformers/generation/utils.py", line 2597, in generate
    result = self._sample(
  File "/data/armaan/venvs/omnizip_clean/lib/python3.10/site-packages/transformers/generation/utils.py", line 3557, in _sample
    outputs = self(**model_inputs, return_dict=True)
  File "/data/armaan/venvs/omnizip_clean/lib/python3.10/site-packages/torch/nn/modules/module.py", line 1739, in _wrapped_call_impl
    return self._call_impl(*args, **kwargs)
  File "/data/armaan/venvs/omnizip_clean/lib/python3.10/site-packages/torch/nn/modules/module.py", line 1750, in _call_impl
    return forward_call(*args, **kwargs)
  File "/data/armaan/purs/Qwen2.5-Omni/low-VRAM-mode/modeling_qwen2_5_omni_low_VRAM_mode.py", line 2490, in forward
    video_embeds = self.visual(pixel_values_videos, grid_thw=video_grid_thw)
  File "/data/armaan/venvs/omnizip_clean/lib/python3.10/site-packages/torch/nn/modules/module.py", line 1739, in _wrapped_call_impl
    return self._call_impl(*args, **kwargs)
  File "/data/armaan/venvs/omnizip_clean/lib/python3.10/site-packages/torch/nn/modules/module.py", line 1750, in _call_impl
    return forward_call(*args, **kwargs)
  File "/data/armaan/purs/Qwen2.5-Omni/low-VRAM-mode/modeling_qwen2_5_omni_low_VRAM_mode.py", line 1366, in forward
    hidden_states = blk(
  File "/data/armaan/venvs/omnizip_clean/lib/python3.10/site-packages/torch/nn/modules/module.py", line 1739, in _wrapped_call_impl
    return self._call_impl(*args, **kwargs)
  File "/data/armaan/venvs/omnizip_clean/lib/python3.10/site-packages/torch/nn/modules/module.py", line 1750, in _call_impl
    return forward_call(*args, **kwargs)
  File "/data/armaan/purs/Qwen2.5-Omni/low-VRAM-mode/modeling_qwen2_5_omni_low_VRAM_mode.py", line 1155, in forward
    hidden_states = hidden_states + self.attn(
  File "/data/armaan/venvs/omnizip_clean/lib/python3.10/site-packages/torch/nn/modules/module.py", line 1739, in _wrapped_call_impl
    return self._call_impl(*args, **kwargs)
  File "/data/armaan/venvs/omnizip_clean/lib/python3.10/site-packages/torch/nn/modules/module.py", line 1750, in _call_impl
    return forward_call(*args, **kwargs)
  File "/data/armaan/purs/Qwen2.5-Omni/low-VRAM-mode/modeling_qwen2_5_omni_low_VRAM_mode.py", line 1116, in forward
    attn_output = F.scaled_dot_product_attention(q, k, v, attention_mask, dropout_p=0.0)
torch.OutOfMemoryError: CUDA out of memory. Tried to allocate 136.23 GiB. GPU 0 has a total capacity of 47.37 GiB of which 31.51 GiB is free. Including non-PyTorch memory, this process has 15.85 GiB memory in use. Of the allocated memory 14.82 GiB is allocated by PyTorch, and 543.71 MiB is reserved by PyTorch but unallocated. If reserved but unallocated memory is large try setting PYTORCH_CUDA_ALLOC_CONF=expandable_segments:True to avoid fragmentation.  See documentation for Memory Management  (https://pytorch.org/docs/stable/notes/cuda.html#environment-variables)


--- video-mme/OCR Problems ---
Traceback (most recent call last):
  File "/data/armaan/purs/eval_qwen_omni.py", line 843, in main
    pred, reasoning = run_inference(
  File "/data/armaan/purs/eval_qwen_omni.py", line 660, in run_inference
    raw_out = model.generate(**gen_in, **gen_kw)
  File "/data/armaan/venvs/omnizip_clean/lib/python3.10/site-packages/awq/models/base.py", line 134, in generate
    return self.model.generate(*args, **kwargs)
  File "/data/armaan/venvs/omnizip_clean/lib/python3.10/site-packages/torch/utils/_contextlib.py", line 116, in decorate_context
    return func(*args, **kwargs)
  File "/data/armaan/purs/Qwen2.5-Omni/low-VRAM-mode/modeling_qwen2_5_omni_low_VRAM_mode.py", line 4760, in generate
    thinker_result = self.thinker.generate(input_ids=input_ids, **thinker_kwargs)
  File "/data/armaan/venvs/omnizip_clean/lib/python3.10/site-packages/torch/utils/_contextlib.py", line 116, in decorate_context
    return func(*args, **kwargs)
  File "/data/armaan/venvs/omnizip_clean/lib/python3.10/site-packages/transformers/generation/utils.py", line 2597, in generate
    result = self._sample(
  File "/data/armaan/venvs/omnizip_clean/lib/python3.10/site-packages/transformers/generation/utils.py", line 3557, in _sample
    outputs = self(**model_inputs, return_dict=True)
  File "/data/armaan/venvs/omnizip_clean/lib/python3.10/site-packages/torch/nn/modules/module.py", line 1739, in _wrapped_call_impl
    return self._call_impl(*args, **kwargs)
  File "/data/armaan/venvs/omnizip_clean/lib/python3.10/site-packages/torch/nn/modules/module.py", line 1750, in _call_impl
    return forward_call(*args, **kwargs)
  File "/data/armaan/purs/Qwen2.5-Omni/low-VRAM-mode/modeling_qwen2_5_omni_low_VRAM_mode.py", line 2490, in forward
    video_embeds = self.visual(pixel_values_videos, grid_thw=video_grid_thw)
  File "/data/armaan/venvs/omnizip_clean/lib/python3.10/site-packages/torch/nn/modules/module.py", line 1739, in _wrapped_call_impl
    return self._call_impl(*args, **kwargs)
  File "/data/armaan/venvs/omnizip_clean/lib/python3.10/site-packages/torch/nn/modules/module.py", line 1750, in _call_impl
    return forward_call(*args, **kwargs)
  File "/data/armaan/purs/Qwen2.5-Omni/low-VRAM-mode/modeling_qwen2_5_omni_low_VRAM_mode.py", line 1366, in forward
    hidden_states = blk(
  File "/data/armaan/venvs/omnizip_clean/lib/python3.10/site-packages/torch/nn/modules/module.py", line 1739, in _wrapped_call_impl
    return self._call_impl(*args, **kwargs)
  File "/data/armaan/venvs/omnizip_clean/lib/python3.10/site-packages/torch/nn/modules/module.py", line 1750, in _call_impl
    return forward_call(*args, **kwargs)
  File "/data/armaan/purs/Qwen2.5-Omni/low-VRAM-mode/modeling_qwen2_5_omni_low_VRAM_mode.py", line 1155, in forward
    hidden_states = hidden_states + self.attn(
  File "/data/armaan/venvs/omnizip_clean/lib/python3.10/site-packages/torch/nn/modules/module.py", line 1739, in _wrapped_call_impl
    return self._call_impl(*args, **kwargs)
  File "/data/armaan/venvs/omnizip_clean/lib/python3.10/site-packages/torch/nn/modules/module.py", line 1750, in _call_impl
    return forward_call(*args, **kwargs)
  File "/data/armaan/purs/Qwen2.5-Omni/low-VRAM-mode/modeling_qwen2_5_omni_low_VRAM_mode.py", line 1116, in forward
    attn_output = F.scaled_dot_product_attention(q, k, v, attention_mask, dropout_p=0.0)
torch.OutOfMemoryError: CUDA out of memory. Tried to allocate 4.45 GiB. GPU 0 has a total capacity of 47.37 GiB of which 2.99 GiB is free. Including non-PyTorch memory, this process has 44.37 GiB memory in use. Of the allocated memory 43.55 GiB is allocated by PyTorch, and 325.65 MiB is reserved by PyTorch but unallocated. If reserved but unallocated memory is large try setting PYTORCH_CUDA_ALLOC_CONF=expandable_segments:True to avoid fragmentation.  See documentation for Memory Management  (https://pytorch.org/docs/stable/notes/cuda.html#environment-variables)


--- video-mme/OCR Problems ---
Traceback (most recent call last):
  File "/data/armaan/purs/eval_qwen_omni.py", line 843, in main
    pred, reasoning = run_inference(
  File "/data/armaan/purs/eval_qwen_omni.py", line 660, in run_inference
    raw_out = model.generate(**gen_in, **gen_kw)
  File "/data/armaan/venvs/omnizip_clean/lib/python3.10/site-packages/awq/models/base.py", line 134, in generate
    return self.model.generate(*args, **kwargs)
  File "/data/armaan/venvs/omnizip_clean/lib/python3.10/site-packages/torch/utils/_contextlib.py", line 116, in decorate_context
    return func(*args, **kwargs)
  File "/data/armaan/purs/Qwen2.5-Omni/low-VRAM-mode/modeling_qwen2_5_omni_low_VRAM_mode.py", line 4760, in generate
    thinker_result = self.thinker.generate(input_ids=input_ids, **thinker_kwargs)
  File "/data/armaan/venvs/omnizip_clean/lib/python3.10/site-packages/torch/utils/_contextlib.py", line 116, in decorate_context
    return func(*args, **kwargs)
  File "/data/armaan/venvs/omnizip_clean/lib/python3.10/site-packages/transformers/generation/utils.py", line 2597, in generate
    result = self._sample(
  File "/data/armaan/venvs/omnizip_clean/lib/python3.10/site-packages/transformers/generation/utils.py", line 3557, in _sample
    outputs = self(**model_inputs, return_dict=True)
  File "/data/armaan/venvs/omnizip_clean/lib/python3.10/site-packages/torch/nn/modules/module.py", line 1739, in _wrapped_call_impl
    return self._call_impl(*args, **kwargs)
  File "/data/armaan/venvs/omnizip_clean/lib/python3.10/site-packages/torch/nn/modules/module.py", line 1750, in _call_impl
    return forward_call(*args, **kwargs)
  File "/data/armaan/purs/Qwen2.5-Omni/low-VRAM-mode/modeling_qwen2_5_omni_low_VRAM_mode.py", line 2490, in forward
    video_embeds = self.visual(pixel_values_videos, grid_thw=video_grid_thw)
  File "/data/armaan/venvs/omnizip_clean/lib/python3.10/site-packages/torch/nn/modules/module.py", line 1739, in _wrapped_call_impl
    return self._call_impl(*args, **kwargs)
  File "/data/armaan/venvs/omnizip_clean/lib/python3.10/site-packages/torch/nn/modules/module.py", line 1750, in _call_impl
    return forward_call(*args, **kwargs)
  File "/data/armaan/purs/Qwen2.5-Omni/low-VRAM-mode/modeling_qwen2_5_omni_low_VRAM_mode.py", line 1366, in forward
    hidden_states = blk(
  File "/data/armaan/venvs/omnizip_clean/lib/python3.10/site-packages/torch/nn/modules/module.py", line 1739, in _wrapped_call_impl
    return self._call_impl(*args, **kwargs)
  File "/data/armaan/venvs/omnizip_clean/lib/python3.10/site-packages/torch/nn/modules/module.py", line 1750, in _call_impl
    return forward_call(*args, **kwargs)
  File "/data/armaan/purs/Qwen2.5-Omni/low-VRAM-mode/modeling_qwen2_5_omni_low_VRAM_mode.py", line 1155, in forward
    hidden_states = hidden_states + self.attn(
  File "/data/armaan/venvs/omnizip_clean/lib/python3.10/site-packages/torch/nn/modules/module.py", line 1739, in _wrapped_call_impl
    return self._call_impl(*args, **kwargs)
  File "/data/armaan/venvs/omnizip_clean/lib/python3.10/site-packages/torch/nn/modules/module.py", line 1750, in _call_impl
    return forward_call(*args, **kwargs)
  File "/data/armaan/purs/Qwen2.5-Omni/low-VRAM-mode/modeling_qwen2_5_omni_low_VRAM_mode.py", line 1116, in forward
    attn_output = F.scaled_dot_product_attention(q, k, v, attention_mask, dropout_p=0.0)
torch.OutOfMemoryError: CUDA out of memory. Tried to allocate 4.45 GiB. GPU 0 has a total capacity of 47.37 GiB of which 2.99 GiB is free. Including non-PyTorch memory, this process has 44.37 GiB memory in use. Of the allocated memory 43.55 GiB is allocated by PyTorch, and 325.66 MiB is reserved by PyTorch but unallocated. If reserved but unallocated memory is large try setting PYTORCH_CUDA_ALLOC_CONF=expandable_segments:True to avoid fragmentation.  See documentation for Memory Management  (https://pytorch.org/docs/stable/notes/cuda.html#environment-variables)


--- video-mme/OCR Problems ---
Traceback (most recent call last):
  File "/data/armaan/purs/eval_qwen_omni.py", line 843, in main
    pred, reasoning = run_inference(
  File "/data/armaan/purs/eval_qwen_omni.py", line 660, in run_inference
    raw_out = model.generate(**gen_in, **gen_kw)
  File "/data/armaan/venvs/omnizip_clean/lib/python3.10/site-packages/awq/models/base.py", line 134, in generate
    return self.model.generate(*args, **kwargs)
  File "/data/armaan/venvs/omnizip_clean/lib/python3.10/site-packages/torch/utils/_contextlib.py", line 116, in decorate_context
    return func(*args, **kwargs)
  File "/data/armaan/purs/Qwen2.5-Omni/low-VRAM-mode/modeling_qwen2_5_omni_low_VRAM_mode.py", line 4760, in generate
    thinker_result = self.thinker.generate(input_ids=input_ids, **thinker_kwargs)
  File "/data/armaan/venvs/omnizip_clean/lib/python3.10/site-packages/torch/utils/_contextlib.py", line 116, in decorate_context
    return func(*args, **kwargs)
  File "/data/armaan/venvs/omnizip_clean/lib/python3.10/site-packages/transformers/generation/utils.py", line 2597, in generate
    result = self._sample(
  File "/data/armaan/venvs/omnizip_clean/lib/python3.10/site-packages/transformers/generation/utils.py", line 3557, in _sample
    outputs = self(**model_inputs, return_dict=True)
  File "/data/armaan/venvs/omnizip_clean/lib/python3.10/site-packages/torch/nn/modules/module.py", line 1739, in _wrapped_call_impl
    return self._call_impl(*args, **kwargs)
  File "/data/armaan/venvs/omnizip_clean/lib/python3.10/site-packages/torch/nn/modules/module.py", line 1750, in _call_impl
    return forward_call(*args, **kwargs)
  File "/data/armaan/purs/Qwen2.5-Omni/low-VRAM-mode/modeling_qwen2_5_omni_low_VRAM_mode.py", line 2490, in forward
    video_embeds = self.visual(pixel_values_videos, grid_thw=video_grid_thw)
  File "/data/armaan/venvs/omnizip_clean/lib/python3.10/site-packages/torch/nn/modules/module.py", line 1739, in _wrapped_call_impl
    return self._call_impl(*args, **kwargs)
  File "/data/armaan/venvs/omnizip_clean/lib/python3.10/site-packages/torch/nn/modules/module.py", line 1750, in _call_impl
    return forward_call(*args, **kwargs)
  File "/data/armaan/purs/Qwen2.5-Omni/low-VRAM-mode/modeling_qwen2_5_omni_low_VRAM_mode.py", line 1366, in forward
    hidden_states = blk(
  File "/data/armaan/venvs/omnizip_clean/lib/python3.10/site-packages/torch/nn/modules/module.py", line 1739, in _wrapped_call_impl
    return self._call_impl(*args, **kwargs)
  File "/data/armaan/venvs/omnizip_clean/lib/python3.10/site-packages/torch/nn/modules/module.py", line 1750, in _call_impl
    return forward_call(*args, **kwargs)
  File "/data/armaan/purs/Qwen2.5-Omni/low-VRAM-mode/modeling_qwen2_5_omni_low_VRAM_mode.py", line 1155, in forward
    hidden_states = hidden_states + self.attn(
  File "/data/armaan/venvs/omnizip_clean/lib/python3.10/site-packages/torch/nn/modules/module.py", line 1739, in _wrapped_call_impl
    return self._call_impl(*args, **kwargs)
  File "/data/armaan/venvs/omnizip_clean/lib/python3.10/site-packages/torch/nn/modules/module.py", line 1750, in _call_impl
    return forward_call(*args, **kwargs)
  File "/data/armaan/purs/Qwen2.5-Omni/low-VRAM-mode/modeling_qwen2_5_omni_low_VRAM_mode.py", line 1116, in forward
    attn_output = F.scaled_dot_product_attention(q, k, v, attention_mask, dropout_p=0.0)
torch.OutOfMemoryError: CUDA out of memory. Tried to allocate 4.45 GiB. GPU 0 has a total capacity of 47.37 GiB of which 2.99 GiB is free. Including non-PyTorch memory, this process has 44.37 GiB memory in use. Of the allocated memory 43.55 GiB is allocated by PyTorch, and 325.60 MiB is reserved by PyTorch but unallocated. If reserved but unallocated memory is large try setting PYTORCH_CUDA_ALLOC_CONF=expandable_segments:True to avoid fragmentation.  See documentation for Memory Management  (https://pytorch.org/docs/stable/notes/cuda.html#environment-variables)


--- video-mme/Object Reasoning ---
Traceback (most recent call last):
  File "/data/armaan/purs/eval_qwen_omni.py", line 843, in main
    pred, reasoning = run_inference(
  File "/data/armaan/purs/eval_qwen_omni.py", line 660, in run_inference
    raw_out = model.generate(**gen_in, **gen_kw)
  File "/data/armaan/venvs/omnizip_clean/lib/python3.10/site-packages/awq/models/base.py", line 134, in generate
    return self.model.generate(*args, **kwargs)
  File "/data/armaan/venvs/omnizip_clean/lib/python3.10/site-packages/torch/utils/_contextlib.py", line 116, in decorate_context
    return func(*args, **kwargs)
  File "/data/armaan/purs/Qwen2.5-Omni/low-VRAM-mode/modeling_qwen2_5_omni_low_VRAM_mode.py", line 4760, in generate
    thinker_result = self.thinker.generate(input_ids=input_ids, **thinker_kwargs)
  File "/data/armaan/venvs/omnizip_clean/lib/python3.10/site-packages/torch/utils/_contextlib.py", line 116, in decorate_context
    return func(*args, **kwargs)
  File "/data/armaan/venvs/omnizip_clean/lib/python3.10/site-packages/transformers/generation/utils.py", line 2597, in generate
    result = self._sample(
  File "/data/armaan/venvs/omnizip_clean/lib/python3.10/site-packages/transformers/generation/utils.py", line 3557, in _sample
    outputs = self(**model_inputs, return_dict=True)
  File "/data/armaan/venvs/omnizip_clean/lib/python3.10/site-packages/torch/nn/modules/module.py", line 1739, in _wrapped_call_impl
    return self._call_impl(*args, **kwargs)
  File "/data/armaan/venvs/omnizip_clean/lib/python3.10/site-packages/torch/nn/modules/module.py", line 1750, in _call_impl
    return forward_call(*args, **kwargs)
  File "/data/armaan/purs/Qwen2.5-Omni/low-VRAM-mode/modeling_qwen2_5_omni_low_VRAM_mode.py", line 2490, in forward
    video_embeds = self.visual(pixel_values_videos, grid_thw=video_grid_thw)
  File "/data/armaan/venvs/omnizip_clean/lib/python3.10/site-packages/torch/nn/modules/module.py", line 1739, in _wrapped_call_impl
    return self._call_impl(*args, **kwargs)
  File "/data/armaan/venvs/omnizip_clean/lib/python3.10/site-packages/torch/nn/modules/module.py", line 1750, in _call_impl
    return forward_call(*args, **kwargs)
  File "/data/armaan/purs/Qwen2.5-Omni/low-VRAM-mode/modeling_qwen2_5_omni_low_VRAM_mode.py", line 1366, in forward
    hidden_states = blk(
  File "/data/armaan/venvs/omnizip_clean/lib/python3.10/site-packages/torch/nn/modules/module.py", line 1739, in _wrapped_call_impl
    return self._call_impl(*args, **kwargs)
  File "/data/armaan/venvs/omnizip_clean/lib/python3.10/site-packages/torch/nn/modules/module.py", line 1750, in _call_impl
    return forward_call(*args, **kwargs)
  File "/data/armaan/purs/Qwen2.5-Omni/low-VRAM-mode/modeling_qwen2_5_omni_low_VRAM_mode.py", line 1155, in forward
    hidden_states = hidden_states + self.attn(
  File "/data/armaan/venvs/omnizip_clean/lib/python3.10/site-packages/torch/nn/modules/module.py", line 1739, in _wrapped_call_impl
    return self._call_impl(*args, **kwargs)
  File "/data/armaan/venvs/omnizip_clean/lib/python3.10/site-packages/torch/nn/modules/module.py", line 1750, in _call_impl
    return forward_call(*args, **kwargs)
  File "/data/armaan/purs/Qwen2.5-Omni/low-VRAM-mode/modeling_qwen2_5_omni_low_VRAM_mode.py", line 1116, in forward
    attn_output = F.scaled_dot_product_attention(q, k, v, attention_mask, dropout_p=0.0)
torch.OutOfMemoryError: CUDA out of memory. Tried to allocate 96.90 GiB. GPU 0 has a total capacity of 47.37 GiB of which 33.75 GiB is free. Including non-PyTorch memory, this process has 13.62 GiB memory in use. Of the allocated memory 12.67 GiB is allocated by PyTorch, and 452.86 MiB is reserved by PyTorch but unallocated. If reserved but unallocated memory is large try setting PYTORCH_CUDA_ALLOC_CONF=expandable_segments:True to avoid fragmentation.  See documentation for Memory Management  (https://pytorch.org/docs/stable/notes/cuda.html#environment-variables)


--- video-mme/Object Reasoning ---
Traceback (most recent call last):
  File "/data/armaan/purs/eval_qwen_omni.py", line 843, in main
    pred, reasoning = run_inference(
  File "/data/armaan/purs/eval_qwen_omni.py", line 660, in run_inference
    raw_out = model.generate(**gen_in, **gen_kw)
  File "/data/armaan/venvs/omnizip_clean/lib/python3.10/site-packages/awq/models/base.py", line 134, in generate
    return self.model.generate(*args, **kwargs)
  File "/data/armaan/venvs/omnizip_clean/lib/python3.10/site-packages/torch/utils/_contextlib.py", line 116, in decorate_context
    return func(*args, **kwargs)
  File "/data/armaan/purs/Qwen2.5-Omni/low-VRAM-mode/modeling_qwen2_5_omni_low_VRAM_mode.py", line 4760, in generate
    thinker_result = self.thinker.generate(input_ids=input_ids, **thinker_kwargs)
  File "/data/armaan/venvs/omnizip_clean/lib/python3.10/site-packages/torch/utils/_contextlib.py", line 116, in decorate_context
    return func(*args, **kwargs)
  File "/data/armaan/venvs/omnizip_clean/lib/python3.10/site-packages/transformers/generation/utils.py", line 2597, in generate
    result = self._sample(
  File "/data/armaan/venvs/omnizip_clean/lib/python3.10/site-packages/transformers/generation/utils.py", line 3557, in _sample
    outputs = self(**model_inputs, return_dict=True)
  File "/data/armaan/venvs/omnizip_clean/lib/python3.10/site-packages/torch/nn/modules/module.py", line 1739, in _wrapped_call_impl
    return self._call_impl(*args, **kwargs)
  File "/data/armaan/venvs/omnizip_clean/lib/python3.10/site-packages/torch/nn/modules/module.py", line 1750, in _call_impl
    return forward_call(*args, **kwargs)
  File "/data/armaan/purs/Qwen2.5-Omni/low-VRAM-mode/modeling_qwen2_5_omni_low_VRAM_mode.py", line 2490, in forward
    video_embeds = self.visual(pixel_values_videos, grid_thw=video_grid_thw)
  File "/data/armaan/venvs/omnizip_clean/lib/python3.10/site-packages/torch/nn/modules/module.py", line 1739, in _wrapped_call_impl
    return self._call_impl(*args, **kwargs)
  File "/data/armaan/venvs/omnizip_clean/lib/python3.10/site-packages/torch/nn/modules/module.py", line 1750, in _call_impl
    return forward_call(*args, **kwargs)
  File "/data/armaan/purs/Qwen2.5-Omni/low-VRAM-mode/modeling_qwen2_5_omni_low_VRAM_mode.py", line 1366, in forward
    hidden_states = blk(
  File "/data/armaan/venvs/omnizip_clean/lib/python3.10/site-packages/torch/nn/modules/module.py", line 1739, in _wrapped_call_impl
    return self._call_impl(*args, **kwargs)
  File "/data/armaan/venvs/omnizip_clean/lib/python3.10/site-packages/torch/nn/modules/module.py", line 1750, in _call_impl
    return forward_call(*args, **kwargs)
  File "/data/armaan/purs/Qwen2.5-Omni/low-VRAM-mode/modeling_qwen2_5_omni_low_VRAM_mode.py", line 1155, in forward
    hidden_states = hidden_states + self.attn(
  File "/data/armaan/venvs/omnizip_clean/lib/python3.10/site-packages/torch/nn/modules/module.py", line 1739, in _wrapped_call_impl
    return self._call_impl(*args, **kwargs)
  File "/data/armaan/venvs/omnizip_clean/lib/python3.10/site-packages/torch/nn/modules/module.py", line 1750, in _call_impl
    return forward_call(*args, **kwargs)
  File "/data/armaan/purs/Qwen2.5-Omni/low-VRAM-mode/modeling_qwen2_5_omni_low_VRAM_mode.py", line 1116, in forward
    attn_output = F.scaled_dot_product_attention(q, k, v, attention_mask, dropout_p=0.0)
torch.OutOfMemoryError: CUDA out of memory. Tried to allocate 96.90 GiB. GPU 0 has a total capacity of 47.37 GiB of which 33.75 GiB is free. Including non-PyTorch memory, this process has 13.62 GiB memory in use. Of the allocated memory 12.67 GiB is allocated by PyTorch, and 452.88 MiB is reserved by PyTorch but unallocated. If reserved but unallocated memory is large try setting PYTORCH_CUDA_ALLOC_CONF=expandable_segments:True to avoid fragmentation.  See documentation for Memory Management  (https://pytorch.org/docs/stable/notes/cuda.html#environment-variables)


--- video-mme/Object Reasoning ---
Traceback (most recent call last):
  File "/data/armaan/purs/eval_qwen_omni.py", line 843, in main
    pred, reasoning = run_inference(
  File "/data/armaan/purs/eval_qwen_omni.py", line 660, in run_inference
    raw_out = model.generate(**gen_in, **gen_kw)
  File "/data/armaan/venvs/omnizip_clean/lib/python3.10/site-packages/awq/models/base.py", line 134, in generate
    return self.model.generate(*args, **kwargs)
  File "/data/armaan/venvs/omnizip_clean/lib/python3.10/site-packages/torch/utils/_contextlib.py", line 116, in decorate_context
    return func(*args, **kwargs)
  File "/data/armaan/purs/Qwen2.5-Omni/low-VRAM-mode/modeling_qwen2_5_omni_low_VRAM_mode.py", line 4760, in generate
    thinker_result = self.thinker.generate(input_ids=input_ids, **thinker_kwargs)
  File "/data/armaan/venvs/omnizip_clean/lib/python3.10/site-packages/torch/utils/_contextlib.py", line 116, in decorate_context
    return func(*args, **kwargs)
  File "/data/armaan/venvs/omnizip_clean/lib/python3.10/site-packages/transformers/generation/utils.py", line 2597, in generate
    result = self._sample(
  File "/data/armaan/venvs/omnizip_clean/lib/python3.10/site-packages/transformers/generation/utils.py", line 3557, in _sample
    outputs = self(**model_inputs, return_dict=True)
  File "/data/armaan/venvs/omnizip_clean/lib/python3.10/site-packages/torch/nn/modules/module.py", line 1739, in _wrapped_call_impl
    return self._call_impl(*args, **kwargs)
  File "/data/armaan/venvs/omnizip_clean/lib/python3.10/site-packages/torch/nn/modules/module.py", line 1750, in _call_impl
    return forward_call(*args, **kwargs)
  File "/data/armaan/purs/Qwen2.5-Omni/low-VRAM-mode/modeling_qwen2_5_omni_low_VRAM_mode.py", line 2490, in forward
    video_embeds = self.visual(pixel_values_videos, grid_thw=video_grid_thw)
  File "/data/armaan/venvs/omnizip_clean/lib/python3.10/site-packages/torch/nn/modules/module.py", line 1739, in _wrapped_call_impl
    return self._call_impl(*args, **kwargs)
  File "/data/armaan/venvs/omnizip_clean/lib/python3.10/site-packages/torch/nn/modules/module.py", line 1750, in _call_impl
    return forward_call(*args, **kwargs)
  File "/data/armaan/purs/Qwen2.5-Omni/low-VRAM-mode/modeling_qwen2_5_omni_low_VRAM_mode.py", line 1366, in forward
    hidden_states = blk(
  File "/data/armaan/venvs/omnizip_clean/lib/python3.10/site-packages/torch/nn/modules/module.py", line 1739, in _wrapped_call_impl
    return self._call_impl(*args, **kwargs)
  File "/data/armaan/venvs/omnizip_clean/lib/python3.10/site-packages/torch/nn/modules/module.py", line 1750, in _call_impl
    return forward_call(*args, **kwargs)
  File "/data/armaan/purs/Qwen2.5-Omni/low-VRAM-mode/modeling_qwen2_5_omni_low_VRAM_mode.py", line 1155, in forward
    hidden_states = hidden_states + self.attn(
  File "/data/armaan/venvs/omnizip_clean/lib/python3.10/site-packages/torch/nn/modules/module.py", line 1739, in _wrapped_call_impl
    return self._call_impl(*args, **kwargs)
  File "/data/armaan/venvs/omnizip_clean/lib/python3.10/site-packages/torch/nn/modules/module.py", line 1750, in _call_impl
    return forward_call(*args, **kwargs)
  File "/data/armaan/purs/Qwen2.5-Omni/low-VRAM-mode/modeling_qwen2_5_omni_low_VRAM_mode.py", line 1116, in forward
    attn_output = F.scaled_dot_product_attention(q, k, v, attention_mask, dropout_p=0.0)
torch.OutOfMemoryError: CUDA out of memory. Tried to allocate 96.90 GiB. GPU 0 has a total capacity of 47.37 GiB of which 33.75 GiB is free. Including non-PyTorch memory, this process has 13.62 GiB memory in use. Of the allocated memory 12.67 GiB is allocated by PyTorch, and 451.77 MiB is reserved by PyTorch but unallocated. If reserved but unallocated memory is large try setting PYTORCH_CUDA_ALLOC_CONF=expandable_segments:True to avoid fragmentation.  See documentation for Memory Management  (https://pytorch.org/docs/stable/notes/cuda.html#environment-variables)


--- video-mme/Object Recognition ---
Traceback (most recent call last):
  File "/data/armaan/purs/eval_qwen_omni.py", line 843, in main
    pred, reasoning = run_inference(
  File "/data/armaan/purs/eval_qwen_omni.py", line 660, in run_inference
    raw_out = model.generate(**gen_in, **gen_kw)
  File "/data/armaan/venvs/omnizip_clean/lib/python3.10/site-packages/awq/models/base.py", line 134, in generate
    return self.model.generate(*args, **kwargs)
  File "/data/armaan/venvs/omnizip_clean/lib/python3.10/site-packages/torch/utils/_contextlib.py", line 116, in decorate_context
    return func(*args, **kwargs)
  File "/data/armaan/purs/Qwen2.5-Omni/low-VRAM-mode/modeling_qwen2_5_omni_low_VRAM_mode.py", line 4760, in generate
    thinker_result = self.thinker.generate(input_ids=input_ids, **thinker_kwargs)
  File "/data/armaan/venvs/omnizip_clean/lib/python3.10/site-packages/torch/utils/_contextlib.py", line 116, in decorate_context
    return func(*args, **kwargs)
  File "/data/armaan/venvs/omnizip_clean/lib/python3.10/site-packages/transformers/generation/utils.py", line 2597, in generate
    result = self._sample(
  File "/data/armaan/venvs/omnizip_clean/lib/python3.10/site-packages/transformers/generation/utils.py", line 3557, in _sample
    outputs = self(**model_inputs, return_dict=True)
  File "/data/armaan/venvs/omnizip_clean/lib/python3.10/site-packages/torch/nn/modules/module.py", line 1739, in _wrapped_call_impl
    return self._call_impl(*args, **kwargs)
  File "/data/armaan/venvs/omnizip_clean/lib/python3.10/site-packages/torch/nn/modules/module.py", line 1750, in _call_impl
    return forward_call(*args, **kwargs)
  File "/data/armaan/purs/Qwen2.5-Omni/low-VRAM-mode/modeling_qwen2_5_omni_low_VRAM_mode.py", line 2490, in forward
    video_embeds = self.visual(pixel_values_videos, grid_thw=video_grid_thw)
  File "/data/armaan/venvs/omnizip_clean/lib/python3.10/site-packages/torch/nn/modules/module.py", line 1739, in _wrapped_call_impl
    return self._call_impl(*args, **kwargs)
  File "/data/armaan/venvs/omnizip_clean/lib/python3.10/site-packages/torch/nn/modules/module.py", line 1750, in _call_impl
    return forward_call(*args, **kwargs)
  File "/data/armaan/purs/Qwen2.5-Omni/low-VRAM-mode/modeling_qwen2_5_omni_low_VRAM_mode.py", line 1366, in forward
    hidden_states = blk(
  File "/data/armaan/venvs/omnizip_clean/lib/python3.10/site-packages/torch/nn/modules/module.py", line 1739, in _wrapped_call_impl
    return self._call_impl(*args, **kwargs)
  File "/data/armaan/venvs/omnizip_clean/lib/python3.10/site-packages/torch/nn/modules/module.py", line 1750, in _call_impl
    return forward_call(*args, **kwargs)
  File "/data/armaan/purs/Qwen2.5-Omni/low-VRAM-mode/modeling_qwen2_5_omni_low_VRAM_mode.py", line 1155, in forward
    hidden_states = hidden_states + self.attn(
  File "/data/armaan/venvs/omnizip_clean/lib/python3.10/site-packages/torch/nn/modules/module.py", line 1739, in _wrapped_call_impl
    return self._call_impl(*args, **kwargs)
  File "/data/armaan/venvs/omnizip_clean/lib/python3.10/site-packages/torch/nn/modules/module.py", line 1750, in _call_impl
    return forward_call(*args, **kwargs)
  File "/data/armaan/purs/Qwen2.5-Omni/low-VRAM-mode/modeling_qwen2_5_omni_low_VRAM_mode.py", line 1116, in forward
    attn_output = F.scaled_dot_product_attention(q, k, v, attention_mask, dropout_p=0.0)
torch.OutOfMemoryError: CUDA out of memory. Tried to allocate 153.14 GiB. GPU 0 has a total capacity of 47.37 GiB of which 30.62 GiB is free. Including non-PyTorch memory, this process has 16.74 GiB memory in use. Of the allocated memory 15.73 GiB is allocated by PyTorch, and 523.86 MiB is reserved by PyTorch but unallocated. If reserved but unallocated memory is large try setting PYTORCH_CUDA_ALLOC_CONF=expandable_segments:True to avoid fragmentation.  See documentation for Memory Management  (https://pytorch.org/docs/stable/notes/cuda.html#environment-variables)


--- video-mme/Object Recognition ---
Traceback (most recent call last):
  File "/data/armaan/purs/eval_qwen_omni.py", line 843, in main
    pred, reasoning = run_inference(
  File "/data/armaan/purs/eval_qwen_omni.py", line 660, in run_inference
    raw_out = model.generate(**gen_in, **gen_kw)
  File "/data/armaan/venvs/omnizip_clean/lib/python3.10/site-packages/awq/models/base.py", line 134, in generate
    return self.model.generate(*args, **kwargs)
  File "/data/armaan/venvs/omnizip_clean/lib/python3.10/site-packages/torch/utils/_contextlib.py", line 116, in decorate_context
    return func(*args, **kwargs)
  File "/data/armaan/purs/Qwen2.5-Omni/low-VRAM-mode/modeling_qwen2_5_omni_low_VRAM_mode.py", line 4760, in generate
    thinker_result = self.thinker.generate(input_ids=input_ids, **thinker_kwargs)
  File "/data/armaan/venvs/omnizip_clean/lib/python3.10/site-packages/torch/utils/_contextlib.py", line 116, in decorate_context
    return func(*args, **kwargs)
  File "/data/armaan/venvs/omnizip_clean/lib/python3.10/site-packages/transformers/generation/utils.py", line 2597, in generate
    result = self._sample(
  File "/data/armaan/venvs/omnizip_clean/lib/python3.10/site-packages/transformers/generation/utils.py", line 3557, in _sample
    outputs = self(**model_inputs, return_dict=True)
  File "/data/armaan/venvs/omnizip_clean/lib/python3.10/site-packages/torch/nn/modules/module.py", line 1739, in _wrapped_call_impl
    return self._call_impl(*args, **kwargs)
  File "/data/armaan/venvs/omnizip_clean/lib/python3.10/site-packages/torch/nn/modules/module.py", line 1750, in _call_impl
    return forward_call(*args, **kwargs)
  File "/data/armaan/purs/Qwen2.5-Omni/low-VRAM-mode/modeling_qwen2_5_omni_low_VRAM_mode.py", line 2490, in forward
    video_embeds = self.visual(pixel_values_videos, grid_thw=video_grid_thw)
  File "/data/armaan/venvs/omnizip_clean/lib/python3.10/site-packages/torch/nn/modules/module.py", line 1739, in _wrapped_call_impl
    return self._call_impl(*args, **kwargs)
  File "/data/armaan/venvs/omnizip_clean/lib/python3.10/site-packages/torch/nn/modules/module.py", line 1750, in _call_impl
    return forward_call(*args, **kwargs)
  File "/data/armaan/purs/Qwen2.5-Omni/low-VRAM-mode/modeling_qwen2_5_omni_low_VRAM_mode.py", line 1366, in forward
    hidden_states = blk(
  File "/data/armaan/venvs/omnizip_clean/lib/python3.10/site-packages/torch/nn/modules/module.py", line 1739, in _wrapped_call_impl
    return self._call_impl(*args, **kwargs)
  File "/data/armaan/venvs/omnizip_clean/lib/python3.10/site-packages/torch/nn/modules/module.py", line 1750, in _call_impl
    return forward_call(*args, **kwargs)
  File "/data/armaan/purs/Qwen2.5-Omni/low-VRAM-mode/modeling_qwen2_5_omni_low_VRAM_mode.py", line 1155, in forward
    hidden_states = hidden_states + self.attn(
  File "/data/armaan/venvs/omnizip_clean/lib/python3.10/site-packages/torch/nn/modules/module.py", line 1739, in _wrapped_call_impl
    return self._call_impl(*args, **kwargs)
  File "/data/armaan/venvs/omnizip_clean/lib/python3.10/site-packages/torch/nn/modules/module.py", line 1750, in _call_impl
    return forward_call(*args, **kwargs)
  File "/data/armaan/purs/Qwen2.5-Omni/low-VRAM-mode/modeling_qwen2_5_omni_low_VRAM_mode.py", line 1116, in forward
    attn_output = F.scaled_dot_product_attention(q, k, v, attention_mask, dropout_p=0.0)
torch.OutOfMemoryError: CUDA out of memory. Tried to allocate 153.14 GiB. GPU 0 has a total capacity of 47.37 GiB of which 30.62 GiB is free. Including non-PyTorch memory, this process has 16.74 GiB memory in use. Of the allocated memory 15.73 GiB is allocated by PyTorch, and 523.67 MiB is reserved by PyTorch but unallocated. If reserved but unallocated memory is large try setting PYTORCH_CUDA_ALLOC_CONF=expandable_segments:True to avoid fragmentation.  See documentation for Memory Management  (https://pytorch.org/docs/stable/notes/cuda.html#environment-variables)


--- video-mme/Object Recognition ---
Traceback (most recent call last):
  File "/data/armaan/purs/eval_qwen_omni.py", line 843, in main
    pred, reasoning = run_inference(
  File "/data/armaan/purs/eval_qwen_omni.py", line 660, in run_inference
    raw_out = model.generate(**gen_in, **gen_kw)
  File "/data/armaan/venvs/omnizip_clean/lib/python3.10/site-packages/awq/models/base.py", line 134, in generate
    return self.model.generate(*args, **kwargs)
  File "/data/armaan/venvs/omnizip_clean/lib/python3.10/site-packages/torch/utils/_contextlib.py", line 116, in decorate_context
    return func(*args, **kwargs)
  File "/data/armaan/purs/Qwen2.5-Omni/low-VRAM-mode/modeling_qwen2_5_omni_low_VRAM_mode.py", line 4760, in generate
    thinker_result = self.thinker.generate(input_ids=input_ids, **thinker_kwargs)
  File "/data/armaan/venvs/omnizip_clean/lib/python3.10/site-packages/torch/utils/_contextlib.py", line 116, in decorate_context
    return func(*args, **kwargs)
  File "/data/armaan/venvs/omnizip_clean/lib/python3.10/site-packages/transformers/generation/utils.py", line 2597, in generate
    result = self._sample(
  File "/data/armaan/venvs/omnizip_clean/lib/python3.10/site-packages/transformers/generation/utils.py", line 3557, in _sample
    outputs = self(**model_inputs, return_dict=True)
  File "/data/armaan/venvs/omnizip_clean/lib/python3.10/site-packages/torch/nn/modules/module.py", line 1739, in _wrapped_call_impl
    return self._call_impl(*args, **kwargs)
  File "/data/armaan/venvs/omnizip_clean/lib/python3.10/site-packages/torch/nn/modules/module.py", line 1750, in _call_impl
    return forward_call(*args, **kwargs)
  File "/data/armaan/purs/Qwen2.5-Omni/low-VRAM-mode/modeling_qwen2_5_omni_low_VRAM_mode.py", line 2490, in forward
    video_embeds = self.visual(pixel_values_videos, grid_thw=video_grid_thw)
  File "/data/armaan/venvs/omnizip_clean/lib/python3.10/site-packages/torch/nn/modules/module.py", line 1739, in _wrapped_call_impl
    return self._call_impl(*args, **kwargs)
  File "/data/armaan/venvs/omnizip_clean/lib/python3.10/site-packages/torch/nn/modules/module.py", line 1750, in _call_impl
    return forward_call(*args, **kwargs)
  File "/data/armaan/purs/Qwen2.5-Omni/low-VRAM-mode/modeling_qwen2_5_omni_low_VRAM_mode.py", line 1366, in forward
    hidden_states = blk(
  File "/data/armaan/venvs/omnizip_clean/lib/python3.10/site-packages/torch/nn/modules/module.py", line 1739, in _wrapped_call_impl
    return self._call_impl(*args, **kwargs)
  File "/data/armaan/venvs/omnizip_clean/lib/python3.10/site-packages/torch/nn/modules/module.py", line 1750, in _call_impl
    return forward_call(*args, **kwargs)
  File "/data/armaan/purs/Qwen2.5-Omni/low-VRAM-mode/modeling_qwen2_5_omni_low_VRAM_mode.py", line 1155, in forward
    hidden_states = hidden_states + self.attn(
  File "/data/armaan/venvs/omnizip_clean/lib/python3.10/site-packages/torch/nn/modules/module.py", line 1739, in _wrapped_call_impl
    return self._call_impl(*args, **kwargs)
  File "/data/armaan/venvs/omnizip_clean/lib/python3.10/site-packages/torch/nn/modules/module.py", line 1750, in _call_impl
    return forward_call(*args, **kwargs)
  File "/data/armaan/purs/Qwen2.5-Omni/low-VRAM-mode/modeling_qwen2_5_omni_low_VRAM_mode.py", line 1116, in forward
    attn_output = F.scaled_dot_product_attention(q, k, v, attention_mask, dropout_p=0.0)
torch.OutOfMemoryError: CUDA out of memory. Tried to allocate 153.14 GiB. GPU 0 has a total capacity of 47.37 GiB of which 30.62 GiB is free. Including non-PyTorch memory, this process has 16.74 GiB memory in use. Of the allocated memory 15.73 GiB is allocated by PyTorch, and 523.77 MiB is reserved by PyTorch but unallocated. If reserved but unallocated memory is large try setting PYTORCH_CUDA_ALLOC_CONF=expandable_segments:True to avoid fragmentation.  See documentation for Memory Management  (https://pytorch.org/docs/stable/notes/cuda.html#environment-variables)


--- video-mme/Spatial Perception ---
Traceback (most recent call last):
  File "/data/armaan/purs/eval_qwen_omni.py", line 843, in main
    pred, reasoning = run_inference(
  File "/data/armaan/purs/eval_qwen_omni.py", line 660, in run_inference
    raw_out = model.generate(**gen_in, **gen_kw)
  File "/data/armaan/venvs/omnizip_clean/lib/python3.10/site-packages/awq/models/base.py", line 134, in generate
    return self.model.generate(*args, **kwargs)
  File "/data/armaan/venvs/omnizip_clean/lib/python3.10/site-packages/torch/utils/_contextlib.py", line 116, in decorate_context
    return func(*args, **kwargs)
  File "/data/armaan/purs/Qwen2.5-Omni/low-VRAM-mode/modeling_qwen2_5_omni_low_VRAM_mode.py", line 4760, in generate
    thinker_result = self.thinker.generate(input_ids=input_ids, **thinker_kwargs)
  File "/data/armaan/venvs/omnizip_clean/lib/python3.10/site-packages/torch/utils/_contextlib.py", line 116, in decorate_context
    return func(*args, **kwargs)
  File "/data/armaan/venvs/omnizip_clean/lib/python3.10/site-packages/transformers/generation/utils.py", line 2597, in generate
    result = self._sample(
  File "/data/armaan/venvs/omnizip_clean/lib/python3.10/site-packages/transformers/generation/utils.py", line 3557, in _sample
    outputs = self(**model_inputs, return_dict=True)
  File "/data/armaan/venvs/omnizip_clean/lib/python3.10/site-packages/torch/nn/modules/module.py", line 1739, in _wrapped_call_impl
    return self._call_impl(*args, **kwargs)
  File "/data/armaan/venvs/omnizip_clean/lib/python3.10/site-packages/torch/nn/modules/module.py", line 1750, in _call_impl
    return forward_call(*args, **kwargs)
  File "/data/armaan/purs/Qwen2.5-Omni/low-VRAM-mode/modeling_qwen2_5_omni_low_VRAM_mode.py", line 2490, in forward
    video_embeds = self.visual(pixel_values_videos, grid_thw=video_grid_thw)
  File "/data/armaan/venvs/omnizip_clean/lib/python3.10/site-packages/torch/nn/modules/module.py", line 1739, in _wrapped_call_impl
    return self._call_impl(*args, **kwargs)
  File "/data/armaan/venvs/omnizip_clean/lib/python3.10/site-packages/torch/nn/modules/module.py", line 1750, in _call_impl
    return forward_call(*args, **kwargs)
  File "/data/armaan/purs/Qwen2.5-Omni/low-VRAM-mode/modeling_qwen2_5_omni_low_VRAM_mode.py", line 1366, in forward
    hidden_states = blk(
  File "/data/armaan/venvs/omnizip_clean/lib/python3.10/site-packages/torch/nn/modules/module.py", line 1739, in _wrapped_call_impl
    return self._call_impl(*args, **kwargs)
  File "/data/armaan/venvs/omnizip_clean/lib/python3.10/site-packages/torch/nn/modules/module.py", line 1750, in _call_impl
    return forward_call(*args, **kwargs)
  File "/data/armaan/purs/Qwen2.5-Omni/low-VRAM-mode/modeling_qwen2_5_omni_low_VRAM_mode.py", line 1155, in forward
    hidden_states = hidden_states + self.attn(
  File "/data/armaan/venvs/omnizip_clean/lib/python3.10/site-packages/torch/nn/modules/module.py", line 1739, in _wrapped_call_impl
    return self._call_impl(*args, **kwargs)
  File "/data/armaan/venvs/omnizip_clean/lib/python3.10/site-packages/torch/nn/modules/module.py", line 1750, in _call_impl
    return forward_call(*args, **kwargs)
  File "/data/armaan/purs/Qwen2.5-Omni/low-VRAM-mode/modeling_qwen2_5_omni_low_VRAM_mode.py", line 1116, in forward
    attn_output = F.scaled_dot_product_attention(q, k, v, attention_mask, dropout_p=0.0)
torch.OutOfMemoryError: CUDA out of memory. Tried to allocate 142.88 GiB. GPU 0 has a total capacity of 47.37 GiB of which 31.18 GiB is free. Including non-PyTorch memory, this process has 16.18 GiB memory in use. Of the allocated memory 15.18 GiB is allocated by PyTorch, and 512.01 MiB is reserved by PyTorch but unallocated. If reserved but unallocated memory is large try setting PYTORCH_CUDA_ALLOC_CONF=expandable_segments:True to avoid fragmentation.  See documentation for Memory Management  (https://pytorch.org/docs/stable/notes/cuda.html#environment-variables)


--- video-mme/Spatial Perception ---
Traceback (most recent call last):
  File "/data/armaan/purs/eval_qwen_omni.py", line 843, in main
    pred, reasoning = run_inference(
  File "/data/armaan/purs/eval_qwen_omni.py", line 660, in run_inference
    raw_out = model.generate(**gen_in, **gen_kw)
  File "/data/armaan/venvs/omnizip_clean/lib/python3.10/site-packages/awq/models/base.py", line 134, in generate
    return self.model.generate(*args, **kwargs)
  File "/data/armaan/venvs/omnizip_clean/lib/python3.10/site-packages/torch/utils/_contextlib.py", line 116, in decorate_context
    return func(*args, **kwargs)
  File "/data/armaan/purs/Qwen2.5-Omni/low-VRAM-mode/modeling_qwen2_5_omni_low_VRAM_mode.py", line 4760, in generate
    thinker_result = self.thinker.generate(input_ids=input_ids, **thinker_kwargs)
  File "/data/armaan/venvs/omnizip_clean/lib/python3.10/site-packages/torch/utils/_contextlib.py", line 116, in decorate_context
    return func(*args, **kwargs)
  File "/data/armaan/venvs/omnizip_clean/lib/python3.10/site-packages/transformers/generation/utils.py", line 2597, in generate
    result = self._sample(
  File "/data/armaan/venvs/omnizip_clean/lib/python3.10/site-packages/transformers/generation/utils.py", line 3557, in _sample
    outputs = self(**model_inputs, return_dict=True)
  File "/data/armaan/venvs/omnizip_clean/lib/python3.10/site-packages/torch/nn/modules/module.py", line 1739, in _wrapped_call_impl
    return self._call_impl(*args, **kwargs)
  File "/data/armaan/venvs/omnizip_clean/lib/python3.10/site-packages/torch/nn/modules/module.py", line 1750, in _call_impl
    return forward_call(*args, **kwargs)
  File "/data/armaan/purs/Qwen2.5-Omni/low-VRAM-mode/modeling_qwen2_5_omni_low_VRAM_mode.py", line 2490, in forward
    video_embeds = self.visual(pixel_values_videos, grid_thw=video_grid_thw)
  File "/data/armaan/venvs/omnizip_clean/lib/python3.10/site-packages/torch/nn/modules/module.py", line 1739, in _wrapped_call_impl
    return self._call_impl(*args, **kwargs)
  File "/data/armaan/venvs/omnizip_clean/lib/python3.10/site-packages/torch/nn/modules/module.py", line 1750, in _call_impl
    return forward_call(*args, **kwargs)
  File "/data/armaan/purs/Qwen2.5-Omni/low-VRAM-mode/modeling_qwen2_5_omni_low_VRAM_mode.py", line 1366, in forward
    hidden_states = blk(
  File "/data/armaan/venvs/omnizip_clean/lib/python3.10/site-packages/torch/nn/modules/module.py", line 1739, in _wrapped_call_impl
    return self._call_impl(*args, **kwargs)
  File "/data/armaan/venvs/omnizip_clean/lib/python3.10/site-packages/torch/nn/modules/module.py", line 1750, in _call_impl
    return forward_call(*args, **kwargs)
  File "/data/armaan/purs/Qwen2.5-Omni/low-VRAM-mode/modeling_qwen2_5_omni_low_VRAM_mode.py", line 1155, in forward
    hidden_states = hidden_states + self.attn(
  File "/data/armaan/venvs/omnizip_clean/lib/python3.10/site-packages/torch/nn/modules/module.py", line 1739, in _wrapped_call_impl
    return self._call_impl(*args, **kwargs)
  File "/data/armaan/venvs/omnizip_clean/lib/python3.10/site-packages/torch/nn/modules/module.py", line 1750, in _call_impl
    return forward_call(*args, **kwargs)
  File "/data/armaan/purs/Qwen2.5-Omni/low-VRAM-mode/modeling_qwen2_5_omni_low_VRAM_mode.py", line 1116, in forward
    attn_output = F.scaled_dot_product_attention(q, k, v, attention_mask, dropout_p=0.0)
torch.OutOfMemoryError: CUDA out of memory. Tried to allocate 142.88 GiB. GPU 0 has a total capacity of 47.37 GiB of which 31.18 GiB is free. Including non-PyTorch memory, this process has 16.18 GiB memory in use. Of the allocated memory 15.18 GiB is allocated by PyTorch, and 511.88 MiB is reserved by PyTorch but unallocated. If reserved but unallocated memory is large try setting PYTORCH_CUDA_ALLOC_CONF=expandable_segments:True to avoid fragmentation.  See documentation for Memory Management  (https://pytorch.org/docs/stable/notes/cuda.html#environment-variables)


--- video-mme/Spatial Perception ---
Traceback (most recent call last):
  File "/data/armaan/purs/eval_qwen_omni.py", line 843, in main
    pred, reasoning = run_inference(
  File "/data/armaan/purs/eval_qwen_omni.py", line 660, in run_inference
    raw_out = model.generate(**gen_in, **gen_kw)
  File "/data/armaan/venvs/omnizip_clean/lib/python3.10/site-packages/awq/models/base.py", line 134, in generate
    return self.model.generate(*args, **kwargs)
  File "/data/armaan/venvs/omnizip_clean/lib/python3.10/site-packages/torch/utils/_contextlib.py", line 116, in decorate_context
    return func(*args, **kwargs)
  File "/data/armaan/purs/Qwen2.5-Omni/low-VRAM-mode/modeling_qwen2_5_omni_low_VRAM_mode.py", line 4760, in generate
    thinker_result = self.thinker.generate(input_ids=input_ids, **thinker_kwargs)
  File "/data/armaan/venvs/omnizip_clean/lib/python3.10/site-packages/torch/utils/_contextlib.py", line 116, in decorate_context
    return func(*args, **kwargs)
  File "/data/armaan/venvs/omnizip_clean/lib/python3.10/site-packages/transformers/generation/utils.py", line 2597, in generate
    result = self._sample(
  File "/data/armaan/venvs/omnizip_clean/lib/python3.10/site-packages/transformers/generation/utils.py", line 3557, in _sample
    outputs = self(**model_inputs, return_dict=True)
  File "/data/armaan/venvs/omnizip_clean/lib/python3.10/site-packages/torch/nn/modules/module.py", line 1739, in _wrapped_call_impl
    return self._call_impl(*args, **kwargs)
  File "/data/armaan/venvs/omnizip_clean/lib/python3.10/site-packages/torch/nn/modules/module.py", line 1750, in _call_impl
    return forward_call(*args, **kwargs)
  File "/data/armaan/purs/Qwen2.5-Omni/low-VRAM-mode/modeling_qwen2_5_omni_low_VRAM_mode.py", line 2490, in forward
    video_embeds = self.visual(pixel_values_videos, grid_thw=video_grid_thw)
  File "/data/armaan/venvs/omnizip_clean/lib/python3.10/site-packages/torch/nn/modules/module.py", line 1739, in _wrapped_call_impl
    return self._call_impl(*args, **kwargs)
  File "/data/armaan/venvs/omnizip_clean/lib/python3.10/site-packages/torch/nn/modules/module.py", line 1750, in _call_impl
    return forward_call(*args, **kwargs)
  File "/data/armaan/purs/Qwen2.5-Omni/low-VRAM-mode/modeling_qwen2_5_omni_low_VRAM_mode.py", line 1366, in forward
    hidden_states = blk(
  File "/data/armaan/venvs/omnizip_clean/lib/python3.10/site-packages/torch/nn/modules/module.py", line 1739, in _wrapped_call_impl
    return self._call_impl(*args, **kwargs)
  File "/data/armaan/venvs/omnizip_clean/lib/python3.10/site-packages/torch/nn/modules/module.py", line 1750, in _call_impl
    return forward_call(*args, **kwargs)
  File "/data/armaan/purs/Qwen2.5-Omni/low-VRAM-mode/modeling_qwen2_5_omni_low_VRAM_mode.py", line 1155, in forward
    hidden_states = hidden_states + self.attn(
  File "/data/armaan/venvs/omnizip_clean/lib/python3.10/site-packages/torch/nn/modules/module.py", line 1739, in _wrapped_call_impl
    return self._call_impl(*args, **kwargs)
  File "/data/armaan/venvs/omnizip_clean/lib/python3.10/site-packages/torch/nn/modules/module.py", line 1750, in _call_impl
    return forward_call(*args, **kwargs)
  File "/data/armaan/purs/Qwen2.5-Omni/low-VRAM-mode/modeling_qwen2_5_omni_low_VRAM_mode.py", line 1116, in forward
    attn_output = F.scaled_dot_product_attention(q, k, v, attention_mask, dropout_p=0.0)
torch.OutOfMemoryError: CUDA out of memory. Tried to allocate 142.88 GiB. GPU 0 has a total capacity of 47.37 GiB of which 31.18 GiB is free. Including non-PyTorch memory, this process has 16.18 GiB memory in use. Of the allocated memory 15.18 GiB is allocated by PyTorch, and 511.98 MiB is reserved by PyTorch but unallocated. If reserved but unallocated memory is large try setting PYTORCH_CUDA_ALLOC_CONF=expandable_segments:True to avoid fragmentation.  See documentation for Memory Management  (https://pytorch.org/docs/stable/notes/cuda.html#environment-variables)


--- video-mme/Spatial Reasoning ---
Traceback (most recent call last):
  File "/data/armaan/purs/eval_qwen_omni.py", line 843, in main
    pred, reasoning = run_inference(
  File "/data/armaan/purs/eval_qwen_omni.py", line 660, in run_inference
    raw_out = model.generate(**gen_in, **gen_kw)
  File "/data/armaan/venvs/omnizip_clean/lib/python3.10/site-packages/awq/models/base.py", line 134, in generate
    return self.model.generate(*args, **kwargs)
  File "/data/armaan/venvs/omnizip_clean/lib/python3.10/site-packages/torch/utils/_contextlib.py", line 116, in decorate_context
    return func(*args, **kwargs)
  File "/data/armaan/purs/Qwen2.5-Omni/low-VRAM-mode/modeling_qwen2_5_omni_low_VRAM_mode.py", line 4760, in generate
    thinker_result = self.thinker.generate(input_ids=input_ids, **thinker_kwargs)
  File "/data/armaan/venvs/omnizip_clean/lib/python3.10/site-packages/torch/utils/_contextlib.py", line 116, in decorate_context
    return func(*args, **kwargs)
  File "/data/armaan/venvs/omnizip_clean/lib/python3.10/site-packages/transformers/generation/utils.py", line 2597, in generate
    result = self._sample(
  File "/data/armaan/venvs/omnizip_clean/lib/python3.10/site-packages/transformers/generation/utils.py", line 3557, in _sample
    outputs = self(**model_inputs, return_dict=True)
  File "/data/armaan/venvs/omnizip_clean/lib/python3.10/site-packages/torch/nn/modules/module.py", line 1739, in _wrapped_call_impl
    return self._call_impl(*args, **kwargs)
  File "/data/armaan/venvs/omnizip_clean/lib/python3.10/site-packages/torch/nn/modules/module.py", line 1750, in _call_impl
    return forward_call(*args, **kwargs)
  File "/data/armaan/purs/Qwen2.5-Omni/low-VRAM-mode/modeling_qwen2_5_omni_low_VRAM_mode.py", line 2490, in forward
    video_embeds = self.visual(pixel_values_videos, grid_thw=video_grid_thw)
  File "/data/armaan/venvs/omnizip_clean/lib/python3.10/site-packages/torch/nn/modules/module.py", line 1739, in _wrapped_call_impl
    return self._call_impl(*args, **kwargs)
  File "/data/armaan/venvs/omnizip_clean/lib/python3.10/site-packages/torch/nn/modules/module.py", line 1750, in _call_impl
    return forward_call(*args, **kwargs)
  File "/data/armaan/purs/Qwen2.5-Omni/low-VRAM-mode/modeling_qwen2_5_omni_low_VRAM_mode.py", line 1366, in forward
    hidden_states = blk(
  File "/data/armaan/venvs/omnizip_clean/lib/python3.10/site-packages/torch/nn/modules/module.py", line 1739, in _wrapped_call_impl
    return self._call_impl(*args, **kwargs)
  File "/data/armaan/venvs/omnizip_clean/lib/python3.10/site-packages/torch/nn/modules/module.py", line 1750, in _call_impl
    return forward_call(*args, **kwargs)
  File "/data/armaan/purs/Qwen2.5-Omni/low-VRAM-mode/modeling_qwen2_5_omni_low_VRAM_mode.py", line 1155, in forward
    hidden_states = hidden_states + self.attn(
  File "/data/armaan/venvs/omnizip_clean/lib/python3.10/site-packages/torch/nn/modules/module.py", line 1739, in _wrapped_call_impl
    return self._call_impl(*args, **kwargs)
  File "/data/armaan/venvs/omnizip_clean/lib/python3.10/site-packages/torch/nn/modules/module.py", line 1750, in _call_impl
    return forward_call(*args, **kwargs)
  File "/data/armaan/purs/Qwen2.5-Omni/low-VRAM-mode/modeling_qwen2_5_omni_low_VRAM_mode.py", line 1116, in forward
    attn_output = F.scaled_dot_product_attention(q, k, v, attention_mask, dropout_p=0.0)
torch.OutOfMemoryError: CUDA out of memory. Tried to allocate 126.56 GiB. GPU 0 has a total capacity of 47.37 GiB of which 31.98 GiB is free. Including non-PyTorch memory, this process has 15.38 GiB memory in use. Of the allocated memory 14.30 GiB is allocated by PyTorch, and 598.01 MiB is reserved by PyTorch but unallocated. If reserved but unallocated memory is large try setting PYTORCH_CUDA_ALLOC_CONF=expandable_segments:True to avoid fragmentation.  See documentation for Memory Management  (https://pytorch.org/docs/stable/notes/cuda.html#environment-variables)


--- video-mme/Spatial Reasoning ---
Traceback (most recent call last):
  File "/data/armaan/purs/eval_qwen_omni.py", line 843, in main
    pred, reasoning = run_inference(
  File "/data/armaan/purs/eval_qwen_omni.py", line 660, in run_inference
    raw_out = model.generate(**gen_in, **gen_kw)
  File "/data/armaan/venvs/omnizip_clean/lib/python3.10/site-packages/awq/models/base.py", line 134, in generate
    return self.model.generate(*args, **kwargs)
  File "/data/armaan/venvs/omnizip_clean/lib/python3.10/site-packages/torch/utils/_contextlib.py", line 116, in decorate_context
    return func(*args, **kwargs)
  File "/data/armaan/purs/Qwen2.5-Omni/low-VRAM-mode/modeling_qwen2_5_omni_low_VRAM_mode.py", line 4760, in generate
    thinker_result = self.thinker.generate(input_ids=input_ids, **thinker_kwargs)
  File "/data/armaan/venvs/omnizip_clean/lib/python3.10/site-packages/torch/utils/_contextlib.py", line 116, in decorate_context
    return func(*args, **kwargs)
  File "/data/armaan/venvs/omnizip_clean/lib/python3.10/site-packages/transformers/generation/utils.py", line 2597, in generate
    result = self._sample(
  File "/data/armaan/venvs/omnizip_clean/lib/python3.10/site-packages/transformers/generation/utils.py", line 3557, in _sample
    outputs = self(**model_inputs, return_dict=True)
  File "/data/armaan/venvs/omnizip_clean/lib/python3.10/site-packages/torch/nn/modules/module.py", line 1739, in _wrapped_call_impl
    return self._call_impl(*args, **kwargs)
  File "/data/armaan/venvs/omnizip_clean/lib/python3.10/site-packages/torch/nn/modules/module.py", line 1750, in _call_impl
    return forward_call(*args, **kwargs)
  File "/data/armaan/purs/Qwen2.5-Omni/low-VRAM-mode/modeling_qwen2_5_omni_low_VRAM_mode.py", line 2490, in forward
    video_embeds = self.visual(pixel_values_videos, grid_thw=video_grid_thw)
  File "/data/armaan/venvs/omnizip_clean/lib/python3.10/site-packages/torch/nn/modules/module.py", line 1739, in _wrapped_call_impl
    return self._call_impl(*args, **kwargs)
  File "/data/armaan/venvs/omnizip_clean/lib/python3.10/site-packages/torch/nn/modules/module.py", line 1750, in _call_impl
    return forward_call(*args, **kwargs)
  File "/data/armaan/purs/Qwen2.5-Omni/low-VRAM-mode/modeling_qwen2_5_omni_low_VRAM_mode.py", line 1366, in forward
    hidden_states = blk(
  File "/data/armaan/venvs/omnizip_clean/lib/python3.10/site-packages/torch/nn/modules/module.py", line 1739, in _wrapped_call_impl
    return self._call_impl(*args, **kwargs)
  File "/data/armaan/venvs/omnizip_clean/lib/python3.10/site-packages/torch/nn/modules/module.py", line 1750, in _call_impl
    return forward_call(*args, **kwargs)
  File "/data/armaan/purs/Qwen2.5-Omni/low-VRAM-mode/modeling_qwen2_5_omni_low_VRAM_mode.py", line 1155, in forward
    hidden_states = hidden_states + self.attn(
  File "/data/armaan/venvs/omnizip_clean/lib/python3.10/site-packages/torch/nn/modules/module.py", line 1739, in _wrapped_call_impl
    return self._call_impl(*args, **kwargs)
  File "/data/armaan/venvs/omnizip_clean/lib/python3.10/site-packages/torch/nn/modules/module.py", line 1750, in _call_impl
    return forward_call(*args, **kwargs)
  File "/data/armaan/purs/Qwen2.5-Omni/low-VRAM-mode/modeling_qwen2_5_omni_low_VRAM_mode.py", line 1116, in forward
    attn_output = F.scaled_dot_product_attention(q, k, v, attention_mask, dropout_p=0.0)
torch.OutOfMemoryError: CUDA out of memory. Tried to allocate 126.56 GiB. GPU 0 has a total capacity of 47.37 GiB of which 31.98 GiB is free. Including non-PyTorch memory, this process has 15.38 GiB memory in use. Of the allocated memory 14.30 GiB is allocated by PyTorch, and 598.04 MiB is reserved by PyTorch but unallocated. If reserved but unallocated memory is large try setting PYTORCH_CUDA_ALLOC_CONF=expandable_segments:True to avoid fragmentation.  See documentation for Memory Management  (https://pytorch.org/docs/stable/notes/cuda.html#environment-variables)


--- video-mme/Spatial Reasoning ---
Traceback (most recent call last):
  File "/data/armaan/purs/eval_qwen_omni.py", line 843, in main
    pred, reasoning = run_inference(
  File "/data/armaan/purs/eval_qwen_omni.py", line 660, in run_inference
    raw_out = model.generate(**gen_in, **gen_kw)
  File "/data/armaan/venvs/omnizip_clean/lib/python3.10/site-packages/awq/models/base.py", line 134, in generate
    return self.model.generate(*args, **kwargs)
  File "/data/armaan/venvs/omnizip_clean/lib/python3.10/site-packages/torch/utils/_contextlib.py", line 116, in decorate_context
    return func(*args, **kwargs)
  File "/data/armaan/purs/Qwen2.5-Omni/low-VRAM-mode/modeling_qwen2_5_omni_low_VRAM_mode.py", line 4760, in generate
    thinker_result = self.thinker.generate(input_ids=input_ids, **thinker_kwargs)
  File "/data/armaan/venvs/omnizip_clean/lib/python3.10/site-packages/torch/utils/_contextlib.py", line 116, in decorate_context
    return func(*args, **kwargs)
  File "/data/armaan/venvs/omnizip_clean/lib/python3.10/site-packages/transformers/generation/utils.py", line 2597, in generate
    result = self._sample(
  File "/data/armaan/venvs/omnizip_clean/lib/python3.10/site-packages/transformers/generation/utils.py", line 3557, in _sample
    outputs = self(**model_inputs, return_dict=True)
  File "/data/armaan/venvs/omnizip_clean/lib/python3.10/site-packages/torch/nn/modules/module.py", line 1739, in _wrapped_call_impl
    return self._call_impl(*args, **kwargs)
  File "/data/armaan/venvs/omnizip_clean/lib/python3.10/site-packages/torch/nn/modules/module.py", line 1750, in _call_impl
    return forward_call(*args, **kwargs)
  File "/data/armaan/purs/Qwen2.5-Omni/low-VRAM-mode/modeling_qwen2_5_omni_low_VRAM_mode.py", line 2490, in forward
    video_embeds = self.visual(pixel_values_videos, grid_thw=video_grid_thw)
  File "/data/armaan/venvs/omnizip_clean/lib/python3.10/site-packages/torch/nn/modules/module.py", line 1739, in _wrapped_call_impl
    return self._call_impl(*args, **kwargs)
  File "/data/armaan/venvs/omnizip_clean/lib/python3.10/site-packages/torch/nn/modules/module.py", line 1750, in _call_impl
    return forward_call(*args, **kwargs)
  File "/data/armaan/purs/Qwen2.5-Omni/low-VRAM-mode/modeling_qwen2_5_omni_low_VRAM_mode.py", line 1366, in forward
    hidden_states = blk(
  File "/data/armaan/venvs/omnizip_clean/lib/python3.10/site-packages/torch/nn/modules/module.py", line 1739, in _wrapped_call_impl
    return self._call_impl(*args, **kwargs)
  File "/data/armaan/venvs/omnizip_clean/lib/python3.10/site-packages/torch/nn/modules/module.py", line 1750, in _call_impl
    return forward_call(*args, **kwargs)
  File "/data/armaan/purs/Qwen2.5-Omni/low-VRAM-mode/modeling_qwen2_5_omni_low_VRAM_mode.py", line 1155, in forward
    hidden_states = hidden_states + self.attn(
  File "/data/armaan/venvs/omnizip_clean/lib/python3.10/site-packages/torch/nn/modules/module.py", line 1739, in _wrapped_call_impl
    return self._call_impl(*args, **kwargs)
  File "/data/armaan/venvs/omnizip_clean/lib/python3.10/site-packages/torch/nn/modules/module.py", line 1750, in _call_impl
    return forward_call(*args, **kwargs)
  File "/data/armaan/purs/Qwen2.5-Omni/low-VRAM-mode/modeling_qwen2_5_omni_low_VRAM_mode.py", line 1116, in forward
    attn_output = F.scaled_dot_product_attention(q, k, v, attention_mask, dropout_p=0.0)
torch.OutOfMemoryError: CUDA out of memory. Tried to allocate 126.56 GiB. GPU 0 has a total capacity of 47.37 GiB of which 31.98 GiB is free. Including non-PyTorch memory, this process has 15.38 GiB memory in use. Of the allocated memory 14.30 GiB is allocated by PyTorch, and 598.05 MiB is reserved by PyTorch but unallocated. If reserved but unallocated memory is large try setting PYTORCH_CUDA_ALLOC_CONF=expandable_segments:True to avoid fragmentation.  See documentation for Memory Management  (https://pytorch.org/docs/stable/notes/cuda.html#environment-variables)


--- video-mme/Temporal Perception ---
Traceback (most recent call last):
  File "/data/armaan/purs/eval_qwen_omni.py", line 843, in main
    pred, reasoning = run_inference(
  File "/data/armaan/purs/eval_qwen_omni.py", line 660, in run_inference
    raw_out = model.generate(**gen_in, **gen_kw)
  File "/data/armaan/venvs/omnizip_clean/lib/python3.10/site-packages/awq/models/base.py", line 134, in generate
    return self.model.generate(*args, **kwargs)
  File "/data/armaan/venvs/omnizip_clean/lib/python3.10/site-packages/torch/utils/_contextlib.py", line 116, in decorate_context
    return func(*args, **kwargs)
  File "/data/armaan/purs/Qwen2.5-Omni/low-VRAM-mode/modeling_qwen2_5_omni_low_VRAM_mode.py", line 4760, in generate
    thinker_result = self.thinker.generate(input_ids=input_ids, **thinker_kwargs)
  File "/data/armaan/venvs/omnizip_clean/lib/python3.10/site-packages/torch/utils/_contextlib.py", line 116, in decorate_context
    return func(*args, **kwargs)
  File "/data/armaan/venvs/omnizip_clean/lib/python3.10/site-packages/transformers/generation/utils.py", line 2597, in generate
    result = self._sample(
  File "/data/armaan/venvs/omnizip_clean/lib/python3.10/site-packages/transformers/generation/utils.py", line 3557, in _sample
    outputs = self(**model_inputs, return_dict=True)
  File "/data/armaan/venvs/omnizip_clean/lib/python3.10/site-packages/torch/nn/modules/module.py", line 1739, in _wrapped_call_impl
    return self._call_impl(*args, **kwargs)
  File "/data/armaan/venvs/omnizip_clean/lib/python3.10/site-packages/torch/nn/modules/module.py", line 1750, in _call_impl
    return forward_call(*args, **kwargs)
  File "/data/armaan/purs/Qwen2.5-Omni/low-VRAM-mode/modeling_qwen2_5_omni_low_VRAM_mode.py", line 2490, in forward
    video_embeds = self.visual(pixel_values_videos, grid_thw=video_grid_thw)
  File "/data/armaan/venvs/omnizip_clean/lib/python3.10/site-packages/torch/nn/modules/module.py", line 1739, in _wrapped_call_impl
    return self._call_impl(*args, **kwargs)
  File "/data/armaan/venvs/omnizip_clean/lib/python3.10/site-packages/torch/nn/modules/module.py", line 1750, in _call_impl
    return forward_call(*args, **kwargs)
  File "/data/armaan/purs/Qwen2.5-Omni/low-VRAM-mode/modeling_qwen2_5_omni_low_VRAM_mode.py", line 1366, in forward
    hidden_states = blk(
  File "/data/armaan/venvs/omnizip_clean/lib/python3.10/site-packages/torch/nn/modules/module.py", line 1739, in _wrapped_call_impl
    return self._call_impl(*args, **kwargs)
  File "/data/armaan/venvs/omnizip_clean/lib/python3.10/site-packages/torch/nn/modules/module.py", line 1750, in _call_impl
    return forward_call(*args, **kwargs)
  File "/data/armaan/purs/Qwen2.5-Omni/low-VRAM-mode/modeling_qwen2_5_omni_low_VRAM_mode.py", line 1155, in forward
    hidden_states = hidden_states + self.attn(
  File "/data/armaan/venvs/omnizip_clean/lib/python3.10/site-packages/torch/nn/modules/module.py", line 1739, in _wrapped_call_impl
    return self._call_impl(*args, **kwargs)
  File "/data/armaan/venvs/omnizip_clean/lib/python3.10/site-packages/torch/nn/modules/module.py", line 1750, in _call_impl
    return forward_call(*args, **kwargs)
  File "/data/armaan/purs/Qwen2.5-Omni/low-VRAM-mode/modeling_qwen2_5_omni_low_VRAM_mode.py", line 1116, in forward
    attn_output = F.scaled_dot_product_attention(q, k, v, attention_mask, dropout_p=0.0)
torch.OutOfMemoryError: CUDA out of memory. Tried to allocate 53.47 GiB. GPU 0 has a total capacity of 47.37 GiB of which 36.24 GiB is free. Including non-PyTorch memory, this process has 11.12 GiB memory in use. Of the allocated memory 10.22 GiB is allocated by PyTorch, and 414.44 MiB is reserved by PyTorch but unallocated. If reserved but unallocated memory is large try setting PYTORCH_CUDA_ALLOC_CONF=expandable_segments:True to avoid fragmentation.  See documentation for Memory Management  (https://pytorch.org/docs/stable/notes/cuda.html#environment-variables)


--- video-mme/Temporal Perception ---
Traceback (most recent call last):
  File "/data/armaan/purs/eval_qwen_omni.py", line 843, in main
    pred, reasoning = run_inference(
  File "/data/armaan/purs/eval_qwen_omni.py", line 660, in run_inference
    raw_out = model.generate(**gen_in, **gen_kw)
  File "/data/armaan/venvs/omnizip_clean/lib/python3.10/site-packages/awq/models/base.py", line 134, in generate
    return self.model.generate(*args, **kwargs)
  File "/data/armaan/venvs/omnizip_clean/lib/python3.10/site-packages/torch/utils/_contextlib.py", line 116, in decorate_context
    return func(*args, **kwargs)
  File "/data/armaan/purs/Qwen2.5-Omni/low-VRAM-mode/modeling_qwen2_5_omni_low_VRAM_mode.py", line 4760, in generate
    thinker_result = self.thinker.generate(input_ids=input_ids, **thinker_kwargs)
  File "/data/armaan/venvs/omnizip_clean/lib/python3.10/site-packages/torch/utils/_contextlib.py", line 116, in decorate_context
    return func(*args, **kwargs)
  File "/data/armaan/venvs/omnizip_clean/lib/python3.10/site-packages/transformers/generation/utils.py", line 2597, in generate
    result = self._sample(
  File "/data/armaan/venvs/omnizip_clean/lib/python3.10/site-packages/transformers/generation/utils.py", line 3557, in _sample
    outputs = self(**model_inputs, return_dict=True)
  File "/data/armaan/venvs/omnizip_clean/lib/python3.10/site-packages/torch/nn/modules/module.py", line 1739, in _wrapped_call_impl
    return self._call_impl(*args, **kwargs)
  File "/data/armaan/venvs/omnizip_clean/lib/python3.10/site-packages/torch/nn/modules/module.py", line 1750, in _call_impl
    return forward_call(*args, **kwargs)
  File "/data/armaan/purs/Qwen2.5-Omni/low-VRAM-mode/modeling_qwen2_5_omni_low_VRAM_mode.py", line 2490, in forward
    video_embeds = self.visual(pixel_values_videos, grid_thw=video_grid_thw)
  File "/data/armaan/venvs/omnizip_clean/lib/python3.10/site-packages/torch/nn/modules/module.py", line 1739, in _wrapped_call_impl
    return self._call_impl(*args, **kwargs)
  File "/data/armaan/venvs/omnizip_clean/lib/python3.10/site-packages/torch/nn/modules/module.py", line 1750, in _call_impl
    return forward_call(*args, **kwargs)
  File "/data/armaan/purs/Qwen2.5-Omni/low-VRAM-mode/modeling_qwen2_5_omni_low_VRAM_mode.py", line 1366, in forward
    hidden_states = blk(
  File "/data/armaan/venvs/omnizip_clean/lib/python3.10/site-packages/torch/nn/modules/module.py", line 1739, in _wrapped_call_impl
    return self._call_impl(*args, **kwargs)
  File "/data/armaan/venvs/omnizip_clean/lib/python3.10/site-packages/torch/nn/modules/module.py", line 1750, in _call_impl
    return forward_call(*args, **kwargs)
  File "/data/armaan/purs/Qwen2.5-Omni/low-VRAM-mode/modeling_qwen2_5_omni_low_VRAM_mode.py", line 1155, in forward
    hidden_states = hidden_states + self.attn(
  File "/data/armaan/venvs/omnizip_clean/lib/python3.10/site-packages/torch/nn/modules/module.py", line 1739, in _wrapped_call_impl
    return self._call_impl(*args, **kwargs)
  File "/data/armaan/venvs/omnizip_clean/lib/python3.10/site-packages/torch/nn/modules/module.py", line 1750, in _call_impl
    return forward_call(*args, **kwargs)
  File "/data/armaan/purs/Qwen2.5-Omni/low-VRAM-mode/modeling_qwen2_5_omni_low_VRAM_mode.py", line 1116, in forward
    attn_output = F.scaled_dot_product_attention(q, k, v, attention_mask, dropout_p=0.0)
torch.OutOfMemoryError: CUDA out of memory. Tried to allocate 53.47 GiB. GPU 0 has a total capacity of 47.37 GiB of which 36.21 GiB is free. Including non-PyTorch memory, this process has 11.15 GiB memory in use. Of the allocated memory 10.22 GiB is allocated by PyTorch, and 437.21 MiB is reserved by PyTorch but unallocated. If reserved but unallocated memory is large try setting PYTORCH_CUDA_ALLOC_CONF=expandable_segments:True to avoid fragmentation.  See documentation for Memory Management  (https://pytorch.org/docs/stable/notes/cuda.html#environment-variables)


--- video-mme/Temporal Perception ---
Traceback (most recent call last):
  File "/data/armaan/purs/eval_qwen_omni.py", line 843, in main
    pred, reasoning = run_inference(
  File "/data/armaan/purs/eval_qwen_omni.py", line 660, in run_inference
    raw_out = model.generate(**gen_in, **gen_kw)
  File "/data/armaan/venvs/omnizip_clean/lib/python3.10/site-packages/awq/models/base.py", line 134, in generate
    return self.model.generate(*args, **kwargs)
  File "/data/armaan/venvs/omnizip_clean/lib/python3.10/site-packages/torch/utils/_contextlib.py", line 116, in decorate_context
    return func(*args, **kwargs)
  File "/data/armaan/purs/Qwen2.5-Omni/low-VRAM-mode/modeling_qwen2_5_omni_low_VRAM_mode.py", line 4760, in generate
    thinker_result = self.thinker.generate(input_ids=input_ids, **thinker_kwargs)
  File "/data/armaan/venvs/omnizip_clean/lib/python3.10/site-packages/torch/utils/_contextlib.py", line 116, in decorate_context
    return func(*args, **kwargs)
  File "/data/armaan/venvs/omnizip_clean/lib/python3.10/site-packages/transformers/generation/utils.py", line 2597, in generate
    result = self._sample(
  File "/data/armaan/venvs/omnizip_clean/lib/python3.10/site-packages/transformers/generation/utils.py", line 3557, in _sample
    outputs = self(**model_inputs, return_dict=True)
  File "/data/armaan/venvs/omnizip_clean/lib/python3.10/site-packages/torch/nn/modules/module.py", line 1739, in _wrapped_call_impl
    return self._call_impl(*args, **kwargs)
  File "/data/armaan/venvs/omnizip_clean/lib/python3.10/site-packages/torch/nn/modules/module.py", line 1750, in _call_impl
    return forward_call(*args, **kwargs)
  File "/data/armaan/purs/Qwen2.5-Omni/low-VRAM-mode/modeling_qwen2_5_omni_low_VRAM_mode.py", line 2490, in forward
    video_embeds = self.visual(pixel_values_videos, grid_thw=video_grid_thw)
  File "/data/armaan/venvs/omnizip_clean/lib/python3.10/site-packages/torch/nn/modules/module.py", line 1739, in _wrapped_call_impl
    return self._call_impl(*args, **kwargs)
  File "/data/armaan/venvs/omnizip_clean/lib/python3.10/site-packages/torch/nn/modules/module.py", line 1750, in _call_impl
    return forward_call(*args, **kwargs)
  File "/data/armaan/purs/Qwen2.5-Omni/low-VRAM-mode/modeling_qwen2_5_omni_low_VRAM_mode.py", line 1366, in forward
    hidden_states = blk(
  File "/data/armaan/venvs/omnizip_clean/lib/python3.10/site-packages/torch/nn/modules/module.py", line 1739, in _wrapped_call_impl
    return self._call_impl(*args, **kwargs)
  File "/data/armaan/venvs/omnizip_clean/lib/python3.10/site-packages/torch/nn/modules/module.py", line 1750, in _call_impl
    return forward_call(*args, **kwargs)
  File "/data/armaan/purs/Qwen2.5-Omni/low-VRAM-mode/modeling_qwen2_5_omni_low_VRAM_mode.py", line 1155, in forward
    hidden_states = hidden_states + self.attn(
  File "/data/armaan/venvs/omnizip_clean/lib/python3.10/site-packages/torch/nn/modules/module.py", line 1739, in _wrapped_call_impl
    return self._call_impl(*args, **kwargs)
  File "/data/armaan/venvs/omnizip_clean/lib/python3.10/site-packages/torch/nn/modules/module.py", line 1750, in _call_impl
    return forward_call(*args, **kwargs)
  File "/data/armaan/purs/Qwen2.5-Omni/low-VRAM-mode/modeling_qwen2_5_omni_low_VRAM_mode.py", line 1116, in forward
    attn_output = F.scaled_dot_product_attention(q, k, v, attention_mask, dropout_p=0.0)
torch.OutOfMemoryError: CUDA out of memory. Tried to allocate 53.47 GiB. GPU 0 has a total capacity of 47.37 GiB of which 36.21 GiB is free. Including non-PyTorch memory, this process has 11.15 GiB memory in use. Of the allocated memory 10.22 GiB is allocated by PyTorch, and 437.41 MiB is reserved by PyTorch but unallocated. If reserved but unallocated memory is large try setting PYTORCH_CUDA_ALLOC_CONF=expandable_segments:True to avoid fragmentation.  See documentation for Memory Management  (https://pytorch.org/docs/stable/notes/cuda.html#environment-variables)


--- video-mme/Temporal Reasoning ---
Traceback (most recent call last):
  File "/data/armaan/purs/eval_qwen_omni.py", line 843, in main
    pred, reasoning = run_inference(
  File "/data/armaan/purs/eval_qwen_omni.py", line 660, in run_inference
    raw_out = model.generate(**gen_in, **gen_kw)
  File "/data/armaan/venvs/omnizip_clean/lib/python3.10/site-packages/awq/models/base.py", line 134, in generate
    return self.model.generate(*args, **kwargs)
  File "/data/armaan/venvs/omnizip_clean/lib/python3.10/site-packages/torch/utils/_contextlib.py", line 116, in decorate_context
    return func(*args, **kwargs)
  File "/data/armaan/purs/Qwen2.5-Omni/low-VRAM-mode/modeling_qwen2_5_omni_low_VRAM_mode.py", line 4760, in generate
    thinker_result = self.thinker.generate(input_ids=input_ids, **thinker_kwargs)
  File "/data/armaan/venvs/omnizip_clean/lib/python3.10/site-packages/torch/utils/_contextlib.py", line 116, in decorate_context
    return func(*args, **kwargs)
  File "/data/armaan/venvs/omnizip_clean/lib/python3.10/site-packages/transformers/generation/utils.py", line 2597, in generate
    result = self._sample(
  File "/data/armaan/venvs/omnizip_clean/lib/python3.10/site-packages/transformers/generation/utils.py", line 3557, in _sample
    outputs = self(**model_inputs, return_dict=True)
  File "/data/armaan/venvs/omnizip_clean/lib/python3.10/site-packages/torch/nn/modules/module.py", line 1739, in _wrapped_call_impl
    return self._call_impl(*args, **kwargs)
  File "/data/armaan/venvs/omnizip_clean/lib/python3.10/site-packages/torch/nn/modules/module.py", line 1750, in _call_impl
    return forward_call(*args, **kwargs)
  File "/data/armaan/purs/Qwen2.5-Omni/low-VRAM-mode/modeling_qwen2_5_omni_low_VRAM_mode.py", line 2490, in forward
    video_embeds = self.visual(pixel_values_videos, grid_thw=video_grid_thw)
  File "/data/armaan/venvs/omnizip_clean/lib/python3.10/site-packages/torch/nn/modules/module.py", line 1739, in _wrapped_call_impl
    return self._call_impl(*args, **kwargs)
  File "/data/armaan/venvs/omnizip_clean/lib/python3.10/site-packages/torch/nn/modules/module.py", line 1750, in _call_impl
    return forward_call(*args, **kwargs)
  File "/data/armaan/purs/Qwen2.5-Omni/low-VRAM-mode/modeling_qwen2_5_omni_low_VRAM_mode.py", line 1366, in forward
    hidden_states = blk(
  File "/data/armaan/venvs/omnizip_clean/lib/python3.10/site-packages/torch/nn/modules/module.py", line 1739, in _wrapped_call_impl
    return self._call_impl(*args, **kwargs)
  File "/data/armaan/venvs/omnizip_clean/lib/python3.10/site-packages/torch/nn/modules/module.py", line 1750, in _call_impl
    return forward_call(*args, **kwargs)
  File "/data/armaan/purs/Qwen2.5-Omni/low-VRAM-mode/modeling_qwen2_5_omni_low_VRAM_mode.py", line 1155, in forward
    hidden_states = hidden_states + self.attn(
  File "/data/armaan/venvs/omnizip_clean/lib/python3.10/site-packages/torch/nn/modules/module.py", line 1739, in _wrapped_call_impl
    return self._call_impl(*args, **kwargs)
  File "/data/armaan/venvs/omnizip_clean/lib/python3.10/site-packages/torch/nn/modules/module.py", line 1750, in _call_impl
    return forward_call(*args, **kwargs)
  File "/data/armaan/purs/Qwen2.5-Omni/low-VRAM-mode/modeling_qwen2_5_omni_low_VRAM_mode.py", line 1116, in forward
    attn_output = F.scaled_dot_product_attention(q, k, v, attention_mask, dropout_p=0.0)
torch.OutOfMemoryError: CUDA out of memory. Tried to allocate 62.02 GiB. GPU 0 has a total capacity of 47.37 GiB of which 35.78 GiB is free. Including non-PyTorch memory, this process has 11.58 GiB memory in use. Of the allocated memory 10.71 GiB is allocated by PyTorch, and 377.47 MiB is reserved by PyTorch but unallocated. If reserved but unallocated memory is large try setting PYTORCH_CUDA_ALLOC_CONF=expandable_segments:True to avoid fragmentation.  See documentation for Memory Management  (https://pytorch.org/docs/stable/notes/cuda.html#environment-variables)


--- video-mme/Temporal Reasoning ---
Traceback (most recent call last):
  File "/data/armaan/purs/eval_qwen_omni.py", line 843, in main
    pred, reasoning = run_inference(
  File "/data/armaan/purs/eval_qwen_omni.py", line 660, in run_inference
    raw_out = model.generate(**gen_in, **gen_kw)
  File "/data/armaan/venvs/omnizip_clean/lib/python3.10/site-packages/awq/models/base.py", line 134, in generate
    return self.model.generate(*args, **kwargs)
  File "/data/armaan/venvs/omnizip_clean/lib/python3.10/site-packages/torch/utils/_contextlib.py", line 116, in decorate_context
    return func(*args, **kwargs)
  File "/data/armaan/purs/Qwen2.5-Omni/low-VRAM-mode/modeling_qwen2_5_omni_low_VRAM_mode.py", line 4760, in generate
    thinker_result = self.thinker.generate(input_ids=input_ids, **thinker_kwargs)
  File "/data/armaan/venvs/omnizip_clean/lib/python3.10/site-packages/torch/utils/_contextlib.py", line 116, in decorate_context
    return func(*args, **kwargs)
  File "/data/armaan/venvs/omnizip_clean/lib/python3.10/site-packages/transformers/generation/utils.py", line 2597, in generate
    result = self._sample(
  File "/data/armaan/venvs/omnizip_clean/lib/python3.10/site-packages/transformers/generation/utils.py", line 3557, in _sample
    outputs = self(**model_inputs, return_dict=True)
  File "/data/armaan/venvs/omnizip_clean/lib/python3.10/site-packages/torch/nn/modules/module.py", line 1739, in _wrapped_call_impl
    return self._call_impl(*args, **kwargs)
  File "/data/armaan/venvs/omnizip_clean/lib/python3.10/site-packages/torch/nn/modules/module.py", line 1750, in _call_impl
    return forward_call(*args, **kwargs)
  File "/data/armaan/purs/Qwen2.5-Omni/low-VRAM-mode/modeling_qwen2_5_omni_low_VRAM_mode.py", line 2490, in forward
    video_embeds = self.visual(pixel_values_videos, grid_thw=video_grid_thw)
  File "/data/armaan/venvs/omnizip_clean/lib/python3.10/site-packages/torch/nn/modules/module.py", line 1739, in _wrapped_call_impl
    return self._call_impl(*args, **kwargs)
  File "/data/armaan/venvs/omnizip_clean/lib/python3.10/site-packages/torch/nn/modules/module.py", line 1750, in _call_impl
    return forward_call(*args, **kwargs)
  File "/data/armaan/purs/Qwen2.5-Omni/low-VRAM-mode/modeling_qwen2_5_omni_low_VRAM_mode.py", line 1366, in forward
    hidden_states = blk(
  File "/data/armaan/venvs/omnizip_clean/lib/python3.10/site-packages/torch/nn/modules/module.py", line 1739, in _wrapped_call_impl
    return self._call_impl(*args, **kwargs)
  File "/data/armaan/venvs/omnizip_clean/lib/python3.10/site-packages/torch/nn/modules/module.py", line 1750, in _call_impl
    return forward_call(*args, **kwargs)
  File "/data/armaan/purs/Qwen2.5-Omni/low-VRAM-mode/modeling_qwen2_5_omni_low_VRAM_mode.py", line 1155, in forward
    hidden_states = hidden_states + self.attn(
  File "/data/armaan/venvs/omnizip_clean/lib/python3.10/site-packages/torch/nn/modules/module.py", line 1739, in _wrapped_call_impl
    return self._call_impl(*args, **kwargs)
  File "/data/armaan/venvs/omnizip_clean/lib/python3.10/site-packages/torch/nn/modules/module.py", line 1750, in _call_impl
    return forward_call(*args, **kwargs)
  File "/data/armaan/purs/Qwen2.5-Omni/low-VRAM-mode/modeling_qwen2_5_omni_low_VRAM_mode.py", line 1116, in forward
    attn_output = F.scaled_dot_product_attention(q, k, v, attention_mask, dropout_p=0.0)
torch.OutOfMemoryError: CUDA out of memory. Tried to allocate 62.02 GiB. GPU 0 has a total capacity of 47.37 GiB of which 35.78 GiB is free. Including non-PyTorch memory, this process has 11.58 GiB memory in use. Of the allocated memory 10.71 GiB is allocated by PyTorch, and 378.28 MiB is reserved by PyTorch but unallocated. If reserved but unallocated memory is large try setting PYTORCH_CUDA_ALLOC_CONF=expandable_segments:True to avoid fragmentation.  See documentation for Memory Management  (https://pytorch.org/docs/stable/notes/cuda.html#environment-variables)


--- video-mme/Temporal Reasoning ---
Traceback (most recent call last):
  File "/data/armaan/purs/eval_qwen_omni.py", line 843, in main
    pred, reasoning = run_inference(
  File "/data/armaan/purs/eval_qwen_omni.py", line 660, in run_inference
    raw_out = model.generate(**gen_in, **gen_kw)
  File "/data/armaan/venvs/omnizip_clean/lib/python3.10/site-packages/awq/models/base.py", line 134, in generate
    return self.model.generate(*args, **kwargs)
  File "/data/armaan/venvs/omnizip_clean/lib/python3.10/site-packages/torch/utils/_contextlib.py", line 116, in decorate_context
    return func(*args, **kwargs)
  File "/data/armaan/purs/Qwen2.5-Omni/low-VRAM-mode/modeling_qwen2_5_omni_low_VRAM_mode.py", line 4760, in generate
    thinker_result = self.thinker.generate(input_ids=input_ids, **thinker_kwargs)
  File "/data/armaan/venvs/omnizip_clean/lib/python3.10/site-packages/torch/utils/_contextlib.py", line 116, in decorate_context
    return func(*args, **kwargs)
  File "/data/armaan/venvs/omnizip_clean/lib/python3.10/site-packages/transformers/generation/utils.py", line 2597, in generate
    result = self._sample(
  File "/data/armaan/venvs/omnizip_clean/lib/python3.10/site-packages/transformers/generation/utils.py", line 3557, in _sample
    outputs = self(**model_inputs, return_dict=True)
  File "/data/armaan/venvs/omnizip_clean/lib/python3.10/site-packages/torch/nn/modules/module.py", line 1739, in _wrapped_call_impl
    return self._call_impl(*args, **kwargs)
  File "/data/armaan/venvs/omnizip_clean/lib/python3.10/site-packages/torch/nn/modules/module.py", line 1750, in _call_impl
    return forward_call(*args, **kwargs)
  File "/data/armaan/purs/Qwen2.5-Omni/low-VRAM-mode/modeling_qwen2_5_omni_low_VRAM_mode.py", line 2490, in forward
    video_embeds = self.visual(pixel_values_videos, grid_thw=video_grid_thw)
  File "/data/armaan/venvs/omnizip_clean/lib/python3.10/site-packages/torch/nn/modules/module.py", line 1739, in _wrapped_call_impl
    return self._call_impl(*args, **kwargs)
  File "/data/armaan/venvs/omnizip_clean/lib/python3.10/site-packages/torch/nn/modules/module.py", line 1750, in _call_impl
    return forward_call(*args, **kwargs)
  File "/data/armaan/purs/Qwen2.5-Omni/low-VRAM-mode/modeling_qwen2_5_omni_low_VRAM_mode.py", line 1366, in forward
    hidden_states = blk(
  File "/data/armaan/venvs/omnizip_clean/lib/python3.10/site-packages/torch/nn/modules/module.py", line 1739, in _wrapped_call_impl
    return self._call_impl(*args, **kwargs)
  File "/data/armaan/venvs/omnizip_clean/lib/python3.10/site-packages/torch/nn/modules/module.py", line 1750, in _call_impl
    return forward_call(*args, **kwargs)
  File "/data/armaan/purs/Qwen2.5-Omni/low-VRAM-mode/modeling_qwen2_5_omni_low_VRAM_mode.py", line 1155, in forward
    hidden_states = hidden_states + self.attn(
  File "/data/armaan/venvs/omnizip_clean/lib/python3.10/site-packages/torch/nn/modules/module.py", line 1739, in _wrapped_call_impl
    return self._call_impl(*args, **kwargs)
  File "/data/armaan/venvs/omnizip_clean/lib/python3.10/site-packages/torch/nn/modules/module.py", line 1750, in _call_impl
    return forward_call(*args, **kwargs)
  File "/data/armaan/purs/Qwen2.5-Omni/low-VRAM-mode/modeling_qwen2_5_omni_low_VRAM_mode.py", line 1116, in forward
    attn_output = F.scaled_dot_product_attention(q, k, v, attention_mask, dropout_p=0.0)
torch.OutOfMemoryError: CUDA out of memory. Tried to allocate 62.02 GiB. GPU 0 has a total capacity of 47.37 GiB of which 35.78 GiB is free. Including non-PyTorch memory, this process has 11.58 GiB memory in use. Of the allocated memory 10.71 GiB is allocated by PyTorch, and 377.47 MiB is reserved by PyTorch but unallocated. If reserved but unallocated memory is large try setting PYTORCH_CUDA_ALLOC_CONF=expandable_segments:True to avoid fragmentation.  See documentation for Memory Management  (https://pytorch.org/docs/stable/notes/cuda.html#environment-variables)


--- daily-omni/AV Event Alignment ---
Traceback (most recent call last):
  File "/data/armaan/purs/eval_qwen_omni.py", line 843, in main
    pred, reasoning = run_inference(
  File "/data/armaan/purs/eval_qwen_omni.py", line 660, in run_inference
    raw_out = model.generate(**gen_in, **gen_kw)
  File "/data/armaan/venvs/omnizip_clean/lib/python3.10/site-packages/awq/models/base.py", line 134, in generate
    return self.model.generate(*args, **kwargs)
  File "/data/armaan/venvs/omnizip_clean/lib/python3.10/site-packages/torch/utils/_contextlib.py", line 116, in decorate_context
    return func(*args, **kwargs)
  File "/data/armaan/purs/Qwen2.5-Omni/low-VRAM-mode/modeling_qwen2_5_omni_low_VRAM_mode.py", line 4760, in generate
    thinker_result = self.thinker.generate(input_ids=input_ids, **thinker_kwargs)
  File "/data/armaan/venvs/omnizip_clean/lib/python3.10/site-packages/torch/utils/_contextlib.py", line 116, in decorate_context
    return func(*args, **kwargs)
  File "/data/armaan/venvs/omnizip_clean/lib/python3.10/site-packages/transformers/generation/utils.py", line 2597, in generate
    result = self._sample(
  File "/data/armaan/venvs/omnizip_clean/lib/python3.10/site-packages/transformers/generation/utils.py", line 3557, in _sample
    outputs = self(**model_inputs, return_dict=True)
  File "/data/armaan/venvs/omnizip_clean/lib/python3.10/site-packages/torch/nn/modules/module.py", line 1739, in _wrapped_call_impl
    return self._call_impl(*args, **kwargs)
  File "/data/armaan/venvs/omnizip_clean/lib/python3.10/site-packages/torch/nn/modules/module.py", line 1750, in _call_impl
    return forward_call(*args, **kwargs)
  File "/data/armaan/purs/Qwen2.5-Omni/low-VRAM-mode/modeling_qwen2_5_omni_low_VRAM_mode.py", line 2490, in forward
    video_embeds = self.visual(pixel_values_videos, grid_thw=video_grid_thw)
  File "/data/armaan/venvs/omnizip_clean/lib/python3.10/site-packages/torch/nn/modules/module.py", line 1739, in _wrapped_call_impl
    return self._call_impl(*args, **kwargs)
  File "/data/armaan/venvs/omnizip_clean/lib/python3.10/site-packages/torch/nn/modules/module.py", line 1750, in _call_impl
    return forward_call(*args, **kwargs)
  File "/data/armaan/purs/Qwen2.5-Omni/low-VRAM-mode/modeling_qwen2_5_omni_low_VRAM_mode.py", line 1366, in forward
    hidden_states = blk(
  File "/data/armaan/venvs/omnizip_clean/lib/python3.10/site-packages/torch/nn/modules/module.py", line 1739, in _wrapped_call_impl
    return self._call_impl(*args, **kwargs)
  File "/data/armaan/venvs/omnizip_clean/lib/python3.10/site-packages/torch/nn/modules/module.py", line 1750, in _call_impl
    return forward_call(*args, **kwargs)
  File "/data/armaan/purs/Qwen2.5-Omni/low-VRAM-mode/modeling_qwen2_5_omni_low_VRAM_mode.py", line 1155, in forward
    hidden_states = hidden_states + self.attn(
  File "/data/armaan/venvs/omnizip_clean/lib/python3.10/site-packages/torch/nn/modules/module.py", line 1739, in _wrapped_call_impl
    return self._call_impl(*args, **kwargs)
  File "/data/armaan/venvs/omnizip_clean/lib/python3.10/site-packages/torch/nn/modules/module.py", line 1750, in _call_impl
    return forward_call(*args, **kwargs)
  File "/data/armaan/purs/Qwen2.5-Omni/low-VRAM-mode/modeling_qwen2_5_omni_low_VRAM_mode.py", line 1116, in forward
    attn_output = F.scaled_dot_product_attention(q, k, v, attention_mask, dropout_p=0.0)
torch.OutOfMemoryError: CUDA out of memory. Tried to allocate 68.84 GiB. GPU 0 has a total capacity of 47.37 GiB of which 35.37 GiB is free. Including non-PyTorch memory, this process has 11.99 GiB memory in use. Of the allocated memory 11.10 GiB is allocated by PyTorch, and 396.55 MiB is reserved by PyTorch but unallocated. If reserved but unallocated memory is large try setting PYTORCH_CUDA_ALLOC_CONF=expandable_segments:True to avoid fragmentation.  See documentation for Memory Management  (https://pytorch.org/docs/stable/notes/cuda.html#environment-variables)


--- daily-omni/AV Event Alignment ---
Traceback (most recent call last):
  File "/data/armaan/purs/eval_qwen_omni.py", line 843, in main
    pred, reasoning = run_inference(
  File "/data/armaan/purs/eval_qwen_omni.py", line 660, in run_inference
    raw_out = model.generate(**gen_in, **gen_kw)
  File "/data/armaan/venvs/omnizip_clean/lib/python3.10/site-packages/awq/models/base.py", line 134, in generate
    return self.model.generate(*args, **kwargs)
  File "/data/armaan/venvs/omnizip_clean/lib/python3.10/site-packages/torch/utils/_contextlib.py", line 116, in decorate_context
    return func(*args, **kwargs)
  File "/data/armaan/purs/Qwen2.5-Omni/low-VRAM-mode/modeling_qwen2_5_omni_low_VRAM_mode.py", line 4760, in generate
    thinker_result = self.thinker.generate(input_ids=input_ids, **thinker_kwargs)
  File "/data/armaan/venvs/omnizip_clean/lib/python3.10/site-packages/torch/utils/_contextlib.py", line 116, in decorate_context
    return func(*args, **kwargs)
  File "/data/armaan/venvs/omnizip_clean/lib/python3.10/site-packages/transformers/generation/utils.py", line 2597, in generate
    result = self._sample(
  File "/data/armaan/venvs/omnizip_clean/lib/python3.10/site-packages/transformers/generation/utils.py", line 3557, in _sample
    outputs = self(**model_inputs, return_dict=True)
  File "/data/armaan/venvs/omnizip_clean/lib/python3.10/site-packages/torch/nn/modules/module.py", line 1739, in _wrapped_call_impl
    return self._call_impl(*args, **kwargs)
  File "/data/armaan/venvs/omnizip_clean/lib/python3.10/site-packages/torch/nn/modules/module.py", line 1750, in _call_impl
    return forward_call(*args, **kwargs)
  File "/data/armaan/purs/Qwen2.5-Omni/low-VRAM-mode/modeling_qwen2_5_omni_low_VRAM_mode.py", line 2490, in forward
    video_embeds = self.visual(pixel_values_videos, grid_thw=video_grid_thw)
  File "/data/armaan/venvs/omnizip_clean/lib/python3.10/site-packages/torch/nn/modules/module.py", line 1739, in _wrapped_call_impl
    return self._call_impl(*args, **kwargs)
  File "/data/armaan/venvs/omnizip_clean/lib/python3.10/site-packages/torch/nn/modules/module.py", line 1750, in _call_impl
    return forward_call(*args, **kwargs)
  File "/data/armaan/purs/Qwen2.5-Omni/low-VRAM-mode/modeling_qwen2_5_omni_low_VRAM_mode.py", line 1366, in forward
    hidden_states = blk(
  File "/data/armaan/venvs/omnizip_clean/lib/python3.10/site-packages/torch/nn/modules/module.py", line 1739, in _wrapped_call_impl
    return self._call_impl(*args, **kwargs)
  File "/data/armaan/venvs/omnizip_clean/lib/python3.10/site-packages/torch/nn/modules/module.py", line 1750, in _call_impl
    return forward_call(*args, **kwargs)
  File "/data/armaan/purs/Qwen2.5-Omni/low-VRAM-mode/modeling_qwen2_5_omni_low_VRAM_mode.py", line 1155, in forward
    hidden_states = hidden_states + self.attn(
  File "/data/armaan/venvs/omnizip_clean/lib/python3.10/site-packages/torch/nn/modules/module.py", line 1739, in _wrapped_call_impl
    return self._call_impl(*args, **kwargs)
  File "/data/armaan/venvs/omnizip_clean/lib/python3.10/site-packages/torch/nn/modules/module.py", line 1750, in _call_impl
    return forward_call(*args, **kwargs)
  File "/data/armaan/purs/Qwen2.5-Omni/low-VRAM-mode/modeling_qwen2_5_omni_low_VRAM_mode.py", line 1116, in forward
    attn_output = F.scaled_dot_product_attention(q, k, v, attention_mask, dropout_p=0.0)
torch.OutOfMemoryError: CUDA out of memory. Tried to allocate 68.84 GiB. GPU 0 has a total capacity of 47.37 GiB of which 35.37 GiB is free. Including non-PyTorch memory, this process has 11.99 GiB memory in use. Of the allocated memory 11.10 GiB is allocated by PyTorch, and 396.46 MiB is reserved by PyTorch but unallocated. If reserved but unallocated memory is large try setting PYTORCH_CUDA_ALLOC_CONF=expandable_segments:True to avoid fragmentation.  See documentation for Memory Management  (https://pytorch.org/docs/stable/notes/cuda.html#environment-variables)


--- daily-omni/AV Event Alignment ---
Traceback (most recent call last):
  File "/data/armaan/purs/eval_qwen_omni.py", line 843, in main
    pred, reasoning = run_inference(
  File "/data/armaan/purs/eval_qwen_omni.py", line 660, in run_inference
    raw_out = model.generate(**gen_in, **gen_kw)
  File "/data/armaan/venvs/omnizip_clean/lib/python3.10/site-packages/awq/models/base.py", line 134, in generate
    return self.model.generate(*args, **kwargs)
  File "/data/armaan/venvs/omnizip_clean/lib/python3.10/site-packages/torch/utils/_contextlib.py", line 116, in decorate_context
    return func(*args, **kwargs)
  File "/data/armaan/purs/Qwen2.5-Omni/low-VRAM-mode/modeling_qwen2_5_omni_low_VRAM_mode.py", line 4760, in generate
    thinker_result = self.thinker.generate(input_ids=input_ids, **thinker_kwargs)
  File "/data/armaan/venvs/omnizip_clean/lib/python3.10/site-packages/torch/utils/_contextlib.py", line 116, in decorate_context
    return func(*args, **kwargs)
  File "/data/armaan/venvs/omnizip_clean/lib/python3.10/site-packages/transformers/generation/utils.py", line 2597, in generate
    result = self._sample(
  File "/data/armaan/venvs/omnizip_clean/lib/python3.10/site-packages/transformers/generation/utils.py", line 3557, in _sample
    outputs = self(**model_inputs, return_dict=True)
  File "/data/armaan/venvs/omnizip_clean/lib/python3.10/site-packages/torch/nn/modules/module.py", line 1739, in _wrapped_call_impl
    return self._call_impl(*args, **kwargs)
  File "/data/armaan/venvs/omnizip_clean/lib/python3.10/site-packages/torch/nn/modules/module.py", line 1750, in _call_impl
    return forward_call(*args, **kwargs)
  File "/data/armaan/purs/Qwen2.5-Omni/low-VRAM-mode/modeling_qwen2_5_omni_low_VRAM_mode.py", line 2490, in forward
    video_embeds = self.visual(pixel_values_videos, grid_thw=video_grid_thw)
  File "/data/armaan/venvs/omnizip_clean/lib/python3.10/site-packages/torch/nn/modules/module.py", line 1739, in _wrapped_call_impl
    return self._call_impl(*args, **kwargs)
  File "/data/armaan/venvs/omnizip_clean/lib/python3.10/site-packages/torch/nn/modules/module.py", line 1750, in _call_impl
    return forward_call(*args, **kwargs)
  File "/data/armaan/purs/Qwen2.5-Omni/low-VRAM-mode/modeling_qwen2_5_omni_low_VRAM_mode.py", line 1366, in forward
    hidden_states = blk(
  File "/data/armaan/venvs/omnizip_clean/lib/python3.10/site-packages/torch/nn/modules/module.py", line 1739, in _wrapped_call_impl
    return self._call_impl(*args, **kwargs)
  File "/data/armaan/venvs/omnizip_clean/lib/python3.10/site-packages/torch/nn/modules/module.py", line 1750, in _call_impl
    return forward_call(*args, **kwargs)
  File "/data/armaan/purs/Qwen2.5-Omni/low-VRAM-mode/modeling_qwen2_5_omni_low_VRAM_mode.py", line 1155, in forward
    hidden_states = hidden_states + self.attn(
  File "/data/armaan/venvs/omnizip_clean/lib/python3.10/site-packages/torch/nn/modules/module.py", line 1739, in _wrapped_call_impl
    return self._call_impl(*args, **kwargs)
  File "/data/armaan/venvs/omnizip_clean/lib/python3.10/site-packages/torch/nn/modules/module.py", line 1750, in _call_impl
    return forward_call(*args, **kwargs)
  File "/data/armaan/purs/Qwen2.5-Omni/low-VRAM-mode/modeling_qwen2_5_omni_low_VRAM_mode.py", line 1116, in forward
    attn_output = F.scaled_dot_product_attention(q, k, v, attention_mask, dropout_p=0.0)
torch.OutOfMemoryError: CUDA out of memory. Tried to allocate 68.84 GiB. GPU 0 has a total capacity of 47.37 GiB of which 35.37 GiB is free. Including non-PyTorch memory, this process has 11.99 GiB memory in use. Of the allocated memory 11.10 GiB is allocated by PyTorch, and 396.49 MiB is reserved by PyTorch but unallocated. If reserved but unallocated memory is large try setting PYTORCH_CUDA_ALLOC_CONF=expandable_segments:True to avoid fragmentation.  See documentation for Memory Management  (https://pytorch.org/docs/stable/notes/cuda.html#environment-variables)


--- daily-omni/Comparative ---
Traceback (most recent call last):
  File "/data/armaan/purs/eval_qwen_omni.py", line 843, in main
    pred, reasoning = run_inference(
  File "/data/armaan/purs/eval_qwen_omni.py", line 660, in run_inference
    raw_out = model.generate(**gen_in, **gen_kw)
  File "/data/armaan/venvs/omnizip_clean/lib/python3.10/site-packages/awq/models/base.py", line 134, in generate
    return self.model.generate(*args, **kwargs)
  File "/data/armaan/venvs/omnizip_clean/lib/python3.10/site-packages/torch/utils/_contextlib.py", line 116, in decorate_context
    return func(*args, **kwargs)
  File "/data/armaan/purs/Qwen2.5-Omni/low-VRAM-mode/modeling_qwen2_5_omni_low_VRAM_mode.py", line 4760, in generate
    thinker_result = self.thinker.generate(input_ids=input_ids, **thinker_kwargs)
  File "/data/armaan/venvs/omnizip_clean/lib/python3.10/site-packages/torch/utils/_contextlib.py", line 116, in decorate_context
    return func(*args, **kwargs)
  File "/data/armaan/venvs/omnizip_clean/lib/python3.10/site-packages/transformers/generation/utils.py", line 2597, in generate
    result = self._sample(
  File "/data/armaan/venvs/omnizip_clean/lib/python3.10/site-packages/transformers/generation/utils.py", line 3557, in _sample
    outputs = self(**model_inputs, return_dict=True)
  File "/data/armaan/venvs/omnizip_clean/lib/python3.10/site-packages/torch/nn/modules/module.py", line 1739, in _wrapped_call_impl
    return self._call_impl(*args, **kwargs)
  File "/data/armaan/venvs/omnizip_clean/lib/python3.10/site-packages/torch/nn/modules/module.py", line 1750, in _call_impl
    return forward_call(*args, **kwargs)
  File "/data/armaan/purs/Qwen2.5-Omni/low-VRAM-mode/modeling_qwen2_5_omni_low_VRAM_mode.py", line 2490, in forward
    video_embeds = self.visual(pixel_values_videos, grid_thw=video_grid_thw)
  File "/data/armaan/venvs/omnizip_clean/lib/python3.10/site-packages/torch/nn/modules/module.py", line 1739, in _wrapped_call_impl
    return self._call_impl(*args, **kwargs)
  File "/data/armaan/venvs/omnizip_clean/lib/python3.10/site-packages/torch/nn/modules/module.py", line 1750, in _call_impl
    return forward_call(*args, **kwargs)
  File "/data/armaan/purs/Qwen2.5-Omni/low-VRAM-mode/modeling_qwen2_5_omni_low_VRAM_mode.py", line 1366, in forward
    hidden_states = blk(
  File "/data/armaan/venvs/omnizip_clean/lib/python3.10/site-packages/torch/nn/modules/module.py", line 1739, in _wrapped_call_impl
    return self._call_impl(*args, **kwargs)
  File "/data/armaan/venvs/omnizip_clean/lib/python3.10/site-packages/torch/nn/modules/module.py", line 1750, in _call_impl
    return forward_call(*args, **kwargs)
  File "/data/armaan/purs/Qwen2.5-Omni/low-VRAM-mode/modeling_qwen2_5_omni_low_VRAM_mode.py", line 1155, in forward
    hidden_states = hidden_states + self.attn(
  File "/data/armaan/venvs/omnizip_clean/lib/python3.10/site-packages/torch/nn/modules/module.py", line 1739, in _wrapped_call_impl
    return self._call_impl(*args, **kwargs)
  File "/data/armaan/venvs/omnizip_clean/lib/python3.10/site-packages/torch/nn/modules/module.py", line 1750, in _call_impl
    return forward_call(*args, **kwargs)
  File "/data/armaan/purs/Qwen2.5-Omni/low-VRAM-mode/modeling_qwen2_5_omni_low_VRAM_mode.py", line 1116, in forward
    attn_output = F.scaled_dot_product_attention(q, k, v, attention_mask, dropout_p=0.0)
torch.OutOfMemoryError: CUDA out of memory. Tried to allocate 81.00 GiB. GPU 0 has a total capacity of 47.37 GiB of which 34.62 GiB is free. Including non-PyTorch memory, this process has 12.74 GiB memory in use. Of the allocated memory 11.79 GiB is allocated by PyTorch, and 463.02 MiB is reserved by PyTorch but unallocated. If reserved but unallocated memory is large try setting PYTORCH_CUDA_ALLOC_CONF=expandable_segments:True to avoid fragmentation.  See documentation for Memory Management  (https://pytorch.org/docs/stable/notes/cuda.html#environment-variables)


--- daily-omni/Comparative ---
Traceback (most recent call last):
  File "/data/armaan/purs/eval_qwen_omni.py", line 843, in main
    pred, reasoning = run_inference(
  File "/data/armaan/purs/eval_qwen_omni.py", line 660, in run_inference
    raw_out = model.generate(**gen_in, **gen_kw)
  File "/data/armaan/venvs/omnizip_clean/lib/python3.10/site-packages/awq/models/base.py", line 134, in generate
    return self.model.generate(*args, **kwargs)
  File "/data/armaan/venvs/omnizip_clean/lib/python3.10/site-packages/torch/utils/_contextlib.py", line 116, in decorate_context
    return func(*args, **kwargs)
  File "/data/armaan/purs/Qwen2.5-Omni/low-VRAM-mode/modeling_qwen2_5_omni_low_VRAM_mode.py", line 4760, in generate
    thinker_result = self.thinker.generate(input_ids=input_ids, **thinker_kwargs)
  File "/data/armaan/venvs/omnizip_clean/lib/python3.10/site-packages/torch/utils/_contextlib.py", line 116, in decorate_context
    return func(*args, **kwargs)
  File "/data/armaan/venvs/omnizip_clean/lib/python3.10/site-packages/transformers/generation/utils.py", line 2597, in generate
    result = self._sample(
  File "/data/armaan/venvs/omnizip_clean/lib/python3.10/site-packages/transformers/generation/utils.py", line 3557, in _sample
    outputs = self(**model_inputs, return_dict=True)
  File "/data/armaan/venvs/omnizip_clean/lib/python3.10/site-packages/torch/nn/modules/module.py", line 1739, in _wrapped_call_impl
    return self._call_impl(*args, **kwargs)
  File "/data/armaan/venvs/omnizip_clean/lib/python3.10/site-packages/torch/nn/modules/module.py", line 1750, in _call_impl
    return forward_call(*args, **kwargs)
  File "/data/armaan/purs/Qwen2.5-Omni/low-VRAM-mode/modeling_qwen2_5_omni_low_VRAM_mode.py", line 2490, in forward
    video_embeds = self.visual(pixel_values_videos, grid_thw=video_grid_thw)
  File "/data/armaan/venvs/omnizip_clean/lib/python3.10/site-packages/torch/nn/modules/module.py", line 1739, in _wrapped_call_impl
    return self._call_impl(*args, **kwargs)
  File "/data/armaan/venvs/omnizip_clean/lib/python3.10/site-packages/torch/nn/modules/module.py", line 1750, in _call_impl
    return forward_call(*args, **kwargs)
  File "/data/armaan/purs/Qwen2.5-Omni/low-VRAM-mode/modeling_qwen2_5_omni_low_VRAM_mode.py", line 1366, in forward
    hidden_states = blk(
  File "/data/armaan/venvs/omnizip_clean/lib/python3.10/site-packages/torch/nn/modules/module.py", line 1739, in _wrapped_call_impl
    return self._call_impl(*args, **kwargs)
  File "/data/armaan/venvs/omnizip_clean/lib/python3.10/site-packages/torch/nn/modules/module.py", line 1750, in _call_impl
    return forward_call(*args, **kwargs)
  File "/data/armaan/purs/Qwen2.5-Omni/low-VRAM-mode/modeling_qwen2_5_omni_low_VRAM_mode.py", line 1155, in forward
    hidden_states = hidden_states + self.attn(
  File "/data/armaan/venvs/omnizip_clean/lib/python3.10/site-packages/torch/nn/modules/module.py", line 1739, in _wrapped_call_impl
    return self._call_impl(*args, **kwargs)
  File "/data/armaan/venvs/omnizip_clean/lib/python3.10/site-packages/torch/nn/modules/module.py", line 1750, in _call_impl
    return forward_call(*args, **kwargs)
  File "/data/armaan/purs/Qwen2.5-Omni/low-VRAM-mode/modeling_qwen2_5_omni_low_VRAM_mode.py", line 1116, in forward
    attn_output = F.scaled_dot_product_attention(q, k, v, attention_mask, dropout_p=0.0)
torch.OutOfMemoryError: CUDA out of memory. Tried to allocate 81.00 GiB. GPU 0 has a total capacity of 47.37 GiB of which 34.62 GiB is free. Including non-PyTorch memory, this process has 12.74 GiB memory in use. Of the allocated memory 11.79 GiB is allocated by PyTorch, and 463.24 MiB is reserved by PyTorch but unallocated. If reserved but unallocated memory is large try setting PYTORCH_CUDA_ALLOC_CONF=expandable_segments:True to avoid fragmentation.  See documentation for Memory Management  (https://pytorch.org/docs/stable/notes/cuda.html#environment-variables)


--- daily-omni/Comparative ---
Traceback (most recent call last):
  File "/data/armaan/purs/eval_qwen_omni.py", line 843, in main
    pred, reasoning = run_inference(
  File "/data/armaan/purs/eval_qwen_omni.py", line 660, in run_inference
    raw_out = model.generate(**gen_in, **gen_kw)
  File "/data/armaan/venvs/omnizip_clean/lib/python3.10/site-packages/awq/models/base.py", line 134, in generate
    return self.model.generate(*args, **kwargs)
  File "/data/armaan/venvs/omnizip_clean/lib/python3.10/site-packages/torch/utils/_contextlib.py", line 116, in decorate_context
    return func(*args, **kwargs)
  File "/data/armaan/purs/Qwen2.5-Omni/low-VRAM-mode/modeling_qwen2_5_omni_low_VRAM_mode.py", line 4760, in generate
    thinker_result = self.thinker.generate(input_ids=input_ids, **thinker_kwargs)
  File "/data/armaan/venvs/omnizip_clean/lib/python3.10/site-packages/torch/utils/_contextlib.py", line 116, in decorate_context
    return func(*args, **kwargs)
  File "/data/armaan/venvs/omnizip_clean/lib/python3.10/site-packages/transformers/generation/utils.py", line 2597, in generate
    result = self._sample(
  File "/data/armaan/venvs/omnizip_clean/lib/python3.10/site-packages/transformers/generation/utils.py", line 3557, in _sample
    outputs = self(**model_inputs, return_dict=True)
  File "/data/armaan/venvs/omnizip_clean/lib/python3.10/site-packages/torch/nn/modules/module.py", line 1739, in _wrapped_call_impl
    return self._call_impl(*args, **kwargs)
  File "/data/armaan/venvs/omnizip_clean/lib/python3.10/site-packages/torch/nn/modules/module.py", line 1750, in _call_impl
    return forward_call(*args, **kwargs)
  File "/data/armaan/purs/Qwen2.5-Omni/low-VRAM-mode/modeling_qwen2_5_omni_low_VRAM_mode.py", line 2490, in forward
    video_embeds = self.visual(pixel_values_videos, grid_thw=video_grid_thw)
  File "/data/armaan/venvs/omnizip_clean/lib/python3.10/site-packages/torch/nn/modules/module.py", line 1739, in _wrapped_call_impl
    return self._call_impl(*args, **kwargs)
  File "/data/armaan/venvs/omnizip_clean/lib/python3.10/site-packages/torch/nn/modules/module.py", line 1750, in _call_impl
    return forward_call(*args, **kwargs)
  File "/data/armaan/purs/Qwen2.5-Omni/low-VRAM-mode/modeling_qwen2_5_omni_low_VRAM_mode.py", line 1366, in forward
    hidden_states = blk(
  File "/data/armaan/venvs/omnizip_clean/lib/python3.10/site-packages/torch/nn/modules/module.py", line 1739, in _wrapped_call_impl
    return self._call_impl(*args, **kwargs)
  File "/data/armaan/venvs/omnizip_clean/lib/python3.10/site-packages/torch/nn/modules/module.py", line 1750, in _call_impl
    return forward_call(*args, **kwargs)
  File "/data/armaan/purs/Qwen2.5-Omni/low-VRAM-mode/modeling_qwen2_5_omni_low_VRAM_mode.py", line 1155, in forward
    hidden_states = hidden_states + self.attn(
  File "/data/armaan/venvs/omnizip_clean/lib/python3.10/site-packages/torch/nn/modules/module.py", line 1739, in _wrapped_call_impl
    return self._call_impl(*args, **kwargs)
  File "/data/armaan/venvs/omnizip_clean/lib/python3.10/site-packages/torch/nn/modules/module.py", line 1750, in _call_impl
    return forward_call(*args, **kwargs)
  File "/data/armaan/purs/Qwen2.5-Omni/low-VRAM-mode/modeling_qwen2_5_omni_low_VRAM_mode.py", line 1116, in forward
    attn_output = F.scaled_dot_product_attention(q, k, v, attention_mask, dropout_p=0.0)
torch.OutOfMemoryError: CUDA out of memory. Tried to allocate 81.00 GiB. GPU 0 has a total capacity of 47.37 GiB of which 34.62 GiB is free. Including non-PyTorch memory, this process has 12.74 GiB memory in use. Of the allocated memory 11.79 GiB is allocated by PyTorch, and 462.97 MiB is reserved by PyTorch but unallocated. If reserved but unallocated memory is large try setting PYTORCH_CUDA_ALLOC_CONF=expandable_segments:True to avoid fragmentation.  See documentation for Memory Management  (https://pytorch.org/docs/stable/notes/cuda.html#environment-variables)


--- daily-omni/Context understanding ---
Traceback (most recent call last):
  File "/data/armaan/purs/eval_qwen_omni.py", line 843, in main
    pred, reasoning = run_inference(
  File "/data/armaan/purs/eval_qwen_omni.py", line 660, in run_inference
    raw_out = model.generate(**gen_in, **gen_kw)
  File "/data/armaan/venvs/omnizip_clean/lib/python3.10/site-packages/awq/models/base.py", line 134, in generate
    return self.model.generate(*args, **kwargs)
  File "/data/armaan/venvs/omnizip_clean/lib/python3.10/site-packages/torch/utils/_contextlib.py", line 116, in decorate_context
    return func(*args, **kwargs)
  File "/data/armaan/purs/Qwen2.5-Omni/low-VRAM-mode/modeling_qwen2_5_omni_low_VRAM_mode.py", line 4760, in generate
    thinker_result = self.thinker.generate(input_ids=input_ids, **thinker_kwargs)
  File "/data/armaan/venvs/omnizip_clean/lib/python3.10/site-packages/torch/utils/_contextlib.py", line 116, in decorate_context
    return func(*args, **kwargs)
  File "/data/armaan/venvs/omnizip_clean/lib/python3.10/site-packages/transformers/generation/utils.py", line 2597, in generate
    result = self._sample(
  File "/data/armaan/venvs/omnizip_clean/lib/python3.10/site-packages/transformers/generation/utils.py", line 3557, in _sample
    outputs = self(**model_inputs, return_dict=True)
  File "/data/armaan/venvs/omnizip_clean/lib/python3.10/site-packages/torch/nn/modules/module.py", line 1739, in _wrapped_call_impl
    return self._call_impl(*args, **kwargs)
  File "/data/armaan/venvs/omnizip_clean/lib/python3.10/site-packages/torch/nn/modules/module.py", line 1750, in _call_impl
    return forward_call(*args, **kwargs)
  File "/data/armaan/purs/Qwen2.5-Omni/low-VRAM-mode/modeling_qwen2_5_omni_low_VRAM_mode.py", line 2490, in forward
    video_embeds = self.visual(pixel_values_videos, grid_thw=video_grid_thw)
  File "/data/armaan/venvs/omnizip_clean/lib/python3.10/site-packages/torch/nn/modules/module.py", line 1739, in _wrapped_call_impl
    return self._call_impl(*args, **kwargs)
  File "/data/armaan/venvs/omnizip_clean/lib/python3.10/site-packages/torch/nn/modules/module.py", line 1750, in _call_impl
    return forward_call(*args, **kwargs)
  File "/data/armaan/purs/Qwen2.5-Omni/low-VRAM-mode/modeling_qwen2_5_omni_low_VRAM_mode.py", line 1366, in forward
    hidden_states = blk(
  File "/data/armaan/venvs/omnizip_clean/lib/python3.10/site-packages/torch/nn/modules/module.py", line 1739, in _wrapped_call_impl
    return self._call_impl(*args, **kwargs)
  File "/data/armaan/venvs/omnizip_clean/lib/python3.10/site-packages/torch/nn/modules/module.py", line 1750, in _call_impl
    return forward_call(*args, **kwargs)
  File "/data/armaan/purs/Qwen2.5-Omni/low-VRAM-mode/modeling_qwen2_5_omni_low_VRAM_mode.py", line 1155, in forward
    hidden_states = hidden_states + self.attn(
  File "/data/armaan/venvs/omnizip_clean/lib/python3.10/site-packages/torch/nn/modules/module.py", line 1739, in _wrapped_call_impl
    return self._call_impl(*args, **kwargs)
  File "/data/armaan/venvs/omnizip_clean/lib/python3.10/site-packages/torch/nn/modules/module.py", line 1750, in _call_impl
    return forward_call(*args, **kwargs)
  File "/data/armaan/purs/Qwen2.5-Omni/low-VRAM-mode/modeling_qwen2_5_omni_low_VRAM_mode.py", line 1116, in forward
    attn_output = F.scaled_dot_product_attention(q, k, v, attention_mask, dropout_p=0.0)
torch.OutOfMemoryError: CUDA out of memory. Tried to allocate 81.00 GiB. GPU 0 has a total capacity of 47.37 GiB of which 34.65 GiB is free. Including non-PyTorch memory, this process has 12.71 GiB memory in use. Of the allocated memory 11.79 GiB is allocated by PyTorch, and 427.53 MiB is reserved by PyTorch but unallocated. If reserved but unallocated memory is large try setting PYTORCH_CUDA_ALLOC_CONF=expandable_segments:True to avoid fragmentation.  See documentation for Memory Management  (https://pytorch.org/docs/stable/notes/cuda.html#environment-variables)


--- daily-omni/Context understanding ---
Traceback (most recent call last):
  File "/data/armaan/purs/eval_qwen_omni.py", line 843, in main
    pred, reasoning = run_inference(
  File "/data/armaan/purs/eval_qwen_omni.py", line 660, in run_inference
    raw_out = model.generate(**gen_in, **gen_kw)
  File "/data/armaan/venvs/omnizip_clean/lib/python3.10/site-packages/awq/models/base.py", line 134, in generate
    return self.model.generate(*args, **kwargs)
  File "/data/armaan/venvs/omnizip_clean/lib/python3.10/site-packages/torch/utils/_contextlib.py", line 116, in decorate_context
    return func(*args, **kwargs)
  File "/data/armaan/purs/Qwen2.5-Omni/low-VRAM-mode/modeling_qwen2_5_omni_low_VRAM_mode.py", line 4760, in generate
    thinker_result = self.thinker.generate(input_ids=input_ids, **thinker_kwargs)
  File "/data/armaan/venvs/omnizip_clean/lib/python3.10/site-packages/torch/utils/_contextlib.py", line 116, in decorate_context
    return func(*args, **kwargs)
  File "/data/armaan/venvs/omnizip_clean/lib/python3.10/site-packages/transformers/generation/utils.py", line 2597, in generate
    result = self._sample(
  File "/data/armaan/venvs/omnizip_clean/lib/python3.10/site-packages/transformers/generation/utils.py", line 3557, in _sample
    outputs = self(**model_inputs, return_dict=True)
  File "/data/armaan/venvs/omnizip_clean/lib/python3.10/site-packages/torch/nn/modules/module.py", line 1739, in _wrapped_call_impl
    return self._call_impl(*args, **kwargs)
  File "/data/armaan/venvs/omnizip_clean/lib/python3.10/site-packages/torch/nn/modules/module.py", line 1750, in _call_impl
    return forward_call(*args, **kwargs)
  File "/data/armaan/purs/Qwen2.5-Omni/low-VRAM-mode/modeling_qwen2_5_omni_low_VRAM_mode.py", line 2490, in forward
    video_embeds = self.visual(pixel_values_videos, grid_thw=video_grid_thw)
  File "/data/armaan/venvs/omnizip_clean/lib/python3.10/site-packages/torch/nn/modules/module.py", line 1739, in _wrapped_call_impl
    return self._call_impl(*args, **kwargs)
  File "/data/armaan/venvs/omnizip_clean/lib/python3.10/site-packages/torch/nn/modules/module.py", line 1750, in _call_impl
    return forward_call(*args, **kwargs)
  File "/data/armaan/purs/Qwen2.5-Omni/low-VRAM-mode/modeling_qwen2_5_omni_low_VRAM_mode.py", line 1366, in forward
    hidden_states = blk(
  File "/data/armaan/venvs/omnizip_clean/lib/python3.10/site-packages/torch/nn/modules/module.py", line 1739, in _wrapped_call_impl
    return self._call_impl(*args, **kwargs)
  File "/data/armaan/venvs/omnizip_clean/lib/python3.10/site-packages/torch/nn/modules/module.py", line 1750, in _call_impl
    return forward_call(*args, **kwargs)
  File "/data/armaan/purs/Qwen2.5-Omni/low-VRAM-mode/modeling_qwen2_5_omni_low_VRAM_mode.py", line 1155, in forward
    hidden_states = hidden_states + self.attn(
  File "/data/armaan/venvs/omnizip_clean/lib/python3.10/site-packages/torch/nn/modules/module.py", line 1739, in _wrapped_call_impl
    return self._call_impl(*args, **kwargs)
  File "/data/armaan/venvs/omnizip_clean/lib/python3.10/site-packages/torch/nn/modules/module.py", line 1750, in _call_impl
    return forward_call(*args, **kwargs)
  File "/data/armaan/purs/Qwen2.5-Omni/low-VRAM-mode/modeling_qwen2_5_omni_low_VRAM_mode.py", line 1116, in forward
    attn_output = F.scaled_dot_product_attention(q, k, v, attention_mask, dropout_p=0.0)
torch.OutOfMemoryError: CUDA out of memory. Tried to allocate 81.00 GiB. GPU 0 has a total capacity of 47.37 GiB of which 34.65 GiB is free. Including non-PyTorch memory, this process has 12.71 GiB memory in use. Of the allocated memory 11.79 GiB is allocated by PyTorch, and 427.50 MiB is reserved by PyTorch but unallocated. If reserved but unallocated memory is large try setting PYTORCH_CUDA_ALLOC_CONF=expandable_segments:True to avoid fragmentation.  See documentation for Memory Management  (https://pytorch.org/docs/stable/notes/cuda.html#environment-variables)


--- daily-omni/Context understanding ---
Traceback (most recent call last):
  File "/data/armaan/purs/eval_qwen_omni.py", line 843, in main
    pred, reasoning = run_inference(
  File "/data/armaan/purs/eval_qwen_omni.py", line 660, in run_inference
    raw_out = model.generate(**gen_in, **gen_kw)
  File "/data/armaan/venvs/omnizip_clean/lib/python3.10/site-packages/awq/models/base.py", line 134, in generate
    return self.model.generate(*args, **kwargs)
  File "/data/armaan/venvs/omnizip_clean/lib/python3.10/site-packages/torch/utils/_contextlib.py", line 116, in decorate_context
    return func(*args, **kwargs)
  File "/data/armaan/purs/Qwen2.5-Omni/low-VRAM-mode/modeling_qwen2_5_omni_low_VRAM_mode.py", line 4760, in generate
    thinker_result = self.thinker.generate(input_ids=input_ids, **thinker_kwargs)
  File "/data/armaan/venvs/omnizip_clean/lib/python3.10/site-packages/torch/utils/_contextlib.py", line 116, in decorate_context
    return func(*args, **kwargs)
  File "/data/armaan/venvs/omnizip_clean/lib/python3.10/site-packages/transformers/generation/utils.py", line 2597, in generate
    result = self._sample(
  File "/data/armaan/venvs/omnizip_clean/lib/python3.10/site-packages/transformers/generation/utils.py", line 3557, in _sample
    outputs = self(**model_inputs, return_dict=True)
  File "/data/armaan/venvs/omnizip_clean/lib/python3.10/site-packages/torch/nn/modules/module.py", line 1739, in _wrapped_call_impl
    return self._call_impl(*args, **kwargs)
  File "/data/armaan/venvs/omnizip_clean/lib/python3.10/site-packages/torch/nn/modules/module.py", line 1750, in _call_impl
    return forward_call(*args, **kwargs)
  File "/data/armaan/purs/Qwen2.5-Omni/low-VRAM-mode/modeling_qwen2_5_omni_low_VRAM_mode.py", line 2490, in forward
    video_embeds = self.visual(pixel_values_videos, grid_thw=video_grid_thw)
  File "/data/armaan/venvs/omnizip_clean/lib/python3.10/site-packages/torch/nn/modules/module.py", line 1739, in _wrapped_call_impl
    return self._call_impl(*args, **kwargs)
  File "/data/armaan/venvs/omnizip_clean/lib/python3.10/site-packages/torch/nn/modules/module.py", line 1750, in _call_impl
    return forward_call(*args, **kwargs)
  File "/data/armaan/purs/Qwen2.5-Omni/low-VRAM-mode/modeling_qwen2_5_omni_low_VRAM_mode.py", line 1366, in forward
    hidden_states = blk(
  File "/data/armaan/venvs/omnizip_clean/lib/python3.10/site-packages/torch/nn/modules/module.py", line 1739, in _wrapped_call_impl
    return self._call_impl(*args, **kwargs)
  File "/data/armaan/venvs/omnizip_clean/lib/python3.10/site-packages/torch/nn/modules/module.py", line 1750, in _call_impl
    return forward_call(*args, **kwargs)
  File "/data/armaan/purs/Qwen2.5-Omni/low-VRAM-mode/modeling_qwen2_5_omni_low_VRAM_mode.py", line 1155, in forward
    hidden_states = hidden_states + self.attn(
  File "/data/armaan/venvs/omnizip_clean/lib/python3.10/site-packages/torch/nn/modules/module.py", line 1739, in _wrapped_call_impl
    return self._call_impl(*args, **kwargs)
  File "/data/armaan/venvs/omnizip_clean/lib/python3.10/site-packages/torch/nn/modules/module.py", line 1750, in _call_impl
    return forward_call(*args, **kwargs)
  File "/data/armaan/purs/Qwen2.5-Omni/low-VRAM-mode/modeling_qwen2_5_omni_low_VRAM_mode.py", line 1116, in forward
    attn_output = F.scaled_dot_product_attention(q, k, v, attention_mask, dropout_p=0.0)
torch.OutOfMemoryError: CUDA out of memory. Tried to allocate 81.00 GiB. GPU 0 has a total capacity of 47.37 GiB of which 34.65 GiB is free. Including non-PyTorch memory, this process has 12.71 GiB memory in use. Of the allocated memory 11.79 GiB is allocated by PyTorch, and 427.51 MiB is reserved by PyTorch but unallocated. If reserved but unallocated memory is large try setting PYTORCH_CUDA_ALLOC_CONF=expandable_segments:True to avoid fragmentation.  See documentation for Memory Management  (https://pytorch.org/docs/stable/notes/cuda.html#environment-variables)


--- daily-omni/Event Sequence ---
Traceback (most recent call last):
  File "/data/armaan/purs/eval_qwen_omni.py", line 843, in main
    pred, reasoning = run_inference(
  File "/data/armaan/purs/eval_qwen_omni.py", line 660, in run_inference
    raw_out = model.generate(**gen_in, **gen_kw)
  File "/data/armaan/venvs/omnizip_clean/lib/python3.10/site-packages/awq/models/base.py", line 134, in generate
    return self.model.generate(*args, **kwargs)
  File "/data/armaan/venvs/omnizip_clean/lib/python3.10/site-packages/torch/utils/_contextlib.py", line 116, in decorate_context
    return func(*args, **kwargs)
  File "/data/armaan/purs/Qwen2.5-Omni/low-VRAM-mode/modeling_qwen2_5_omni_low_VRAM_mode.py", line 4760, in generate
    thinker_result = self.thinker.generate(input_ids=input_ids, **thinker_kwargs)
  File "/data/armaan/venvs/omnizip_clean/lib/python3.10/site-packages/torch/utils/_contextlib.py", line 116, in decorate_context
    return func(*args, **kwargs)
  File "/data/armaan/venvs/omnizip_clean/lib/python3.10/site-packages/transformers/generation/utils.py", line 2597, in generate
    result = self._sample(
  File "/data/armaan/venvs/omnizip_clean/lib/python3.10/site-packages/transformers/generation/utils.py", line 3557, in _sample
    outputs = self(**model_inputs, return_dict=True)
  File "/data/armaan/venvs/omnizip_clean/lib/python3.10/site-packages/torch/nn/modules/module.py", line 1739, in _wrapped_call_impl
    return self._call_impl(*args, **kwargs)
  File "/data/armaan/venvs/omnizip_clean/lib/python3.10/site-packages/torch/nn/modules/module.py", line 1750, in _call_impl
    return forward_call(*args, **kwargs)
  File "/data/armaan/purs/Qwen2.5-Omni/low-VRAM-mode/modeling_qwen2_5_omni_low_VRAM_mode.py", line 2490, in forward
    video_embeds = self.visual(pixel_values_videos, grid_thw=video_grid_thw)
  File "/data/armaan/venvs/omnizip_clean/lib/python3.10/site-packages/torch/nn/modules/module.py", line 1739, in _wrapped_call_impl
    return self._call_impl(*args, **kwargs)
  File "/data/armaan/venvs/omnizip_clean/lib/python3.10/site-packages/torch/nn/modules/module.py", line 1750, in _call_impl
    return forward_call(*args, **kwargs)
  File "/data/armaan/purs/Qwen2.5-Omni/low-VRAM-mode/modeling_qwen2_5_omni_low_VRAM_mode.py", line 1366, in forward
    hidden_states = blk(
  File "/data/armaan/venvs/omnizip_clean/lib/python3.10/site-packages/torch/nn/modules/module.py", line 1739, in _wrapped_call_impl
    return self._call_impl(*args, **kwargs)
  File "/data/armaan/venvs/omnizip_clean/lib/python3.10/site-packages/torch/nn/modules/module.py", line 1750, in _call_impl
    return forward_call(*args, **kwargs)
  File "/data/armaan/purs/Qwen2.5-Omni/low-VRAM-mode/modeling_qwen2_5_omni_low_VRAM_mode.py", line 1155, in forward
    hidden_states = hidden_states + self.attn(
  File "/data/armaan/venvs/omnizip_clean/lib/python3.10/site-packages/torch/nn/modules/module.py", line 1739, in _wrapped_call_impl
    return self._call_impl(*args, **kwargs)
  File "/data/armaan/venvs/omnizip_clean/lib/python3.10/site-packages/torch/nn/modules/module.py", line 1750, in _call_impl
    return forward_call(*args, **kwargs)
  File "/data/armaan/purs/Qwen2.5-Omni/low-VRAM-mode/modeling_qwen2_5_omni_low_VRAM_mode.py", line 1116, in forward
    attn_output = F.scaled_dot_product_attention(q, k, v, attention_mask, dropout_p=0.0)
torch.OutOfMemoryError: CUDA out of memory. Tried to allocate 4.45 GiB. GPU 0 has a total capacity of 47.37 GiB of which 2.98 GiB is free. Including non-PyTorch memory, this process has 44.38 GiB memory in use. Of the allocated memory 43.55 GiB is allocated by PyTorch, and 339.21 MiB is reserved by PyTorch but unallocated. If reserved but unallocated memory is large try setting PYTORCH_CUDA_ALLOC_CONF=expandable_segments:True to avoid fragmentation.  See documentation for Memory Management  (https://pytorch.org/docs/stable/notes/cuda.html#environment-variables)


--- daily-omni/Event Sequence ---
Traceback (most recent call last):
  File "/data/armaan/purs/eval_qwen_omni.py", line 843, in main
    pred, reasoning = run_inference(
  File "/data/armaan/purs/eval_qwen_omni.py", line 660, in run_inference
    raw_out = model.generate(**gen_in, **gen_kw)
  File "/data/armaan/venvs/omnizip_clean/lib/python3.10/site-packages/awq/models/base.py", line 134, in generate
    return self.model.generate(*args, **kwargs)
  File "/data/armaan/venvs/omnizip_clean/lib/python3.10/site-packages/torch/utils/_contextlib.py", line 116, in decorate_context
    return func(*args, **kwargs)
  File "/data/armaan/purs/Qwen2.5-Omni/low-VRAM-mode/modeling_qwen2_5_omni_low_VRAM_mode.py", line 4760, in generate
    thinker_result = self.thinker.generate(input_ids=input_ids, **thinker_kwargs)
  File "/data/armaan/venvs/omnizip_clean/lib/python3.10/site-packages/torch/utils/_contextlib.py", line 116, in decorate_context
    return func(*args, **kwargs)
  File "/data/armaan/venvs/omnizip_clean/lib/python3.10/site-packages/transformers/generation/utils.py", line 2597, in generate
    result = self._sample(
  File "/data/armaan/venvs/omnizip_clean/lib/python3.10/site-packages/transformers/generation/utils.py", line 3557, in _sample
    outputs = self(**model_inputs, return_dict=True)
  File "/data/armaan/venvs/omnizip_clean/lib/python3.10/site-packages/torch/nn/modules/module.py", line 1739, in _wrapped_call_impl
    return self._call_impl(*args, **kwargs)
  File "/data/armaan/venvs/omnizip_clean/lib/python3.10/site-packages/torch/nn/modules/module.py", line 1750, in _call_impl
    return forward_call(*args, **kwargs)
  File "/data/armaan/purs/Qwen2.5-Omni/low-VRAM-mode/modeling_qwen2_5_omni_low_VRAM_mode.py", line 2490, in forward
    video_embeds = self.visual(pixel_values_videos, grid_thw=video_grid_thw)
  File "/data/armaan/venvs/omnizip_clean/lib/python3.10/site-packages/torch/nn/modules/module.py", line 1739, in _wrapped_call_impl
    return self._call_impl(*args, **kwargs)
  File "/data/armaan/venvs/omnizip_clean/lib/python3.10/site-packages/torch/nn/modules/module.py", line 1750, in _call_impl
    return forward_call(*args, **kwargs)
  File "/data/armaan/purs/Qwen2.5-Omni/low-VRAM-mode/modeling_qwen2_5_omni_low_VRAM_mode.py", line 1366, in forward
    hidden_states = blk(
  File "/data/armaan/venvs/omnizip_clean/lib/python3.10/site-packages/torch/nn/modules/module.py", line 1739, in _wrapped_call_impl
    return self._call_impl(*args, **kwargs)
  File "/data/armaan/venvs/omnizip_clean/lib/python3.10/site-packages/torch/nn/modules/module.py", line 1750, in _call_impl
    return forward_call(*args, **kwargs)
  File "/data/armaan/purs/Qwen2.5-Omni/low-VRAM-mode/modeling_qwen2_5_omni_low_VRAM_mode.py", line 1155, in forward
    hidden_states = hidden_states + self.attn(
  File "/data/armaan/venvs/omnizip_clean/lib/python3.10/site-packages/torch/nn/modules/module.py", line 1739, in _wrapped_call_impl
    return self._call_impl(*args, **kwargs)
  File "/data/armaan/venvs/omnizip_clean/lib/python3.10/site-packages/torch/nn/modules/module.py", line 1750, in _call_impl
    return forward_call(*args, **kwargs)
  File "/data/armaan/purs/Qwen2.5-Omni/low-VRAM-mode/modeling_qwen2_5_omni_low_VRAM_mode.py", line 1116, in forward
    attn_output = F.scaled_dot_product_attention(q, k, v, attention_mask, dropout_p=0.0)
torch.OutOfMemoryError: CUDA out of memory. Tried to allocate 4.45 GiB. GPU 0 has a total capacity of 47.37 GiB of which 2.98 GiB is free. Including non-PyTorch memory, this process has 44.38 GiB memory in use. Of the allocated memory 43.55 GiB is allocated by PyTorch, and 339.27 MiB is reserved by PyTorch but unallocated. If reserved but unallocated memory is large try setting PYTORCH_CUDA_ALLOC_CONF=expandable_segments:True to avoid fragmentation.  See documentation for Memory Management  (https://pytorch.org/docs/stable/notes/cuda.html#environment-variables)


--- daily-omni/Event Sequence ---
Traceback (most recent call last):
  File "/data/armaan/purs/eval_qwen_omni.py", line 843, in main
    pred, reasoning = run_inference(
  File "/data/armaan/purs/eval_qwen_omni.py", line 660, in run_inference
    raw_out = model.generate(**gen_in, **gen_kw)
  File "/data/armaan/venvs/omnizip_clean/lib/python3.10/site-packages/awq/models/base.py", line 134, in generate
    return self.model.generate(*args, **kwargs)
  File "/data/armaan/venvs/omnizip_clean/lib/python3.10/site-packages/torch/utils/_contextlib.py", line 116, in decorate_context
    return func(*args, **kwargs)
  File "/data/armaan/purs/Qwen2.5-Omni/low-VRAM-mode/modeling_qwen2_5_omni_low_VRAM_mode.py", line 4760, in generate
    thinker_result = self.thinker.generate(input_ids=input_ids, **thinker_kwargs)
  File "/data/armaan/venvs/omnizip_clean/lib/python3.10/site-packages/torch/utils/_contextlib.py", line 116, in decorate_context
    return func(*args, **kwargs)
  File "/data/armaan/venvs/omnizip_clean/lib/python3.10/site-packages/transformers/generation/utils.py", line 2597, in generate
    result = self._sample(
  File "/data/armaan/venvs/omnizip_clean/lib/python3.10/site-packages/transformers/generation/utils.py", line 3557, in _sample
    outputs = self(**model_inputs, return_dict=True)
  File "/data/armaan/venvs/omnizip_clean/lib/python3.10/site-packages/torch/nn/modules/module.py", line 1739, in _wrapped_call_impl
    return self._call_impl(*args, **kwargs)
  File "/data/armaan/venvs/omnizip_clean/lib/python3.10/site-packages/torch/nn/modules/module.py", line 1750, in _call_impl
    return forward_call(*args, **kwargs)
  File "/data/armaan/purs/Qwen2.5-Omni/low-VRAM-mode/modeling_qwen2_5_omni_low_VRAM_mode.py", line 2490, in forward
    video_embeds = self.visual(pixel_values_videos, grid_thw=video_grid_thw)
  File "/data/armaan/venvs/omnizip_clean/lib/python3.10/site-packages/torch/nn/modules/module.py", line 1739, in _wrapped_call_impl
    return self._call_impl(*args, **kwargs)
  File "/data/armaan/venvs/omnizip_clean/lib/python3.10/site-packages/torch/nn/modules/module.py", line 1750, in _call_impl
    return forward_call(*args, **kwargs)
  File "/data/armaan/purs/Qwen2.5-Omni/low-VRAM-mode/modeling_qwen2_5_omni_low_VRAM_mode.py", line 1366, in forward
    hidden_states = blk(
  File "/data/armaan/venvs/omnizip_clean/lib/python3.10/site-packages/torch/nn/modules/module.py", line 1739, in _wrapped_call_impl
    return self._call_impl(*args, **kwargs)
  File "/data/armaan/venvs/omnizip_clean/lib/python3.10/site-packages/torch/nn/modules/module.py", line 1750, in _call_impl
    return forward_call(*args, **kwargs)
  File "/data/armaan/purs/Qwen2.5-Omni/low-VRAM-mode/modeling_qwen2_5_omni_low_VRAM_mode.py", line 1155, in forward
    hidden_states = hidden_states + self.attn(
  File "/data/armaan/venvs/omnizip_clean/lib/python3.10/site-packages/torch/nn/modules/module.py", line 1739, in _wrapped_call_impl
    return self._call_impl(*args, **kwargs)
  File "/data/armaan/venvs/omnizip_clean/lib/python3.10/site-packages/torch/nn/modules/module.py", line 1750, in _call_impl
    return forward_call(*args, **kwargs)
  File "/data/armaan/purs/Qwen2.5-Omni/low-VRAM-mode/modeling_qwen2_5_omni_low_VRAM_mode.py", line 1116, in forward
    attn_output = F.scaled_dot_product_attention(q, k, v, attention_mask, dropout_p=0.0)
torch.OutOfMemoryError: CUDA out of memory. Tried to allocate 4.45 GiB. GPU 0 has a total capacity of 47.37 GiB of which 2.98 GiB is free. Including non-PyTorch memory, this process has 44.38 GiB memory in use. Of the allocated memory 43.55 GiB is allocated by PyTorch, and 339.34 MiB is reserved by PyTorch but unallocated. If reserved but unallocated memory is large try setting PYTORCH_CUDA_ALLOC_CONF=expandable_segments:True to avoid fragmentation.  See documentation for Memory Management  (https://pytorch.org/docs/stable/notes/cuda.html#environment-variables)


--- daily-omni/Inference ---
Traceback (most recent call last):
  File "/data/armaan/purs/eval_qwen_omni.py", line 843, in main
    pred, reasoning = run_inference(
  File "/data/armaan/purs/eval_qwen_omni.py", line 660, in run_inference
    raw_out = model.generate(**gen_in, **gen_kw)
  File "/data/armaan/venvs/omnizip_clean/lib/python3.10/site-packages/awq/models/base.py", line 134, in generate
    return self.model.generate(*args, **kwargs)
  File "/data/armaan/venvs/omnizip_clean/lib/python3.10/site-packages/torch/utils/_contextlib.py", line 116, in decorate_context
    return func(*args, **kwargs)
  File "/data/armaan/purs/Qwen2.5-Omni/low-VRAM-mode/modeling_qwen2_5_omni_low_VRAM_mode.py", line 4760, in generate
    thinker_result = self.thinker.generate(input_ids=input_ids, **thinker_kwargs)
  File "/data/armaan/venvs/omnizip_clean/lib/python3.10/site-packages/torch/utils/_contextlib.py", line 116, in decorate_context
    return func(*args, **kwargs)
  File "/data/armaan/venvs/omnizip_clean/lib/python3.10/site-packages/transformers/generation/utils.py", line 2597, in generate
    result = self._sample(
  File "/data/armaan/venvs/omnizip_clean/lib/python3.10/site-packages/transformers/generation/utils.py", line 3557, in _sample
    outputs = self(**model_inputs, return_dict=True)
  File "/data/armaan/venvs/omnizip_clean/lib/python3.10/site-packages/torch/nn/modules/module.py", line 1739, in _wrapped_call_impl
    return self._call_impl(*args, **kwargs)
  File "/data/armaan/venvs/omnizip_clean/lib/python3.10/site-packages/torch/nn/modules/module.py", line 1750, in _call_impl
    return forward_call(*args, **kwargs)
  File "/data/armaan/purs/Qwen2.5-Omni/low-VRAM-mode/modeling_qwen2_5_omni_low_VRAM_mode.py", line 2490, in forward
    video_embeds = self.visual(pixel_values_videos, grid_thw=video_grid_thw)
  File "/data/armaan/venvs/omnizip_clean/lib/python3.10/site-packages/torch/nn/modules/module.py", line 1739, in _wrapped_call_impl
    return self._call_impl(*args, **kwargs)
  File "/data/armaan/venvs/omnizip_clean/lib/python3.10/site-packages/torch/nn/modules/module.py", line 1750, in _call_impl
    return forward_call(*args, **kwargs)
  File "/data/armaan/purs/Qwen2.5-Omni/low-VRAM-mode/modeling_qwen2_5_omni_low_VRAM_mode.py", line 1366, in forward
    hidden_states = blk(
  File "/data/armaan/venvs/omnizip_clean/lib/python3.10/site-packages/torch/nn/modules/module.py", line 1739, in _wrapped_call_impl
    return self._call_impl(*args, **kwargs)
  File "/data/armaan/venvs/omnizip_clean/lib/python3.10/site-packages/torch/nn/modules/module.py", line 1750, in _call_impl
    return forward_call(*args, **kwargs)
  File "/data/armaan/purs/Qwen2.5-Omni/low-VRAM-mode/modeling_qwen2_5_omni_low_VRAM_mode.py", line 1155, in forward
    hidden_states = hidden_states + self.attn(
  File "/data/armaan/venvs/omnizip_clean/lib/python3.10/site-packages/torch/nn/modules/module.py", line 1739, in _wrapped_call_impl
    return self._call_impl(*args, **kwargs)
  File "/data/armaan/venvs/omnizip_clean/lib/python3.10/site-packages/torch/nn/modules/module.py", line 1750, in _call_impl
    return forward_call(*args, **kwargs)
  File "/data/armaan/purs/Qwen2.5-Omni/low-VRAM-mode/modeling_qwen2_5_omni_low_VRAM_mode.py", line 1116, in forward
    attn_output = F.scaled_dot_product_attention(q, k, v, attention_mask, dropout_p=0.0)
torch.OutOfMemoryError: CUDA out of memory. Tried to allocate 30.08 GiB. GPU 0 has a total capacity of 47.37 GiB of which 7.72 GiB is free. Including non-PyTorch memory, this process has 39.64 GiB memory in use. Of the allocated memory 38.79 GiB is allocated by PyTorch, and 359.52 MiB is reserved by PyTorch but unallocated. If reserved but unallocated memory is large try setting PYTORCH_CUDA_ALLOC_CONF=expandable_segments:True to avoid fragmentation.  See documentation for Memory Management  (https://pytorch.org/docs/stable/notes/cuda.html#environment-variables)


--- daily-omni/Inference ---
Traceback (most recent call last):
  File "/data/armaan/purs/eval_qwen_omni.py", line 843, in main
    pred, reasoning = run_inference(
  File "/data/armaan/purs/eval_qwen_omni.py", line 660, in run_inference
    raw_out = model.generate(**gen_in, **gen_kw)
  File "/data/armaan/venvs/omnizip_clean/lib/python3.10/site-packages/awq/models/base.py", line 134, in generate
    return self.model.generate(*args, **kwargs)
  File "/data/armaan/venvs/omnizip_clean/lib/python3.10/site-packages/torch/utils/_contextlib.py", line 116, in decorate_context
    return func(*args, **kwargs)
  File "/data/armaan/purs/Qwen2.5-Omni/low-VRAM-mode/modeling_qwen2_5_omni_low_VRAM_mode.py", line 4760, in generate
    thinker_result = self.thinker.generate(input_ids=input_ids, **thinker_kwargs)
  File "/data/armaan/venvs/omnizip_clean/lib/python3.10/site-packages/torch/utils/_contextlib.py", line 116, in decorate_context
    return func(*args, **kwargs)
  File "/data/armaan/venvs/omnizip_clean/lib/python3.10/site-packages/transformers/generation/utils.py", line 2597, in generate
    result = self._sample(
  File "/data/armaan/venvs/omnizip_clean/lib/python3.10/site-packages/transformers/generation/utils.py", line 3557, in _sample
    outputs = self(**model_inputs, return_dict=True)
  File "/data/armaan/venvs/omnizip_clean/lib/python3.10/site-packages/torch/nn/modules/module.py", line 1739, in _wrapped_call_impl
    return self._call_impl(*args, **kwargs)
  File "/data/armaan/venvs/omnizip_clean/lib/python3.10/site-packages/torch/nn/modules/module.py", line 1750, in _call_impl
    return forward_call(*args, **kwargs)
  File "/data/armaan/purs/Qwen2.5-Omni/low-VRAM-mode/modeling_qwen2_5_omni_low_VRAM_mode.py", line 2490, in forward
    video_embeds = self.visual(pixel_values_videos, grid_thw=video_grid_thw)
  File "/data/armaan/venvs/omnizip_clean/lib/python3.10/site-packages/torch/nn/modules/module.py", line 1739, in _wrapped_call_impl
    return self._call_impl(*args, **kwargs)
  File "/data/armaan/venvs/omnizip_clean/lib/python3.10/site-packages/torch/nn/modules/module.py", line 1750, in _call_impl
    return forward_call(*args, **kwargs)
  File "/data/armaan/purs/Qwen2.5-Omni/low-VRAM-mode/modeling_qwen2_5_omni_low_VRAM_mode.py", line 1366, in forward
    hidden_states = blk(
  File "/data/armaan/venvs/omnizip_clean/lib/python3.10/site-packages/torch/nn/modules/module.py", line 1739, in _wrapped_call_impl
    return self._call_impl(*args, **kwargs)
  File "/data/armaan/venvs/omnizip_clean/lib/python3.10/site-packages/torch/nn/modules/module.py", line 1750, in _call_impl
    return forward_call(*args, **kwargs)
  File "/data/armaan/purs/Qwen2.5-Omni/low-VRAM-mode/modeling_qwen2_5_omni_low_VRAM_mode.py", line 1155, in forward
    hidden_states = hidden_states + self.attn(
  File "/data/armaan/venvs/omnizip_clean/lib/python3.10/site-packages/torch/nn/modules/module.py", line 1739, in _wrapped_call_impl
    return self._call_impl(*args, **kwargs)
  File "/data/armaan/venvs/omnizip_clean/lib/python3.10/site-packages/torch/nn/modules/module.py", line 1750, in _call_impl
    return forward_call(*args, **kwargs)
  File "/data/armaan/purs/Qwen2.5-Omni/low-VRAM-mode/modeling_qwen2_5_omni_low_VRAM_mode.py", line 1116, in forward
    attn_output = F.scaled_dot_product_attention(q, k, v, attention_mask, dropout_p=0.0)
torch.OutOfMemoryError: CUDA out of memory. Tried to allocate 30.08 GiB. GPU 0 has a total capacity of 47.37 GiB of which 7.71 GiB is free. Including non-PyTorch memory, this process has 39.65 GiB memory in use. Of the allocated memory 38.79 GiB is allocated by PyTorch, and 364.75 MiB is reserved by PyTorch but unallocated. If reserved but unallocated memory is large try setting PYTORCH_CUDA_ALLOC_CONF=expandable_segments:True to avoid fragmentation.  See documentation for Memory Management  (https://pytorch.org/docs/stable/notes/cuda.html#environment-variables)


--- daily-omni/Inference ---
Traceback (most recent call last):
  File "/data/armaan/purs/eval_qwen_omni.py", line 843, in main
    pred, reasoning = run_inference(
  File "/data/armaan/purs/eval_qwen_omni.py", line 660, in run_inference
    raw_out = model.generate(**gen_in, **gen_kw)
  File "/data/armaan/venvs/omnizip_clean/lib/python3.10/site-packages/awq/models/base.py", line 134, in generate
    return self.model.generate(*args, **kwargs)
  File "/data/armaan/venvs/omnizip_clean/lib/python3.10/site-packages/torch/utils/_contextlib.py", line 116, in decorate_context
    return func(*args, **kwargs)
  File "/data/armaan/purs/Qwen2.5-Omni/low-VRAM-mode/modeling_qwen2_5_omni_low_VRAM_mode.py", line 4760, in generate
    thinker_result = self.thinker.generate(input_ids=input_ids, **thinker_kwargs)
  File "/data/armaan/venvs/omnizip_clean/lib/python3.10/site-packages/torch/utils/_contextlib.py", line 116, in decorate_context
    return func(*args, **kwargs)
  File "/data/armaan/venvs/omnizip_clean/lib/python3.10/site-packages/transformers/generation/utils.py", line 2597, in generate
    result = self._sample(
  File "/data/armaan/venvs/omnizip_clean/lib/python3.10/site-packages/transformers/generation/utils.py", line 3557, in _sample
    outputs = self(**model_inputs, return_dict=True)
  File "/data/armaan/venvs/omnizip_clean/lib/python3.10/site-packages/torch/nn/modules/module.py", line 1739, in _wrapped_call_impl
    return self._call_impl(*args, **kwargs)
  File "/data/armaan/venvs/omnizip_clean/lib/python3.10/site-packages/torch/nn/modules/module.py", line 1750, in _call_impl
    return forward_call(*args, **kwargs)
  File "/data/armaan/purs/Qwen2.5-Omni/low-VRAM-mode/modeling_qwen2_5_omni_low_VRAM_mode.py", line 2490, in forward
    video_embeds = self.visual(pixel_values_videos, grid_thw=video_grid_thw)
  File "/data/armaan/venvs/omnizip_clean/lib/python3.10/site-packages/torch/nn/modules/module.py", line 1739, in _wrapped_call_impl
    return self._call_impl(*args, **kwargs)
  File "/data/armaan/venvs/omnizip_clean/lib/python3.10/site-packages/torch/nn/modules/module.py", line 1750, in _call_impl
    return forward_call(*args, **kwargs)
  File "/data/armaan/purs/Qwen2.5-Omni/low-VRAM-mode/modeling_qwen2_5_omni_low_VRAM_mode.py", line 1366, in forward
    hidden_states = blk(
  File "/data/armaan/venvs/omnizip_clean/lib/python3.10/site-packages/torch/nn/modules/module.py", line 1739, in _wrapped_call_impl
    return self._call_impl(*args, **kwargs)
  File "/data/armaan/venvs/omnizip_clean/lib/python3.10/site-packages/torch/nn/modules/module.py", line 1750, in _call_impl
    return forward_call(*args, **kwargs)
  File "/data/armaan/purs/Qwen2.5-Omni/low-VRAM-mode/modeling_qwen2_5_omni_low_VRAM_mode.py", line 1155, in forward
    hidden_states = hidden_states + self.attn(
  File "/data/armaan/venvs/omnizip_clean/lib/python3.10/site-packages/torch/nn/modules/module.py", line 1739, in _wrapped_call_impl
    return self._call_impl(*args, **kwargs)
  File "/data/armaan/venvs/omnizip_clean/lib/python3.10/site-packages/torch/nn/modules/module.py", line 1750, in _call_impl
    return forward_call(*args, **kwargs)
  File "/data/armaan/purs/Qwen2.5-Omni/low-VRAM-mode/modeling_qwen2_5_omni_low_VRAM_mode.py", line 1116, in forward
    attn_output = F.scaled_dot_product_attention(q, k, v, attention_mask, dropout_p=0.0)
torch.OutOfMemoryError: CUDA out of memory. Tried to allocate 30.08 GiB. GPU 0 has a total capacity of 47.37 GiB of which 7.71 GiB is free. Including non-PyTorch memory, this process has 39.65 GiB memory in use. Of the allocated memory 38.79 GiB is allocated by PyTorch, and 364.72 MiB is reserved by PyTorch but unallocated. If reserved but unallocated memory is large try setting PYTORCH_CUDA_ALLOC_CONF=expandable_segments:True to avoid fragmentation.  See documentation for Memory Management  (https://pytorch.org/docs/stable/notes/cuda.html#environment-variables)


--- daily-omni/Reasoning ---
Traceback (most recent call last):
  File "/data/armaan/purs/eval_qwen_omni.py", line 843, in main
    pred, reasoning = run_inference(
  File "/data/armaan/purs/eval_qwen_omni.py", line 660, in run_inference
    raw_out = model.generate(**gen_in, **gen_kw)
  File "/data/armaan/venvs/omnizip_clean/lib/python3.10/site-packages/awq/models/base.py", line 134, in generate
    return self.model.generate(*args, **kwargs)
  File "/data/armaan/venvs/omnizip_clean/lib/python3.10/site-packages/torch/utils/_contextlib.py", line 116, in decorate_context
    return func(*args, **kwargs)
  File "/data/armaan/purs/Qwen2.5-Omni/low-VRAM-mode/modeling_qwen2_5_omni_low_VRAM_mode.py", line 4760, in generate
    thinker_result = self.thinker.generate(input_ids=input_ids, **thinker_kwargs)
  File "/data/armaan/venvs/omnizip_clean/lib/python3.10/site-packages/torch/utils/_contextlib.py", line 116, in decorate_context
    return func(*args, **kwargs)
  File "/data/armaan/venvs/omnizip_clean/lib/python3.10/site-packages/transformers/generation/utils.py", line 2597, in generate
    result = self._sample(
  File "/data/armaan/venvs/omnizip_clean/lib/python3.10/site-packages/transformers/generation/utils.py", line 3557, in _sample
    outputs = self(**model_inputs, return_dict=True)
  File "/data/armaan/venvs/omnizip_clean/lib/python3.10/site-packages/torch/nn/modules/module.py", line 1739, in _wrapped_call_impl
    return self._call_impl(*args, **kwargs)
  File "/data/armaan/venvs/omnizip_clean/lib/python3.10/site-packages/torch/nn/modules/module.py", line 1750, in _call_impl
    return forward_call(*args, **kwargs)
  File "/data/armaan/purs/Qwen2.5-Omni/low-VRAM-mode/modeling_qwen2_5_omni_low_VRAM_mode.py", line 2490, in forward
    video_embeds = self.visual(pixel_values_videos, grid_thw=video_grid_thw)
  File "/data/armaan/venvs/omnizip_clean/lib/python3.10/site-packages/torch/nn/modules/module.py", line 1739, in _wrapped_call_impl
    return self._call_impl(*args, **kwargs)
  File "/data/armaan/venvs/omnizip_clean/lib/python3.10/site-packages/torch/nn/modules/module.py", line 1750, in _call_impl
    return forward_call(*args, **kwargs)
  File "/data/armaan/purs/Qwen2.5-Omni/low-VRAM-mode/modeling_qwen2_5_omni_low_VRAM_mode.py", line 1366, in forward
    hidden_states = blk(
  File "/data/armaan/venvs/omnizip_clean/lib/python3.10/site-packages/torch/nn/modules/module.py", line 1739, in _wrapped_call_impl
    return self._call_impl(*args, **kwargs)
  File "/data/armaan/venvs/omnizip_clean/lib/python3.10/site-packages/torch/nn/modules/module.py", line 1750, in _call_impl
    return forward_call(*args, **kwargs)
  File "/data/armaan/purs/Qwen2.5-Omni/low-VRAM-mode/modeling_qwen2_5_omni_low_VRAM_mode.py", line 1155, in forward
    hidden_states = hidden_states + self.attn(
  File "/data/armaan/venvs/omnizip_clean/lib/python3.10/site-packages/torch/nn/modules/module.py", line 1739, in _wrapped_call_impl
    return self._call_impl(*args, **kwargs)
  File "/data/armaan/venvs/omnizip_clean/lib/python3.10/site-packages/torch/nn/modules/module.py", line 1750, in _call_impl
    return forward_call(*args, **kwargs)
  File "/data/armaan/purs/Qwen2.5-Omni/low-VRAM-mode/modeling_qwen2_5_omni_low_VRAM_mode.py", line 1116, in forward
    attn_output = F.scaled_dot_product_attention(q, k, v, attention_mask, dropout_p=0.0)
torch.OutOfMemoryError: CUDA out of memory. Tried to allocate 59.82 GiB. GPU 0 has a total capacity of 47.37 GiB of which 35.90 GiB is free. Including non-PyTorch memory, this process has 11.46 GiB memory in use. Of the allocated memory 10.59 GiB is allocated by PyTorch, and 379.38 MiB is reserved by PyTorch but unallocated. If reserved but unallocated memory is large try setting PYTORCH_CUDA_ALLOC_CONF=expandable_segments:True to avoid fragmentation.  See documentation for Memory Management  (https://pytorch.org/docs/stable/notes/cuda.html#environment-variables)


--- daily-omni/Reasoning ---
Traceback (most recent call last):
  File "/data/armaan/purs/eval_qwen_omni.py", line 843, in main
    pred, reasoning = run_inference(
  File "/data/armaan/purs/eval_qwen_omni.py", line 660, in run_inference
    raw_out = model.generate(**gen_in, **gen_kw)
  File "/data/armaan/venvs/omnizip_clean/lib/python3.10/site-packages/awq/models/base.py", line 134, in generate
    return self.model.generate(*args, **kwargs)
  File "/data/armaan/venvs/omnizip_clean/lib/python3.10/site-packages/torch/utils/_contextlib.py", line 116, in decorate_context
    return func(*args, **kwargs)
  File "/data/armaan/purs/Qwen2.5-Omni/low-VRAM-mode/modeling_qwen2_5_omni_low_VRAM_mode.py", line 4760, in generate
    thinker_result = self.thinker.generate(input_ids=input_ids, **thinker_kwargs)
  File "/data/armaan/venvs/omnizip_clean/lib/python3.10/site-packages/torch/utils/_contextlib.py", line 116, in decorate_context
    return func(*args, **kwargs)
  File "/data/armaan/venvs/omnizip_clean/lib/python3.10/site-packages/transformers/generation/utils.py", line 2597, in generate
    result = self._sample(
  File "/data/armaan/venvs/omnizip_clean/lib/python3.10/site-packages/transformers/generation/utils.py", line 3557, in _sample
    outputs = self(**model_inputs, return_dict=True)
  File "/data/armaan/venvs/omnizip_clean/lib/python3.10/site-packages/torch/nn/modules/module.py", line 1739, in _wrapped_call_impl
    return self._call_impl(*args, **kwargs)
  File "/data/armaan/venvs/omnizip_clean/lib/python3.10/site-packages/torch/nn/modules/module.py", line 1750, in _call_impl
    return forward_call(*args, **kwargs)
  File "/data/armaan/purs/Qwen2.5-Omni/low-VRAM-mode/modeling_qwen2_5_omni_low_VRAM_mode.py", line 2490, in forward
    video_embeds = self.visual(pixel_values_videos, grid_thw=video_grid_thw)
  File "/data/armaan/venvs/omnizip_clean/lib/python3.10/site-packages/torch/nn/modules/module.py", line 1739, in _wrapped_call_impl
    return self._call_impl(*args, **kwargs)
  File "/data/armaan/venvs/omnizip_clean/lib/python3.10/site-packages/torch/nn/modules/module.py", line 1750, in _call_impl
    return forward_call(*args, **kwargs)
  File "/data/armaan/purs/Qwen2.5-Omni/low-VRAM-mode/modeling_qwen2_5_omni_low_VRAM_mode.py", line 1366, in forward
    hidden_states = blk(
  File "/data/armaan/venvs/omnizip_clean/lib/python3.10/site-packages/torch/nn/modules/module.py", line 1739, in _wrapped_call_impl
    return self._call_impl(*args, **kwargs)
  File "/data/armaan/venvs/omnizip_clean/lib/python3.10/site-packages/torch/nn/modules/module.py", line 1750, in _call_impl
    return forward_call(*args, **kwargs)
  File "/data/armaan/purs/Qwen2.5-Omni/low-VRAM-mode/modeling_qwen2_5_omni_low_VRAM_mode.py", line 1155, in forward
    hidden_states = hidden_states + self.attn(
  File "/data/armaan/venvs/omnizip_clean/lib/python3.10/site-packages/torch/nn/modules/module.py", line 1739, in _wrapped_call_impl
    return self._call_impl(*args, **kwargs)
  File "/data/armaan/venvs/omnizip_clean/lib/python3.10/site-packages/torch/nn/modules/module.py", line 1750, in _call_impl
    return forward_call(*args, **kwargs)
  File "/data/armaan/purs/Qwen2.5-Omni/low-VRAM-mode/modeling_qwen2_5_omni_low_VRAM_mode.py", line 1116, in forward
    attn_output = F.scaled_dot_product_attention(q, k, v, attention_mask, dropout_p=0.0)
torch.OutOfMemoryError: CUDA out of memory. Tried to allocate 59.82 GiB. GPU 0 has a total capacity of 47.37 GiB of which 35.90 GiB is free. Including non-PyTorch memory, this process has 11.46 GiB memory in use. Of the allocated memory 10.59 GiB is allocated by PyTorch, and 379.38 MiB is reserved by PyTorch but unallocated. If reserved but unallocated memory is large try setting PYTORCH_CUDA_ALLOC_CONF=expandable_segments:True to avoid fragmentation.  See documentation for Memory Management  (https://pytorch.org/docs/stable/notes/cuda.html#environment-variables)


--- daily-omni/Reasoning ---
Traceback (most recent call last):
  File "/data/armaan/purs/eval_qwen_omni.py", line 843, in main
    pred, reasoning = run_inference(
  File "/data/armaan/purs/eval_qwen_omni.py", line 660, in run_inference
    raw_out = model.generate(**gen_in, **gen_kw)
  File "/data/armaan/venvs/omnizip_clean/lib/python3.10/site-packages/awq/models/base.py", line 134, in generate
    return self.model.generate(*args, **kwargs)
  File "/data/armaan/venvs/omnizip_clean/lib/python3.10/site-packages/torch/utils/_contextlib.py", line 116, in decorate_context
    return func(*args, **kwargs)
  File "/data/armaan/purs/Qwen2.5-Omni/low-VRAM-mode/modeling_qwen2_5_omni_low_VRAM_mode.py", line 4760, in generate
    thinker_result = self.thinker.generate(input_ids=input_ids, **thinker_kwargs)
  File "/data/armaan/venvs/omnizip_clean/lib/python3.10/site-packages/torch/utils/_contextlib.py", line 116, in decorate_context
    return func(*args, **kwargs)
  File "/data/armaan/venvs/omnizip_clean/lib/python3.10/site-packages/transformers/generation/utils.py", line 2597, in generate
    result = self._sample(
  File "/data/armaan/venvs/omnizip_clean/lib/python3.10/site-packages/transformers/generation/utils.py", line 3557, in _sample
    outputs = self(**model_inputs, return_dict=True)
  File "/data/armaan/venvs/omnizip_clean/lib/python3.10/site-packages/torch/nn/modules/module.py", line 1739, in _wrapped_call_impl
    return self._call_impl(*args, **kwargs)
  File "/data/armaan/venvs/omnizip_clean/lib/python3.10/site-packages/torch/nn/modules/module.py", line 1750, in _call_impl
    return forward_call(*args, **kwargs)
  File "/data/armaan/purs/Qwen2.5-Omni/low-VRAM-mode/modeling_qwen2_5_omni_low_VRAM_mode.py", line 2490, in forward
    video_embeds = self.visual(pixel_values_videos, grid_thw=video_grid_thw)
  File "/data/armaan/venvs/omnizip_clean/lib/python3.10/site-packages/torch/nn/modules/module.py", line 1739, in _wrapped_call_impl
    return self._call_impl(*args, **kwargs)
  File "/data/armaan/venvs/omnizip_clean/lib/python3.10/site-packages/torch/nn/modules/module.py", line 1750, in _call_impl
    return forward_call(*args, **kwargs)
  File "/data/armaan/purs/Qwen2.5-Omni/low-VRAM-mode/modeling_qwen2_5_omni_low_VRAM_mode.py", line 1366, in forward
    hidden_states = blk(
  File "/data/armaan/venvs/omnizip_clean/lib/python3.10/site-packages/torch/nn/modules/module.py", line 1739, in _wrapped_call_impl
    return self._call_impl(*args, **kwargs)
  File "/data/armaan/venvs/omnizip_clean/lib/python3.10/site-packages/torch/nn/modules/module.py", line 1750, in _call_impl
    return forward_call(*args, **kwargs)
  File "/data/armaan/purs/Qwen2.5-Omni/low-VRAM-mode/modeling_qwen2_5_omni_low_VRAM_mode.py", line 1155, in forward
    hidden_states = hidden_states + self.attn(
  File "/data/armaan/venvs/omnizip_clean/lib/python3.10/site-packages/torch/nn/modules/module.py", line 1739, in _wrapped_call_impl
    return self._call_impl(*args, **kwargs)
  File "/data/armaan/venvs/omnizip_clean/lib/python3.10/site-packages/torch/nn/modules/module.py", line 1750, in _call_impl
    return forward_call(*args, **kwargs)
  File "/data/armaan/purs/Qwen2.5-Omni/low-VRAM-mode/modeling_qwen2_5_omni_low_VRAM_mode.py", line 1116, in forward
    attn_output = F.scaled_dot_product_attention(q, k, v, attention_mask, dropout_p=0.0)
torch.OutOfMemoryError: CUDA out of memory. Tried to allocate 59.82 GiB. GPU 0 has a total capacity of 47.37 GiB of which 35.87 GiB is free. Including non-PyTorch memory, this process has 11.49 GiB memory in use. Of the allocated memory 10.59 GiB is allocated by PyTorch, and 414.28 MiB is reserved by PyTorch but unallocated. If reserved but unallocated memory is large try setting PYTORCH_CUDA_ALLOC_CONF=expandable_segments:True to avoid fragmentation.  See documentation for Memory Management  (https://pytorch.org/docs/stable/notes/cuda.html#environment-variables)


--- worldsense/Action Counting ---
Traceback (most recent call last):
  File "/data/armaan/purs/eval_qwen_omni.py", line 843, in main
    pred, reasoning = run_inference(
  File "/data/armaan/purs/eval_qwen_omni.py", line 660, in run_inference
    raw_out = model.generate(**gen_in, **gen_kw)
  File "/data/armaan/venvs/omnizip_clean/lib/python3.10/site-packages/awq/models/base.py", line 134, in generate
    return self.model.generate(*args, **kwargs)
  File "/data/armaan/venvs/omnizip_clean/lib/python3.10/site-packages/torch/utils/_contextlib.py", line 116, in decorate_context
    return func(*args, **kwargs)
  File "/data/armaan/purs/Qwen2.5-Omni/low-VRAM-mode/modeling_qwen2_5_omni_low_VRAM_mode.py", line 4760, in generate
    thinker_result = self.thinker.generate(input_ids=input_ids, **thinker_kwargs)
  File "/data/armaan/venvs/omnizip_clean/lib/python3.10/site-packages/torch/utils/_contextlib.py", line 116, in decorate_context
    return func(*args, **kwargs)
  File "/data/armaan/venvs/omnizip_clean/lib/python3.10/site-packages/transformers/generation/utils.py", line 2597, in generate
    result = self._sample(
  File "/data/armaan/venvs/omnizip_clean/lib/python3.10/site-packages/transformers/generation/utils.py", line 3557, in _sample
    outputs = self(**model_inputs, return_dict=True)
  File "/data/armaan/venvs/omnizip_clean/lib/python3.10/site-packages/torch/nn/modules/module.py", line 1739, in _wrapped_call_impl
    return self._call_impl(*args, **kwargs)
  File "/data/armaan/venvs/omnizip_clean/lib/python3.10/site-packages/torch/nn/modules/module.py", line 1750, in _call_impl
    return forward_call(*args, **kwargs)
  File "/data/armaan/purs/Qwen2.5-Omni/low-VRAM-mode/modeling_qwen2_5_omni_low_VRAM_mode.py", line 2490, in forward
    video_embeds = self.visual(pixel_values_videos, grid_thw=video_grid_thw)
  File "/data/armaan/venvs/omnizip_clean/lib/python3.10/site-packages/torch/nn/modules/module.py", line 1739, in _wrapped_call_impl
    return self._call_impl(*args, **kwargs)
  File "/data/armaan/venvs/omnizip_clean/lib/python3.10/site-packages/torch/nn/modules/module.py", line 1750, in _call_impl
    return forward_call(*args, **kwargs)
  File "/data/armaan/purs/Qwen2.5-Omni/low-VRAM-mode/modeling_qwen2_5_omni_low_VRAM_mode.py", line 1366, in forward
    hidden_states = blk(
  File "/data/armaan/venvs/omnizip_clean/lib/python3.10/site-packages/torch/nn/modules/module.py", line 1739, in _wrapped_call_impl
    return self._call_impl(*args, **kwargs)
  File "/data/armaan/venvs/omnizip_clean/lib/python3.10/site-packages/torch/nn/modules/module.py", line 1750, in _call_impl
    return forward_call(*args, **kwargs)
  File "/data/armaan/purs/Qwen2.5-Omni/low-VRAM-mode/modeling_qwen2_5_omni_low_VRAM_mode.py", line 1155, in forward
    hidden_states = hidden_states + self.attn(
  File "/data/armaan/venvs/omnizip_clean/lib/python3.10/site-packages/torch/nn/modules/module.py", line 1739, in _wrapped_call_impl
    return self._call_impl(*args, **kwargs)
  File "/data/armaan/venvs/omnizip_clean/lib/python3.10/site-packages/torch/nn/modules/module.py", line 1750, in _call_impl
    return forward_call(*args, **kwargs)
  File "/data/armaan/purs/Qwen2.5-Omni/low-VRAM-mode/modeling_qwen2_5_omni_low_VRAM_mode.py", line 1116, in forward
    attn_output = F.scaled_dot_product_attention(q, k, v, attention_mask, dropout_p=0.0)
torch.OutOfMemoryError: CUDA out of memory. Tried to allocate 33.24 GiB. GPU 0 has a total capacity of 47.37 GiB of which 4.35 GiB is free. Including non-PyTorch memory, this process has 43.01 GiB memory in use. Of the allocated memory 42.15 GiB is allocated by PyTorch, and 371.94 MiB is reserved by PyTorch but unallocated. If reserved but unallocated memory is large try setting PYTORCH_CUDA_ALLOC_CONF=expandable_segments:True to avoid fragmentation.  See documentation for Memory Management  (https://pytorch.org/docs/stable/notes/cuda.html#environment-variables)


--- worldsense/Action Counting ---
Traceback (most recent call last):
  File "/data/armaan/purs/eval_qwen_omni.py", line 843, in main
    pred, reasoning = run_inference(
  File "/data/armaan/purs/eval_qwen_omni.py", line 660, in run_inference
    raw_out = model.generate(**gen_in, **gen_kw)
  File "/data/armaan/venvs/omnizip_clean/lib/python3.10/site-packages/awq/models/base.py", line 134, in generate
    return self.model.generate(*args, **kwargs)
  File "/data/armaan/venvs/omnizip_clean/lib/python3.10/site-packages/torch/utils/_contextlib.py", line 116, in decorate_context
    return func(*args, **kwargs)
  File "/data/armaan/purs/Qwen2.5-Omni/low-VRAM-mode/modeling_qwen2_5_omni_low_VRAM_mode.py", line 4760, in generate
    thinker_result = self.thinker.generate(input_ids=input_ids, **thinker_kwargs)
  File "/data/armaan/venvs/omnizip_clean/lib/python3.10/site-packages/torch/utils/_contextlib.py", line 116, in decorate_context
    return func(*args, **kwargs)
  File "/data/armaan/venvs/omnizip_clean/lib/python3.10/site-packages/transformers/generation/utils.py", line 2597, in generate
    result = self._sample(
  File "/data/armaan/venvs/omnizip_clean/lib/python3.10/site-packages/transformers/generation/utils.py", line 3557, in _sample
    outputs = self(**model_inputs, return_dict=True)
  File "/data/armaan/venvs/omnizip_clean/lib/python3.10/site-packages/torch/nn/modules/module.py", line 1739, in _wrapped_call_impl
    return self._call_impl(*args, **kwargs)
  File "/data/armaan/venvs/omnizip_clean/lib/python3.10/site-packages/torch/nn/modules/module.py", line 1750, in _call_impl
    return forward_call(*args, **kwargs)
  File "/data/armaan/purs/Qwen2.5-Omni/low-VRAM-mode/modeling_qwen2_5_omni_low_VRAM_mode.py", line 2490, in forward
    video_embeds = self.visual(pixel_values_videos, grid_thw=video_grid_thw)
  File "/data/armaan/venvs/omnizip_clean/lib/python3.10/site-packages/torch/nn/modules/module.py", line 1739, in _wrapped_call_impl
    return self._call_impl(*args, **kwargs)
  File "/data/armaan/venvs/omnizip_clean/lib/python3.10/site-packages/torch/nn/modules/module.py", line 1750, in _call_impl
    return forward_call(*args, **kwargs)
  File "/data/armaan/purs/Qwen2.5-Omni/low-VRAM-mode/modeling_qwen2_5_omni_low_VRAM_mode.py", line 1366, in forward
    hidden_states = blk(
  File "/data/armaan/venvs/omnizip_clean/lib/python3.10/site-packages/torch/nn/modules/module.py", line 1739, in _wrapped_call_impl
    return self._call_impl(*args, **kwargs)
  File "/data/armaan/venvs/omnizip_clean/lib/python3.10/site-packages/torch/nn/modules/module.py", line 1750, in _call_impl
    return forward_call(*args, **kwargs)
  File "/data/armaan/purs/Qwen2.5-Omni/low-VRAM-mode/modeling_qwen2_5_omni_low_VRAM_mode.py", line 1155, in forward
    hidden_states = hidden_states + self.attn(
  File "/data/armaan/venvs/omnizip_clean/lib/python3.10/site-packages/torch/nn/modules/module.py", line 1739, in _wrapped_call_impl
    return self._call_impl(*args, **kwargs)
  File "/data/armaan/venvs/omnizip_clean/lib/python3.10/site-packages/torch/nn/modules/module.py", line 1750, in _call_impl
    return forward_call(*args, **kwargs)
  File "/data/armaan/purs/Qwen2.5-Omni/low-VRAM-mode/modeling_qwen2_5_omni_low_VRAM_mode.py", line 1116, in forward
    attn_output = F.scaled_dot_product_attention(q, k, v, attention_mask, dropout_p=0.0)
torch.OutOfMemoryError: CUDA out of memory. Tried to allocate 33.24 GiB. GPU 0 has a total capacity of 47.37 GiB of which 4.36 GiB is free. Including non-PyTorch memory, this process has 43.01 GiB memory in use. Of the allocated memory 42.15 GiB is allocated by PyTorch, and 364.10 MiB is reserved by PyTorch but unallocated. If reserved but unallocated memory is large try setting PYTORCH_CUDA_ALLOC_CONF=expandable_segments:True to avoid fragmentation.  See documentation for Memory Management  (https://pytorch.org/docs/stable/notes/cuda.html#environment-variables)


--- worldsense/Action Counting ---
Traceback (most recent call last):
  File "/data/armaan/purs/eval_qwen_omni.py", line 843, in main
    pred, reasoning = run_inference(
  File "/data/armaan/purs/eval_qwen_omni.py", line 660, in run_inference
    raw_out = model.generate(**gen_in, **gen_kw)
  File "/data/armaan/venvs/omnizip_clean/lib/python3.10/site-packages/awq/models/base.py", line 134, in generate
    return self.model.generate(*args, **kwargs)
  File "/data/armaan/venvs/omnizip_clean/lib/python3.10/site-packages/torch/utils/_contextlib.py", line 116, in decorate_context
    return func(*args, **kwargs)
  File "/data/armaan/purs/Qwen2.5-Omni/low-VRAM-mode/modeling_qwen2_5_omni_low_VRAM_mode.py", line 4760, in generate
    thinker_result = self.thinker.generate(input_ids=input_ids, **thinker_kwargs)
  File "/data/armaan/venvs/omnizip_clean/lib/python3.10/site-packages/torch/utils/_contextlib.py", line 116, in decorate_context
    return func(*args, **kwargs)
  File "/data/armaan/venvs/omnizip_clean/lib/python3.10/site-packages/transformers/generation/utils.py", line 2597, in generate
    result = self._sample(
  File "/data/armaan/venvs/omnizip_clean/lib/python3.10/site-packages/transformers/generation/utils.py", line 3557, in _sample
    outputs = self(**model_inputs, return_dict=True)
  File "/data/armaan/venvs/omnizip_clean/lib/python3.10/site-packages/torch/nn/modules/module.py", line 1739, in _wrapped_call_impl
    return self._call_impl(*args, **kwargs)
  File "/data/armaan/venvs/omnizip_clean/lib/python3.10/site-packages/torch/nn/modules/module.py", line 1750, in _call_impl
    return forward_call(*args, **kwargs)
  File "/data/armaan/purs/Qwen2.5-Omni/low-VRAM-mode/modeling_qwen2_5_omni_low_VRAM_mode.py", line 2490, in forward
    video_embeds = self.visual(pixel_values_videos, grid_thw=video_grid_thw)
  File "/data/armaan/venvs/omnizip_clean/lib/python3.10/site-packages/torch/nn/modules/module.py", line 1739, in _wrapped_call_impl
    return self._call_impl(*args, **kwargs)
  File "/data/armaan/venvs/omnizip_clean/lib/python3.10/site-packages/torch/nn/modules/module.py", line 1750, in _call_impl
    return forward_call(*args, **kwargs)
  File "/data/armaan/purs/Qwen2.5-Omni/low-VRAM-mode/modeling_qwen2_5_omni_low_VRAM_mode.py", line 1366, in forward
    hidden_states = blk(
  File "/data/armaan/venvs/omnizip_clean/lib/python3.10/site-packages/torch/nn/modules/module.py", line 1739, in _wrapped_call_impl
    return self._call_impl(*args, **kwargs)
  File "/data/armaan/venvs/omnizip_clean/lib/python3.10/site-packages/torch/nn/modules/module.py", line 1750, in _call_impl
    return forward_call(*args, **kwargs)
  File "/data/armaan/purs/Qwen2.5-Omni/low-VRAM-mode/modeling_qwen2_5_omni_low_VRAM_mode.py", line 1155, in forward
    hidden_states = hidden_states + self.attn(
  File "/data/armaan/venvs/omnizip_clean/lib/python3.10/site-packages/torch/nn/modules/module.py", line 1739, in _wrapped_call_impl
    return self._call_impl(*args, **kwargs)
  File "/data/armaan/venvs/omnizip_clean/lib/python3.10/site-packages/torch/nn/modules/module.py", line 1750, in _call_impl
    return forward_call(*args, **kwargs)
  File "/data/armaan/purs/Qwen2.5-Omni/low-VRAM-mode/modeling_qwen2_5_omni_low_VRAM_mode.py", line 1116, in forward
    attn_output = F.scaled_dot_product_attention(q, k, v, attention_mask, dropout_p=0.0)
torch.OutOfMemoryError: CUDA out of memory. Tried to allocate 33.24 GiB. GPU 0 has a total capacity of 47.37 GiB of which 4.36 GiB is free. Including non-PyTorch memory, this process has 43.01 GiB memory in use. Of the allocated memory 42.15 GiB is allocated by PyTorch, and 364.44 MiB is reserved by PyTorch but unallocated. If reserved but unallocated memory is large try setting PYTORCH_CUDA_ALLOC_CONF=expandable_segments:True to avoid fragmentation.  See documentation for Memory Management  (https://pytorch.org/docs/stable/notes/cuda.html#environment-variables)


--- worldsense/Anomaly Recognition ---
Traceback (most recent call last):
  File "/data/armaan/purs/eval_qwen_omni.py", line 843, in main
    pred, reasoning = run_inference(
  File "/data/armaan/purs/eval_qwen_omni.py", line 660, in run_inference
    raw_out = model.generate(**gen_in, **gen_kw)
  File "/data/armaan/venvs/omnizip_clean/lib/python3.10/site-packages/awq/models/base.py", line 134, in generate
    return self.model.generate(*args, **kwargs)
  File "/data/armaan/venvs/omnizip_clean/lib/python3.10/site-packages/torch/utils/_contextlib.py", line 116, in decorate_context
    return func(*args, **kwargs)
  File "/data/armaan/purs/Qwen2.5-Omni/low-VRAM-mode/modeling_qwen2_5_omni_low_VRAM_mode.py", line 4760, in generate
    thinker_result = self.thinker.generate(input_ids=input_ids, **thinker_kwargs)
  File "/data/armaan/venvs/omnizip_clean/lib/python3.10/site-packages/torch/utils/_contextlib.py", line 116, in decorate_context
    return func(*args, **kwargs)
  File "/data/armaan/venvs/omnizip_clean/lib/python3.10/site-packages/transformers/generation/utils.py", line 2597, in generate
    result = self._sample(
  File "/data/armaan/venvs/omnizip_clean/lib/python3.10/site-packages/transformers/generation/utils.py", line 3557, in _sample
    outputs = self(**model_inputs, return_dict=True)
  File "/data/armaan/venvs/omnizip_clean/lib/python3.10/site-packages/torch/nn/modules/module.py", line 1739, in _wrapped_call_impl
    return self._call_impl(*args, **kwargs)
  File "/data/armaan/venvs/omnizip_clean/lib/python3.10/site-packages/torch/nn/modules/module.py", line 1750, in _call_impl
    return forward_call(*args, **kwargs)
  File "/data/armaan/purs/Qwen2.5-Omni/low-VRAM-mode/modeling_qwen2_5_omni_low_VRAM_mode.py", line 2490, in forward
    video_embeds = self.visual(pixel_values_videos, grid_thw=video_grid_thw)
  File "/data/armaan/venvs/omnizip_clean/lib/python3.10/site-packages/torch/nn/modules/module.py", line 1739, in _wrapped_call_impl
    return self._call_impl(*args, **kwargs)
  File "/data/armaan/venvs/omnizip_clean/lib/python3.10/site-packages/torch/nn/modules/module.py", line 1750, in _call_impl
    return forward_call(*args, **kwargs)
  File "/data/armaan/purs/Qwen2.5-Omni/low-VRAM-mode/modeling_qwen2_5_omni_low_VRAM_mode.py", line 1366, in forward
    hidden_states = blk(
  File "/data/armaan/venvs/omnizip_clean/lib/python3.10/site-packages/torch/nn/modules/module.py", line 1739, in _wrapped_call_impl
    return self._call_impl(*args, **kwargs)
  File "/data/armaan/venvs/omnizip_clean/lib/python3.10/site-packages/torch/nn/modules/module.py", line 1750, in _call_impl
    return forward_call(*args, **kwargs)
  File "/data/armaan/purs/Qwen2.5-Omni/low-VRAM-mode/modeling_qwen2_5_omni_low_VRAM_mode.py", line 1155, in forward
    hidden_states = hidden_states + self.attn(
  File "/data/armaan/venvs/omnizip_clean/lib/python3.10/site-packages/torch/nn/modules/module.py", line 1739, in _wrapped_call_impl
    return self._call_impl(*args, **kwargs)
  File "/data/armaan/venvs/omnizip_clean/lib/python3.10/site-packages/torch/nn/modules/module.py", line 1750, in _call_impl
    return forward_call(*args, **kwargs)
  File "/data/armaan/purs/Qwen2.5-Omni/low-VRAM-mode/modeling_qwen2_5_omni_low_VRAM_mode.py", line 1116, in forward
    attn_output = F.scaled_dot_product_attention(q, k, v, attention_mask, dropout_p=0.0)
torch.OutOfMemoryError: CUDA out of memory. Tried to allocate 28.56 GiB. GPU 0 has a total capacity of 47.37 GiB of which 9.33 GiB is free. Including non-PyTorch memory, this process has 38.03 GiB memory in use. Of the allocated memory 37.18 GiB is allocated by PyTorch, and 360.56 MiB is reserved by PyTorch but unallocated. If reserved but unallocated memory is large try setting PYTORCH_CUDA_ALLOC_CONF=expandable_segments:True to avoid fragmentation.  See documentation for Memory Management  (https://pytorch.org/docs/stable/notes/cuda.html#environment-variables)


--- worldsense/Anomaly Recognition ---
Traceback (most recent call last):
  File "/data/armaan/purs/eval_qwen_omni.py", line 843, in main
    pred, reasoning = run_inference(
  File "/data/armaan/purs/eval_qwen_omni.py", line 660, in run_inference
    raw_out = model.generate(**gen_in, **gen_kw)
  File "/data/armaan/venvs/omnizip_clean/lib/python3.10/site-packages/awq/models/base.py", line 134, in generate
    return self.model.generate(*args, **kwargs)
  File "/data/armaan/venvs/omnizip_clean/lib/python3.10/site-packages/torch/utils/_contextlib.py", line 116, in decorate_context
    return func(*args, **kwargs)
  File "/data/armaan/purs/Qwen2.5-Omni/low-VRAM-mode/modeling_qwen2_5_omni_low_VRAM_mode.py", line 4760, in generate
    thinker_result = self.thinker.generate(input_ids=input_ids, **thinker_kwargs)
  File "/data/armaan/venvs/omnizip_clean/lib/python3.10/site-packages/torch/utils/_contextlib.py", line 116, in decorate_context
    return func(*args, **kwargs)
  File "/data/armaan/venvs/omnizip_clean/lib/python3.10/site-packages/transformers/generation/utils.py", line 2597, in generate
    result = self._sample(
  File "/data/armaan/venvs/omnizip_clean/lib/python3.10/site-packages/transformers/generation/utils.py", line 3557, in _sample
    outputs = self(**model_inputs, return_dict=True)
  File "/data/armaan/venvs/omnizip_clean/lib/python3.10/site-packages/torch/nn/modules/module.py", line 1739, in _wrapped_call_impl
    return self._call_impl(*args, **kwargs)
  File "/data/armaan/venvs/omnizip_clean/lib/python3.10/site-packages/torch/nn/modules/module.py", line 1750, in _call_impl
    return forward_call(*args, **kwargs)
  File "/data/armaan/purs/Qwen2.5-Omni/low-VRAM-mode/modeling_qwen2_5_omni_low_VRAM_mode.py", line 2490, in forward
    video_embeds = self.visual(pixel_values_videos, grid_thw=video_grid_thw)
  File "/data/armaan/venvs/omnizip_clean/lib/python3.10/site-packages/torch/nn/modules/module.py", line 1739, in _wrapped_call_impl
    return self._call_impl(*args, **kwargs)
  File "/data/armaan/venvs/omnizip_clean/lib/python3.10/site-packages/torch/nn/modules/module.py", line 1750, in _call_impl
    return forward_call(*args, **kwargs)
  File "/data/armaan/purs/Qwen2.5-Omni/low-VRAM-mode/modeling_qwen2_5_omni_low_VRAM_mode.py", line 1366, in forward
    hidden_states = blk(
  File "/data/armaan/venvs/omnizip_clean/lib/python3.10/site-packages/torch/nn/modules/module.py", line 1739, in _wrapped_call_impl
    return self._call_impl(*args, **kwargs)
  File "/data/armaan/venvs/omnizip_clean/lib/python3.10/site-packages/torch/nn/modules/module.py", line 1750, in _call_impl
    return forward_call(*args, **kwargs)
  File "/data/armaan/purs/Qwen2.5-Omni/low-VRAM-mode/modeling_qwen2_5_omni_low_VRAM_mode.py", line 1155, in forward
    hidden_states = hidden_states + self.attn(
  File "/data/armaan/venvs/omnizip_clean/lib/python3.10/site-packages/torch/nn/modules/module.py", line 1739, in _wrapped_call_impl
    return self._call_impl(*args, **kwargs)
  File "/data/armaan/venvs/omnizip_clean/lib/python3.10/site-packages/torch/nn/modules/module.py", line 1750, in _call_impl
    return forward_call(*args, **kwargs)
  File "/data/armaan/purs/Qwen2.5-Omni/low-VRAM-mode/modeling_qwen2_5_omni_low_VRAM_mode.py", line 1116, in forward
    attn_output = F.scaled_dot_product_attention(q, k, v, attention_mask, dropout_p=0.0)
torch.OutOfMemoryError: CUDA out of memory. Tried to allocate 28.56 GiB. GPU 0 has a total capacity of 47.37 GiB of which 9.34 GiB is free. Including non-PyTorch memory, this process has 38.03 GiB memory in use. Of the allocated memory 37.18 GiB is allocated by PyTorch, and 357.02 MiB is reserved by PyTorch but unallocated. If reserved but unallocated memory is large try setting PYTORCH_CUDA_ALLOC_CONF=expandable_segments:True to avoid fragmentation.  See documentation for Memory Management  (https://pytorch.org/docs/stable/notes/cuda.html#environment-variables)


--- worldsense/Anomaly Recognition ---
Traceback (most recent call last):
  File "/data/armaan/purs/eval_qwen_omni.py", line 843, in main
    pred, reasoning = run_inference(
  File "/data/armaan/purs/eval_qwen_omni.py", line 660, in run_inference
    raw_out = model.generate(**gen_in, **gen_kw)
  File "/data/armaan/venvs/omnizip_clean/lib/python3.10/site-packages/awq/models/base.py", line 134, in generate
    return self.model.generate(*args, **kwargs)
  File "/data/armaan/venvs/omnizip_clean/lib/python3.10/site-packages/torch/utils/_contextlib.py", line 116, in decorate_context
    return func(*args, **kwargs)
  File "/data/armaan/purs/Qwen2.5-Omni/low-VRAM-mode/modeling_qwen2_5_omni_low_VRAM_mode.py", line 4760, in generate
    thinker_result = self.thinker.generate(input_ids=input_ids, **thinker_kwargs)
  File "/data/armaan/venvs/omnizip_clean/lib/python3.10/site-packages/torch/utils/_contextlib.py", line 116, in decorate_context
    return func(*args, **kwargs)
  File "/data/armaan/venvs/omnizip_clean/lib/python3.10/site-packages/transformers/generation/utils.py", line 2597, in generate
    result = self._sample(
  File "/data/armaan/venvs/omnizip_clean/lib/python3.10/site-packages/transformers/generation/utils.py", line 3557, in _sample
    outputs = self(**model_inputs, return_dict=True)
  File "/data/armaan/venvs/omnizip_clean/lib/python3.10/site-packages/torch/nn/modules/module.py", line 1739, in _wrapped_call_impl
    return self._call_impl(*args, **kwargs)
  File "/data/armaan/venvs/omnizip_clean/lib/python3.10/site-packages/torch/nn/modules/module.py", line 1750, in _call_impl
    return forward_call(*args, **kwargs)
  File "/data/armaan/purs/Qwen2.5-Omni/low-VRAM-mode/modeling_qwen2_5_omni_low_VRAM_mode.py", line 2490, in forward
    video_embeds = self.visual(pixel_values_videos, grid_thw=video_grid_thw)
  File "/data/armaan/venvs/omnizip_clean/lib/python3.10/site-packages/torch/nn/modules/module.py", line 1739, in _wrapped_call_impl
    return self._call_impl(*args, **kwargs)
  File "/data/armaan/venvs/omnizip_clean/lib/python3.10/site-packages/torch/nn/modules/module.py", line 1750, in _call_impl
    return forward_call(*args, **kwargs)
  File "/data/armaan/purs/Qwen2.5-Omni/low-VRAM-mode/modeling_qwen2_5_omni_low_VRAM_mode.py", line 1366, in forward
    hidden_states = blk(
  File "/data/armaan/venvs/omnizip_clean/lib/python3.10/site-packages/torch/nn/modules/module.py", line 1739, in _wrapped_call_impl
    return self._call_impl(*args, **kwargs)
  File "/data/armaan/venvs/omnizip_clean/lib/python3.10/site-packages/torch/nn/modules/module.py", line 1750, in _call_impl
    return forward_call(*args, **kwargs)
  File "/data/armaan/purs/Qwen2.5-Omni/low-VRAM-mode/modeling_qwen2_5_omni_low_VRAM_mode.py", line 1155, in forward
    hidden_states = hidden_states + self.attn(
  File "/data/armaan/venvs/omnizip_clean/lib/python3.10/site-packages/torch/nn/modules/module.py", line 1739, in _wrapped_call_impl
    return self._call_impl(*args, **kwargs)
  File "/data/armaan/venvs/omnizip_clean/lib/python3.10/site-packages/torch/nn/modules/module.py", line 1750, in _call_impl
    return forward_call(*args, **kwargs)
  File "/data/armaan/purs/Qwen2.5-Omni/low-VRAM-mode/modeling_qwen2_5_omni_low_VRAM_mode.py", line 1116, in forward
    attn_output = F.scaled_dot_product_attention(q, k, v, attention_mask, dropout_p=0.0)
torch.OutOfMemoryError: CUDA out of memory. Tried to allocate 28.56 GiB. GPU 0 has a total capacity of 47.37 GiB of which 9.34 GiB is free. Including non-PyTorch memory, this process has 38.03 GiB memory in use. Of the allocated memory 37.18 GiB is allocated by PyTorch, and 357.19 MiB is reserved by PyTorch but unallocated. If reserved but unallocated memory is large try setting PYTORCH_CUDA_ALLOC_CONF=expandable_segments:True to avoid fragmentation.  See documentation for Memory Management  (https://pytorch.org/docs/stable/notes/cuda.html#environment-variables)


--- worldsense/Attribute Recognition ---
Traceback (most recent call last):
  File "/data/armaan/purs/eval_qwen_omni.py", line 843, in main
    pred, reasoning = run_inference(
  File "/data/armaan/purs/eval_qwen_omni.py", line 660, in run_inference
    raw_out = model.generate(**gen_in, **gen_kw)
  File "/data/armaan/venvs/omnizip_clean/lib/python3.10/site-packages/awq/models/base.py", line 134, in generate
    return self.model.generate(*args, **kwargs)
  File "/data/armaan/venvs/omnizip_clean/lib/python3.10/site-packages/torch/utils/_contextlib.py", line 116, in decorate_context
    return func(*args, **kwargs)
  File "/data/armaan/purs/Qwen2.5-Omni/low-VRAM-mode/modeling_qwen2_5_omni_low_VRAM_mode.py", line 4760, in generate
    thinker_result = self.thinker.generate(input_ids=input_ids, **thinker_kwargs)
  File "/data/armaan/venvs/omnizip_clean/lib/python3.10/site-packages/torch/utils/_contextlib.py", line 116, in decorate_context
    return func(*args, **kwargs)
  File "/data/armaan/venvs/omnizip_clean/lib/python3.10/site-packages/transformers/generation/utils.py", line 2597, in generate
    result = self._sample(
  File "/data/armaan/venvs/omnizip_clean/lib/python3.10/site-packages/transformers/generation/utils.py", line 3557, in _sample
    outputs = self(**model_inputs, return_dict=True)
  File "/data/armaan/venvs/omnizip_clean/lib/python3.10/site-packages/torch/nn/modules/module.py", line 1739, in _wrapped_call_impl
    return self._call_impl(*args, **kwargs)
  File "/data/armaan/venvs/omnizip_clean/lib/python3.10/site-packages/torch/nn/modules/module.py", line 1750, in _call_impl
    return forward_call(*args, **kwargs)
  File "/data/armaan/purs/Qwen2.5-Omni/low-VRAM-mode/modeling_qwen2_5_omni_low_VRAM_mode.py", line 2490, in forward
    video_embeds = self.visual(pixel_values_videos, grid_thw=video_grid_thw)
  File "/data/armaan/venvs/omnizip_clean/lib/python3.10/site-packages/torch/nn/modules/module.py", line 1739, in _wrapped_call_impl
    return self._call_impl(*args, **kwargs)
  File "/data/armaan/venvs/omnizip_clean/lib/python3.10/site-packages/torch/nn/modules/module.py", line 1750, in _call_impl
    return forward_call(*args, **kwargs)
  File "/data/armaan/purs/Qwen2.5-Omni/low-VRAM-mode/modeling_qwen2_5_omni_low_VRAM_mode.py", line 1366, in forward
    hidden_states = blk(
  File "/data/armaan/venvs/omnizip_clean/lib/python3.10/site-packages/torch/nn/modules/module.py", line 1739, in _wrapped_call_impl
    return self._call_impl(*args, **kwargs)
  File "/data/armaan/venvs/omnizip_clean/lib/python3.10/site-packages/torch/nn/modules/module.py", line 1750, in _call_impl
    return forward_call(*args, **kwargs)
  File "/data/armaan/purs/Qwen2.5-Omni/low-VRAM-mode/modeling_qwen2_5_omni_low_VRAM_mode.py", line 1155, in forward
    hidden_states = hidden_states + self.attn(
  File "/data/armaan/venvs/omnizip_clean/lib/python3.10/site-packages/torch/nn/modules/module.py", line 1739, in _wrapped_call_impl
    return self._call_impl(*args, **kwargs)
  File "/data/armaan/venvs/omnizip_clean/lib/python3.10/site-packages/torch/nn/modules/module.py", line 1750, in _call_impl
    return forward_call(*args, **kwargs)
  File "/data/armaan/purs/Qwen2.5-Omni/low-VRAM-mode/modeling_qwen2_5_omni_low_VRAM_mode.py", line 1116, in forward
    attn_output = F.scaled_dot_product_attention(q, k, v, attention_mask, dropout_p=0.0)
torch.OutOfMemoryError: CUDA out of memory. Tried to allocate 34.88 GiB. GPU 0 has a total capacity of 47.37 GiB of which 2.62 GiB is free. Including non-PyTorch memory, this process has 44.75 GiB memory in use. Of the allocated memory 43.88 GiB is allocated by PyTorch, and 368.93 MiB is reserved by PyTorch but unallocated. If reserved but unallocated memory is large try setting PYTORCH_CUDA_ALLOC_CONF=expandable_segments:True to avoid fragmentation.  See documentation for Memory Management  (https://pytorch.org/docs/stable/notes/cuda.html#environment-variables)


--- worldsense/Attribute Recognition ---
Traceback (most recent call last):
  File "/data/armaan/purs/eval_qwen_omni.py", line 843, in main
    pred, reasoning = run_inference(
  File "/data/armaan/purs/eval_qwen_omni.py", line 660, in run_inference
    raw_out = model.generate(**gen_in, **gen_kw)
  File "/data/armaan/venvs/omnizip_clean/lib/python3.10/site-packages/awq/models/base.py", line 134, in generate
    return self.model.generate(*args, **kwargs)
  File "/data/armaan/venvs/omnizip_clean/lib/python3.10/site-packages/torch/utils/_contextlib.py", line 116, in decorate_context
    return func(*args, **kwargs)
  File "/data/armaan/purs/Qwen2.5-Omni/low-VRAM-mode/modeling_qwen2_5_omni_low_VRAM_mode.py", line 4760, in generate
    thinker_result = self.thinker.generate(input_ids=input_ids, **thinker_kwargs)
  File "/data/armaan/venvs/omnizip_clean/lib/python3.10/site-packages/torch/utils/_contextlib.py", line 116, in decorate_context
    return func(*args, **kwargs)
  File "/data/armaan/venvs/omnizip_clean/lib/python3.10/site-packages/transformers/generation/utils.py", line 2597, in generate
    result = self._sample(
  File "/data/armaan/venvs/omnizip_clean/lib/python3.10/site-packages/transformers/generation/utils.py", line 3557, in _sample
    outputs = self(**model_inputs, return_dict=True)
  File "/data/armaan/venvs/omnizip_clean/lib/python3.10/site-packages/torch/nn/modules/module.py", line 1739, in _wrapped_call_impl
    return self._call_impl(*args, **kwargs)
  File "/data/armaan/venvs/omnizip_clean/lib/python3.10/site-packages/torch/nn/modules/module.py", line 1750, in _call_impl
    return forward_call(*args, **kwargs)
  File "/data/armaan/purs/Qwen2.5-Omni/low-VRAM-mode/modeling_qwen2_5_omni_low_VRAM_mode.py", line 2490, in forward
    video_embeds = self.visual(pixel_values_videos, grid_thw=video_grid_thw)
  File "/data/armaan/venvs/omnizip_clean/lib/python3.10/site-packages/torch/nn/modules/module.py", line 1739, in _wrapped_call_impl
    return self._call_impl(*args, **kwargs)
  File "/data/armaan/venvs/omnizip_clean/lib/python3.10/site-packages/torch/nn/modules/module.py", line 1750, in _call_impl
    return forward_call(*args, **kwargs)
  File "/data/armaan/purs/Qwen2.5-Omni/low-VRAM-mode/modeling_qwen2_5_omni_low_VRAM_mode.py", line 1366, in forward
    hidden_states = blk(
  File "/data/armaan/venvs/omnizip_clean/lib/python3.10/site-packages/torch/nn/modules/module.py", line 1739, in _wrapped_call_impl
    return self._call_impl(*args, **kwargs)
  File "/data/armaan/venvs/omnizip_clean/lib/python3.10/site-packages/torch/nn/modules/module.py", line 1750, in _call_impl
    return forward_call(*args, **kwargs)
  File "/data/armaan/purs/Qwen2.5-Omni/low-VRAM-mode/modeling_qwen2_5_omni_low_VRAM_mode.py", line 1155, in forward
    hidden_states = hidden_states + self.attn(
  File "/data/armaan/venvs/omnizip_clean/lib/python3.10/site-packages/torch/nn/modules/module.py", line 1739, in _wrapped_call_impl
    return self._call_impl(*args, **kwargs)
  File "/data/armaan/venvs/omnizip_clean/lib/python3.10/site-packages/torch/nn/modules/module.py", line 1750, in _call_impl
    return forward_call(*args, **kwargs)
  File "/data/armaan/purs/Qwen2.5-Omni/low-VRAM-mode/modeling_qwen2_5_omni_low_VRAM_mode.py", line 1116, in forward
    attn_output = F.scaled_dot_product_attention(q, k, v, attention_mask, dropout_p=0.0)
torch.OutOfMemoryError: CUDA out of memory. Tried to allocate 34.88 GiB. GPU 0 has a total capacity of 47.37 GiB of which 2.62 GiB is free. Including non-PyTorch memory, this process has 44.75 GiB memory in use. Of the allocated memory 43.88 GiB is allocated by PyTorch, and 368.56 MiB is reserved by PyTorch but unallocated. If reserved but unallocated memory is large try setting PYTORCH_CUDA_ALLOC_CONF=expandable_segments:True to avoid fragmentation.  See documentation for Memory Management  (https://pytorch.org/docs/stable/notes/cuda.html#environment-variables)


--- worldsense/Attribute Recognition ---
Traceback (most recent call last):
  File "/data/armaan/purs/eval_qwen_omni.py", line 843, in main
    pred, reasoning = run_inference(
  File "/data/armaan/purs/eval_qwen_omni.py", line 660, in run_inference
    raw_out = model.generate(**gen_in, **gen_kw)
  File "/data/armaan/venvs/omnizip_clean/lib/python3.10/site-packages/awq/models/base.py", line 134, in generate
    return self.model.generate(*args, **kwargs)
  File "/data/armaan/venvs/omnizip_clean/lib/python3.10/site-packages/torch/utils/_contextlib.py", line 116, in decorate_context
    return func(*args, **kwargs)
  File "/data/armaan/purs/Qwen2.5-Omni/low-VRAM-mode/modeling_qwen2_5_omni_low_VRAM_mode.py", line 4760, in generate
    thinker_result = self.thinker.generate(input_ids=input_ids, **thinker_kwargs)
  File "/data/armaan/venvs/omnizip_clean/lib/python3.10/site-packages/torch/utils/_contextlib.py", line 116, in decorate_context
    return func(*args, **kwargs)
  File "/data/armaan/venvs/omnizip_clean/lib/python3.10/site-packages/transformers/generation/utils.py", line 2597, in generate
    result = self._sample(
  File "/data/armaan/venvs/omnizip_clean/lib/python3.10/site-packages/transformers/generation/utils.py", line 3557, in _sample
    outputs = self(**model_inputs, return_dict=True)
  File "/data/armaan/venvs/omnizip_clean/lib/python3.10/site-packages/torch/nn/modules/module.py", line 1739, in _wrapped_call_impl
    return self._call_impl(*args, **kwargs)
  File "/data/armaan/venvs/omnizip_clean/lib/python3.10/site-packages/torch/nn/modules/module.py", line 1750, in _call_impl
    return forward_call(*args, **kwargs)
  File "/data/armaan/purs/Qwen2.5-Omni/low-VRAM-mode/modeling_qwen2_5_omni_low_VRAM_mode.py", line 2490, in forward
    video_embeds = self.visual(pixel_values_videos, grid_thw=video_grid_thw)
  File "/data/armaan/venvs/omnizip_clean/lib/python3.10/site-packages/torch/nn/modules/module.py", line 1739, in _wrapped_call_impl
    return self._call_impl(*args, **kwargs)
  File "/data/armaan/venvs/omnizip_clean/lib/python3.10/site-packages/torch/nn/modules/module.py", line 1750, in _call_impl
    return forward_call(*args, **kwargs)
  File "/data/armaan/purs/Qwen2.5-Omni/low-VRAM-mode/modeling_qwen2_5_omni_low_VRAM_mode.py", line 1366, in forward
    hidden_states = blk(
  File "/data/armaan/venvs/omnizip_clean/lib/python3.10/site-packages/torch/nn/modules/module.py", line 1739, in _wrapped_call_impl
    return self._call_impl(*args, **kwargs)
  File "/data/armaan/venvs/omnizip_clean/lib/python3.10/site-packages/torch/nn/modules/module.py", line 1750, in _call_impl
    return forward_call(*args, **kwargs)
  File "/data/armaan/purs/Qwen2.5-Omni/low-VRAM-mode/modeling_qwen2_5_omni_low_VRAM_mode.py", line 1155, in forward
    hidden_states = hidden_states + self.attn(
  File "/data/armaan/venvs/omnizip_clean/lib/python3.10/site-packages/torch/nn/modules/module.py", line 1739, in _wrapped_call_impl
    return self._call_impl(*args, **kwargs)
  File "/data/armaan/venvs/omnizip_clean/lib/python3.10/site-packages/torch/nn/modules/module.py", line 1750, in _call_impl
    return forward_call(*args, **kwargs)
  File "/data/armaan/purs/Qwen2.5-Omni/low-VRAM-mode/modeling_qwen2_5_omni_low_VRAM_mode.py", line 1116, in forward
    attn_output = F.scaled_dot_product_attention(q, k, v, attention_mask, dropout_p=0.0)
torch.OutOfMemoryError: CUDA out of memory. Tried to allocate 34.88 GiB. GPU 0 has a total capacity of 47.37 GiB of which 2.62 GiB is free. Including non-PyTorch memory, this process has 44.75 GiB memory in use. Of the allocated memory 43.88 GiB is allocated by PyTorch, and 368.78 MiB is reserved by PyTorch but unallocated. If reserved but unallocated memory is large try setting PYTORCH_CUDA_ALLOC_CONF=expandable_segments:True to avoid fragmentation.  See documentation for Memory Management  (https://pytorch.org/docs/stable/notes/cuda.html#environment-variables)


--- worldsense/Attribute Recognition ---
Traceback (most recent call last):
  File "/data/armaan/purs/eval_qwen_omni.py", line 843, in main
    pred, reasoning = run_inference(
  File "/data/armaan/purs/eval_qwen_omni.py", line 660, in run_inference
    raw_out = model.generate(**gen_in, **gen_kw)
  File "/data/armaan/venvs/omnizip_clean/lib/python3.10/site-packages/awq/models/base.py", line 134, in generate
    return self.model.generate(*args, **kwargs)
  File "/data/armaan/venvs/omnizip_clean/lib/python3.10/site-packages/torch/utils/_contextlib.py", line 116, in decorate_context
    return func(*args, **kwargs)
  File "/data/armaan/purs/Qwen2.5-Omni/low-VRAM-mode/modeling_qwen2_5_omni_low_VRAM_mode.py", line 4760, in generate
    thinker_result = self.thinker.generate(input_ids=input_ids, **thinker_kwargs)
  File "/data/armaan/venvs/omnizip_clean/lib/python3.10/site-packages/torch/utils/_contextlib.py", line 116, in decorate_context
    return func(*args, **kwargs)
  File "/data/armaan/venvs/omnizip_clean/lib/python3.10/site-packages/transformers/generation/utils.py", line 2597, in generate
    result = self._sample(
  File "/data/armaan/venvs/omnizip_clean/lib/python3.10/site-packages/transformers/generation/utils.py", line 3557, in _sample
    outputs = self(**model_inputs, return_dict=True)
  File "/data/armaan/venvs/omnizip_clean/lib/python3.10/site-packages/torch/nn/modules/module.py", line 1739, in _wrapped_call_impl
    return self._call_impl(*args, **kwargs)
  File "/data/armaan/venvs/omnizip_clean/lib/python3.10/site-packages/torch/nn/modules/module.py", line 1750, in _call_impl
    return forward_call(*args, **kwargs)
  File "/data/armaan/purs/Qwen2.5-Omni/low-VRAM-mode/modeling_qwen2_5_omni_low_VRAM_mode.py", line 2490, in forward
    video_embeds = self.visual(pixel_values_videos, grid_thw=video_grid_thw)
  File "/data/armaan/venvs/omnizip_clean/lib/python3.10/site-packages/torch/nn/modules/module.py", line 1739, in _wrapped_call_impl
    return self._call_impl(*args, **kwargs)
  File "/data/armaan/venvs/omnizip_clean/lib/python3.10/site-packages/torch/nn/modules/module.py", line 1750, in _call_impl
    return forward_call(*args, **kwargs)
  File "/data/armaan/purs/Qwen2.5-Omni/low-VRAM-mode/modeling_qwen2_5_omni_low_VRAM_mode.py", line 1366, in forward
    hidden_states = blk(
  File "/data/armaan/venvs/omnizip_clean/lib/python3.10/site-packages/torch/nn/modules/module.py", line 1739, in _wrapped_call_impl
    return self._call_impl(*args, **kwargs)
  File "/data/armaan/venvs/omnizip_clean/lib/python3.10/site-packages/torch/nn/modules/module.py", line 1750, in _call_impl
    return forward_call(*args, **kwargs)
  File "/data/armaan/purs/Qwen2.5-Omni/low-VRAM-mode/modeling_qwen2_5_omni_low_VRAM_mode.py", line 1155, in forward
    hidden_states = hidden_states + self.attn(
  File "/data/armaan/venvs/omnizip_clean/lib/python3.10/site-packages/torch/nn/modules/module.py", line 1739, in _wrapped_call_impl
    return self._call_impl(*args, **kwargs)
  File "/data/armaan/venvs/omnizip_clean/lib/python3.10/site-packages/torch/nn/modules/module.py", line 1750, in _call_impl
    return forward_call(*args, **kwargs)
  File "/data/armaan/purs/Qwen2.5-Omni/low-VRAM-mode/modeling_qwen2_5_omni_low_VRAM_mode.py", line 1116, in forward
    attn_output = F.scaled_dot_product_attention(q, k, v, attention_mask, dropout_p=0.0)
torch.OutOfMemoryError: CUDA out of memory. Tried to allocate 34.88 GiB. GPU 0 has a total capacity of 47.37 GiB of which 2.62 GiB is free. Including non-PyTorch memory, this process has 44.75 GiB memory in use. Of the allocated memory 43.88 GiB is allocated by PyTorch, and 368.88 MiB is reserved by PyTorch but unallocated. If reserved but unallocated memory is large try setting PYTORCH_CUDA_ALLOC_CONF=expandable_segments:True to avoid fragmentation.  See documentation for Memory Management  (https://pytorch.org/docs/stable/notes/cuda.html#environment-variables)


--- worldsense/Audio Change ---
Traceback (most recent call last):
  File "/data/armaan/purs/eval_qwen_omni.py", line 843, in main
    pred, reasoning = run_inference(
  File "/data/armaan/purs/eval_qwen_omni.py", line 660, in run_inference
    raw_out = model.generate(**gen_in, **gen_kw)
  File "/data/armaan/venvs/omnizip_clean/lib/python3.10/site-packages/awq/models/base.py", line 134, in generate
    return self.model.generate(*args, **kwargs)
  File "/data/armaan/venvs/omnizip_clean/lib/python3.10/site-packages/torch/utils/_contextlib.py", line 116, in decorate_context
    return func(*args, **kwargs)
  File "/data/armaan/purs/Qwen2.5-Omni/low-VRAM-mode/modeling_qwen2_5_omni_low_VRAM_mode.py", line 4760, in generate
    thinker_result = self.thinker.generate(input_ids=input_ids, **thinker_kwargs)
  File "/data/armaan/venvs/omnizip_clean/lib/python3.10/site-packages/torch/utils/_contextlib.py", line 116, in decorate_context
    return func(*args, **kwargs)
  File "/data/armaan/venvs/omnizip_clean/lib/python3.10/site-packages/transformers/generation/utils.py", line 2597, in generate
    result = self._sample(
  File "/data/armaan/venvs/omnizip_clean/lib/python3.10/site-packages/transformers/generation/utils.py", line 3557, in _sample
    outputs = self(**model_inputs, return_dict=True)
  File "/data/armaan/venvs/omnizip_clean/lib/python3.10/site-packages/torch/nn/modules/module.py", line 1739, in _wrapped_call_impl
    return self._call_impl(*args, **kwargs)
  File "/data/armaan/venvs/omnizip_clean/lib/python3.10/site-packages/torch/nn/modules/module.py", line 1750, in _call_impl
    return forward_call(*args, **kwargs)
  File "/data/armaan/purs/Qwen2.5-Omni/low-VRAM-mode/modeling_qwen2_5_omni_low_VRAM_mode.py", line 2490, in forward
    video_embeds = self.visual(pixel_values_videos, grid_thw=video_grid_thw)
  File "/data/armaan/venvs/omnizip_clean/lib/python3.10/site-packages/torch/nn/modules/module.py", line 1739, in _wrapped_call_impl
    return self._call_impl(*args, **kwargs)
  File "/data/armaan/venvs/omnizip_clean/lib/python3.10/site-packages/torch/nn/modules/module.py", line 1750, in _call_impl
    return forward_call(*args, **kwargs)
  File "/data/armaan/purs/Qwen2.5-Omni/low-VRAM-mode/modeling_qwen2_5_omni_low_VRAM_mode.py", line 1366, in forward
    hidden_states = blk(
  File "/data/armaan/venvs/omnizip_clean/lib/python3.10/site-packages/torch/nn/modules/module.py", line 1739, in _wrapped_call_impl
    return self._call_impl(*args, **kwargs)
  File "/data/armaan/venvs/omnizip_clean/lib/python3.10/site-packages/torch/nn/modules/module.py", line 1750, in _call_impl
    return forward_call(*args, **kwargs)
  File "/data/armaan/purs/Qwen2.5-Omni/low-VRAM-mode/modeling_qwen2_5_omni_low_VRAM_mode.py", line 1155, in forward
    hidden_states = hidden_states + self.attn(
  File "/data/armaan/venvs/omnizip_clean/lib/python3.10/site-packages/torch/nn/modules/module.py", line 1739, in _wrapped_call_impl
    return self._call_impl(*args, **kwargs)
  File "/data/armaan/venvs/omnizip_clean/lib/python3.10/site-packages/torch/nn/modules/module.py", line 1750, in _call_impl
    return forward_call(*args, **kwargs)
  File "/data/armaan/purs/Qwen2.5-Omni/low-VRAM-mode/modeling_qwen2_5_omni_low_VRAM_mode.py", line 1116, in forward
    attn_output = F.scaled_dot_product_attention(q, k, v, attention_mask, dropout_p=0.0)
torch.OutOfMemoryError: CUDA out of memory. Tried to allocate 67.29 GiB. GPU 0 has a total capacity of 47.37 GiB of which 35.42 GiB is free. Including non-PyTorch memory, this process has 11.94 GiB memory in use. Of the allocated memory 11.01 GiB is allocated by PyTorch, and 439.06 MiB is reserved by PyTorch but unallocated. If reserved but unallocated memory is large try setting PYTORCH_CUDA_ALLOC_CONF=expandable_segments:True to avoid fragmentation.  See documentation for Memory Management  (https://pytorch.org/docs/stable/notes/cuda.html#environment-variables)


--- worldsense/Audio Change ---
Traceback (most recent call last):
  File "/data/armaan/purs/eval_qwen_omni.py", line 843, in main
    pred, reasoning = run_inference(
  File "/data/armaan/purs/eval_qwen_omni.py", line 660, in run_inference
    raw_out = model.generate(**gen_in, **gen_kw)
  File "/data/armaan/venvs/omnizip_clean/lib/python3.10/site-packages/awq/models/base.py", line 134, in generate
    return self.model.generate(*args, **kwargs)
  File "/data/armaan/venvs/omnizip_clean/lib/python3.10/site-packages/torch/utils/_contextlib.py", line 116, in decorate_context
    return func(*args, **kwargs)
  File "/data/armaan/purs/Qwen2.5-Omni/low-VRAM-mode/modeling_qwen2_5_omni_low_VRAM_mode.py", line 4760, in generate
    thinker_result = self.thinker.generate(input_ids=input_ids, **thinker_kwargs)
  File "/data/armaan/venvs/omnizip_clean/lib/python3.10/site-packages/torch/utils/_contextlib.py", line 116, in decorate_context
    return func(*args, **kwargs)
  File "/data/armaan/venvs/omnizip_clean/lib/python3.10/site-packages/transformers/generation/utils.py", line 2597, in generate
    result = self._sample(
  File "/data/armaan/venvs/omnizip_clean/lib/python3.10/site-packages/transformers/generation/utils.py", line 3557, in _sample
    outputs = self(**model_inputs, return_dict=True)
  File "/data/armaan/venvs/omnizip_clean/lib/python3.10/site-packages/torch/nn/modules/module.py", line 1739, in _wrapped_call_impl
    return self._call_impl(*args, **kwargs)
  File "/data/armaan/venvs/omnizip_clean/lib/python3.10/site-packages/torch/nn/modules/module.py", line 1750, in _call_impl
    return forward_call(*args, **kwargs)
  File "/data/armaan/purs/Qwen2.5-Omni/low-VRAM-mode/modeling_qwen2_5_omni_low_VRAM_mode.py", line 2490, in forward
    video_embeds = self.visual(pixel_values_videos, grid_thw=video_grid_thw)
  File "/data/armaan/venvs/omnizip_clean/lib/python3.10/site-packages/torch/nn/modules/module.py", line 1739, in _wrapped_call_impl
    return self._call_impl(*args, **kwargs)
  File "/data/armaan/venvs/omnizip_clean/lib/python3.10/site-packages/torch/nn/modules/module.py", line 1750, in _call_impl
    return forward_call(*args, **kwargs)
  File "/data/armaan/purs/Qwen2.5-Omni/low-VRAM-mode/modeling_qwen2_5_omni_low_VRAM_mode.py", line 1366, in forward
    hidden_states = blk(
  File "/data/armaan/venvs/omnizip_clean/lib/python3.10/site-packages/torch/nn/modules/module.py", line 1739, in _wrapped_call_impl
    return self._call_impl(*args, **kwargs)
  File "/data/armaan/venvs/omnizip_clean/lib/python3.10/site-packages/torch/nn/modules/module.py", line 1750, in _call_impl
    return forward_call(*args, **kwargs)
  File "/data/armaan/purs/Qwen2.5-Omni/low-VRAM-mode/modeling_qwen2_5_omni_low_VRAM_mode.py", line 1155, in forward
    hidden_states = hidden_states + self.attn(
  File "/data/armaan/venvs/omnizip_clean/lib/python3.10/site-packages/torch/nn/modules/module.py", line 1739, in _wrapped_call_impl
    return self._call_impl(*args, **kwargs)
  File "/data/armaan/venvs/omnizip_clean/lib/python3.10/site-packages/torch/nn/modules/module.py", line 1750, in _call_impl
    return forward_call(*args, **kwargs)
  File "/data/armaan/purs/Qwen2.5-Omni/low-VRAM-mode/modeling_qwen2_5_omni_low_VRAM_mode.py", line 1116, in forward
    attn_output = F.scaled_dot_product_attention(q, k, v, attention_mask, dropout_p=0.0)
torch.OutOfMemoryError: CUDA out of memory. Tried to allocate 67.29 GiB. GPU 0 has a total capacity of 47.37 GiB of which 35.42 GiB is free. Including non-PyTorch memory, this process has 11.94 GiB memory in use. Of the allocated memory 11.01 GiB is allocated by PyTorch, and 439.12 MiB is reserved by PyTorch but unallocated. If reserved but unallocated memory is large try setting PYTORCH_CUDA_ALLOC_CONF=expandable_segments:True to avoid fragmentation.  See documentation for Memory Management  (https://pytorch.org/docs/stable/notes/cuda.html#environment-variables)


--- worldsense/Audio Counting ---
Traceback (most recent call last):
  File "/data/armaan/purs/eval_qwen_omni.py", line 843, in main
    pred, reasoning = run_inference(
  File "/data/armaan/purs/eval_qwen_omni.py", line 660, in run_inference
    raw_out = model.generate(**gen_in, **gen_kw)
  File "/data/armaan/venvs/omnizip_clean/lib/python3.10/site-packages/awq/models/base.py", line 134, in generate
    return self.model.generate(*args, **kwargs)
  File "/data/armaan/venvs/omnizip_clean/lib/python3.10/site-packages/torch/utils/_contextlib.py", line 116, in decorate_context
    return func(*args, **kwargs)
  File "/data/armaan/purs/Qwen2.5-Omni/low-VRAM-mode/modeling_qwen2_5_omni_low_VRAM_mode.py", line 4760, in generate
    thinker_result = self.thinker.generate(input_ids=input_ids, **thinker_kwargs)
  File "/data/armaan/venvs/omnizip_clean/lib/python3.10/site-packages/torch/utils/_contextlib.py", line 116, in decorate_context
    return func(*args, **kwargs)
  File "/data/armaan/venvs/omnizip_clean/lib/python3.10/site-packages/transformers/generation/utils.py", line 2597, in generate
    result = self._sample(
  File "/data/armaan/venvs/omnizip_clean/lib/python3.10/site-packages/transformers/generation/utils.py", line 3557, in _sample
    outputs = self(**model_inputs, return_dict=True)
  File "/data/armaan/venvs/omnizip_clean/lib/python3.10/site-packages/torch/nn/modules/module.py", line 1739, in _wrapped_call_impl
    return self._call_impl(*args, **kwargs)
  File "/data/armaan/venvs/omnizip_clean/lib/python3.10/site-packages/torch/nn/modules/module.py", line 1750, in _call_impl
    return forward_call(*args, **kwargs)
  File "/data/armaan/purs/Qwen2.5-Omni/low-VRAM-mode/modeling_qwen2_5_omni_low_VRAM_mode.py", line 2490, in forward
    video_embeds = self.visual(pixel_values_videos, grid_thw=video_grid_thw)
  File "/data/armaan/venvs/omnizip_clean/lib/python3.10/site-packages/torch/nn/modules/module.py", line 1739, in _wrapped_call_impl
    return self._call_impl(*args, **kwargs)
  File "/data/armaan/venvs/omnizip_clean/lib/python3.10/site-packages/torch/nn/modules/module.py", line 1750, in _call_impl
    return forward_call(*args, **kwargs)
  File "/data/armaan/purs/Qwen2.5-Omni/low-VRAM-mode/modeling_qwen2_5_omni_low_VRAM_mode.py", line 1366, in forward
    hidden_states = blk(
  File "/data/armaan/venvs/omnizip_clean/lib/python3.10/site-packages/torch/nn/modules/module.py", line 1739, in _wrapped_call_impl
    return self._call_impl(*args, **kwargs)
  File "/data/armaan/venvs/omnizip_clean/lib/python3.10/site-packages/torch/nn/modules/module.py", line 1750, in _call_impl
    return forward_call(*args, **kwargs)
  File "/data/armaan/purs/Qwen2.5-Omni/low-VRAM-mode/modeling_qwen2_5_omni_low_VRAM_mode.py", line 1155, in forward
    hidden_states = hidden_states + self.attn(
  File "/data/armaan/venvs/omnizip_clean/lib/python3.10/site-packages/torch/nn/modules/module.py", line 1739, in _wrapped_call_impl
    return self._call_impl(*args, **kwargs)
  File "/data/armaan/venvs/omnizip_clean/lib/python3.10/site-packages/torch/nn/modules/module.py", line 1750, in _call_impl
    return forward_call(*args, **kwargs)
  File "/data/armaan/purs/Qwen2.5-Omni/low-VRAM-mode/modeling_qwen2_5_omni_low_VRAM_mode.py", line 1116, in forward
    attn_output = F.scaled_dot_product_attention(q, k, v, attention_mask, dropout_p=0.0)
torch.OutOfMemoryError: CUDA out of memory. Tried to allocate 71.19 GiB. GPU 0 has a total capacity of 47.37 GiB of which 35.24 GiB is free. Including non-PyTorch memory, this process has 12.12 GiB memory in use. Of the allocated memory 11.23 GiB is allocated by PyTorch, and 399.35 MiB is reserved by PyTorch but unallocated. If reserved but unallocated memory is large try setting PYTORCH_CUDA_ALLOC_CONF=expandable_segments:True to avoid fragmentation.  See documentation for Memory Management  (https://pytorch.org/docs/stable/notes/cuda.html#environment-variables)


--- worldsense/Audio Recognition ---
Traceback (most recent call last):
  File "/data/armaan/purs/eval_qwen_omni.py", line 843, in main
    pred, reasoning = run_inference(
  File "/data/armaan/purs/eval_qwen_omni.py", line 660, in run_inference
    raw_out = model.generate(**gen_in, **gen_kw)
  File "/data/armaan/venvs/omnizip_clean/lib/python3.10/site-packages/awq/models/base.py", line 134, in generate
    return self.model.generate(*args, **kwargs)
  File "/data/armaan/venvs/omnizip_clean/lib/python3.10/site-packages/torch/utils/_contextlib.py", line 116, in decorate_context
    return func(*args, **kwargs)
  File "/data/armaan/purs/Qwen2.5-Omni/low-VRAM-mode/modeling_qwen2_5_omni_low_VRAM_mode.py", line 4760, in generate
    thinker_result = self.thinker.generate(input_ids=input_ids, **thinker_kwargs)
  File "/data/armaan/venvs/omnizip_clean/lib/python3.10/site-packages/torch/utils/_contextlib.py", line 116, in decorate_context
    return func(*args, **kwargs)
  File "/data/armaan/venvs/omnizip_clean/lib/python3.10/site-packages/transformers/generation/utils.py", line 2597, in generate
    result = self._sample(
  File "/data/armaan/venvs/omnizip_clean/lib/python3.10/site-packages/transformers/generation/utils.py", line 3557, in _sample
    outputs = self(**model_inputs, return_dict=True)
  File "/data/armaan/venvs/omnizip_clean/lib/python3.10/site-packages/torch/nn/modules/module.py", line 1739, in _wrapped_call_impl
    return self._call_impl(*args, **kwargs)
  File "/data/armaan/venvs/omnizip_clean/lib/python3.10/site-packages/torch/nn/modules/module.py", line 1750, in _call_impl
    return forward_call(*args, **kwargs)
  File "/data/armaan/purs/Qwen2.5-Omni/low-VRAM-mode/modeling_qwen2_5_omni_low_VRAM_mode.py", line 2490, in forward
    video_embeds = self.visual(pixel_values_videos, grid_thw=video_grid_thw)
  File "/data/armaan/venvs/omnizip_clean/lib/python3.10/site-packages/torch/nn/modules/module.py", line 1739, in _wrapped_call_impl
    return self._call_impl(*args, **kwargs)
  File "/data/armaan/venvs/omnizip_clean/lib/python3.10/site-packages/torch/nn/modules/module.py", line 1750, in _call_impl
    return forward_call(*args, **kwargs)
  File "/data/armaan/purs/Qwen2.5-Omni/low-VRAM-mode/modeling_qwen2_5_omni_low_VRAM_mode.py", line 1366, in forward
    hidden_states = blk(
  File "/data/armaan/venvs/omnizip_clean/lib/python3.10/site-packages/torch/nn/modules/module.py", line 1739, in _wrapped_call_impl
    return self._call_impl(*args, **kwargs)
  File "/data/armaan/venvs/omnizip_clean/lib/python3.10/site-packages/torch/nn/modules/module.py", line 1750, in _call_impl
    return forward_call(*args, **kwargs)
  File "/data/armaan/purs/Qwen2.5-Omni/low-VRAM-mode/modeling_qwen2_5_omni_low_VRAM_mode.py", line 1155, in forward
    hidden_states = hidden_states + self.attn(
  File "/data/armaan/venvs/omnizip_clean/lib/python3.10/site-packages/torch/nn/modules/module.py", line 1739, in _wrapped_call_impl
    return self._call_impl(*args, **kwargs)
  File "/data/armaan/venvs/omnizip_clean/lib/python3.10/site-packages/torch/nn/modules/module.py", line 1750, in _call_impl
    return forward_call(*args, **kwargs)
  File "/data/armaan/purs/Qwen2.5-Omni/low-VRAM-mode/modeling_qwen2_5_omni_low_VRAM_mode.py", line 1116, in forward
    attn_output = F.scaled_dot_product_attention(q, k, v, attention_mask, dropout_p=0.0)
torch.OutOfMemoryError: CUDA out of memory. Tried to allocate 71.19 GiB. GPU 0 has a total capacity of 47.37 GiB of which 35.24 GiB is free. Including non-PyTorch memory, this process has 12.12 GiB memory in use. Of the allocated memory 11.23 GiB is allocated by PyTorch, and 399.33 MiB is reserved by PyTorch but unallocated. If reserved but unallocated memory is large try setting PYTORCH_CUDA_ALLOC_CONF=expandable_segments:True to avoid fragmentation.  See documentation for Memory Management  (https://pytorch.org/docs/stable/notes/cuda.html#environment-variables)


--- worldsense/Audio Recognition ---
Traceback (most recent call last):
  File "/data/armaan/purs/eval_qwen_omni.py", line 843, in main
    pred, reasoning = run_inference(
  File "/data/armaan/purs/eval_qwen_omni.py", line 660, in run_inference
    raw_out = model.generate(**gen_in, **gen_kw)
  File "/data/armaan/venvs/omnizip_clean/lib/python3.10/site-packages/awq/models/base.py", line 134, in generate
    return self.model.generate(*args, **kwargs)
  File "/data/armaan/venvs/omnizip_clean/lib/python3.10/site-packages/torch/utils/_contextlib.py", line 116, in decorate_context
    return func(*args, **kwargs)
  File "/data/armaan/purs/Qwen2.5-Omni/low-VRAM-mode/modeling_qwen2_5_omni_low_VRAM_mode.py", line 4760, in generate
    thinker_result = self.thinker.generate(input_ids=input_ids, **thinker_kwargs)
  File "/data/armaan/venvs/omnizip_clean/lib/python3.10/site-packages/torch/utils/_contextlib.py", line 116, in decorate_context
    return func(*args, **kwargs)
  File "/data/armaan/venvs/omnizip_clean/lib/python3.10/site-packages/transformers/generation/utils.py", line 2597, in generate
    result = self._sample(
  File "/data/armaan/venvs/omnizip_clean/lib/python3.10/site-packages/transformers/generation/utils.py", line 3557, in _sample
    outputs = self(**model_inputs, return_dict=True)
  File "/data/armaan/venvs/omnizip_clean/lib/python3.10/site-packages/torch/nn/modules/module.py", line 1739, in _wrapped_call_impl
    return self._call_impl(*args, **kwargs)
  File "/data/armaan/venvs/omnizip_clean/lib/python3.10/site-packages/torch/nn/modules/module.py", line 1750, in _call_impl
    return forward_call(*args, **kwargs)
  File "/data/armaan/purs/Qwen2.5-Omni/low-VRAM-mode/modeling_qwen2_5_omni_low_VRAM_mode.py", line 2490, in forward
    video_embeds = self.visual(pixel_values_videos, grid_thw=video_grid_thw)
  File "/data/armaan/venvs/omnizip_clean/lib/python3.10/site-packages/torch/nn/modules/module.py", line 1739, in _wrapped_call_impl
    return self._call_impl(*args, **kwargs)
  File "/data/armaan/venvs/omnizip_clean/lib/python3.10/site-packages/torch/nn/modules/module.py", line 1750, in _call_impl
    return forward_call(*args, **kwargs)
  File "/data/armaan/purs/Qwen2.5-Omni/low-VRAM-mode/modeling_qwen2_5_omni_low_VRAM_mode.py", line 1366, in forward
    hidden_states = blk(
  File "/data/armaan/venvs/omnizip_clean/lib/python3.10/site-packages/torch/nn/modules/module.py", line 1739, in _wrapped_call_impl
    return self._call_impl(*args, **kwargs)
  File "/data/armaan/venvs/omnizip_clean/lib/python3.10/site-packages/torch/nn/modules/module.py", line 1750, in _call_impl
    return forward_call(*args, **kwargs)
  File "/data/armaan/purs/Qwen2.5-Omni/low-VRAM-mode/modeling_qwen2_5_omni_low_VRAM_mode.py", line 1155, in forward
    hidden_states = hidden_states + self.attn(
  File "/data/armaan/venvs/omnizip_clean/lib/python3.10/site-packages/torch/nn/modules/module.py", line 1739, in _wrapped_call_impl
    return self._call_impl(*args, **kwargs)
  File "/data/armaan/venvs/omnizip_clean/lib/python3.10/site-packages/torch/nn/modules/module.py", line 1750, in _call_impl
    return forward_call(*args, **kwargs)
  File "/data/armaan/purs/Qwen2.5-Omni/low-VRAM-mode/modeling_qwen2_5_omni_low_VRAM_mode.py", line 1116, in forward
    attn_output = F.scaled_dot_product_attention(q, k, v, attention_mask, dropout_p=0.0)
torch.OutOfMemoryError: CUDA out of memory. Tried to allocate 71.19 GiB. GPU 0 has a total capacity of 47.37 GiB of which 35.24 GiB is free. Including non-PyTorch memory, this process has 12.12 GiB memory in use. Of the allocated memory 11.23 GiB is allocated by PyTorch, and 399.12 MiB is reserved by PyTorch but unallocated. If reserved but unallocated memory is large try setting PYTORCH_CUDA_ALLOC_CONF=expandable_segments:True to avoid fragmentation.  See documentation for Memory Management  (https://pytorch.org/docs/stable/notes/cuda.html#environment-variables)


--- worldsense/Audio Source Localization ---
Traceback (most recent call last):
  File "/data/armaan/purs/eval_qwen_omni.py", line 843, in main
    pred, reasoning = run_inference(
  File "/data/armaan/purs/eval_qwen_omni.py", line 660, in run_inference
    raw_out = model.generate(**gen_in, **gen_kw)
  File "/data/armaan/venvs/omnizip_clean/lib/python3.10/site-packages/awq/models/base.py", line 134, in generate
    return self.model.generate(*args, **kwargs)
  File "/data/armaan/venvs/omnizip_clean/lib/python3.10/site-packages/torch/utils/_contextlib.py", line 116, in decorate_context
    return func(*args, **kwargs)
  File "/data/armaan/purs/Qwen2.5-Omni/low-VRAM-mode/modeling_qwen2_5_omni_low_VRAM_mode.py", line 4760, in generate
    thinker_result = self.thinker.generate(input_ids=input_ids, **thinker_kwargs)
  File "/data/armaan/venvs/omnizip_clean/lib/python3.10/site-packages/torch/utils/_contextlib.py", line 116, in decorate_context
    return func(*args, **kwargs)
  File "/data/armaan/venvs/omnizip_clean/lib/python3.10/site-packages/transformers/generation/utils.py", line 2597, in generate
    result = self._sample(
  File "/data/armaan/venvs/omnizip_clean/lib/python3.10/site-packages/transformers/generation/utils.py", line 3557, in _sample
    outputs = self(**model_inputs, return_dict=True)
  File "/data/armaan/venvs/omnizip_clean/lib/python3.10/site-packages/torch/nn/modules/module.py", line 1739, in _wrapped_call_impl
    return self._call_impl(*args, **kwargs)
  File "/data/armaan/venvs/omnizip_clean/lib/python3.10/site-packages/torch/nn/modules/module.py", line 1750, in _call_impl
    return forward_call(*args, **kwargs)
  File "/data/armaan/purs/Qwen2.5-Omni/low-VRAM-mode/modeling_qwen2_5_omni_low_VRAM_mode.py", line 2490, in forward
    video_embeds = self.visual(pixel_values_videos, grid_thw=video_grid_thw)
  File "/data/armaan/venvs/omnizip_clean/lib/python3.10/site-packages/torch/nn/modules/module.py", line 1739, in _wrapped_call_impl
    return self._call_impl(*args, **kwargs)
  File "/data/armaan/venvs/omnizip_clean/lib/python3.10/site-packages/torch/nn/modules/module.py", line 1750, in _call_impl
    return forward_call(*args, **kwargs)
  File "/data/armaan/purs/Qwen2.5-Omni/low-VRAM-mode/modeling_qwen2_5_omni_low_VRAM_mode.py", line 1366, in forward
    hidden_states = blk(
  File "/data/armaan/venvs/omnizip_clean/lib/python3.10/site-packages/torch/nn/modules/module.py", line 1739, in _wrapped_call_impl
    return self._call_impl(*args, **kwargs)
  File "/data/armaan/venvs/omnizip_clean/lib/python3.10/site-packages/torch/nn/modules/module.py", line 1750, in _call_impl
    return forward_call(*args, **kwargs)
  File "/data/armaan/purs/Qwen2.5-Omni/low-VRAM-mode/modeling_qwen2_5_omni_low_VRAM_mode.py", line 1155, in forward
    hidden_states = hidden_states + self.attn(
  File "/data/armaan/venvs/omnizip_clean/lib/python3.10/site-packages/torch/nn/modules/module.py", line 1739, in _wrapped_call_impl
    return self._call_impl(*args, **kwargs)
  File "/data/armaan/venvs/omnizip_clean/lib/python3.10/site-packages/torch/nn/modules/module.py", line 1750, in _call_impl
    return forward_call(*args, **kwargs)
  File "/data/armaan/purs/Qwen2.5-Omni/low-VRAM-mode/modeling_qwen2_5_omni_low_VRAM_mode.py", line 1116, in forward
    attn_output = F.scaled_dot_product_attention(q, k, v, attention_mask, dropout_p=0.0)
torch.OutOfMemoryError: CUDA out of memory. Tried to allocate 71.19 GiB. GPU 0 has a total capacity of 47.37 GiB of which 35.24 GiB is free. Including non-PyTorch memory, this process has 12.12 GiB memory in use. Of the allocated memory 11.23 GiB is allocated by PyTorch, and 399.38 MiB is reserved by PyTorch but unallocated. If reserved but unallocated memory is large try setting PYTORCH_CUDA_ALLOC_CONF=expandable_segments:True to avoid fragmentation.  See documentation for Memory Management  (https://pytorch.org/docs/stable/notes/cuda.html#environment-variables)


--- worldsense/Audio Source Localization ---
Traceback (most recent call last):
  File "/data/armaan/purs/eval_qwen_omni.py", line 843, in main
    pred, reasoning = run_inference(
  File "/data/armaan/purs/eval_qwen_omni.py", line 660, in run_inference
    raw_out = model.generate(**gen_in, **gen_kw)
  File "/data/armaan/venvs/omnizip_clean/lib/python3.10/site-packages/awq/models/base.py", line 134, in generate
    return self.model.generate(*args, **kwargs)
  File "/data/armaan/venvs/omnizip_clean/lib/python3.10/site-packages/torch/utils/_contextlib.py", line 116, in decorate_context
    return func(*args, **kwargs)
  File "/data/armaan/purs/Qwen2.5-Omni/low-VRAM-mode/modeling_qwen2_5_omni_low_VRAM_mode.py", line 4760, in generate
    thinker_result = self.thinker.generate(input_ids=input_ids, **thinker_kwargs)
  File "/data/armaan/venvs/omnizip_clean/lib/python3.10/site-packages/torch/utils/_contextlib.py", line 116, in decorate_context
    return func(*args, **kwargs)
  File "/data/armaan/venvs/omnizip_clean/lib/python3.10/site-packages/transformers/generation/utils.py", line 2597, in generate
    result = self._sample(
  File "/data/armaan/venvs/omnizip_clean/lib/python3.10/site-packages/transformers/generation/utils.py", line 3557, in _sample
    outputs = self(**model_inputs, return_dict=True)
  File "/data/armaan/venvs/omnizip_clean/lib/python3.10/site-packages/torch/nn/modules/module.py", line 1739, in _wrapped_call_impl
    return self._call_impl(*args, **kwargs)
  File "/data/armaan/venvs/omnizip_clean/lib/python3.10/site-packages/torch/nn/modules/module.py", line 1750, in _call_impl
    return forward_call(*args, **kwargs)
  File "/data/armaan/purs/Qwen2.5-Omni/low-VRAM-mode/modeling_qwen2_5_omni_low_VRAM_mode.py", line 2490, in forward
    video_embeds = self.visual(pixel_values_videos, grid_thw=video_grid_thw)
  File "/data/armaan/venvs/omnizip_clean/lib/python3.10/site-packages/torch/nn/modules/module.py", line 1739, in _wrapped_call_impl
    return self._call_impl(*args, **kwargs)
  File "/data/armaan/venvs/omnizip_clean/lib/python3.10/site-packages/torch/nn/modules/module.py", line 1750, in _call_impl
    return forward_call(*args, **kwargs)
  File "/data/armaan/purs/Qwen2.5-Omni/low-VRAM-mode/modeling_qwen2_5_omni_low_VRAM_mode.py", line 1366, in forward
    hidden_states = blk(
  File "/data/armaan/venvs/omnizip_clean/lib/python3.10/site-packages/torch/nn/modules/module.py", line 1739, in _wrapped_call_impl
    return self._call_impl(*args, **kwargs)
  File "/data/armaan/venvs/omnizip_clean/lib/python3.10/site-packages/torch/nn/modules/module.py", line 1750, in _call_impl
    return forward_call(*args, **kwargs)
  File "/data/armaan/purs/Qwen2.5-Omni/low-VRAM-mode/modeling_qwen2_5_omni_low_VRAM_mode.py", line 1155, in forward
    hidden_states = hidden_states + self.attn(
  File "/data/armaan/venvs/omnizip_clean/lib/python3.10/site-packages/torch/nn/modules/module.py", line 1739, in _wrapped_call_impl
    return self._call_impl(*args, **kwargs)
  File "/data/armaan/venvs/omnizip_clean/lib/python3.10/site-packages/torch/nn/modules/module.py", line 1750, in _call_impl
    return forward_call(*args, **kwargs)
  File "/data/armaan/purs/Qwen2.5-Omni/low-VRAM-mode/modeling_qwen2_5_omni_low_VRAM_mode.py", line 1116, in forward
    attn_output = F.scaled_dot_product_attention(q, k, v, attention_mask, dropout_p=0.0)
torch.OutOfMemoryError: CUDA out of memory. Tried to allocate 71.19 GiB. GPU 0 has a total capacity of 47.37 GiB of which 35.24 GiB is free. Including non-PyTorch memory, this process has 12.12 GiB memory in use. Of the allocated memory 11.23 GiB is allocated by PyTorch, and 399.10 MiB is reserved by PyTorch but unallocated. If reserved but unallocated memory is large try setting PYTORCH_CUDA_ALLOC_CONF=expandable_segments:True to avoid fragmentation.  See documentation for Memory Management  (https://pytorch.org/docs/stable/notes/cuda.html#environment-variables)


--- worldsense/Causal Reasoning ---
Traceback (most recent call last):
  File "/data/armaan/purs/eval_qwen_omni.py", line 843, in main
    pred, reasoning = run_inference(
  File "/data/armaan/purs/eval_qwen_omni.py", line 660, in run_inference
    raw_out = model.generate(**gen_in, **gen_kw)
  File "/data/armaan/venvs/omnizip_clean/lib/python3.10/site-packages/awq/models/base.py", line 134, in generate
    return self.model.generate(*args, **kwargs)
  File "/data/armaan/venvs/omnizip_clean/lib/python3.10/site-packages/torch/utils/_contextlib.py", line 116, in decorate_context
    return func(*args, **kwargs)
  File "/data/armaan/purs/Qwen2.5-Omni/low-VRAM-mode/modeling_qwen2_5_omni_low_VRAM_mode.py", line 4760, in generate
    thinker_result = self.thinker.generate(input_ids=input_ids, **thinker_kwargs)
  File "/data/armaan/venvs/omnizip_clean/lib/python3.10/site-packages/torch/utils/_contextlib.py", line 116, in decorate_context
    return func(*args, **kwargs)
  File "/data/armaan/venvs/omnizip_clean/lib/python3.10/site-packages/transformers/generation/utils.py", line 2597, in generate
    result = self._sample(
  File "/data/armaan/venvs/omnizip_clean/lib/python3.10/site-packages/transformers/generation/utils.py", line 3557, in _sample
    outputs = self(**model_inputs, return_dict=True)
  File "/data/armaan/venvs/omnizip_clean/lib/python3.10/site-packages/torch/nn/modules/module.py", line 1739, in _wrapped_call_impl
    return self._call_impl(*args, **kwargs)
  File "/data/armaan/venvs/omnizip_clean/lib/python3.10/site-packages/torch/nn/modules/module.py", line 1750, in _call_impl
    return forward_call(*args, **kwargs)
  File "/data/armaan/purs/Qwen2.5-Omni/low-VRAM-mode/modeling_qwen2_5_omni_low_VRAM_mode.py", line 2490, in forward
    video_embeds = self.visual(pixel_values_videos, grid_thw=video_grid_thw)
  File "/data/armaan/venvs/omnizip_clean/lib/python3.10/site-packages/torch/nn/modules/module.py", line 1739, in _wrapped_call_impl
    return self._call_impl(*args, **kwargs)
  File "/data/armaan/venvs/omnizip_clean/lib/python3.10/site-packages/torch/nn/modules/module.py", line 1750, in _call_impl
    return forward_call(*args, **kwargs)
  File "/data/armaan/purs/Qwen2.5-Omni/low-VRAM-mode/modeling_qwen2_5_omni_low_VRAM_mode.py", line 1366, in forward
    hidden_states = blk(
  File "/data/armaan/venvs/omnizip_clean/lib/python3.10/site-packages/torch/nn/modules/module.py", line 1739, in _wrapped_call_impl
    return self._call_impl(*args, **kwargs)
  File "/data/armaan/venvs/omnizip_clean/lib/python3.10/site-packages/torch/nn/modules/module.py", line 1750, in _call_impl
    return forward_call(*args, **kwargs)
  File "/data/armaan/purs/Qwen2.5-Omni/low-VRAM-mode/modeling_qwen2_5_omni_low_VRAM_mode.py", line 1155, in forward
    hidden_states = hidden_states + self.attn(
  File "/data/armaan/venvs/omnizip_clean/lib/python3.10/site-packages/torch/nn/modules/module.py", line 1739, in _wrapped_call_impl
    return self._call_impl(*args, **kwargs)
  File "/data/armaan/venvs/omnizip_clean/lib/python3.10/site-packages/torch/nn/modules/module.py", line 1750, in _call_impl
    return forward_call(*args, **kwargs)
  File "/data/armaan/purs/Qwen2.5-Omni/low-VRAM-mode/modeling_qwen2_5_omni_low_VRAM_mode.py", line 1116, in forward
    attn_output = F.scaled_dot_product_attention(q, k, v, attention_mask, dropout_p=0.0)
torch.OutOfMemoryError: CUDA out of memory. Tried to allocate 34.88 GiB. GPU 0 has a total capacity of 47.37 GiB of which 2.58 GiB is free. Including non-PyTorch memory, this process has 44.78 GiB memory in use. Of the allocated memory 43.88 GiB is allocated by PyTorch, and 404.64 MiB is reserved by PyTorch but unallocated. If reserved but unallocated memory is large try setting PYTORCH_CUDA_ALLOC_CONF=expandable_segments:True to avoid fragmentation.  See documentation for Memory Management  (https://pytorch.org/docs/stable/notes/cuda.html#environment-variables)


--- worldsense/Causal Reasoning ---
Traceback (most recent call last):
  File "/data/armaan/purs/eval_qwen_omni.py", line 843, in main
    pred, reasoning = run_inference(
  File "/data/armaan/purs/eval_qwen_omni.py", line 660, in run_inference
    raw_out = model.generate(**gen_in, **gen_kw)
  File "/data/armaan/venvs/omnizip_clean/lib/python3.10/site-packages/awq/models/base.py", line 134, in generate
    return self.model.generate(*args, **kwargs)
  File "/data/armaan/venvs/omnizip_clean/lib/python3.10/site-packages/torch/utils/_contextlib.py", line 116, in decorate_context
    return func(*args, **kwargs)
  File "/data/armaan/purs/Qwen2.5-Omni/low-VRAM-mode/modeling_qwen2_5_omni_low_VRAM_mode.py", line 4760, in generate
    thinker_result = self.thinker.generate(input_ids=input_ids, **thinker_kwargs)
  File "/data/armaan/venvs/omnizip_clean/lib/python3.10/site-packages/torch/utils/_contextlib.py", line 116, in decorate_context
    return func(*args, **kwargs)
  File "/data/armaan/venvs/omnizip_clean/lib/python3.10/site-packages/transformers/generation/utils.py", line 2597, in generate
    result = self._sample(
  File "/data/armaan/venvs/omnizip_clean/lib/python3.10/site-packages/transformers/generation/utils.py", line 3557, in _sample
    outputs = self(**model_inputs, return_dict=True)
  File "/data/armaan/venvs/omnizip_clean/lib/python3.10/site-packages/torch/nn/modules/module.py", line 1739, in _wrapped_call_impl
    return self._call_impl(*args, **kwargs)
  File "/data/armaan/venvs/omnizip_clean/lib/python3.10/site-packages/torch/nn/modules/module.py", line 1750, in _call_impl
    return forward_call(*args, **kwargs)
  File "/data/armaan/purs/Qwen2.5-Omni/low-VRAM-mode/modeling_qwen2_5_omni_low_VRAM_mode.py", line 2490, in forward
    video_embeds = self.visual(pixel_values_videos, grid_thw=video_grid_thw)
  File "/data/armaan/venvs/omnizip_clean/lib/python3.10/site-packages/torch/nn/modules/module.py", line 1739, in _wrapped_call_impl
    return self._call_impl(*args, **kwargs)
  File "/data/armaan/venvs/omnizip_clean/lib/python3.10/site-packages/torch/nn/modules/module.py", line 1750, in _call_impl
    return forward_call(*args, **kwargs)
  File "/data/armaan/purs/Qwen2.5-Omni/low-VRAM-mode/modeling_qwen2_5_omni_low_VRAM_mode.py", line 1366, in forward
    hidden_states = blk(
  File "/data/armaan/venvs/omnizip_clean/lib/python3.10/site-packages/torch/nn/modules/module.py", line 1739, in _wrapped_call_impl
    return self._call_impl(*args, **kwargs)
  File "/data/armaan/venvs/omnizip_clean/lib/python3.10/site-packages/torch/nn/modules/module.py", line 1750, in _call_impl
    return forward_call(*args, **kwargs)
  File "/data/armaan/purs/Qwen2.5-Omni/low-VRAM-mode/modeling_qwen2_5_omni_low_VRAM_mode.py", line 1155, in forward
    hidden_states = hidden_states + self.attn(
  File "/data/armaan/venvs/omnizip_clean/lib/python3.10/site-packages/torch/nn/modules/module.py", line 1739, in _wrapped_call_impl
    return self._call_impl(*args, **kwargs)
  File "/data/armaan/venvs/omnizip_clean/lib/python3.10/site-packages/torch/nn/modules/module.py", line 1750, in _call_impl
    return forward_call(*args, **kwargs)
  File "/data/armaan/purs/Qwen2.5-Omni/low-VRAM-mode/modeling_qwen2_5_omni_low_VRAM_mode.py", line 1116, in forward
    attn_output = F.scaled_dot_product_attention(q, k, v, attention_mask, dropout_p=0.0)
torch.OutOfMemoryError: CUDA out of memory. Tried to allocate 34.88 GiB. GPU 0 has a total capacity of 47.37 GiB of which 2.58 GiB is free. Including non-PyTorch memory, this process has 44.78 GiB memory in use. Of the allocated memory 43.88 GiB is allocated by PyTorch, and 404.43 MiB is reserved by PyTorch but unallocated. If reserved but unallocated memory is large try setting PYTORCH_CUDA_ALLOC_CONF=expandable_segments:True to avoid fragmentation.  See documentation for Memory Management  (https://pytorch.org/docs/stable/notes/cuda.html#environment-variables)


--- worldsense/Causal Reasoning ---
Traceback (most recent call last):
  File "/data/armaan/purs/eval_qwen_omni.py", line 843, in main
    pred, reasoning = run_inference(
  File "/data/armaan/purs/eval_qwen_omni.py", line 660, in run_inference
    raw_out = model.generate(**gen_in, **gen_kw)
  File "/data/armaan/venvs/omnizip_clean/lib/python3.10/site-packages/awq/models/base.py", line 134, in generate
    return self.model.generate(*args, **kwargs)
  File "/data/armaan/venvs/omnizip_clean/lib/python3.10/site-packages/torch/utils/_contextlib.py", line 116, in decorate_context
    return func(*args, **kwargs)
  File "/data/armaan/purs/Qwen2.5-Omni/low-VRAM-mode/modeling_qwen2_5_omni_low_VRAM_mode.py", line 4760, in generate
    thinker_result = self.thinker.generate(input_ids=input_ids, **thinker_kwargs)
  File "/data/armaan/venvs/omnizip_clean/lib/python3.10/site-packages/torch/utils/_contextlib.py", line 116, in decorate_context
    return func(*args, **kwargs)
  File "/data/armaan/venvs/omnizip_clean/lib/python3.10/site-packages/transformers/generation/utils.py", line 2597, in generate
    result = self._sample(
  File "/data/armaan/venvs/omnizip_clean/lib/python3.10/site-packages/transformers/generation/utils.py", line 3557, in _sample
    outputs = self(**model_inputs, return_dict=True)
  File "/data/armaan/venvs/omnizip_clean/lib/python3.10/site-packages/torch/nn/modules/module.py", line 1739, in _wrapped_call_impl
    return self._call_impl(*args, **kwargs)
  File "/data/armaan/venvs/omnizip_clean/lib/python3.10/site-packages/torch/nn/modules/module.py", line 1750, in _call_impl
    return forward_call(*args, **kwargs)
  File "/data/armaan/purs/Qwen2.5-Omni/low-VRAM-mode/modeling_qwen2_5_omni_low_VRAM_mode.py", line 2490, in forward
    video_embeds = self.visual(pixel_values_videos, grid_thw=video_grid_thw)
  File "/data/armaan/venvs/omnizip_clean/lib/python3.10/site-packages/torch/nn/modules/module.py", line 1739, in _wrapped_call_impl
    return self._call_impl(*args, **kwargs)
  File "/data/armaan/venvs/omnizip_clean/lib/python3.10/site-packages/torch/nn/modules/module.py", line 1750, in _call_impl
    return forward_call(*args, **kwargs)
  File "/data/armaan/purs/Qwen2.5-Omni/low-VRAM-mode/modeling_qwen2_5_omni_low_VRAM_mode.py", line 1366, in forward
    hidden_states = blk(
  File "/data/armaan/venvs/omnizip_clean/lib/python3.10/site-packages/torch/nn/modules/module.py", line 1739, in _wrapped_call_impl
    return self._call_impl(*args, **kwargs)
  File "/data/armaan/venvs/omnizip_clean/lib/python3.10/site-packages/torch/nn/modules/module.py", line 1750, in _call_impl
    return forward_call(*args, **kwargs)
  File "/data/armaan/purs/Qwen2.5-Omni/low-VRAM-mode/modeling_qwen2_5_omni_low_VRAM_mode.py", line 1155, in forward
    hidden_states = hidden_states + self.attn(
  File "/data/armaan/venvs/omnizip_clean/lib/python3.10/site-packages/torch/nn/modules/module.py", line 1739, in _wrapped_call_impl
    return self._call_impl(*args, **kwargs)
  File "/data/armaan/venvs/omnizip_clean/lib/python3.10/site-packages/torch/nn/modules/module.py", line 1750, in _call_impl
    return forward_call(*args, **kwargs)
  File "/data/armaan/purs/Qwen2.5-Omni/low-VRAM-mode/modeling_qwen2_5_omni_low_VRAM_mode.py", line 1116, in forward
    attn_output = F.scaled_dot_product_attention(q, k, v, attention_mask, dropout_p=0.0)
torch.OutOfMemoryError: CUDA out of memory. Tried to allocate 34.88 GiB. GPU 0 has a total capacity of 47.37 GiB of which 2.58 GiB is free. Including non-PyTorch memory, this process has 44.78 GiB memory in use. Of the allocated memory 43.88 GiB is allocated by PyTorch, and 404.64 MiB is reserved by PyTorch but unallocated. If reserved but unallocated memory is large try setting PYTORCH_CUDA_ALLOC_CONF=expandable_segments:True to avoid fragmentation.  See documentation for Memory Management  (https://pytorch.org/docs/stable/notes/cuda.html#environment-variables)


--- worldsense/Emotion Change ---
Traceback (most recent call last):
  File "/data/armaan/purs/eval_qwen_omni.py", line 843, in main
    pred, reasoning = run_inference(
  File "/data/armaan/purs/eval_qwen_omni.py", line 660, in run_inference
    raw_out = model.generate(**gen_in, **gen_kw)
  File "/data/armaan/venvs/omnizip_clean/lib/python3.10/site-packages/awq/models/base.py", line 134, in generate
    return self.model.generate(*args, **kwargs)
  File "/data/armaan/venvs/omnizip_clean/lib/python3.10/site-packages/torch/utils/_contextlib.py", line 116, in decorate_context
    return func(*args, **kwargs)
  File "/data/armaan/purs/Qwen2.5-Omni/low-VRAM-mode/modeling_qwen2_5_omni_low_VRAM_mode.py", line 4760, in generate
    thinker_result = self.thinker.generate(input_ids=input_ids, **thinker_kwargs)
  File "/data/armaan/venvs/omnizip_clean/lib/python3.10/site-packages/torch/utils/_contextlib.py", line 116, in decorate_context
    return func(*args, **kwargs)
  File "/data/armaan/venvs/omnizip_clean/lib/python3.10/site-packages/transformers/generation/utils.py", line 2597, in generate
    result = self._sample(
  File "/data/armaan/venvs/omnizip_clean/lib/python3.10/site-packages/transformers/generation/utils.py", line 3557, in _sample
    outputs = self(**model_inputs, return_dict=True)
  File "/data/armaan/venvs/omnizip_clean/lib/python3.10/site-packages/torch/nn/modules/module.py", line 1739, in _wrapped_call_impl
    return self._call_impl(*args, **kwargs)
  File "/data/armaan/venvs/omnizip_clean/lib/python3.10/site-packages/torch/nn/modules/module.py", line 1750, in _call_impl
    return forward_call(*args, **kwargs)
  File "/data/armaan/purs/Qwen2.5-Omni/low-VRAM-mode/modeling_qwen2_5_omni_low_VRAM_mode.py", line 2490, in forward
    video_embeds = self.visual(pixel_values_videos, grid_thw=video_grid_thw)
  File "/data/armaan/venvs/omnizip_clean/lib/python3.10/site-packages/torch/nn/modules/module.py", line 1739, in _wrapped_call_impl
    return self._call_impl(*args, **kwargs)
  File "/data/armaan/venvs/omnizip_clean/lib/python3.10/site-packages/torch/nn/modules/module.py", line 1750, in _call_impl
    return forward_call(*args, **kwargs)
  File "/data/armaan/purs/Qwen2.5-Omni/low-VRAM-mode/modeling_qwen2_5_omni_low_VRAM_mode.py", line 1366, in forward
    hidden_states = blk(
  File "/data/armaan/venvs/omnizip_clean/lib/python3.10/site-packages/torch/nn/modules/module.py", line 1739, in _wrapped_call_impl
    return self._call_impl(*args, **kwargs)
  File "/data/armaan/venvs/omnizip_clean/lib/python3.10/site-packages/torch/nn/modules/module.py", line 1750, in _call_impl
    return forward_call(*args, **kwargs)
  File "/data/armaan/purs/Qwen2.5-Omni/low-VRAM-mode/modeling_qwen2_5_omni_low_VRAM_mode.py", line 1155, in forward
    hidden_states = hidden_states + self.attn(
  File "/data/armaan/venvs/omnizip_clean/lib/python3.10/site-packages/torch/nn/modules/module.py", line 1739, in _wrapped_call_impl
    return self._call_impl(*args, **kwargs)
  File "/data/armaan/venvs/omnizip_clean/lib/python3.10/site-packages/torch/nn/modules/module.py", line 1750, in _call_impl
    return forward_call(*args, **kwargs)
  File "/data/armaan/purs/Qwen2.5-Omni/low-VRAM-mode/modeling_qwen2_5_omni_low_VRAM_mode.py", line 1116, in forward
    attn_output = F.scaled_dot_product_attention(q, k, v, attention_mask, dropout_p=0.0)
torch.OutOfMemoryError: CUDA out of memory. Tried to allocate 76.56 GiB. GPU 0 has a total capacity of 47.37 GiB of which 34.91 GiB is free. Including non-PyTorch memory, this process has 12.46 GiB memory in use. Of the allocated memory 11.55 GiB is allocated by PyTorch, and 417.37 MiB is reserved by PyTorch but unallocated. If reserved but unallocated memory is large try setting PYTORCH_CUDA_ALLOC_CONF=expandable_segments:True to avoid fragmentation.  See documentation for Memory Management  (https://pytorch.org/docs/stable/notes/cuda.html#environment-variables)


--- worldsense/Emotion Change ---
Traceback (most recent call last):
  File "/data/armaan/purs/eval_qwen_omni.py", line 843, in main
    pred, reasoning = run_inference(
  File "/data/armaan/purs/eval_qwen_omni.py", line 660, in run_inference
    raw_out = model.generate(**gen_in, **gen_kw)
  File "/data/armaan/venvs/omnizip_clean/lib/python3.10/site-packages/awq/models/base.py", line 134, in generate
    return self.model.generate(*args, **kwargs)
  File "/data/armaan/venvs/omnizip_clean/lib/python3.10/site-packages/torch/utils/_contextlib.py", line 116, in decorate_context
    return func(*args, **kwargs)
  File "/data/armaan/purs/Qwen2.5-Omni/low-VRAM-mode/modeling_qwen2_5_omni_low_VRAM_mode.py", line 4760, in generate
    thinker_result = self.thinker.generate(input_ids=input_ids, **thinker_kwargs)
  File "/data/armaan/venvs/omnizip_clean/lib/python3.10/site-packages/torch/utils/_contextlib.py", line 116, in decorate_context
    return func(*args, **kwargs)
  File "/data/armaan/venvs/omnizip_clean/lib/python3.10/site-packages/transformers/generation/utils.py", line 2597, in generate
    result = self._sample(
  File "/data/armaan/venvs/omnizip_clean/lib/python3.10/site-packages/transformers/generation/utils.py", line 3557, in _sample
    outputs = self(**model_inputs, return_dict=True)
  File "/data/armaan/venvs/omnizip_clean/lib/python3.10/site-packages/torch/nn/modules/module.py", line 1739, in _wrapped_call_impl
    return self._call_impl(*args, **kwargs)
  File "/data/armaan/venvs/omnizip_clean/lib/python3.10/site-packages/torch/nn/modules/module.py", line 1750, in _call_impl
    return forward_call(*args, **kwargs)
  File "/data/armaan/purs/Qwen2.5-Omni/low-VRAM-mode/modeling_qwen2_5_omni_low_VRAM_mode.py", line 2490, in forward
    video_embeds = self.visual(pixel_values_videos, grid_thw=video_grid_thw)
  File "/data/armaan/venvs/omnizip_clean/lib/python3.10/site-packages/torch/nn/modules/module.py", line 1739, in _wrapped_call_impl
    return self._call_impl(*args, **kwargs)
  File "/data/armaan/venvs/omnizip_clean/lib/python3.10/site-packages/torch/nn/modules/module.py", line 1750, in _call_impl
    return forward_call(*args, **kwargs)
  File "/data/armaan/purs/Qwen2.5-Omni/low-VRAM-mode/modeling_qwen2_5_omni_low_VRAM_mode.py", line 1366, in forward
    hidden_states = blk(
  File "/data/armaan/venvs/omnizip_clean/lib/python3.10/site-packages/torch/nn/modules/module.py", line 1739, in _wrapped_call_impl
    return self._call_impl(*args, **kwargs)
  File "/data/armaan/venvs/omnizip_clean/lib/python3.10/site-packages/torch/nn/modules/module.py", line 1750, in _call_impl
    return forward_call(*args, **kwargs)
  File "/data/armaan/purs/Qwen2.5-Omni/low-VRAM-mode/modeling_qwen2_5_omni_low_VRAM_mode.py", line 1155, in forward
    hidden_states = hidden_states + self.attn(
  File "/data/armaan/venvs/omnizip_clean/lib/python3.10/site-packages/torch/nn/modules/module.py", line 1739, in _wrapped_call_impl
    return self._call_impl(*args, **kwargs)
  File "/data/armaan/venvs/omnizip_clean/lib/python3.10/site-packages/torch/nn/modules/module.py", line 1750, in _call_impl
    return forward_call(*args, **kwargs)
  File "/data/armaan/purs/Qwen2.5-Omni/low-VRAM-mode/modeling_qwen2_5_omni_low_VRAM_mode.py", line 1116, in forward
    attn_output = F.scaled_dot_product_attention(q, k, v, attention_mask, dropout_p=0.0)
torch.OutOfMemoryError: CUDA out of memory. Tried to allocate 76.56 GiB. GPU 0 has a total capacity of 47.37 GiB of which 34.91 GiB is free. Including non-PyTorch memory, this process has 12.46 GiB memory in use. Of the allocated memory 11.55 GiB is allocated by PyTorch, and 417.32 MiB is reserved by PyTorch but unallocated. If reserved but unallocated memory is large try setting PYTORCH_CUDA_ALLOC_CONF=expandable_segments:True to avoid fragmentation.  See documentation for Memory Management  (https://pytorch.org/docs/stable/notes/cuda.html#environment-variables)


--- worldsense/Event Recognition ---
Traceback (most recent call last):
  File "/data/armaan/purs/eval_qwen_omni.py", line 843, in main
    pred, reasoning = run_inference(
  File "/data/armaan/purs/eval_qwen_omni.py", line 660, in run_inference
    raw_out = model.generate(**gen_in, **gen_kw)
  File "/data/armaan/venvs/omnizip_clean/lib/python3.10/site-packages/awq/models/base.py", line 134, in generate
    return self.model.generate(*args, **kwargs)
  File "/data/armaan/venvs/omnizip_clean/lib/python3.10/site-packages/torch/utils/_contextlib.py", line 116, in decorate_context
    return func(*args, **kwargs)
  File "/data/armaan/purs/Qwen2.5-Omni/low-VRAM-mode/modeling_qwen2_5_omni_low_VRAM_mode.py", line 4760, in generate
    thinker_result = self.thinker.generate(input_ids=input_ids, **thinker_kwargs)
  File "/data/armaan/venvs/omnizip_clean/lib/python3.10/site-packages/torch/utils/_contextlib.py", line 116, in decorate_context
    return func(*args, **kwargs)
  File "/data/armaan/venvs/omnizip_clean/lib/python3.10/site-packages/transformers/generation/utils.py", line 2597, in generate
    result = self._sample(
  File "/data/armaan/venvs/omnizip_clean/lib/python3.10/site-packages/transformers/generation/utils.py", line 3557, in _sample
    outputs = self(**model_inputs, return_dict=True)
  File "/data/armaan/venvs/omnizip_clean/lib/python3.10/site-packages/torch/nn/modules/module.py", line 1739, in _wrapped_call_impl
    return self._call_impl(*args, **kwargs)
  File "/data/armaan/venvs/omnizip_clean/lib/python3.10/site-packages/torch/nn/modules/module.py", line 1750, in _call_impl
    return forward_call(*args, **kwargs)
  File "/data/armaan/purs/Qwen2.5-Omni/low-VRAM-mode/modeling_qwen2_5_omni_low_VRAM_mode.py", line 2490, in forward
    video_embeds = self.visual(pixel_values_videos, grid_thw=video_grid_thw)
  File "/data/armaan/venvs/omnizip_clean/lib/python3.10/site-packages/torch/nn/modules/module.py", line 1739, in _wrapped_call_impl
    return self._call_impl(*args, **kwargs)
  File "/data/armaan/venvs/omnizip_clean/lib/python3.10/site-packages/torch/nn/modules/module.py", line 1750, in _call_impl
    return forward_call(*args, **kwargs)
  File "/data/armaan/purs/Qwen2.5-Omni/low-VRAM-mode/modeling_qwen2_5_omni_low_VRAM_mode.py", line 1366, in forward
    hidden_states = blk(
  File "/data/armaan/venvs/omnizip_clean/lib/python3.10/site-packages/torch/nn/modules/module.py", line 1739, in _wrapped_call_impl
    return self._call_impl(*args, **kwargs)
  File "/data/armaan/venvs/omnizip_clean/lib/python3.10/site-packages/torch/nn/modules/module.py", line 1750, in _call_impl
    return forward_call(*args, **kwargs)
  File "/data/armaan/purs/Qwen2.5-Omni/low-VRAM-mode/modeling_qwen2_5_omni_low_VRAM_mode.py", line 1155, in forward
    hidden_states = hidden_states + self.attn(
  File "/data/armaan/venvs/omnizip_clean/lib/python3.10/site-packages/torch/nn/modules/module.py", line 1739, in _wrapped_call_impl
    return self._call_impl(*args, **kwargs)
  File "/data/armaan/venvs/omnizip_clean/lib/python3.10/site-packages/torch/nn/modules/module.py", line 1750, in _call_impl
    return forward_call(*args, **kwargs)
  File "/data/armaan/purs/Qwen2.5-Omni/low-VRAM-mode/modeling_qwen2_5_omni_low_VRAM_mode.py", line 1116, in forward
    attn_output = F.scaled_dot_product_attention(q, k, v, attention_mask, dropout_p=0.0)
torch.OutOfMemoryError: CUDA out of memory. Tried to allocate 51.44 GiB. GPU 0 has a total capacity of 47.37 GiB of which 36.39 GiB is free. Including non-PyTorch memory, this process has 10.97 GiB memory in use. Of the allocated memory 10.10 GiB is allocated by PyTorch, and 380.27 MiB is reserved by PyTorch but unallocated. If reserved but unallocated memory is large try setting PYTORCH_CUDA_ALLOC_CONF=expandable_segments:True to avoid fragmentation.  See documentation for Memory Management  (https://pytorch.org/docs/stable/notes/cuda.html#environment-variables)


--- worldsense/Event Recognition ---
Traceback (most recent call last):
  File "/data/armaan/purs/eval_qwen_omni.py", line 843, in main
    pred, reasoning = run_inference(
  File "/data/armaan/purs/eval_qwen_omni.py", line 660, in run_inference
    raw_out = model.generate(**gen_in, **gen_kw)
  File "/data/armaan/venvs/omnizip_clean/lib/python3.10/site-packages/awq/models/base.py", line 134, in generate
    return self.model.generate(*args, **kwargs)
  File "/data/armaan/venvs/omnizip_clean/lib/python3.10/site-packages/torch/utils/_contextlib.py", line 116, in decorate_context
    return func(*args, **kwargs)
  File "/data/armaan/purs/Qwen2.5-Omni/low-VRAM-mode/modeling_qwen2_5_omni_low_VRAM_mode.py", line 4760, in generate
    thinker_result = self.thinker.generate(input_ids=input_ids, **thinker_kwargs)
  File "/data/armaan/venvs/omnizip_clean/lib/python3.10/site-packages/torch/utils/_contextlib.py", line 116, in decorate_context
    return func(*args, **kwargs)
  File "/data/armaan/venvs/omnizip_clean/lib/python3.10/site-packages/transformers/generation/utils.py", line 2597, in generate
    result = self._sample(
  File "/data/armaan/venvs/omnizip_clean/lib/python3.10/site-packages/transformers/generation/utils.py", line 3557, in _sample
    outputs = self(**model_inputs, return_dict=True)
  File "/data/armaan/venvs/omnizip_clean/lib/python3.10/site-packages/torch/nn/modules/module.py", line 1739, in _wrapped_call_impl
    return self._call_impl(*args, **kwargs)
  File "/data/armaan/venvs/omnizip_clean/lib/python3.10/site-packages/torch/nn/modules/module.py", line 1750, in _call_impl
    return forward_call(*args, **kwargs)
  File "/data/armaan/purs/Qwen2.5-Omni/low-VRAM-mode/modeling_qwen2_5_omni_low_VRAM_mode.py", line 2490, in forward
    video_embeds = self.visual(pixel_values_videos, grid_thw=video_grid_thw)
  File "/data/armaan/venvs/omnizip_clean/lib/python3.10/site-packages/torch/nn/modules/module.py", line 1739, in _wrapped_call_impl
    return self._call_impl(*args, **kwargs)
  File "/data/armaan/venvs/omnizip_clean/lib/python3.10/site-packages/torch/nn/modules/module.py", line 1750, in _call_impl
    return forward_call(*args, **kwargs)
  File "/data/armaan/purs/Qwen2.5-Omni/low-VRAM-mode/modeling_qwen2_5_omni_low_VRAM_mode.py", line 1366, in forward
    hidden_states = blk(
  File "/data/armaan/venvs/omnizip_clean/lib/python3.10/site-packages/torch/nn/modules/module.py", line 1739, in _wrapped_call_impl
    return self._call_impl(*args, **kwargs)
  File "/data/armaan/venvs/omnizip_clean/lib/python3.10/site-packages/torch/nn/modules/module.py", line 1750, in _call_impl
    return forward_call(*args, **kwargs)
  File "/data/armaan/purs/Qwen2.5-Omni/low-VRAM-mode/modeling_qwen2_5_omni_low_VRAM_mode.py", line 1155, in forward
    hidden_states = hidden_states + self.attn(
  File "/data/armaan/venvs/omnizip_clean/lib/python3.10/site-packages/torch/nn/modules/module.py", line 1739, in _wrapped_call_impl
    return self._call_impl(*args, **kwargs)
  File "/data/armaan/venvs/omnizip_clean/lib/python3.10/site-packages/torch/nn/modules/module.py", line 1750, in _call_impl
    return forward_call(*args, **kwargs)
  File "/data/armaan/purs/Qwen2.5-Omni/low-VRAM-mode/modeling_qwen2_5_omni_low_VRAM_mode.py", line 1116, in forward
    attn_output = F.scaled_dot_product_attention(q, k, v, attention_mask, dropout_p=0.0)
torch.OutOfMemoryError: CUDA out of memory. Tried to allocate 51.44 GiB. GPU 0 has a total capacity of 47.37 GiB of which 36.39 GiB is free. Including non-PyTorch memory, this process has 10.97 GiB memory in use. Of the allocated memory 10.10 GiB is allocated by PyTorch, and 380.23 MiB is reserved by PyTorch but unallocated. If reserved but unallocated memory is large try setting PYTORCH_CUDA_ALLOC_CONF=expandable_segments:True to avoid fragmentation.  See documentation for Memory Management  (https://pytorch.org/docs/stable/notes/cuda.html#environment-variables)


--- worldsense/Event Recognition ---
Traceback (most recent call last):
  File "/data/armaan/purs/eval_qwen_omni.py", line 843, in main
    pred, reasoning = run_inference(
  File "/data/armaan/purs/eval_qwen_omni.py", line 660, in run_inference
    raw_out = model.generate(**gen_in, **gen_kw)
  File "/data/armaan/venvs/omnizip_clean/lib/python3.10/site-packages/awq/models/base.py", line 134, in generate
    return self.model.generate(*args, **kwargs)
  File "/data/armaan/venvs/omnizip_clean/lib/python3.10/site-packages/torch/utils/_contextlib.py", line 116, in decorate_context
    return func(*args, **kwargs)
  File "/data/armaan/purs/Qwen2.5-Omni/low-VRAM-mode/modeling_qwen2_5_omni_low_VRAM_mode.py", line 4760, in generate
    thinker_result = self.thinker.generate(input_ids=input_ids, **thinker_kwargs)
  File "/data/armaan/venvs/omnizip_clean/lib/python3.10/site-packages/torch/utils/_contextlib.py", line 116, in decorate_context
    return func(*args, **kwargs)
  File "/data/armaan/venvs/omnizip_clean/lib/python3.10/site-packages/transformers/generation/utils.py", line 2597, in generate
    result = self._sample(
  File "/data/armaan/venvs/omnizip_clean/lib/python3.10/site-packages/transformers/generation/utils.py", line 3557, in _sample
    outputs = self(**model_inputs, return_dict=True)
  File "/data/armaan/venvs/omnizip_clean/lib/python3.10/site-packages/torch/nn/modules/module.py", line 1739, in _wrapped_call_impl
    return self._call_impl(*args, **kwargs)
  File "/data/armaan/venvs/omnizip_clean/lib/python3.10/site-packages/torch/nn/modules/module.py", line 1750, in _call_impl
    return forward_call(*args, **kwargs)
  File "/data/armaan/purs/Qwen2.5-Omni/low-VRAM-mode/modeling_qwen2_5_omni_low_VRAM_mode.py", line 2490, in forward
    video_embeds = self.visual(pixel_values_videos, grid_thw=video_grid_thw)
  File "/data/armaan/venvs/omnizip_clean/lib/python3.10/site-packages/torch/nn/modules/module.py", line 1739, in _wrapped_call_impl
    return self._call_impl(*args, **kwargs)
  File "/data/armaan/venvs/omnizip_clean/lib/python3.10/site-packages/torch/nn/modules/module.py", line 1750, in _call_impl
    return forward_call(*args, **kwargs)
  File "/data/armaan/purs/Qwen2.5-Omni/low-VRAM-mode/modeling_qwen2_5_omni_low_VRAM_mode.py", line 1366, in forward
    hidden_states = blk(
  File "/data/armaan/venvs/omnizip_clean/lib/python3.10/site-packages/torch/nn/modules/module.py", line 1739, in _wrapped_call_impl
    return self._call_impl(*args, **kwargs)
  File "/data/armaan/venvs/omnizip_clean/lib/python3.10/site-packages/torch/nn/modules/module.py", line 1750, in _call_impl
    return forward_call(*args, **kwargs)
  File "/data/armaan/purs/Qwen2.5-Omni/low-VRAM-mode/modeling_qwen2_5_omni_low_VRAM_mode.py", line 1155, in forward
    hidden_states = hidden_states + self.attn(
  File "/data/armaan/venvs/omnizip_clean/lib/python3.10/site-packages/torch/nn/modules/module.py", line 1739, in _wrapped_call_impl
    return self._call_impl(*args, **kwargs)
  File "/data/armaan/venvs/omnizip_clean/lib/python3.10/site-packages/torch/nn/modules/module.py", line 1750, in _call_impl
    return forward_call(*args, **kwargs)
  File "/data/armaan/purs/Qwen2.5-Omni/low-VRAM-mode/modeling_qwen2_5_omni_low_VRAM_mode.py", line 1116, in forward
    attn_output = F.scaled_dot_product_attention(q, k, v, attention_mask, dropout_p=0.0)
torch.OutOfMemoryError: CUDA out of memory. Tried to allocate 51.44 GiB. GPU 0 has a total capacity of 47.37 GiB of which 36.39 GiB is free. Including non-PyTorch memory, this process has 10.97 GiB memory in use. Of the allocated memory 10.10 GiB is allocated by PyTorch, and 380.27 MiB is reserved by PyTorch but unallocated. If reserved but unallocated memory is large try setting PYTORCH_CUDA_ALLOC_CONF=expandable_segments:True to avoid fragmentation.  See documentation for Memory Management  (https://pytorch.org/docs/stable/notes/cuda.html#environment-variables)


--- worldsense/Event Recognition ---
Traceback (most recent call last):
  File "/data/armaan/purs/eval_qwen_omni.py", line 843, in main
    pred, reasoning = run_inference(
  File "/data/armaan/purs/eval_qwen_omni.py", line 660, in run_inference
    raw_out = model.generate(**gen_in, **gen_kw)
  File "/data/armaan/venvs/omnizip_clean/lib/python3.10/site-packages/awq/models/base.py", line 134, in generate
    return self.model.generate(*args, **kwargs)
  File "/data/armaan/venvs/omnizip_clean/lib/python3.10/site-packages/torch/utils/_contextlib.py", line 116, in decorate_context
    return func(*args, **kwargs)
  File "/data/armaan/purs/Qwen2.5-Omni/low-VRAM-mode/modeling_qwen2_5_omni_low_VRAM_mode.py", line 4760, in generate
    thinker_result = self.thinker.generate(input_ids=input_ids, **thinker_kwargs)
  File "/data/armaan/venvs/omnizip_clean/lib/python3.10/site-packages/torch/utils/_contextlib.py", line 116, in decorate_context
    return func(*args, **kwargs)
  File "/data/armaan/venvs/omnizip_clean/lib/python3.10/site-packages/transformers/generation/utils.py", line 2597, in generate
    result = self._sample(
  File "/data/armaan/venvs/omnizip_clean/lib/python3.10/site-packages/transformers/generation/utils.py", line 3557, in _sample
    outputs = self(**model_inputs, return_dict=True)
  File "/data/armaan/venvs/omnizip_clean/lib/python3.10/site-packages/torch/nn/modules/module.py", line 1739, in _wrapped_call_impl
    return self._call_impl(*args, **kwargs)
  File "/data/armaan/venvs/omnizip_clean/lib/python3.10/site-packages/torch/nn/modules/module.py", line 1750, in _call_impl
    return forward_call(*args, **kwargs)
  File "/data/armaan/purs/Qwen2.5-Omni/low-VRAM-mode/modeling_qwen2_5_omni_low_VRAM_mode.py", line 2490, in forward
    video_embeds = self.visual(pixel_values_videos, grid_thw=video_grid_thw)
  File "/data/armaan/venvs/omnizip_clean/lib/python3.10/site-packages/torch/nn/modules/module.py", line 1739, in _wrapped_call_impl
    return self._call_impl(*args, **kwargs)
  File "/data/armaan/venvs/omnizip_clean/lib/python3.10/site-packages/torch/nn/modules/module.py", line 1750, in _call_impl
    return forward_call(*args, **kwargs)
  File "/data/armaan/purs/Qwen2.5-Omni/low-VRAM-mode/modeling_qwen2_5_omni_low_VRAM_mode.py", line 1366, in forward
    hidden_states = blk(
  File "/data/armaan/venvs/omnizip_clean/lib/python3.10/site-packages/torch/nn/modules/module.py", line 1739, in _wrapped_call_impl
    return self._call_impl(*args, **kwargs)
  File "/data/armaan/venvs/omnizip_clean/lib/python3.10/site-packages/torch/nn/modules/module.py", line 1750, in _call_impl
    return forward_call(*args, **kwargs)
  File "/data/armaan/purs/Qwen2.5-Omni/low-VRAM-mode/modeling_qwen2_5_omni_low_VRAM_mode.py", line 1155, in forward
    hidden_states = hidden_states + self.attn(
  File "/data/armaan/venvs/omnizip_clean/lib/python3.10/site-packages/torch/nn/modules/module.py", line 1739, in _wrapped_call_impl
    return self._call_impl(*args, **kwargs)
  File "/data/armaan/venvs/omnizip_clean/lib/python3.10/site-packages/torch/nn/modules/module.py", line 1750, in _call_impl
    return forward_call(*args, **kwargs)
  File "/data/armaan/purs/Qwen2.5-Omni/low-VRAM-mode/modeling_qwen2_5_omni_low_VRAM_mode.py", line 1116, in forward
    attn_output = F.scaled_dot_product_attention(q, k, v, attention_mask, dropout_p=0.0)
torch.OutOfMemoryError: CUDA out of memory. Tried to allocate 51.44 GiB. GPU 0 has a total capacity of 47.37 GiB of which 36.39 GiB is free. Including non-PyTorch memory, this process has 10.97 GiB memory in use. Of the allocated memory 10.10 GiB is allocated by PyTorch, and 380.27 MiB is reserved by PyTorch but unallocated. If reserved but unallocated memory is large try setting PYTORCH_CUDA_ALLOC_CONF=expandable_segments:True to avoid fragmentation.  See documentation for Memory Management  (https://pytorch.org/docs/stable/notes/cuda.html#environment-variables)


--- worldsense/Event Sorting ---
Traceback (most recent call last):
  File "/data/armaan/purs/eval_qwen_omni.py", line 843, in main
    pred, reasoning = run_inference(
  File "/data/armaan/purs/eval_qwen_omni.py", line 660, in run_inference
    raw_out = model.generate(**gen_in, **gen_kw)
  File "/data/armaan/venvs/omnizip_clean/lib/python3.10/site-packages/awq/models/base.py", line 134, in generate
    return self.model.generate(*args, **kwargs)
  File "/data/armaan/venvs/omnizip_clean/lib/python3.10/site-packages/torch/utils/_contextlib.py", line 116, in decorate_context
    return func(*args, **kwargs)
  File "/data/armaan/purs/Qwen2.5-Omni/low-VRAM-mode/modeling_qwen2_5_omni_low_VRAM_mode.py", line 4760, in generate
    thinker_result = self.thinker.generate(input_ids=input_ids, **thinker_kwargs)
  File "/data/armaan/venvs/omnizip_clean/lib/python3.10/site-packages/torch/utils/_contextlib.py", line 116, in decorate_context
    return func(*args, **kwargs)
  File "/data/armaan/venvs/omnizip_clean/lib/python3.10/site-packages/transformers/generation/utils.py", line 2597, in generate
    result = self._sample(
  File "/data/armaan/venvs/omnizip_clean/lib/python3.10/site-packages/transformers/generation/utils.py", line 3557, in _sample
    outputs = self(**model_inputs, return_dict=True)
  File "/data/armaan/venvs/omnizip_clean/lib/python3.10/site-packages/torch/nn/modules/module.py", line 1739, in _wrapped_call_impl
    return self._call_impl(*args, **kwargs)
  File "/data/armaan/venvs/omnizip_clean/lib/python3.10/site-packages/torch/nn/modules/module.py", line 1750, in _call_impl
    return forward_call(*args, **kwargs)
  File "/data/armaan/purs/Qwen2.5-Omni/low-VRAM-mode/modeling_qwen2_5_omni_low_VRAM_mode.py", line 2490, in forward
    video_embeds = self.visual(pixel_values_videos, grid_thw=video_grid_thw)
  File "/data/armaan/venvs/omnizip_clean/lib/python3.10/site-packages/torch/nn/modules/module.py", line 1739, in _wrapped_call_impl
    return self._call_impl(*args, **kwargs)
  File "/data/armaan/venvs/omnizip_clean/lib/python3.10/site-packages/torch/nn/modules/module.py", line 1750, in _call_impl
    return forward_call(*args, **kwargs)
  File "/data/armaan/purs/Qwen2.5-Omni/low-VRAM-mode/modeling_qwen2_5_omni_low_VRAM_mode.py", line 1366, in forward
    hidden_states = blk(
  File "/data/armaan/venvs/omnizip_clean/lib/python3.10/site-packages/torch/nn/modules/module.py", line 1739, in _wrapped_call_impl
    return self._call_impl(*args, **kwargs)
  File "/data/armaan/venvs/omnizip_clean/lib/python3.10/site-packages/torch/nn/modules/module.py", line 1750, in _call_impl
    return forward_call(*args, **kwargs)
  File "/data/armaan/purs/Qwen2.5-Omni/low-VRAM-mode/modeling_qwen2_5_omni_low_VRAM_mode.py", line 1155, in forward
    hidden_states = hidden_states + self.attn(
  File "/data/armaan/venvs/omnizip_clean/lib/python3.10/site-packages/torch/nn/modules/module.py", line 1739, in _wrapped_call_impl
    return self._call_impl(*args, **kwargs)
  File "/data/armaan/venvs/omnizip_clean/lib/python3.10/site-packages/torch/nn/modules/module.py", line 1750, in _call_impl
    return forward_call(*args, **kwargs)
  File "/data/armaan/purs/Qwen2.5-Omni/low-VRAM-mode/modeling_qwen2_5_omni_low_VRAM_mode.py", line 1116, in forward
    attn_output = F.scaled_dot_product_attention(q, k, v, attention_mask, dropout_p=0.0)
torch.OutOfMemoryError: CUDA out of memory. Tried to allocate 81.00 GiB. GPU 0 has a total capacity of 47.37 GiB of which 34.58 GiB is free. Including non-PyTorch memory, this process has 12.78 GiB memory in use. Of the allocated memory 11.79 GiB is allocated by PyTorch, and 500.74 MiB is reserved by PyTorch but unallocated. If reserved but unallocated memory is large try setting PYTORCH_CUDA_ALLOC_CONF=expandable_segments:True to avoid fragmentation.  See documentation for Memory Management  (https://pytorch.org/docs/stable/notes/cuda.html#environment-variables)


--- worldsense/Event Sorting ---
Traceback (most recent call last):
  File "/data/armaan/purs/eval_qwen_omni.py", line 843, in main
    pred, reasoning = run_inference(
  File "/data/armaan/purs/eval_qwen_omni.py", line 660, in run_inference
    raw_out = model.generate(**gen_in, **gen_kw)
  File "/data/armaan/venvs/omnizip_clean/lib/python3.10/site-packages/awq/models/base.py", line 134, in generate
    return self.model.generate(*args, **kwargs)
  File "/data/armaan/venvs/omnizip_clean/lib/python3.10/site-packages/torch/utils/_contextlib.py", line 116, in decorate_context
    return func(*args, **kwargs)
  File "/data/armaan/purs/Qwen2.5-Omni/low-VRAM-mode/modeling_qwen2_5_omni_low_VRAM_mode.py", line 4760, in generate
    thinker_result = self.thinker.generate(input_ids=input_ids, **thinker_kwargs)
  File "/data/armaan/venvs/omnizip_clean/lib/python3.10/site-packages/torch/utils/_contextlib.py", line 116, in decorate_context
    return func(*args, **kwargs)
  File "/data/armaan/venvs/omnizip_clean/lib/python3.10/site-packages/transformers/generation/utils.py", line 2597, in generate
    result = self._sample(
  File "/data/armaan/venvs/omnizip_clean/lib/python3.10/site-packages/transformers/generation/utils.py", line 3557, in _sample
    outputs = self(**model_inputs, return_dict=True)
  File "/data/armaan/venvs/omnizip_clean/lib/python3.10/site-packages/torch/nn/modules/module.py", line 1739, in _wrapped_call_impl
    return self._call_impl(*args, **kwargs)
  File "/data/armaan/venvs/omnizip_clean/lib/python3.10/site-packages/torch/nn/modules/module.py", line 1750, in _call_impl
    return forward_call(*args, **kwargs)
  File "/data/armaan/purs/Qwen2.5-Omni/low-VRAM-mode/modeling_qwen2_5_omni_low_VRAM_mode.py", line 2490, in forward
    video_embeds = self.visual(pixel_values_videos, grid_thw=video_grid_thw)
  File "/data/armaan/venvs/omnizip_clean/lib/python3.10/site-packages/torch/nn/modules/module.py", line 1739, in _wrapped_call_impl
    return self._call_impl(*args, **kwargs)
  File "/data/armaan/venvs/omnizip_clean/lib/python3.10/site-packages/torch/nn/modules/module.py", line 1750, in _call_impl
    return forward_call(*args, **kwargs)
  File "/data/armaan/purs/Qwen2.5-Omni/low-VRAM-mode/modeling_qwen2_5_omni_low_VRAM_mode.py", line 1366, in forward
    hidden_states = blk(
  File "/data/armaan/venvs/omnizip_clean/lib/python3.10/site-packages/torch/nn/modules/module.py", line 1739, in _wrapped_call_impl
    return self._call_impl(*args, **kwargs)
  File "/data/armaan/venvs/omnizip_clean/lib/python3.10/site-packages/torch/nn/modules/module.py", line 1750, in _call_impl
    return forward_call(*args, **kwargs)
  File "/data/armaan/purs/Qwen2.5-Omni/low-VRAM-mode/modeling_qwen2_5_omni_low_VRAM_mode.py", line 1155, in forward
    hidden_states = hidden_states + self.attn(
  File "/data/armaan/venvs/omnizip_clean/lib/python3.10/site-packages/torch/nn/modules/module.py", line 1739, in _wrapped_call_impl
    return self._call_impl(*args, **kwargs)
  File "/data/armaan/venvs/omnizip_clean/lib/python3.10/site-packages/torch/nn/modules/module.py", line 1750, in _call_impl
    return forward_call(*args, **kwargs)
  File "/data/armaan/purs/Qwen2.5-Omni/low-VRAM-mode/modeling_qwen2_5_omni_low_VRAM_mode.py", line 1116, in forward
    attn_output = F.scaled_dot_product_attention(q, k, v, attention_mask, dropout_p=0.0)
torch.OutOfMemoryError: CUDA out of memory. Tried to allocate 81.00 GiB. GPU 0 has a total capacity of 47.37 GiB of which 34.62 GiB is free. Including non-PyTorch memory, this process has 12.74 GiB memory in use. Of the allocated memory 11.79 GiB is allocated by PyTorch, and 460.39 MiB is reserved by PyTorch but unallocated. If reserved but unallocated memory is large try setting PYTORCH_CUDA_ALLOC_CONF=expandable_segments:True to avoid fragmentation.  See documentation for Memory Management  (https://pytorch.org/docs/stable/notes/cuda.html#environment-variables)


--- worldsense/Event Sorting ---
Traceback (most recent call last):
  File "/data/armaan/purs/eval_qwen_omni.py", line 843, in main
    pred, reasoning = run_inference(
  File "/data/armaan/purs/eval_qwen_omni.py", line 660, in run_inference
    raw_out = model.generate(**gen_in, **gen_kw)
  File "/data/armaan/venvs/omnizip_clean/lib/python3.10/site-packages/awq/models/base.py", line 134, in generate
    return self.model.generate(*args, **kwargs)
  File "/data/armaan/venvs/omnizip_clean/lib/python3.10/site-packages/torch/utils/_contextlib.py", line 116, in decorate_context
    return func(*args, **kwargs)
  File "/data/armaan/purs/Qwen2.5-Omni/low-VRAM-mode/modeling_qwen2_5_omni_low_VRAM_mode.py", line 4760, in generate
    thinker_result = self.thinker.generate(input_ids=input_ids, **thinker_kwargs)
  File "/data/armaan/venvs/omnizip_clean/lib/python3.10/site-packages/torch/utils/_contextlib.py", line 116, in decorate_context
    return func(*args, **kwargs)
  File "/data/armaan/venvs/omnizip_clean/lib/python3.10/site-packages/transformers/generation/utils.py", line 2597, in generate
    result = self._sample(
  File "/data/armaan/venvs/omnizip_clean/lib/python3.10/site-packages/transformers/generation/utils.py", line 3557, in _sample
    outputs = self(**model_inputs, return_dict=True)
  File "/data/armaan/venvs/omnizip_clean/lib/python3.10/site-packages/torch/nn/modules/module.py", line 1739, in _wrapped_call_impl
    return self._call_impl(*args, **kwargs)
  File "/data/armaan/venvs/omnizip_clean/lib/python3.10/site-packages/torch/nn/modules/module.py", line 1750, in _call_impl
    return forward_call(*args, **kwargs)
  File "/data/armaan/purs/Qwen2.5-Omni/low-VRAM-mode/modeling_qwen2_5_omni_low_VRAM_mode.py", line 2490, in forward
    video_embeds = self.visual(pixel_values_videos, grid_thw=video_grid_thw)
  File "/data/armaan/venvs/omnizip_clean/lib/python3.10/site-packages/torch/nn/modules/module.py", line 1739, in _wrapped_call_impl
    return self._call_impl(*args, **kwargs)
  File "/data/armaan/venvs/omnizip_clean/lib/python3.10/site-packages/torch/nn/modules/module.py", line 1750, in _call_impl
    return forward_call(*args, **kwargs)
  File "/data/armaan/purs/Qwen2.5-Omni/low-VRAM-mode/modeling_qwen2_5_omni_low_VRAM_mode.py", line 1366, in forward
    hidden_states = blk(
  File "/data/armaan/venvs/omnizip_clean/lib/python3.10/site-packages/torch/nn/modules/module.py", line 1739, in _wrapped_call_impl
    return self._call_impl(*args, **kwargs)
  File "/data/armaan/venvs/omnizip_clean/lib/python3.10/site-packages/torch/nn/modules/module.py", line 1750, in _call_impl
    return forward_call(*args, **kwargs)
  File "/data/armaan/purs/Qwen2.5-Omni/low-VRAM-mode/modeling_qwen2_5_omni_low_VRAM_mode.py", line 1155, in forward
    hidden_states = hidden_states + self.attn(
  File "/data/armaan/venvs/omnizip_clean/lib/python3.10/site-packages/torch/nn/modules/module.py", line 1739, in _wrapped_call_impl
    return self._call_impl(*args, **kwargs)
  File "/data/armaan/venvs/omnizip_clean/lib/python3.10/site-packages/torch/nn/modules/module.py", line 1750, in _call_impl
    return forward_call(*args, **kwargs)
  File "/data/armaan/purs/Qwen2.5-Omni/low-VRAM-mode/modeling_qwen2_5_omni_low_VRAM_mode.py", line 1116, in forward
    attn_output = F.scaled_dot_product_attention(q, k, v, attention_mask, dropout_p=0.0)
torch.OutOfMemoryError: CUDA out of memory. Tried to allocate 81.00 GiB. GPU 0 has a total capacity of 47.37 GiB of which 34.62 GiB is free. Including non-PyTorch memory, this process has 12.74 GiB memory in use. Of the allocated memory 11.79 GiB is allocated by PyTorch, and 460.60 MiB is reserved by PyTorch but unallocated. If reserved but unallocated memory is large try setting PYTORCH_CUDA_ALLOC_CONF=expandable_segments:True to avoid fragmentation.  See documentation for Memory Management  (https://pytorch.org/docs/stable/notes/cuda.html#environment-variables)


--- worldsense/Event Sorting ---
Traceback (most recent call last):
  File "/data/armaan/purs/eval_qwen_omni.py", line 843, in main
    pred, reasoning = run_inference(
  File "/data/armaan/purs/eval_qwen_omni.py", line 660, in run_inference
    raw_out = model.generate(**gen_in, **gen_kw)
  File "/data/armaan/venvs/omnizip_clean/lib/python3.10/site-packages/awq/models/base.py", line 134, in generate
    return self.model.generate(*args, **kwargs)
  File "/data/armaan/venvs/omnizip_clean/lib/python3.10/site-packages/torch/utils/_contextlib.py", line 116, in decorate_context
    return func(*args, **kwargs)
  File "/data/armaan/purs/Qwen2.5-Omni/low-VRAM-mode/modeling_qwen2_5_omni_low_VRAM_mode.py", line 4760, in generate
    thinker_result = self.thinker.generate(input_ids=input_ids, **thinker_kwargs)
  File "/data/armaan/venvs/omnizip_clean/lib/python3.10/site-packages/torch/utils/_contextlib.py", line 116, in decorate_context
    return func(*args, **kwargs)
  File "/data/armaan/venvs/omnizip_clean/lib/python3.10/site-packages/transformers/generation/utils.py", line 2597, in generate
    result = self._sample(
  File "/data/armaan/venvs/omnizip_clean/lib/python3.10/site-packages/transformers/generation/utils.py", line 3557, in _sample
    outputs = self(**model_inputs, return_dict=True)
  File "/data/armaan/venvs/omnizip_clean/lib/python3.10/site-packages/torch/nn/modules/module.py", line 1739, in _wrapped_call_impl
    return self._call_impl(*args, **kwargs)
  File "/data/armaan/venvs/omnizip_clean/lib/python3.10/site-packages/torch/nn/modules/module.py", line 1750, in _call_impl
    return forward_call(*args, **kwargs)
  File "/data/armaan/purs/Qwen2.5-Omni/low-VRAM-mode/modeling_qwen2_5_omni_low_VRAM_mode.py", line 2490, in forward
    video_embeds = self.visual(pixel_values_videos, grid_thw=video_grid_thw)
  File "/data/armaan/venvs/omnizip_clean/lib/python3.10/site-packages/torch/nn/modules/module.py", line 1739, in _wrapped_call_impl
    return self._call_impl(*args, **kwargs)
  File "/data/armaan/venvs/omnizip_clean/lib/python3.10/site-packages/torch/nn/modules/module.py", line 1750, in _call_impl
    return forward_call(*args, **kwargs)
  File "/data/armaan/purs/Qwen2.5-Omni/low-VRAM-mode/modeling_qwen2_5_omni_low_VRAM_mode.py", line 1366, in forward
    hidden_states = blk(
  File "/data/armaan/venvs/omnizip_clean/lib/python3.10/site-packages/torch/nn/modules/module.py", line 1739, in _wrapped_call_impl
    return self._call_impl(*args, **kwargs)
  File "/data/armaan/venvs/omnizip_clean/lib/python3.10/site-packages/torch/nn/modules/module.py", line 1750, in _call_impl
    return forward_call(*args, **kwargs)
  File "/data/armaan/purs/Qwen2.5-Omni/low-VRAM-mode/modeling_qwen2_5_omni_low_VRAM_mode.py", line 1155, in forward
    hidden_states = hidden_states + self.attn(
  File "/data/armaan/venvs/omnizip_clean/lib/python3.10/site-packages/torch/nn/modules/module.py", line 1739, in _wrapped_call_impl
    return self._call_impl(*args, **kwargs)
  File "/data/armaan/venvs/omnizip_clean/lib/python3.10/site-packages/torch/nn/modules/module.py", line 1750, in _call_impl
    return forward_call(*args, **kwargs)
  File "/data/armaan/purs/Qwen2.5-Omni/low-VRAM-mode/modeling_qwen2_5_omni_low_VRAM_mode.py", line 1116, in forward
    attn_output = F.scaled_dot_product_attention(q, k, v, attention_mask, dropout_p=0.0)
torch.OutOfMemoryError: CUDA out of memory. Tried to allocate 81.00 GiB. GPU 0 has a total capacity of 47.37 GiB of which 34.62 GiB is free. Including non-PyTorch memory, this process has 12.74 GiB memory in use. Of the allocated memory 11.79 GiB is allocated by PyTorch, and 460.71 MiB is reserved by PyTorch but unallocated. If reserved but unallocated memory is large try setting PYTORCH_CUDA_ALLOC_CONF=expandable_segments:True to avoid fragmentation.  See documentation for Memory Management  (https://pytorch.org/docs/stable/notes/cuda.html#environment-variables)


--- worldsense/Hallucination ---
Traceback (most recent call last):
  File "/data/armaan/purs/eval_qwen_omni.py", line 843, in main
    pred, reasoning = run_inference(
  File "/data/armaan/purs/eval_qwen_omni.py", line 660, in run_inference
    raw_out = model.generate(**gen_in, **gen_kw)
  File "/data/armaan/venvs/omnizip_clean/lib/python3.10/site-packages/awq/models/base.py", line 134, in generate
    return self.model.generate(*args, **kwargs)
  File "/data/armaan/venvs/omnizip_clean/lib/python3.10/site-packages/torch/utils/_contextlib.py", line 116, in decorate_context
    return func(*args, **kwargs)
  File "/data/armaan/purs/Qwen2.5-Omni/low-VRAM-mode/modeling_qwen2_5_omni_low_VRAM_mode.py", line 4760, in generate
    thinker_result = self.thinker.generate(input_ids=input_ids, **thinker_kwargs)
  File "/data/armaan/venvs/omnizip_clean/lib/python3.10/site-packages/torch/utils/_contextlib.py", line 116, in decorate_context
    return func(*args, **kwargs)
  File "/data/armaan/venvs/omnizip_clean/lib/python3.10/site-packages/transformers/generation/utils.py", line 2597, in generate
    result = self._sample(
  File "/data/armaan/venvs/omnizip_clean/lib/python3.10/site-packages/transformers/generation/utils.py", line 3557, in _sample
    outputs = self(**model_inputs, return_dict=True)
  File "/data/armaan/venvs/omnizip_clean/lib/python3.10/site-packages/torch/nn/modules/module.py", line 1739, in _wrapped_call_impl
    return self._call_impl(*args, **kwargs)
  File "/data/armaan/venvs/omnizip_clean/lib/python3.10/site-packages/torch/nn/modules/module.py", line 1750, in _call_impl
    return forward_call(*args, **kwargs)
  File "/data/armaan/purs/Qwen2.5-Omni/low-VRAM-mode/modeling_qwen2_5_omni_low_VRAM_mode.py", line 2490, in forward
    video_embeds = self.visual(pixel_values_videos, grid_thw=video_grid_thw)
  File "/data/armaan/venvs/omnizip_clean/lib/python3.10/site-packages/torch/nn/modules/module.py", line 1739, in _wrapped_call_impl
    return self._call_impl(*args, **kwargs)
  File "/data/armaan/venvs/omnizip_clean/lib/python3.10/site-packages/torch/nn/modules/module.py", line 1750, in _call_impl
    return forward_call(*args, **kwargs)
  File "/data/armaan/purs/Qwen2.5-Omni/low-VRAM-mode/modeling_qwen2_5_omni_low_VRAM_mode.py", line 1366, in forward
    hidden_states = blk(
  File "/data/armaan/venvs/omnizip_clean/lib/python3.10/site-packages/torch/nn/modules/module.py", line 1739, in _wrapped_call_impl
    return self._call_impl(*args, **kwargs)
  File "/data/armaan/venvs/omnizip_clean/lib/python3.10/site-packages/torch/nn/modules/module.py", line 1750, in _call_impl
    return forward_call(*args, **kwargs)
  File "/data/armaan/purs/Qwen2.5-Omni/low-VRAM-mode/modeling_qwen2_5_omni_low_VRAM_mode.py", line 1155, in forward
    hidden_states = hidden_states + self.attn(
  File "/data/armaan/venvs/omnizip_clean/lib/python3.10/site-packages/torch/nn/modules/module.py", line 1739, in _wrapped_call_impl
    return self._call_impl(*args, **kwargs)
  File "/data/armaan/venvs/omnizip_clean/lib/python3.10/site-packages/torch/nn/modules/module.py", line 1750, in _call_impl
    return forward_call(*args, **kwargs)
  File "/data/armaan/purs/Qwen2.5-Omni/low-VRAM-mode/modeling_qwen2_5_omni_low_VRAM_mode.py", line 1116, in forward
    attn_output = F.scaled_dot_product_attention(q, k, v, attention_mask, dropout_p=0.0)
torch.OutOfMemoryError: CUDA out of memory. Tried to allocate 25.63 GiB. GPU 0 has a total capacity of 47.37 GiB of which 12.40 GiB is free. Including non-PyTorch memory, this process has 34.96 GiB memory in use. Of the allocated memory 34.07 GiB is allocated by PyTorch, and 395.49 MiB is reserved by PyTorch but unallocated. If reserved but unallocated memory is large try setting PYTORCH_CUDA_ALLOC_CONF=expandable_segments:True to avoid fragmentation.  See documentation for Memory Management  (https://pytorch.org/docs/stable/notes/cuda.html#environment-variables)


--- worldsense/Hallucination ---
Traceback (most recent call last):
  File "/data/armaan/purs/eval_qwen_omni.py", line 843, in main
    pred, reasoning = run_inference(
  File "/data/armaan/purs/eval_qwen_omni.py", line 660, in run_inference
    raw_out = model.generate(**gen_in, **gen_kw)
  File "/data/armaan/venvs/omnizip_clean/lib/python3.10/site-packages/awq/models/base.py", line 134, in generate
    return self.model.generate(*args, **kwargs)
  File "/data/armaan/venvs/omnizip_clean/lib/python3.10/site-packages/torch/utils/_contextlib.py", line 116, in decorate_context
    return func(*args, **kwargs)
  File "/data/armaan/purs/Qwen2.5-Omni/low-VRAM-mode/modeling_qwen2_5_omni_low_VRAM_mode.py", line 4760, in generate
    thinker_result = self.thinker.generate(input_ids=input_ids, **thinker_kwargs)
  File "/data/armaan/venvs/omnizip_clean/lib/python3.10/site-packages/torch/utils/_contextlib.py", line 116, in decorate_context
    return func(*args, **kwargs)
  File "/data/armaan/venvs/omnizip_clean/lib/python3.10/site-packages/transformers/generation/utils.py", line 2597, in generate
    result = self._sample(
  File "/data/armaan/venvs/omnizip_clean/lib/python3.10/site-packages/transformers/generation/utils.py", line 3557, in _sample
    outputs = self(**model_inputs, return_dict=True)
  File "/data/armaan/venvs/omnizip_clean/lib/python3.10/site-packages/torch/nn/modules/module.py", line 1739, in _wrapped_call_impl
    return self._call_impl(*args, **kwargs)
  File "/data/armaan/venvs/omnizip_clean/lib/python3.10/site-packages/torch/nn/modules/module.py", line 1750, in _call_impl
    return forward_call(*args, **kwargs)
  File "/data/armaan/purs/Qwen2.5-Omni/low-VRAM-mode/modeling_qwen2_5_omni_low_VRAM_mode.py", line 2490, in forward
    video_embeds = self.visual(pixel_values_videos, grid_thw=video_grid_thw)
  File "/data/armaan/venvs/omnizip_clean/lib/python3.10/site-packages/torch/nn/modules/module.py", line 1739, in _wrapped_call_impl
    return self._call_impl(*args, **kwargs)
  File "/data/armaan/venvs/omnizip_clean/lib/python3.10/site-packages/torch/nn/modules/module.py", line 1750, in _call_impl
    return forward_call(*args, **kwargs)
  File "/data/armaan/purs/Qwen2.5-Omni/low-VRAM-mode/modeling_qwen2_5_omni_low_VRAM_mode.py", line 1366, in forward
    hidden_states = blk(
  File "/data/armaan/venvs/omnizip_clean/lib/python3.10/site-packages/torch/nn/modules/module.py", line 1739, in _wrapped_call_impl
    return self._call_impl(*args, **kwargs)
  File "/data/armaan/venvs/omnizip_clean/lib/python3.10/site-packages/torch/nn/modules/module.py", line 1750, in _call_impl
    return forward_call(*args, **kwargs)
  File "/data/armaan/purs/Qwen2.5-Omni/low-VRAM-mode/modeling_qwen2_5_omni_low_VRAM_mode.py", line 1155, in forward
    hidden_states = hidden_states + self.attn(
  File "/data/armaan/venvs/omnizip_clean/lib/python3.10/site-packages/torch/nn/modules/module.py", line 1739, in _wrapped_call_impl
    return self._call_impl(*args, **kwargs)
  File "/data/armaan/venvs/omnizip_clean/lib/python3.10/site-packages/torch/nn/modules/module.py", line 1750, in _call_impl
    return forward_call(*args, **kwargs)
  File "/data/armaan/purs/Qwen2.5-Omni/low-VRAM-mode/modeling_qwen2_5_omni_low_VRAM_mode.py", line 1116, in forward
    attn_output = F.scaled_dot_product_attention(q, k, v, attention_mask, dropout_p=0.0)
torch.OutOfMemoryError: CUDA out of memory. Tried to allocate 25.63 GiB. GPU 0 has a total capacity of 47.37 GiB of which 12.46 GiB is free. Including non-PyTorch memory, this process has 34.90 GiB memory in use. Of the allocated memory 34.07 GiB is allocated by PyTorch, and 336.15 MiB is reserved by PyTorch but unallocated. If reserved but unallocated memory is large try setting PYTORCH_CUDA_ALLOC_CONF=expandable_segments:True to avoid fragmentation.  See documentation for Memory Management  (https://pytorch.org/docs/stable/notes/cuda.html#environment-variables)


--- worldsense/Hallucination ---
Traceback (most recent call last):
  File "/data/armaan/purs/eval_qwen_omni.py", line 843, in main
    pred, reasoning = run_inference(
  File "/data/armaan/purs/eval_qwen_omni.py", line 660, in run_inference
    raw_out = model.generate(**gen_in, **gen_kw)
  File "/data/armaan/venvs/omnizip_clean/lib/python3.10/site-packages/awq/models/base.py", line 134, in generate
    return self.model.generate(*args, **kwargs)
  File "/data/armaan/venvs/omnizip_clean/lib/python3.10/site-packages/torch/utils/_contextlib.py", line 116, in decorate_context
    return func(*args, **kwargs)
  File "/data/armaan/purs/Qwen2.5-Omni/low-VRAM-mode/modeling_qwen2_5_omni_low_VRAM_mode.py", line 4760, in generate
    thinker_result = self.thinker.generate(input_ids=input_ids, **thinker_kwargs)
  File "/data/armaan/venvs/omnizip_clean/lib/python3.10/site-packages/torch/utils/_contextlib.py", line 116, in decorate_context
    return func(*args, **kwargs)
  File "/data/armaan/venvs/omnizip_clean/lib/python3.10/site-packages/transformers/generation/utils.py", line 2597, in generate
    result = self._sample(
  File "/data/armaan/venvs/omnizip_clean/lib/python3.10/site-packages/transformers/generation/utils.py", line 3557, in _sample
    outputs = self(**model_inputs, return_dict=True)
  File "/data/armaan/venvs/omnizip_clean/lib/python3.10/site-packages/torch/nn/modules/module.py", line 1739, in _wrapped_call_impl
    return self._call_impl(*args, **kwargs)
  File "/data/armaan/venvs/omnizip_clean/lib/python3.10/site-packages/torch/nn/modules/module.py", line 1750, in _call_impl
    return forward_call(*args, **kwargs)
  File "/data/armaan/purs/Qwen2.5-Omni/low-VRAM-mode/modeling_qwen2_5_omni_low_VRAM_mode.py", line 2490, in forward
    video_embeds = self.visual(pixel_values_videos, grid_thw=video_grid_thw)
  File "/data/armaan/venvs/omnizip_clean/lib/python3.10/site-packages/torch/nn/modules/module.py", line 1739, in _wrapped_call_impl
    return self._call_impl(*args, **kwargs)
  File "/data/armaan/venvs/omnizip_clean/lib/python3.10/site-packages/torch/nn/modules/module.py", line 1750, in _call_impl
    return forward_call(*args, **kwargs)
  File "/data/armaan/purs/Qwen2.5-Omni/low-VRAM-mode/modeling_qwen2_5_omni_low_VRAM_mode.py", line 1366, in forward
    hidden_states = blk(
  File "/data/armaan/venvs/omnizip_clean/lib/python3.10/site-packages/torch/nn/modules/module.py", line 1739, in _wrapped_call_impl
    return self._call_impl(*args, **kwargs)
  File "/data/armaan/venvs/omnizip_clean/lib/python3.10/site-packages/torch/nn/modules/module.py", line 1750, in _call_impl
    return forward_call(*args, **kwargs)
  File "/data/armaan/purs/Qwen2.5-Omni/low-VRAM-mode/modeling_qwen2_5_omni_low_VRAM_mode.py", line 1155, in forward
    hidden_states = hidden_states + self.attn(
  File "/data/armaan/venvs/omnizip_clean/lib/python3.10/site-packages/torch/nn/modules/module.py", line 1739, in _wrapped_call_impl
    return self._call_impl(*args, **kwargs)
  File "/data/armaan/venvs/omnizip_clean/lib/python3.10/site-packages/torch/nn/modules/module.py", line 1750, in _call_impl
    return forward_call(*args, **kwargs)
  File "/data/armaan/purs/Qwen2.5-Omni/low-VRAM-mode/modeling_qwen2_5_omni_low_VRAM_mode.py", line 1116, in forward
    attn_output = F.scaled_dot_product_attention(q, k, v, attention_mask, dropout_p=0.0)
torch.OutOfMemoryError: CUDA out of memory. Tried to allocate 25.63 GiB. GPU 0 has a total capacity of 47.37 GiB of which 12.46 GiB is free. Including non-PyTorch memory, this process has 34.90 GiB memory in use. Of the allocated memory 34.07 GiB is allocated by PyTorch, and 335.93 MiB is reserved by PyTorch but unallocated. If reserved but unallocated memory is large try setting PYTORCH_CUDA_ALLOC_CONF=expandable_segments:True to avoid fragmentation.  See documentation for Memory Management  (https://pytorch.org/docs/stable/notes/cuda.html#environment-variables)


--- worldsense/Human Emotions ---
Traceback (most recent call last):
  File "/data/armaan/purs/eval_qwen_omni.py", line 843, in main
    pred, reasoning = run_inference(
  File "/data/armaan/purs/eval_qwen_omni.py", line 660, in run_inference
    raw_out = model.generate(**gen_in, **gen_kw)
  File "/data/armaan/venvs/omnizip_clean/lib/python3.10/site-packages/awq/models/base.py", line 134, in generate
    return self.model.generate(*args, **kwargs)
  File "/data/armaan/venvs/omnizip_clean/lib/python3.10/site-packages/torch/utils/_contextlib.py", line 116, in decorate_context
    return func(*args, **kwargs)
  File "/data/armaan/purs/Qwen2.5-Omni/low-VRAM-mode/modeling_qwen2_5_omni_low_VRAM_mode.py", line 4760, in generate
    thinker_result = self.thinker.generate(input_ids=input_ids, **thinker_kwargs)
  File "/data/armaan/venvs/omnizip_clean/lib/python3.10/site-packages/torch/utils/_contextlib.py", line 116, in decorate_context
    return func(*args, **kwargs)
  File "/data/armaan/venvs/omnizip_clean/lib/python3.10/site-packages/transformers/generation/utils.py", line 2597, in generate
    result = self._sample(
  File "/data/armaan/venvs/omnizip_clean/lib/python3.10/site-packages/transformers/generation/utils.py", line 3557, in _sample
    outputs = self(**model_inputs, return_dict=True)
  File "/data/armaan/venvs/omnizip_clean/lib/python3.10/site-packages/torch/nn/modules/module.py", line 1739, in _wrapped_call_impl
    return self._call_impl(*args, **kwargs)
  File "/data/armaan/venvs/omnizip_clean/lib/python3.10/site-packages/torch/nn/modules/module.py", line 1750, in _call_impl
    return forward_call(*args, **kwargs)
  File "/data/armaan/purs/Qwen2.5-Omni/low-VRAM-mode/modeling_qwen2_5_omni_low_VRAM_mode.py", line 2490, in forward
    video_embeds = self.visual(pixel_values_videos, grid_thw=video_grid_thw)
  File "/data/armaan/venvs/omnizip_clean/lib/python3.10/site-packages/torch/nn/modules/module.py", line 1739, in _wrapped_call_impl
    return self._call_impl(*args, **kwargs)
  File "/data/armaan/venvs/omnizip_clean/lib/python3.10/site-packages/torch/nn/modules/module.py", line 1750, in _call_impl
    return forward_call(*args, **kwargs)
  File "/data/armaan/purs/Qwen2.5-Omni/low-VRAM-mode/modeling_qwen2_5_omni_low_VRAM_mode.py", line 1366, in forward
    hidden_states = blk(
  File "/data/armaan/venvs/omnizip_clean/lib/python3.10/site-packages/torch/nn/modules/module.py", line 1739, in _wrapped_call_impl
    return self._call_impl(*args, **kwargs)
  File "/data/armaan/venvs/omnizip_clean/lib/python3.10/site-packages/torch/nn/modules/module.py", line 1750, in _call_impl
    return forward_call(*args, **kwargs)
  File "/data/armaan/purs/Qwen2.5-Omni/low-VRAM-mode/modeling_qwen2_5_omni_low_VRAM_mode.py", line 1155, in forward
    hidden_states = hidden_states + self.attn(
  File "/data/armaan/venvs/omnizip_clean/lib/python3.10/site-packages/torch/nn/modules/module.py", line 1739, in _wrapped_call_impl
    return self._call_impl(*args, **kwargs)
  File "/data/armaan/venvs/omnizip_clean/lib/python3.10/site-packages/torch/nn/modules/module.py", line 1750, in _call_impl
    return forward_call(*args, **kwargs)
  File "/data/armaan/purs/Qwen2.5-Omni/low-VRAM-mode/modeling_qwen2_5_omni_low_VRAM_mode.py", line 1116, in forward
    attn_output = F.scaled_dot_product_attention(q, k, v, attention_mask, dropout_p=0.0)
torch.OutOfMemoryError: CUDA out of memory. Tried to allocate 45.56 GiB. GPU 0 has a total capacity of 47.37 GiB of which 36.76 GiB is free. Including non-PyTorch memory, this process has 10.60 GiB memory in use. Of the allocated memory 9.76 GiB is allocated by PyTorch, and 348.81 MiB is reserved by PyTorch but unallocated. If reserved but unallocated memory is large try setting PYTORCH_CUDA_ALLOC_CONF=expandable_segments:True to avoid fragmentation.  See documentation for Memory Management  (https://pytorch.org/docs/stable/notes/cuda.html#environment-variables)


--- worldsense/Human Emotions ---
Traceback (most recent call last):
  File "/data/armaan/purs/eval_qwen_omni.py", line 843, in main
    pred, reasoning = run_inference(
  File "/data/armaan/purs/eval_qwen_omni.py", line 660, in run_inference
    raw_out = model.generate(**gen_in, **gen_kw)
  File "/data/armaan/venvs/omnizip_clean/lib/python3.10/site-packages/awq/models/base.py", line 134, in generate
    return self.model.generate(*args, **kwargs)
  File "/data/armaan/venvs/omnizip_clean/lib/python3.10/site-packages/torch/utils/_contextlib.py", line 116, in decorate_context
    return func(*args, **kwargs)
  File "/data/armaan/purs/Qwen2.5-Omni/low-VRAM-mode/modeling_qwen2_5_omni_low_VRAM_mode.py", line 4760, in generate
    thinker_result = self.thinker.generate(input_ids=input_ids, **thinker_kwargs)
  File "/data/armaan/venvs/omnizip_clean/lib/python3.10/site-packages/torch/utils/_contextlib.py", line 116, in decorate_context
    return func(*args, **kwargs)
  File "/data/armaan/venvs/omnizip_clean/lib/python3.10/site-packages/transformers/generation/utils.py", line 2597, in generate
    result = self._sample(
  File "/data/armaan/venvs/omnizip_clean/lib/python3.10/site-packages/transformers/generation/utils.py", line 3557, in _sample
    outputs = self(**model_inputs, return_dict=True)
  File "/data/armaan/venvs/omnizip_clean/lib/python3.10/site-packages/torch/nn/modules/module.py", line 1739, in _wrapped_call_impl
    return self._call_impl(*args, **kwargs)
  File "/data/armaan/venvs/omnizip_clean/lib/python3.10/site-packages/torch/nn/modules/module.py", line 1750, in _call_impl
    return forward_call(*args, **kwargs)
  File "/data/armaan/purs/Qwen2.5-Omni/low-VRAM-mode/modeling_qwen2_5_omni_low_VRAM_mode.py", line 2490, in forward
    video_embeds = self.visual(pixel_values_videos, grid_thw=video_grid_thw)
  File "/data/armaan/venvs/omnizip_clean/lib/python3.10/site-packages/torch/nn/modules/module.py", line 1739, in _wrapped_call_impl
    return self._call_impl(*args, **kwargs)
  File "/data/armaan/venvs/omnizip_clean/lib/python3.10/site-packages/torch/nn/modules/module.py", line 1750, in _call_impl
    return forward_call(*args, **kwargs)
  File "/data/armaan/purs/Qwen2.5-Omni/low-VRAM-mode/modeling_qwen2_5_omni_low_VRAM_mode.py", line 1366, in forward
    hidden_states = blk(
  File "/data/armaan/venvs/omnizip_clean/lib/python3.10/site-packages/torch/nn/modules/module.py", line 1739, in _wrapped_call_impl
    return self._call_impl(*args, **kwargs)
  File "/data/armaan/venvs/omnizip_clean/lib/python3.10/site-packages/torch/nn/modules/module.py", line 1750, in _call_impl
    return forward_call(*args, **kwargs)
  File "/data/armaan/purs/Qwen2.5-Omni/low-VRAM-mode/modeling_qwen2_5_omni_low_VRAM_mode.py", line 1155, in forward
    hidden_states = hidden_states + self.attn(
  File "/data/armaan/venvs/omnizip_clean/lib/python3.10/site-packages/torch/nn/modules/module.py", line 1739, in _wrapped_call_impl
    return self._call_impl(*args, **kwargs)
  File "/data/armaan/venvs/omnizip_clean/lib/python3.10/site-packages/torch/nn/modules/module.py", line 1750, in _call_impl
    return forward_call(*args, **kwargs)
  File "/data/armaan/purs/Qwen2.5-Omni/low-VRAM-mode/modeling_qwen2_5_omni_low_VRAM_mode.py", line 1116, in forward
    attn_output = F.scaled_dot_product_attention(q, k, v, attention_mask, dropout_p=0.0)
torch.OutOfMemoryError: CUDA out of memory. Tried to allocate 45.56 GiB. GPU 0 has a total capacity of 47.37 GiB of which 36.76 GiB is free. Including non-PyTorch memory, this process has 10.60 GiB memory in use. Of the allocated memory 9.76 GiB is allocated by PyTorch, and 348.73 MiB is reserved by PyTorch but unallocated. If reserved but unallocated memory is large try setting PYTORCH_CUDA_ALLOC_CONF=expandable_segments:True to avoid fragmentation.  See documentation for Memory Management  (https://pytorch.org/docs/stable/notes/cuda.html#environment-variables)


--- worldsense/Human Interaction ---
Traceback (most recent call last):
  File "/data/armaan/purs/eval_qwen_omni.py", line 843, in main
    pred, reasoning = run_inference(
  File "/data/armaan/purs/eval_qwen_omni.py", line 660, in run_inference
    raw_out = model.generate(**gen_in, **gen_kw)
  File "/data/armaan/venvs/omnizip_clean/lib/python3.10/site-packages/awq/models/base.py", line 134, in generate
    return self.model.generate(*args, **kwargs)
  File "/data/armaan/venvs/omnizip_clean/lib/python3.10/site-packages/torch/utils/_contextlib.py", line 116, in decorate_context
    return func(*args, **kwargs)
  File "/data/armaan/purs/Qwen2.5-Omni/low-VRAM-mode/modeling_qwen2_5_omni_low_VRAM_mode.py", line 4760, in generate
    thinker_result = self.thinker.generate(input_ids=input_ids, **thinker_kwargs)
  File "/data/armaan/venvs/omnizip_clean/lib/python3.10/site-packages/torch/utils/_contextlib.py", line 116, in decorate_context
    return func(*args, **kwargs)
  File "/data/armaan/venvs/omnizip_clean/lib/python3.10/site-packages/transformers/generation/utils.py", line 2597, in generate
    result = self._sample(
  File "/data/armaan/venvs/omnizip_clean/lib/python3.10/site-packages/transformers/generation/utils.py", line 3557, in _sample
    outputs = self(**model_inputs, return_dict=True)
  File "/data/armaan/venvs/omnizip_clean/lib/python3.10/site-packages/torch/nn/modules/module.py", line 1739, in _wrapped_call_impl
    return self._call_impl(*args, **kwargs)
  File "/data/armaan/venvs/omnizip_clean/lib/python3.10/site-packages/torch/nn/modules/module.py", line 1750, in _call_impl
    return forward_call(*args, **kwargs)
  File "/data/armaan/purs/Qwen2.5-Omni/low-VRAM-mode/modeling_qwen2_5_omni_low_VRAM_mode.py", line 2490, in forward
    video_embeds = self.visual(pixel_values_videos, grid_thw=video_grid_thw)
  File "/data/armaan/venvs/omnizip_clean/lib/python3.10/site-packages/torch/nn/modules/module.py", line 1739, in _wrapped_call_impl
    return self._call_impl(*args, **kwargs)
  File "/data/armaan/venvs/omnizip_clean/lib/python3.10/site-packages/torch/nn/modules/module.py", line 1750, in _call_impl
    return forward_call(*args, **kwargs)
  File "/data/armaan/purs/Qwen2.5-Omni/low-VRAM-mode/modeling_qwen2_5_omni_low_VRAM_mode.py", line 1366, in forward
    hidden_states = blk(
  File "/data/armaan/venvs/omnizip_clean/lib/python3.10/site-packages/torch/nn/modules/module.py", line 1739, in _wrapped_call_impl
    return self._call_impl(*args, **kwargs)
  File "/data/armaan/venvs/omnizip_clean/lib/python3.10/site-packages/torch/nn/modules/module.py", line 1750, in _call_impl
    return forward_call(*args, **kwargs)
  File "/data/armaan/purs/Qwen2.5-Omni/low-VRAM-mode/modeling_qwen2_5_omni_low_VRAM_mode.py", line 1155, in forward
    hidden_states = hidden_states + self.attn(
  File "/data/armaan/venvs/omnizip_clean/lib/python3.10/site-packages/torch/nn/modules/module.py", line 1739, in _wrapped_call_impl
    return self._call_impl(*args, **kwargs)
  File "/data/armaan/venvs/omnizip_clean/lib/python3.10/site-packages/torch/nn/modules/module.py", line 1750, in _call_impl
    return forward_call(*args, **kwargs)
  File "/data/armaan/purs/Qwen2.5-Omni/low-VRAM-mode/modeling_qwen2_5_omni_low_VRAM_mode.py", line 1116, in forward
    attn_output = F.scaled_dot_product_attention(q, k, v, attention_mask, dropout_p=0.0)
torch.OutOfMemoryError: CUDA out of memory. Tried to allocate 27.07 GiB. GPU 0 has a total capacity of 47.37 GiB of which 10.90 GiB is free. Including non-PyTorch memory, this process has 36.46 GiB memory in use. Of the allocated memory 35.60 GiB is allocated by PyTorch, and 362.89 MiB is reserved by PyTorch but unallocated. If reserved but unallocated memory is large try setting PYTORCH_CUDA_ALLOC_CONF=expandable_segments:True to avoid fragmentation.  See documentation for Memory Management  (https://pytorch.org/docs/stable/notes/cuda.html#environment-variables)


--- worldsense/Human-object Interaction ---
Traceback (most recent call last):
  File "/data/armaan/purs/eval_qwen_omni.py", line 843, in main
    pred, reasoning = run_inference(
  File "/data/armaan/purs/eval_qwen_omni.py", line 660, in run_inference
    raw_out = model.generate(**gen_in, **gen_kw)
  File "/data/armaan/venvs/omnizip_clean/lib/python3.10/site-packages/awq/models/base.py", line 134, in generate
    return self.model.generate(*args, **kwargs)
  File "/data/armaan/venvs/omnizip_clean/lib/python3.10/site-packages/torch/utils/_contextlib.py", line 116, in decorate_context
    return func(*args, **kwargs)
  File "/data/armaan/purs/Qwen2.5-Omni/low-VRAM-mode/modeling_qwen2_5_omni_low_VRAM_mode.py", line 4760, in generate
    thinker_result = self.thinker.generate(input_ids=input_ids, **thinker_kwargs)
  File "/data/armaan/venvs/omnizip_clean/lib/python3.10/site-packages/torch/utils/_contextlib.py", line 116, in decorate_context
    return func(*args, **kwargs)
  File "/data/armaan/venvs/omnizip_clean/lib/python3.10/site-packages/transformers/generation/utils.py", line 2597, in generate
    result = self._sample(
  File "/data/armaan/venvs/omnizip_clean/lib/python3.10/site-packages/transformers/generation/utils.py", line 3557, in _sample
    outputs = self(**model_inputs, return_dict=True)
  File "/data/armaan/venvs/omnizip_clean/lib/python3.10/site-packages/torch/nn/modules/module.py", line 1739, in _wrapped_call_impl
    return self._call_impl(*args, **kwargs)
  File "/data/armaan/venvs/omnizip_clean/lib/python3.10/site-packages/torch/nn/modules/module.py", line 1750, in _call_impl
    return forward_call(*args, **kwargs)
  File "/data/armaan/purs/Qwen2.5-Omni/low-VRAM-mode/modeling_qwen2_5_omni_low_VRAM_mode.py", line 2490, in forward
    video_embeds = self.visual(pixel_values_videos, grid_thw=video_grid_thw)
  File "/data/armaan/venvs/omnizip_clean/lib/python3.10/site-packages/torch/nn/modules/module.py", line 1739, in _wrapped_call_impl
    return self._call_impl(*args, **kwargs)
  File "/data/armaan/venvs/omnizip_clean/lib/python3.10/site-packages/torch/nn/modules/module.py", line 1750, in _call_impl
    return forward_call(*args, **kwargs)
  File "/data/armaan/purs/Qwen2.5-Omni/low-VRAM-mode/modeling_qwen2_5_omni_low_VRAM_mode.py", line 1366, in forward
    hidden_states = blk(
  File "/data/armaan/venvs/omnizip_clean/lib/python3.10/site-packages/torch/nn/modules/module.py", line 1739, in _wrapped_call_impl
    return self._call_impl(*args, **kwargs)
  File "/data/armaan/venvs/omnizip_clean/lib/python3.10/site-packages/torch/nn/modules/module.py", line 1750, in _call_impl
    return forward_call(*args, **kwargs)
  File "/data/armaan/purs/Qwen2.5-Omni/low-VRAM-mode/modeling_qwen2_5_omni_low_VRAM_mode.py", line 1155, in forward
    hidden_states = hidden_states + self.attn(
  File "/data/armaan/venvs/omnizip_clean/lib/python3.10/site-packages/torch/nn/modules/module.py", line 1739, in _wrapped_call_impl
    return self._call_impl(*args, **kwargs)
  File "/data/armaan/venvs/omnizip_clean/lib/python3.10/site-packages/torch/nn/modules/module.py", line 1750, in _call_impl
    return forward_call(*args, **kwargs)
  File "/data/armaan/purs/Qwen2.5-Omni/low-VRAM-mode/modeling_qwen2_5_omni_low_VRAM_mode.py", line 1116, in forward
    attn_output = F.scaled_dot_product_attention(q, k, v, attention_mask, dropout_p=0.0)
torch.OutOfMemoryError: CUDA out of memory. Tried to allocate 71.19 GiB. GPU 0 has a total capacity of 47.37 GiB of which 35.22 GiB is free. Including non-PyTorch memory, this process has 12.15 GiB memory in use. Of the allocated memory 11.23 GiB is allocated by PyTorch, and 420.74 MiB is reserved by PyTorch but unallocated. If reserved but unallocated memory is large try setting PYTORCH_CUDA_ALLOC_CONF=expandable_segments:True to avoid fragmentation.  See documentation for Memory Management  (https://pytorch.org/docs/stable/notes/cuda.html#environment-variables)


--- worldsense/Human-object Interaction ---
Traceback (most recent call last):
  File "/data/armaan/purs/eval_qwen_omni.py", line 843, in main
    pred, reasoning = run_inference(
  File "/data/armaan/purs/eval_qwen_omni.py", line 660, in run_inference
    raw_out = model.generate(**gen_in, **gen_kw)
  File "/data/armaan/venvs/omnizip_clean/lib/python3.10/site-packages/awq/models/base.py", line 134, in generate
    return self.model.generate(*args, **kwargs)
  File "/data/armaan/venvs/omnizip_clean/lib/python3.10/site-packages/torch/utils/_contextlib.py", line 116, in decorate_context
    return func(*args, **kwargs)
  File "/data/armaan/purs/Qwen2.5-Omni/low-VRAM-mode/modeling_qwen2_5_omni_low_VRAM_mode.py", line 4760, in generate
    thinker_result = self.thinker.generate(input_ids=input_ids, **thinker_kwargs)
  File "/data/armaan/venvs/omnizip_clean/lib/python3.10/site-packages/torch/utils/_contextlib.py", line 116, in decorate_context
    return func(*args, **kwargs)
  File "/data/armaan/venvs/omnizip_clean/lib/python3.10/site-packages/transformers/generation/utils.py", line 2597, in generate
    result = self._sample(
  File "/data/armaan/venvs/omnizip_clean/lib/python3.10/site-packages/transformers/generation/utils.py", line 3557, in _sample
    outputs = self(**model_inputs, return_dict=True)
  File "/data/armaan/venvs/omnizip_clean/lib/python3.10/site-packages/torch/nn/modules/module.py", line 1739, in _wrapped_call_impl
    return self._call_impl(*args, **kwargs)
  File "/data/armaan/venvs/omnizip_clean/lib/python3.10/site-packages/torch/nn/modules/module.py", line 1750, in _call_impl
    return forward_call(*args, **kwargs)
  File "/data/armaan/purs/Qwen2.5-Omni/low-VRAM-mode/modeling_qwen2_5_omni_low_VRAM_mode.py", line 2490, in forward
    video_embeds = self.visual(pixel_values_videos, grid_thw=video_grid_thw)
  File "/data/armaan/venvs/omnizip_clean/lib/python3.10/site-packages/torch/nn/modules/module.py", line 1739, in _wrapped_call_impl
    return self._call_impl(*args, **kwargs)
  File "/data/armaan/venvs/omnizip_clean/lib/python3.10/site-packages/torch/nn/modules/module.py", line 1750, in _call_impl
    return forward_call(*args, **kwargs)
  File "/data/armaan/purs/Qwen2.5-Omni/low-VRAM-mode/modeling_qwen2_5_omni_low_VRAM_mode.py", line 1366, in forward
    hidden_states = blk(
  File "/data/armaan/venvs/omnizip_clean/lib/python3.10/site-packages/torch/nn/modules/module.py", line 1739, in _wrapped_call_impl
    return self._call_impl(*args, **kwargs)
  File "/data/armaan/venvs/omnizip_clean/lib/python3.10/site-packages/torch/nn/modules/module.py", line 1750, in _call_impl
    return forward_call(*args, **kwargs)
  File "/data/armaan/purs/Qwen2.5-Omni/low-VRAM-mode/modeling_qwen2_5_omni_low_VRAM_mode.py", line 1155, in forward
    hidden_states = hidden_states + self.attn(
  File "/data/armaan/venvs/omnizip_clean/lib/python3.10/site-packages/torch/nn/modules/module.py", line 1739, in _wrapped_call_impl
    return self._call_impl(*args, **kwargs)
  File "/data/armaan/venvs/omnizip_clean/lib/python3.10/site-packages/torch/nn/modules/module.py", line 1750, in _call_impl
    return forward_call(*args, **kwargs)
  File "/data/armaan/purs/Qwen2.5-Omni/low-VRAM-mode/modeling_qwen2_5_omni_low_VRAM_mode.py", line 1116, in forward
    attn_output = F.scaled_dot_product_attention(q, k, v, attention_mask, dropout_p=0.0)
torch.OutOfMemoryError: CUDA out of memory. Tried to allocate 71.19 GiB. GPU 0 has a total capacity of 47.37 GiB of which 35.24 GiB is free. Including non-PyTorch memory, this process has 12.13 GiB memory in use. Of the allocated memory 11.23 GiB is allocated by PyTorch, and 400.39 MiB is reserved by PyTorch but unallocated. If reserved but unallocated memory is large try setting PYTORCH_CUDA_ALLOC_CONF=expandable_segments:True to avoid fragmentation.  See documentation for Memory Management  (https://pytorch.org/docs/stable/notes/cuda.html#environment-variables)


--- worldsense/Object Counting ---
Traceback (most recent call last):
  File "/data/armaan/purs/eval_qwen_omni.py", line 843, in main
    pred, reasoning = run_inference(
  File "/data/armaan/purs/eval_qwen_omni.py", line 660, in run_inference
    raw_out = model.generate(**gen_in, **gen_kw)
  File "/data/armaan/venvs/omnizip_clean/lib/python3.10/site-packages/awq/models/base.py", line 134, in generate
    return self.model.generate(*args, **kwargs)
  File "/data/armaan/venvs/omnizip_clean/lib/python3.10/site-packages/torch/utils/_contextlib.py", line 116, in decorate_context
    return func(*args, **kwargs)
  File "/data/armaan/purs/Qwen2.5-Omni/low-VRAM-mode/modeling_qwen2_5_omni_low_VRAM_mode.py", line 4760, in generate
    thinker_result = self.thinker.generate(input_ids=input_ids, **thinker_kwargs)
  File "/data/armaan/venvs/omnizip_clean/lib/python3.10/site-packages/torch/utils/_contextlib.py", line 116, in decorate_context
    return func(*args, **kwargs)
  File "/data/armaan/venvs/omnizip_clean/lib/python3.10/site-packages/transformers/generation/utils.py", line 2597, in generate
    result = self._sample(
  File "/data/armaan/venvs/omnizip_clean/lib/python3.10/site-packages/transformers/generation/utils.py", line 3557, in _sample
    outputs = self(**model_inputs, return_dict=True)
  File "/data/armaan/venvs/omnizip_clean/lib/python3.10/site-packages/torch/nn/modules/module.py", line 1739, in _wrapped_call_impl
    return self._call_impl(*args, **kwargs)
  File "/data/armaan/venvs/omnizip_clean/lib/python3.10/site-packages/torch/nn/modules/module.py", line 1750, in _call_impl
    return forward_call(*args, **kwargs)
  File "/data/armaan/purs/Qwen2.5-Omni/low-VRAM-mode/modeling_qwen2_5_omni_low_VRAM_mode.py", line 2490, in forward
    video_embeds = self.visual(pixel_values_videos, grid_thw=video_grid_thw)
  File "/data/armaan/venvs/omnizip_clean/lib/python3.10/site-packages/torch/nn/modules/module.py", line 1739, in _wrapped_call_impl
    return self._call_impl(*args, **kwargs)
  File "/data/armaan/venvs/omnizip_clean/lib/python3.10/site-packages/torch/nn/modules/module.py", line 1750, in _call_impl
    return forward_call(*args, **kwargs)
  File "/data/armaan/purs/Qwen2.5-Omni/low-VRAM-mode/modeling_qwen2_5_omni_low_VRAM_mode.py", line 1366, in forward
    hidden_states = blk(
  File "/data/armaan/venvs/omnizip_clean/lib/python3.10/site-packages/torch/nn/modules/module.py", line 1739, in _wrapped_call_impl
    return self._call_impl(*args, **kwargs)
  File "/data/armaan/venvs/omnizip_clean/lib/python3.10/site-packages/torch/nn/modules/module.py", line 1750, in _call_impl
    return forward_call(*args, **kwargs)
  File "/data/armaan/purs/Qwen2.5-Omni/low-VRAM-mode/modeling_qwen2_5_omni_low_VRAM_mode.py", line 1155, in forward
    hidden_states = hidden_states + self.attn(
  File "/data/armaan/venvs/omnizip_clean/lib/python3.10/site-packages/torch/nn/modules/module.py", line 1739, in _wrapped_call_impl
    return self._call_impl(*args, **kwargs)
  File "/data/armaan/venvs/omnizip_clean/lib/python3.10/site-packages/torch/nn/modules/module.py", line 1750, in _call_impl
    return forward_call(*args, **kwargs)
  File "/data/armaan/purs/Qwen2.5-Omni/low-VRAM-mode/modeling_qwen2_5_omni_low_VRAM_mode.py", line 1116, in forward
    attn_output = F.scaled_dot_product_attention(q, k, v, attention_mask, dropout_p=0.0)
torch.OutOfMemoryError: CUDA out of memory. Tried to allocate 25.63 GiB. GPU 0 has a total capacity of 47.37 GiB of which 12.44 GiB is free. Including non-PyTorch memory, this process has 34.92 GiB memory in use. Of the allocated memory 34.07 GiB is allocated by PyTorch, and 357.24 MiB is reserved by PyTorch but unallocated. If reserved but unallocated memory is large try setting PYTORCH_CUDA_ALLOC_CONF=expandable_segments:True to avoid fragmentation.  See documentation for Memory Management  (https://pytorch.org/docs/stable/notes/cuda.html#environment-variables)


--- worldsense/Object Existence Recognition ---
Traceback (most recent call last):
  File "/data/armaan/purs/eval_qwen_omni.py", line 843, in main
    pred, reasoning = run_inference(
  File "/data/armaan/purs/eval_qwen_omni.py", line 660, in run_inference
    raw_out = model.generate(**gen_in, **gen_kw)
  File "/data/armaan/venvs/omnizip_clean/lib/python3.10/site-packages/awq/models/base.py", line 134, in generate
    return self.model.generate(*args, **kwargs)
  File "/data/armaan/venvs/omnizip_clean/lib/python3.10/site-packages/torch/utils/_contextlib.py", line 116, in decorate_context
    return func(*args, **kwargs)
  File "/data/armaan/purs/Qwen2.5-Omni/low-VRAM-mode/modeling_qwen2_5_omni_low_VRAM_mode.py", line 4760, in generate
    thinker_result = self.thinker.generate(input_ids=input_ids, **thinker_kwargs)
  File "/data/armaan/venvs/omnizip_clean/lib/python3.10/site-packages/torch/utils/_contextlib.py", line 116, in decorate_context
    return func(*args, **kwargs)
  File "/data/armaan/venvs/omnizip_clean/lib/python3.10/site-packages/transformers/generation/utils.py", line 2597, in generate
    result = self._sample(
  File "/data/armaan/venvs/omnizip_clean/lib/python3.10/site-packages/transformers/generation/utils.py", line 3557, in _sample
    outputs = self(**model_inputs, return_dict=True)
  File "/data/armaan/venvs/omnizip_clean/lib/python3.10/site-packages/torch/nn/modules/module.py", line 1739, in _wrapped_call_impl
    return self._call_impl(*args, **kwargs)
  File "/data/armaan/venvs/omnizip_clean/lib/python3.10/site-packages/torch/nn/modules/module.py", line 1750, in _call_impl
    return forward_call(*args, **kwargs)
  File "/data/armaan/purs/Qwen2.5-Omni/low-VRAM-mode/modeling_qwen2_5_omni_low_VRAM_mode.py", line 2490, in forward
    video_embeds = self.visual(pixel_values_videos, grid_thw=video_grid_thw)
  File "/data/armaan/venvs/omnizip_clean/lib/python3.10/site-packages/torch/nn/modules/module.py", line 1739, in _wrapped_call_impl
    return self._call_impl(*args, **kwargs)
  File "/data/armaan/venvs/omnizip_clean/lib/python3.10/site-packages/torch/nn/modules/module.py", line 1750, in _call_impl
    return forward_call(*args, **kwargs)
  File "/data/armaan/purs/Qwen2.5-Omni/low-VRAM-mode/modeling_qwen2_5_omni_low_VRAM_mode.py", line 1366, in forward
    hidden_states = blk(
  File "/data/armaan/venvs/omnizip_clean/lib/python3.10/site-packages/torch/nn/modules/module.py", line 1739, in _wrapped_call_impl
    return self._call_impl(*args, **kwargs)
  File "/data/armaan/venvs/omnizip_clean/lib/python3.10/site-packages/torch/nn/modules/module.py", line 1750, in _call_impl
    return forward_call(*args, **kwargs)
  File "/data/armaan/purs/Qwen2.5-Omni/low-VRAM-mode/modeling_qwen2_5_omni_low_VRAM_mode.py", line 1155, in forward
    hidden_states = hidden_states + self.attn(
  File "/data/armaan/venvs/omnizip_clean/lib/python3.10/site-packages/torch/nn/modules/module.py", line 1739, in _wrapped_call_impl
    return self._call_impl(*args, **kwargs)
  File "/data/armaan/venvs/omnizip_clean/lib/python3.10/site-packages/torch/nn/modules/module.py", line 1750, in _call_impl
    return forward_call(*args, **kwargs)
  File "/data/armaan/purs/Qwen2.5-Omni/low-VRAM-mode/modeling_qwen2_5_omni_low_VRAM_mode.py", line 1116, in forward
    attn_output = F.scaled_dot_product_attention(q, k, v, attention_mask, dropout_p=0.0)
torch.OutOfMemoryError: CUDA out of memory. Tried to allocate 81.00 GiB. GPU 0 has a total capacity of 47.37 GiB of which 34.69 GiB is free. Including non-PyTorch memory, this process has 12.68 GiB memory in use. Of the allocated memory 11.80 GiB is allocated by PyTorch, and 387.56 MiB is reserved by PyTorch but unallocated. If reserved but unallocated memory is large try setting PYTORCH_CUDA_ALLOC_CONF=expandable_segments:True to avoid fragmentation.  See documentation for Memory Management  (https://pytorch.org/docs/stable/notes/cuda.html#environment-variables)


--- worldsense/Object Existence Recognition ---
Traceback (most recent call last):
  File "/data/armaan/purs/eval_qwen_omni.py", line 843, in main
    pred, reasoning = run_inference(
  File "/data/armaan/purs/eval_qwen_omni.py", line 660, in run_inference
    raw_out = model.generate(**gen_in, **gen_kw)
  File "/data/armaan/venvs/omnizip_clean/lib/python3.10/site-packages/awq/models/base.py", line 134, in generate
    return self.model.generate(*args, **kwargs)
  File "/data/armaan/venvs/omnizip_clean/lib/python3.10/site-packages/torch/utils/_contextlib.py", line 116, in decorate_context
    return func(*args, **kwargs)
  File "/data/armaan/purs/Qwen2.5-Omni/low-VRAM-mode/modeling_qwen2_5_omni_low_VRAM_mode.py", line 4760, in generate
    thinker_result = self.thinker.generate(input_ids=input_ids, **thinker_kwargs)
  File "/data/armaan/venvs/omnizip_clean/lib/python3.10/site-packages/torch/utils/_contextlib.py", line 116, in decorate_context
    return func(*args, **kwargs)
  File "/data/armaan/venvs/omnizip_clean/lib/python3.10/site-packages/transformers/generation/utils.py", line 2597, in generate
    result = self._sample(
  File "/data/armaan/venvs/omnizip_clean/lib/python3.10/site-packages/transformers/generation/utils.py", line 3557, in _sample
    outputs = self(**model_inputs, return_dict=True)
  File "/data/armaan/venvs/omnizip_clean/lib/python3.10/site-packages/torch/nn/modules/module.py", line 1739, in _wrapped_call_impl
    return self._call_impl(*args, **kwargs)
  File "/data/armaan/venvs/omnizip_clean/lib/python3.10/site-packages/torch/nn/modules/module.py", line 1750, in _call_impl
    return forward_call(*args, **kwargs)
  File "/data/armaan/purs/Qwen2.5-Omni/low-VRAM-mode/modeling_qwen2_5_omni_low_VRAM_mode.py", line 2490, in forward
    video_embeds = self.visual(pixel_values_videos, grid_thw=video_grid_thw)
  File "/data/armaan/venvs/omnizip_clean/lib/python3.10/site-packages/torch/nn/modules/module.py", line 1739, in _wrapped_call_impl
    return self._call_impl(*args, **kwargs)
  File "/data/armaan/venvs/omnizip_clean/lib/python3.10/site-packages/torch/nn/modules/module.py", line 1750, in _call_impl
    return forward_call(*args, **kwargs)
  File "/data/armaan/purs/Qwen2.5-Omni/low-VRAM-mode/modeling_qwen2_5_omni_low_VRAM_mode.py", line 1366, in forward
    hidden_states = blk(
  File "/data/armaan/venvs/omnizip_clean/lib/python3.10/site-packages/torch/nn/modules/module.py", line 1739, in _wrapped_call_impl
    return self._call_impl(*args, **kwargs)
  File "/data/armaan/venvs/omnizip_clean/lib/python3.10/site-packages/torch/nn/modules/module.py", line 1750, in _call_impl
    return forward_call(*args, **kwargs)
  File "/data/armaan/purs/Qwen2.5-Omni/low-VRAM-mode/modeling_qwen2_5_omni_low_VRAM_mode.py", line 1155, in forward
    hidden_states = hidden_states + self.attn(
  File "/data/armaan/venvs/omnizip_clean/lib/python3.10/site-packages/torch/nn/modules/module.py", line 1739, in _wrapped_call_impl
    return self._call_impl(*args, **kwargs)
  File "/data/armaan/venvs/omnizip_clean/lib/python3.10/site-packages/torch/nn/modules/module.py", line 1750, in _call_impl
    return forward_call(*args, **kwargs)
  File "/data/armaan/purs/Qwen2.5-Omni/low-VRAM-mode/modeling_qwen2_5_omni_low_VRAM_mode.py", line 1116, in forward
    attn_output = F.scaled_dot_product_attention(q, k, v, attention_mask, dropout_p=0.0)
torch.OutOfMemoryError: CUDA out of memory. Tried to allocate 81.00 GiB. GPU 0 has a total capacity of 47.37 GiB of which 34.69 GiB is free. Including non-PyTorch memory, this process has 12.68 GiB memory in use. Of the allocated memory 11.79 GiB is allocated by PyTorch, and 388.90 MiB is reserved by PyTorch but unallocated. If reserved but unallocated memory is large try setting PYTORCH_CUDA_ALLOC_CONF=expandable_segments:True to avoid fragmentation.  See documentation for Memory Management  (https://pytorch.org/docs/stable/notes/cuda.html#environment-variables)


--- worldsense/Object Existence Recognition ---
Traceback (most recent call last):
  File "/data/armaan/purs/eval_qwen_omni.py", line 843, in main
    pred, reasoning = run_inference(
  File "/data/armaan/purs/eval_qwen_omni.py", line 660, in run_inference
    raw_out = model.generate(**gen_in, **gen_kw)
  File "/data/armaan/venvs/omnizip_clean/lib/python3.10/site-packages/awq/models/base.py", line 134, in generate
    return self.model.generate(*args, **kwargs)
  File "/data/armaan/venvs/omnizip_clean/lib/python3.10/site-packages/torch/utils/_contextlib.py", line 116, in decorate_context
    return func(*args, **kwargs)
  File "/data/armaan/purs/Qwen2.5-Omni/low-VRAM-mode/modeling_qwen2_5_omni_low_VRAM_mode.py", line 4760, in generate
    thinker_result = self.thinker.generate(input_ids=input_ids, **thinker_kwargs)
  File "/data/armaan/venvs/omnizip_clean/lib/python3.10/site-packages/torch/utils/_contextlib.py", line 116, in decorate_context
    return func(*args, **kwargs)
  File "/data/armaan/venvs/omnizip_clean/lib/python3.10/site-packages/transformers/generation/utils.py", line 2597, in generate
    result = self._sample(
  File "/data/armaan/venvs/omnizip_clean/lib/python3.10/site-packages/transformers/generation/utils.py", line 3557, in _sample
    outputs = self(**model_inputs, return_dict=True)
  File "/data/armaan/venvs/omnizip_clean/lib/python3.10/site-packages/torch/nn/modules/module.py", line 1739, in _wrapped_call_impl
    return self._call_impl(*args, **kwargs)
  File "/data/armaan/venvs/omnizip_clean/lib/python3.10/site-packages/torch/nn/modules/module.py", line 1750, in _call_impl
    return forward_call(*args, **kwargs)
  File "/data/armaan/purs/Qwen2.5-Omni/low-VRAM-mode/modeling_qwen2_5_omni_low_VRAM_mode.py", line 2490, in forward
    video_embeds = self.visual(pixel_values_videos, grid_thw=video_grid_thw)
  File "/data/armaan/venvs/omnizip_clean/lib/python3.10/site-packages/torch/nn/modules/module.py", line 1739, in _wrapped_call_impl
    return self._call_impl(*args, **kwargs)
  File "/data/armaan/venvs/omnizip_clean/lib/python3.10/site-packages/torch/nn/modules/module.py", line 1750, in _call_impl
    return forward_call(*args, **kwargs)
  File "/data/armaan/purs/Qwen2.5-Omni/low-VRAM-mode/modeling_qwen2_5_omni_low_VRAM_mode.py", line 1366, in forward
    hidden_states = blk(
  File "/data/armaan/venvs/omnizip_clean/lib/python3.10/site-packages/torch/nn/modules/module.py", line 1739, in _wrapped_call_impl
    return self._call_impl(*args, **kwargs)
  File "/data/armaan/venvs/omnizip_clean/lib/python3.10/site-packages/torch/nn/modules/module.py", line 1750, in _call_impl
    return forward_call(*args, **kwargs)
  File "/data/armaan/purs/Qwen2.5-Omni/low-VRAM-mode/modeling_qwen2_5_omni_low_VRAM_mode.py", line 1155, in forward
    hidden_states = hidden_states + self.attn(
  File "/data/armaan/venvs/omnizip_clean/lib/python3.10/site-packages/torch/nn/modules/module.py", line 1739, in _wrapped_call_impl
    return self._call_impl(*args, **kwargs)
  File "/data/armaan/venvs/omnizip_clean/lib/python3.10/site-packages/torch/nn/modules/module.py", line 1750, in _call_impl
    return forward_call(*args, **kwargs)
  File "/data/armaan/purs/Qwen2.5-Omni/low-VRAM-mode/modeling_qwen2_5_omni_low_VRAM_mode.py", line 1116, in forward
    attn_output = F.scaled_dot_product_attention(q, k, v, attention_mask, dropout_p=0.0)
torch.OutOfMemoryError: CUDA out of memory. Tried to allocate 81.00 GiB. GPU 0 has a total capacity of 47.37 GiB of which 34.69 GiB is free. Including non-PyTorch memory, this process has 12.68 GiB memory in use. Of the allocated memory 11.79 GiB is allocated by PyTorch, and 388.90 MiB is reserved by PyTorch but unallocated. If reserved but unallocated memory is large try setting PYTORCH_CUDA_ALLOC_CONF=expandable_segments:True to avoid fragmentation.  See documentation for Memory Management  (https://pytorch.org/docs/stable/notes/cuda.html#environment-variables)


--- worldsense/Object Existence Recognition ---
Traceback (most recent call last):
  File "/data/armaan/purs/eval_qwen_omni.py", line 843, in main
    pred, reasoning = run_inference(
  File "/data/armaan/purs/eval_qwen_omni.py", line 660, in run_inference
    raw_out = model.generate(**gen_in, **gen_kw)
  File "/data/armaan/venvs/omnizip_clean/lib/python3.10/site-packages/awq/models/base.py", line 134, in generate
    return self.model.generate(*args, **kwargs)
  File "/data/armaan/venvs/omnizip_clean/lib/python3.10/site-packages/torch/utils/_contextlib.py", line 116, in decorate_context
    return func(*args, **kwargs)
  File "/data/armaan/purs/Qwen2.5-Omni/low-VRAM-mode/modeling_qwen2_5_omni_low_VRAM_mode.py", line 4760, in generate
    thinker_result = self.thinker.generate(input_ids=input_ids, **thinker_kwargs)
  File "/data/armaan/venvs/omnizip_clean/lib/python3.10/site-packages/torch/utils/_contextlib.py", line 116, in decorate_context
    return func(*args, **kwargs)
  File "/data/armaan/venvs/omnizip_clean/lib/python3.10/site-packages/transformers/generation/utils.py", line 2597, in generate
    result = self._sample(
  File "/data/armaan/venvs/omnizip_clean/lib/python3.10/site-packages/transformers/generation/utils.py", line 3557, in _sample
    outputs = self(**model_inputs, return_dict=True)
  File "/data/armaan/venvs/omnizip_clean/lib/python3.10/site-packages/torch/nn/modules/module.py", line 1739, in _wrapped_call_impl
    return self._call_impl(*args, **kwargs)
  File "/data/armaan/venvs/omnizip_clean/lib/python3.10/site-packages/torch/nn/modules/module.py", line 1750, in _call_impl
    return forward_call(*args, **kwargs)
  File "/data/armaan/purs/Qwen2.5-Omni/low-VRAM-mode/modeling_qwen2_5_omni_low_VRAM_mode.py", line 2490, in forward
    video_embeds = self.visual(pixel_values_videos, grid_thw=video_grid_thw)
  File "/data/armaan/venvs/omnizip_clean/lib/python3.10/site-packages/torch/nn/modules/module.py", line 1739, in _wrapped_call_impl
    return self._call_impl(*args, **kwargs)
  File "/data/armaan/venvs/omnizip_clean/lib/python3.10/site-packages/torch/nn/modules/module.py", line 1750, in _call_impl
    return forward_call(*args, **kwargs)
  File "/data/armaan/purs/Qwen2.5-Omni/low-VRAM-mode/modeling_qwen2_5_omni_low_VRAM_mode.py", line 1366, in forward
    hidden_states = blk(
  File "/data/armaan/venvs/omnizip_clean/lib/python3.10/site-packages/torch/nn/modules/module.py", line 1739, in _wrapped_call_impl
    return self._call_impl(*args, **kwargs)
  File "/data/armaan/venvs/omnizip_clean/lib/python3.10/site-packages/torch/nn/modules/module.py", line 1750, in _call_impl
    return forward_call(*args, **kwargs)
  File "/data/armaan/purs/Qwen2.5-Omni/low-VRAM-mode/modeling_qwen2_5_omni_low_VRAM_mode.py", line 1155, in forward
    hidden_states = hidden_states + self.attn(
  File "/data/armaan/venvs/omnizip_clean/lib/python3.10/site-packages/torch/nn/modules/module.py", line 1739, in _wrapped_call_impl
    return self._call_impl(*args, **kwargs)
  File "/data/armaan/venvs/omnizip_clean/lib/python3.10/site-packages/torch/nn/modules/module.py", line 1750, in _call_impl
    return forward_call(*args, **kwargs)
  File "/data/armaan/purs/Qwen2.5-Omni/low-VRAM-mode/modeling_qwen2_5_omni_low_VRAM_mode.py", line 1116, in forward
    attn_output = F.scaled_dot_product_attention(q, k, v, attention_mask, dropout_p=0.0)
torch.OutOfMemoryError: CUDA out of memory. Tried to allocate 81.00 GiB. GPU 0 has a total capacity of 47.37 GiB of which 34.69 GiB is free. Including non-PyTorch memory, this process has 12.68 GiB memory in use. Of the allocated memory 11.79 GiB is allocated by PyTorch, and 388.98 MiB is reserved by PyTorch but unallocated. If reserved but unallocated memory is large try setting PYTORCH_CUDA_ALLOC_CONF=expandable_segments:True to avoid fragmentation.  See documentation for Memory Management  (https://pytorch.org/docs/stable/notes/cuda.html#environment-variables)


--- worldsense/Object State Change ---
Traceback (most recent call last):
  File "/data/armaan/purs/eval_qwen_omni.py", line 843, in main
    pred, reasoning = run_inference(
  File "/data/armaan/purs/eval_qwen_omni.py", line 660, in run_inference
    raw_out = model.generate(**gen_in, **gen_kw)
  File "/data/armaan/venvs/omnizip_clean/lib/python3.10/site-packages/awq/models/base.py", line 134, in generate
    return self.model.generate(*args, **kwargs)
  File "/data/armaan/venvs/omnizip_clean/lib/python3.10/site-packages/torch/utils/_contextlib.py", line 116, in decorate_context
    return func(*args, **kwargs)
  File "/data/armaan/purs/Qwen2.5-Omni/low-VRAM-mode/modeling_qwen2_5_omni_low_VRAM_mode.py", line 4760, in generate
    thinker_result = self.thinker.generate(input_ids=input_ids, **thinker_kwargs)
  File "/data/armaan/venvs/omnizip_clean/lib/python3.10/site-packages/torch/utils/_contextlib.py", line 116, in decorate_context
    return func(*args, **kwargs)
  File "/data/armaan/venvs/omnizip_clean/lib/python3.10/site-packages/transformers/generation/utils.py", line 2597, in generate
    result = self._sample(
  File "/data/armaan/venvs/omnizip_clean/lib/python3.10/site-packages/transformers/generation/utils.py", line 3557, in _sample
    outputs = self(**model_inputs, return_dict=True)
  File "/data/armaan/venvs/omnizip_clean/lib/python3.10/site-packages/torch/nn/modules/module.py", line 1739, in _wrapped_call_impl
    return self._call_impl(*args, **kwargs)
  File "/data/armaan/venvs/omnizip_clean/lib/python3.10/site-packages/torch/nn/modules/module.py", line 1750, in _call_impl
    return forward_call(*args, **kwargs)
  File "/data/armaan/purs/Qwen2.5-Omni/low-VRAM-mode/modeling_qwen2_5_omni_low_VRAM_mode.py", line 2490, in forward
    video_embeds = self.visual(pixel_values_videos, grid_thw=video_grid_thw)
  File "/data/armaan/venvs/omnizip_clean/lib/python3.10/site-packages/torch/nn/modules/module.py", line 1739, in _wrapped_call_impl
    return self._call_impl(*args, **kwargs)
  File "/data/armaan/venvs/omnizip_clean/lib/python3.10/site-packages/torch/nn/modules/module.py", line 1750, in _call_impl
    return forward_call(*args, **kwargs)
  File "/data/armaan/purs/Qwen2.5-Omni/low-VRAM-mode/modeling_qwen2_5_omni_low_VRAM_mode.py", line 1366, in forward
    hidden_states = blk(
  File "/data/armaan/venvs/omnizip_clean/lib/python3.10/site-packages/torch/nn/modules/module.py", line 1739, in _wrapped_call_impl
    return self._call_impl(*args, **kwargs)
  File "/data/armaan/venvs/omnizip_clean/lib/python3.10/site-packages/torch/nn/modules/module.py", line 1750, in _call_impl
    return forward_call(*args, **kwargs)
  File "/data/armaan/purs/Qwen2.5-Omni/low-VRAM-mode/modeling_qwen2_5_omni_low_VRAM_mode.py", line 1155, in forward
    hidden_states = hidden_states + self.attn(
  File "/data/armaan/venvs/omnizip_clean/lib/python3.10/site-packages/torch/nn/modules/module.py", line 1739, in _wrapped_call_impl
    return self._call_impl(*args, **kwargs)
  File "/data/armaan/venvs/omnizip_clean/lib/python3.10/site-packages/torch/nn/modules/module.py", line 1750, in _call_impl
    return forward_call(*args, **kwargs)
  File "/data/armaan/purs/Qwen2.5-Omni/low-VRAM-mode/modeling_qwen2_5_omni_low_VRAM_mode.py", line 1116, in forward
    attn_output = F.scaled_dot_product_attention(q, k, v, attention_mask, dropout_p=0.0)
torch.OutOfMemoryError: CUDA out of memory. Tried to allocate 81.00 GiB. GPU 0 has a total capacity of 47.37 GiB of which 34.66 GiB is free. Including non-PyTorch memory, this process has 12.71 GiB memory in use. Of the allocated memory 11.79 GiB is allocated by PyTorch, and 425.47 MiB is reserved by PyTorch but unallocated. If reserved but unallocated memory is large try setting PYTORCH_CUDA_ALLOC_CONF=expandable_segments:True to avoid fragmentation.  See documentation for Memory Management  (https://pytorch.org/docs/stable/notes/cuda.html#environment-variables)


--- worldsense/Object State Change ---
Traceback (most recent call last):
  File "/data/armaan/purs/eval_qwen_omni.py", line 843, in main
    pred, reasoning = run_inference(
  File "/data/armaan/purs/eval_qwen_omni.py", line 660, in run_inference
    raw_out = model.generate(**gen_in, **gen_kw)
  File "/data/armaan/venvs/omnizip_clean/lib/python3.10/site-packages/awq/models/base.py", line 134, in generate
    return self.model.generate(*args, **kwargs)
  File "/data/armaan/venvs/omnizip_clean/lib/python3.10/site-packages/torch/utils/_contextlib.py", line 116, in decorate_context
    return func(*args, **kwargs)
  File "/data/armaan/purs/Qwen2.5-Omni/low-VRAM-mode/modeling_qwen2_5_omni_low_VRAM_mode.py", line 4760, in generate
    thinker_result = self.thinker.generate(input_ids=input_ids, **thinker_kwargs)
  File "/data/armaan/venvs/omnizip_clean/lib/python3.10/site-packages/torch/utils/_contextlib.py", line 116, in decorate_context
    return func(*args, **kwargs)
  File "/data/armaan/venvs/omnizip_clean/lib/python3.10/site-packages/transformers/generation/utils.py", line 2597, in generate
    result = self._sample(
  File "/data/armaan/venvs/omnizip_clean/lib/python3.10/site-packages/transformers/generation/utils.py", line 3557, in _sample
    outputs = self(**model_inputs, return_dict=True)
  File "/data/armaan/venvs/omnizip_clean/lib/python3.10/site-packages/torch/nn/modules/module.py", line 1739, in _wrapped_call_impl
    return self._call_impl(*args, **kwargs)
  File "/data/armaan/venvs/omnizip_clean/lib/python3.10/site-packages/torch/nn/modules/module.py", line 1750, in _call_impl
    return forward_call(*args, **kwargs)
  File "/data/armaan/purs/Qwen2.5-Omni/low-VRAM-mode/modeling_qwen2_5_omni_low_VRAM_mode.py", line 2490, in forward
    video_embeds = self.visual(pixel_values_videos, grid_thw=video_grid_thw)
  File "/data/armaan/venvs/omnizip_clean/lib/python3.10/site-packages/torch/nn/modules/module.py", line 1739, in _wrapped_call_impl
    return self._call_impl(*args, **kwargs)
  File "/data/armaan/venvs/omnizip_clean/lib/python3.10/site-packages/torch/nn/modules/module.py", line 1750, in _call_impl
    return forward_call(*args, **kwargs)
  File "/data/armaan/purs/Qwen2.5-Omni/low-VRAM-mode/modeling_qwen2_5_omni_low_VRAM_mode.py", line 1366, in forward
    hidden_states = blk(
  File "/data/armaan/venvs/omnizip_clean/lib/python3.10/site-packages/torch/nn/modules/module.py", line 1739, in _wrapped_call_impl
    return self._call_impl(*args, **kwargs)
  File "/data/armaan/venvs/omnizip_clean/lib/python3.10/site-packages/torch/nn/modules/module.py", line 1750, in _call_impl
    return forward_call(*args, **kwargs)
  File "/data/armaan/purs/Qwen2.5-Omni/low-VRAM-mode/modeling_qwen2_5_omni_low_VRAM_mode.py", line 1155, in forward
    hidden_states = hidden_states + self.attn(
  File "/data/armaan/venvs/omnizip_clean/lib/python3.10/site-packages/torch/nn/modules/module.py", line 1739, in _wrapped_call_impl
    return self._call_impl(*args, **kwargs)
  File "/data/armaan/venvs/omnizip_clean/lib/python3.10/site-packages/torch/nn/modules/module.py", line 1750, in _call_impl
    return forward_call(*args, **kwargs)
  File "/data/armaan/purs/Qwen2.5-Omni/low-VRAM-mode/modeling_qwen2_5_omni_low_VRAM_mode.py", line 1116, in forward
    attn_output = F.scaled_dot_product_attention(q, k, v, attention_mask, dropout_p=0.0)
torch.OutOfMemoryError: CUDA out of memory. Tried to allocate 81.00 GiB. GPU 0 has a total capacity of 47.37 GiB of which 34.66 GiB is free. Including non-PyTorch memory, this process has 12.71 GiB memory in use. Of the allocated memory 11.79 GiB is allocated by PyTorch, and 424.35 MiB is reserved by PyTorch but unallocated. If reserved but unallocated memory is large try setting PYTORCH_CUDA_ALLOC_CONF=expandable_segments:True to avoid fragmentation.  See documentation for Memory Management  (https://pytorch.org/docs/stable/notes/cuda.html#environment-variables)


--- worldsense/Object State Change ---
Traceback (most recent call last):
  File "/data/armaan/purs/eval_qwen_omni.py", line 843, in main
    pred, reasoning = run_inference(
  File "/data/armaan/purs/eval_qwen_omni.py", line 660, in run_inference
    raw_out = model.generate(**gen_in, **gen_kw)
  File "/data/armaan/venvs/omnizip_clean/lib/python3.10/site-packages/awq/models/base.py", line 134, in generate
    return self.model.generate(*args, **kwargs)
  File "/data/armaan/venvs/omnizip_clean/lib/python3.10/site-packages/torch/utils/_contextlib.py", line 116, in decorate_context
    return func(*args, **kwargs)
  File "/data/armaan/purs/Qwen2.5-Omni/low-VRAM-mode/modeling_qwen2_5_omni_low_VRAM_mode.py", line 4760, in generate
    thinker_result = self.thinker.generate(input_ids=input_ids, **thinker_kwargs)
  File "/data/armaan/venvs/omnizip_clean/lib/python3.10/site-packages/torch/utils/_contextlib.py", line 116, in decorate_context
    return func(*args, **kwargs)
  File "/data/armaan/venvs/omnizip_clean/lib/python3.10/site-packages/transformers/generation/utils.py", line 2597, in generate
    result = self._sample(
  File "/data/armaan/venvs/omnizip_clean/lib/python3.10/site-packages/transformers/generation/utils.py", line 3557, in _sample
    outputs = self(**model_inputs, return_dict=True)
  File "/data/armaan/venvs/omnizip_clean/lib/python3.10/site-packages/torch/nn/modules/module.py", line 1739, in _wrapped_call_impl
    return self._call_impl(*args, **kwargs)
  File "/data/armaan/venvs/omnizip_clean/lib/python3.10/site-packages/torch/nn/modules/module.py", line 1750, in _call_impl
    return forward_call(*args, **kwargs)
  File "/data/armaan/purs/Qwen2.5-Omni/low-VRAM-mode/modeling_qwen2_5_omni_low_VRAM_mode.py", line 2490, in forward
    video_embeds = self.visual(pixel_values_videos, grid_thw=video_grid_thw)
  File "/data/armaan/venvs/omnizip_clean/lib/python3.10/site-packages/torch/nn/modules/module.py", line 1739, in _wrapped_call_impl
    return self._call_impl(*args, **kwargs)
  File "/data/armaan/venvs/omnizip_clean/lib/python3.10/site-packages/torch/nn/modules/module.py", line 1750, in _call_impl
    return forward_call(*args, **kwargs)
  File "/data/armaan/purs/Qwen2.5-Omni/low-VRAM-mode/modeling_qwen2_5_omni_low_VRAM_mode.py", line 1366, in forward
    hidden_states = blk(
  File "/data/armaan/venvs/omnizip_clean/lib/python3.10/site-packages/torch/nn/modules/module.py", line 1739, in _wrapped_call_impl
    return self._call_impl(*args, **kwargs)
  File "/data/armaan/venvs/omnizip_clean/lib/python3.10/site-packages/torch/nn/modules/module.py", line 1750, in _call_impl
    return forward_call(*args, **kwargs)
  File "/data/armaan/purs/Qwen2.5-Omni/low-VRAM-mode/modeling_qwen2_5_omni_low_VRAM_mode.py", line 1155, in forward
    hidden_states = hidden_states + self.attn(
  File "/data/armaan/venvs/omnizip_clean/lib/python3.10/site-packages/torch/nn/modules/module.py", line 1739, in _wrapped_call_impl
    return self._call_impl(*args, **kwargs)
  File "/data/armaan/venvs/omnizip_clean/lib/python3.10/site-packages/torch/nn/modules/module.py", line 1750, in _call_impl
    return forward_call(*args, **kwargs)
  File "/data/armaan/purs/Qwen2.5-Omni/low-VRAM-mode/modeling_qwen2_5_omni_low_VRAM_mode.py", line 1116, in forward
    attn_output = F.scaled_dot_product_attention(q, k, v, attention_mask, dropout_p=0.0)
torch.OutOfMemoryError: CUDA out of memory. Tried to allocate 81.00 GiB. GPU 0 has a total capacity of 47.37 GiB of which 34.66 GiB is free. Including non-PyTorch memory, this process has 12.71 GiB memory in use. Of the allocated memory 11.79 GiB is allocated by PyTorch, and 425.34 MiB is reserved by PyTorch but unallocated. If reserved but unallocated memory is large try setting PYTORCH_CUDA_ALLOC_CONF=expandable_segments:True to avoid fragmentation.  See documentation for Memory Management  (https://pytorch.org/docs/stable/notes/cuda.html#environment-variables)


--- worldsense/Relation Reasoning ---
Traceback (most recent call last):
  File "/data/armaan/purs/eval_qwen_omni.py", line 843, in main
    pred, reasoning = run_inference(
  File "/data/armaan/purs/eval_qwen_omni.py", line 660, in run_inference
    raw_out = model.generate(**gen_in, **gen_kw)
  File "/data/armaan/venvs/omnizip_clean/lib/python3.10/site-packages/awq/models/base.py", line 134, in generate
    return self.model.generate(*args, **kwargs)
  File "/data/armaan/venvs/omnizip_clean/lib/python3.10/site-packages/torch/utils/_contextlib.py", line 116, in decorate_context
    return func(*args, **kwargs)
  File "/data/armaan/purs/Qwen2.5-Omni/low-VRAM-mode/modeling_qwen2_5_omni_low_VRAM_mode.py", line 4760, in generate
    thinker_result = self.thinker.generate(input_ids=input_ids, **thinker_kwargs)
  File "/data/armaan/venvs/omnizip_clean/lib/python3.10/site-packages/torch/utils/_contextlib.py", line 116, in decorate_context
    return func(*args, **kwargs)
  File "/data/armaan/venvs/omnizip_clean/lib/python3.10/site-packages/transformers/generation/utils.py", line 2597, in generate
    result = self._sample(
  File "/data/armaan/venvs/omnizip_clean/lib/python3.10/site-packages/transformers/generation/utils.py", line 3557, in _sample
    outputs = self(**model_inputs, return_dict=True)
  File "/data/armaan/venvs/omnizip_clean/lib/python3.10/site-packages/torch/nn/modules/module.py", line 1739, in _wrapped_call_impl
    return self._call_impl(*args, **kwargs)
  File "/data/armaan/venvs/omnizip_clean/lib/python3.10/site-packages/torch/nn/modules/module.py", line 1750, in _call_impl
    return forward_call(*args, **kwargs)
  File "/data/armaan/purs/Qwen2.5-Omni/low-VRAM-mode/modeling_qwen2_5_omni_low_VRAM_mode.py", line 2490, in forward
    video_embeds = self.visual(pixel_values_videos, grid_thw=video_grid_thw)
  File "/data/armaan/venvs/omnizip_clean/lib/python3.10/site-packages/torch/nn/modules/module.py", line 1739, in _wrapped_call_impl
    return self._call_impl(*args, **kwargs)
  File "/data/armaan/venvs/omnizip_clean/lib/python3.10/site-packages/torch/nn/modules/module.py", line 1750, in _call_impl
    return forward_call(*args, **kwargs)
  File "/data/armaan/purs/Qwen2.5-Omni/low-VRAM-mode/modeling_qwen2_5_omni_low_VRAM_mode.py", line 1366, in forward
    hidden_states = blk(
  File "/data/armaan/venvs/omnizip_clean/lib/python3.10/site-packages/torch/nn/modules/module.py", line 1739, in _wrapped_call_impl
    return self._call_impl(*args, **kwargs)
  File "/data/armaan/venvs/omnizip_clean/lib/python3.10/site-packages/torch/nn/modules/module.py", line 1750, in _call_impl
    return forward_call(*args, **kwargs)
  File "/data/armaan/purs/Qwen2.5-Omni/low-VRAM-mode/modeling_qwen2_5_omni_low_VRAM_mode.py", line 1155, in forward
    hidden_states = hidden_states + self.attn(
  File "/data/armaan/venvs/omnizip_clean/lib/python3.10/site-packages/torch/nn/modules/module.py", line 1739, in _wrapped_call_impl
    return self._call_impl(*args, **kwargs)
  File "/data/armaan/venvs/omnizip_clean/lib/python3.10/site-packages/torch/nn/modules/module.py", line 1750, in _call_impl
    return forward_call(*args, **kwargs)
  File "/data/armaan/purs/Qwen2.5-Omni/low-VRAM-mode/modeling_qwen2_5_omni_low_VRAM_mode.py", line 1116, in forward
    attn_output = F.scaled_dot_product_attention(q, k, v, attention_mask, dropout_p=0.0)
torch.OutOfMemoryError: CUDA out of memory. Tried to allocate 81.00 GiB. GPU 0 has a total capacity of 47.37 GiB of which 34.62 GiB is free. Including non-PyTorch memory, this process has 12.74 GiB memory in use. Of the allocated memory 11.79 GiB is allocated by PyTorch, and 456.02 MiB is reserved by PyTorch but unallocated. If reserved but unallocated memory is large try setting PYTORCH_CUDA_ALLOC_CONF=expandable_segments:True to avoid fragmentation.  See documentation for Memory Management  (https://pytorch.org/docs/stable/notes/cuda.html#environment-variables)


--- worldsense/Relation Reasoning ---
Traceback (most recent call last):
  File "/data/armaan/purs/eval_qwen_omni.py", line 843, in main
    pred, reasoning = run_inference(
  File "/data/armaan/purs/eval_qwen_omni.py", line 660, in run_inference
    raw_out = model.generate(**gen_in, **gen_kw)
  File "/data/armaan/venvs/omnizip_clean/lib/python3.10/site-packages/awq/models/base.py", line 134, in generate
    return self.model.generate(*args, **kwargs)
  File "/data/armaan/venvs/omnizip_clean/lib/python3.10/site-packages/torch/utils/_contextlib.py", line 116, in decorate_context
    return func(*args, **kwargs)
  File "/data/armaan/purs/Qwen2.5-Omni/low-VRAM-mode/modeling_qwen2_5_omni_low_VRAM_mode.py", line 4760, in generate
    thinker_result = self.thinker.generate(input_ids=input_ids, **thinker_kwargs)
  File "/data/armaan/venvs/omnizip_clean/lib/python3.10/site-packages/torch/utils/_contextlib.py", line 116, in decorate_context
    return func(*args, **kwargs)
  File "/data/armaan/venvs/omnizip_clean/lib/python3.10/site-packages/transformers/generation/utils.py", line 2597, in generate
    result = self._sample(
  File "/data/armaan/venvs/omnizip_clean/lib/python3.10/site-packages/transformers/generation/utils.py", line 3557, in _sample
    outputs = self(**model_inputs, return_dict=True)
  File "/data/armaan/venvs/omnizip_clean/lib/python3.10/site-packages/torch/nn/modules/module.py", line 1739, in _wrapped_call_impl
    return self._call_impl(*args, **kwargs)
  File "/data/armaan/venvs/omnizip_clean/lib/python3.10/site-packages/torch/nn/modules/module.py", line 1750, in _call_impl
    return forward_call(*args, **kwargs)
  File "/data/armaan/purs/Qwen2.5-Omni/low-VRAM-mode/modeling_qwen2_5_omni_low_VRAM_mode.py", line 2490, in forward
    video_embeds = self.visual(pixel_values_videos, grid_thw=video_grid_thw)
  File "/data/armaan/venvs/omnizip_clean/lib/python3.10/site-packages/torch/nn/modules/module.py", line 1739, in _wrapped_call_impl
    return self._call_impl(*args, **kwargs)
  File "/data/armaan/venvs/omnizip_clean/lib/python3.10/site-packages/torch/nn/modules/module.py", line 1750, in _call_impl
    return forward_call(*args, **kwargs)
  File "/data/armaan/purs/Qwen2.5-Omni/low-VRAM-mode/modeling_qwen2_5_omni_low_VRAM_mode.py", line 1366, in forward
    hidden_states = blk(
  File "/data/armaan/venvs/omnizip_clean/lib/python3.10/site-packages/torch/nn/modules/module.py", line 1739, in _wrapped_call_impl
    return self._call_impl(*args, **kwargs)
  File "/data/armaan/venvs/omnizip_clean/lib/python3.10/site-packages/torch/nn/modules/module.py", line 1750, in _call_impl
    return forward_call(*args, **kwargs)
  File "/data/armaan/purs/Qwen2.5-Omni/low-VRAM-mode/modeling_qwen2_5_omni_low_VRAM_mode.py", line 1155, in forward
    hidden_states = hidden_states + self.attn(
  File "/data/armaan/venvs/omnizip_clean/lib/python3.10/site-packages/torch/nn/modules/module.py", line 1739, in _wrapped_call_impl
    return self._call_impl(*args, **kwargs)
  File "/data/armaan/venvs/omnizip_clean/lib/python3.10/site-packages/torch/nn/modules/module.py", line 1750, in _call_impl
    return forward_call(*args, **kwargs)
  File "/data/armaan/purs/Qwen2.5-Omni/low-VRAM-mode/modeling_qwen2_5_omni_low_VRAM_mode.py", line 1116, in forward
    attn_output = F.scaled_dot_product_attention(q, k, v, attention_mask, dropout_p=0.0)
torch.OutOfMemoryError: CUDA out of memory. Tried to allocate 81.00 GiB. GPU 0 has a total capacity of 47.37 GiB of which 34.62 GiB is free. Including non-PyTorch memory, this process has 12.74 GiB memory in use. Of the allocated memory 11.79 GiB is allocated by PyTorch, and 455.67 MiB is reserved by PyTorch but unallocated. If reserved but unallocated memory is large try setting PYTORCH_CUDA_ALLOC_CONF=expandable_segments:True to avoid fragmentation.  See documentation for Memory Management  (https://pytorch.org/docs/stable/notes/cuda.html#environment-variables)


--- worldsense/Relation Reasoning ---
Traceback (most recent call last):
  File "/data/armaan/purs/eval_qwen_omni.py", line 843, in main
    pred, reasoning = run_inference(
  File "/data/armaan/purs/eval_qwen_omni.py", line 660, in run_inference
    raw_out = model.generate(**gen_in, **gen_kw)
  File "/data/armaan/venvs/omnizip_clean/lib/python3.10/site-packages/awq/models/base.py", line 134, in generate
    return self.model.generate(*args, **kwargs)
  File "/data/armaan/venvs/omnizip_clean/lib/python3.10/site-packages/torch/utils/_contextlib.py", line 116, in decorate_context
    return func(*args, **kwargs)
  File "/data/armaan/purs/Qwen2.5-Omni/low-VRAM-mode/modeling_qwen2_5_omni_low_VRAM_mode.py", line 4760, in generate
    thinker_result = self.thinker.generate(input_ids=input_ids, **thinker_kwargs)
  File "/data/armaan/venvs/omnizip_clean/lib/python3.10/site-packages/torch/utils/_contextlib.py", line 116, in decorate_context
    return func(*args, **kwargs)
  File "/data/armaan/venvs/omnizip_clean/lib/python3.10/site-packages/transformers/generation/utils.py", line 2597, in generate
    result = self._sample(
  File "/data/armaan/venvs/omnizip_clean/lib/python3.10/site-packages/transformers/generation/utils.py", line 3557, in _sample
    outputs = self(**model_inputs, return_dict=True)
  File "/data/armaan/venvs/omnizip_clean/lib/python3.10/site-packages/torch/nn/modules/module.py", line 1739, in _wrapped_call_impl
    return self._call_impl(*args, **kwargs)
  File "/data/armaan/venvs/omnizip_clean/lib/python3.10/site-packages/torch/nn/modules/module.py", line 1750, in _call_impl
    return forward_call(*args, **kwargs)
  File "/data/armaan/purs/Qwen2.5-Omni/low-VRAM-mode/modeling_qwen2_5_omni_low_VRAM_mode.py", line 2490, in forward
    video_embeds = self.visual(pixel_values_videos, grid_thw=video_grid_thw)
  File "/data/armaan/venvs/omnizip_clean/lib/python3.10/site-packages/torch/nn/modules/module.py", line 1739, in _wrapped_call_impl
    return self._call_impl(*args, **kwargs)
  File "/data/armaan/venvs/omnizip_clean/lib/python3.10/site-packages/torch/nn/modules/module.py", line 1750, in _call_impl
    return forward_call(*args, **kwargs)
  File "/data/armaan/purs/Qwen2.5-Omni/low-VRAM-mode/modeling_qwen2_5_omni_low_VRAM_mode.py", line 1366, in forward
    hidden_states = blk(
  File "/data/armaan/venvs/omnizip_clean/lib/python3.10/site-packages/torch/nn/modules/module.py", line 1739, in _wrapped_call_impl
    return self._call_impl(*args, **kwargs)
  File "/data/armaan/venvs/omnizip_clean/lib/python3.10/site-packages/torch/nn/modules/module.py", line 1750, in _call_impl
    return forward_call(*args, **kwargs)
  File "/data/armaan/purs/Qwen2.5-Omni/low-VRAM-mode/modeling_qwen2_5_omni_low_VRAM_mode.py", line 1155, in forward
    hidden_states = hidden_states + self.attn(
  File "/data/armaan/venvs/omnizip_clean/lib/python3.10/site-packages/torch/nn/modules/module.py", line 1739, in _wrapped_call_impl
    return self._call_impl(*args, **kwargs)
  File "/data/armaan/venvs/omnizip_clean/lib/python3.10/site-packages/torch/nn/modules/module.py", line 1750, in _call_impl
    return forward_call(*args, **kwargs)
  File "/data/armaan/purs/Qwen2.5-Omni/low-VRAM-mode/modeling_qwen2_5_omni_low_VRAM_mode.py", line 1116, in forward
    attn_output = F.scaled_dot_product_attention(q, k, v, attention_mask, dropout_p=0.0)
torch.OutOfMemoryError: CUDA out of memory. Tried to allocate 81.00 GiB. GPU 0 has a total capacity of 47.37 GiB of which 34.62 GiB is free. Including non-PyTorch memory, this process has 12.74 GiB memory in use. Of the allocated memory 11.79 GiB is allocated by PyTorch, and 456.00 MiB is reserved by PyTorch but unallocated. If reserved but unallocated memory is large try setting PYTORCH_CUDA_ALLOC_CONF=expandable_segments:True to avoid fragmentation.  See documentation for Memory Management  (https://pytorch.org/docs/stable/notes/cuda.html#environment-variables)


--- worldsense/Scene Recognition ---
Traceback (most recent call last):
  File "/data/armaan/purs/eval_qwen_omni.py", line 843, in main
    pred, reasoning = run_inference(
  File "/data/armaan/purs/eval_qwen_omni.py", line 660, in run_inference
    raw_out = model.generate(**gen_in, **gen_kw)
  File "/data/armaan/venvs/omnizip_clean/lib/python3.10/site-packages/awq/models/base.py", line 134, in generate
    return self.model.generate(*args, **kwargs)
  File "/data/armaan/venvs/omnizip_clean/lib/python3.10/site-packages/torch/utils/_contextlib.py", line 116, in decorate_context
    return func(*args, **kwargs)
  File "/data/armaan/purs/Qwen2.5-Omni/low-VRAM-mode/modeling_qwen2_5_omni_low_VRAM_mode.py", line 4760, in generate
    thinker_result = self.thinker.generate(input_ids=input_ids, **thinker_kwargs)
  File "/data/armaan/venvs/omnizip_clean/lib/python3.10/site-packages/torch/utils/_contextlib.py", line 116, in decorate_context
    return func(*args, **kwargs)
  File "/data/armaan/venvs/omnizip_clean/lib/python3.10/site-packages/transformers/generation/utils.py", line 2597, in generate
    result = self._sample(
  File "/data/armaan/venvs/omnizip_clean/lib/python3.10/site-packages/transformers/generation/utils.py", line 3557, in _sample
    outputs = self(**model_inputs, return_dict=True)
  File "/data/armaan/venvs/omnizip_clean/lib/python3.10/site-packages/torch/nn/modules/module.py", line 1739, in _wrapped_call_impl
    return self._call_impl(*args, **kwargs)
  File "/data/armaan/venvs/omnizip_clean/lib/python3.10/site-packages/torch/nn/modules/module.py", line 1750, in _call_impl
    return forward_call(*args, **kwargs)
  File "/data/armaan/purs/Qwen2.5-Omni/low-VRAM-mode/modeling_qwen2_5_omni_low_VRAM_mode.py", line 2490, in forward
    video_embeds = self.visual(pixel_values_videos, grid_thw=video_grid_thw)
  File "/data/armaan/venvs/omnizip_clean/lib/python3.10/site-packages/torch/nn/modules/module.py", line 1739, in _wrapped_call_impl
    return self._call_impl(*args, **kwargs)
  File "/data/armaan/venvs/omnizip_clean/lib/python3.10/site-packages/torch/nn/modules/module.py", line 1750, in _call_impl
    return forward_call(*args, **kwargs)
  File "/data/armaan/purs/Qwen2.5-Omni/low-VRAM-mode/modeling_qwen2_5_omni_low_VRAM_mode.py", line 1366, in forward
    hidden_states = blk(
  File "/data/armaan/venvs/omnizip_clean/lib/python3.10/site-packages/torch/nn/modules/module.py", line 1739, in _wrapped_call_impl
    return self._call_impl(*args, **kwargs)
  File "/data/armaan/venvs/omnizip_clean/lib/python3.10/site-packages/torch/nn/modules/module.py", line 1750, in _call_impl
    return forward_call(*args, **kwargs)
  File "/data/armaan/purs/Qwen2.5-Omni/low-VRAM-mode/modeling_qwen2_5_omni_low_VRAM_mode.py", line 1155, in forward
    hidden_states = hidden_states + self.attn(
  File "/data/armaan/venvs/omnizip_clean/lib/python3.10/site-packages/torch/nn/modules/module.py", line 1739, in _wrapped_call_impl
    return self._call_impl(*args, **kwargs)
  File "/data/armaan/venvs/omnizip_clean/lib/python3.10/site-packages/torch/nn/modules/module.py", line 1750, in _call_impl
    return forward_call(*args, **kwargs)
  File "/data/armaan/purs/Qwen2.5-Omni/low-VRAM-mode/modeling_qwen2_5_omni_low_VRAM_mode.py", line 1116, in forward
    attn_output = F.scaled_dot_product_attention(q, k, v, attention_mask, dropout_p=0.0)
torch.OutOfMemoryError: CUDA out of memory. Tried to allocate 81.00 GiB. GPU 0 has a total capacity of 47.37 GiB of which 34.62 GiB is free. Including non-PyTorch memory, this process has 12.75 GiB memory in use. Of the allocated memory 11.79 GiB is allocated by PyTorch, and 467.22 MiB is reserved by PyTorch but unallocated. If reserved but unallocated memory is large try setting PYTORCH_CUDA_ALLOC_CONF=expandable_segments:True to avoid fragmentation.  See documentation for Memory Management  (https://pytorch.org/docs/stable/notes/cuda.html#environment-variables)


--- worldsense/Scene Recognition ---
Traceback (most recent call last):
  File "/data/armaan/purs/eval_qwen_omni.py", line 843, in main
    pred, reasoning = run_inference(
  File "/data/armaan/purs/eval_qwen_omni.py", line 660, in run_inference
    raw_out = model.generate(**gen_in, **gen_kw)
  File "/data/armaan/venvs/omnizip_clean/lib/python3.10/site-packages/awq/models/base.py", line 134, in generate
    return self.model.generate(*args, **kwargs)
  File "/data/armaan/venvs/omnizip_clean/lib/python3.10/site-packages/torch/utils/_contextlib.py", line 116, in decorate_context
    return func(*args, **kwargs)
  File "/data/armaan/purs/Qwen2.5-Omni/low-VRAM-mode/modeling_qwen2_5_omni_low_VRAM_mode.py", line 4760, in generate
    thinker_result = self.thinker.generate(input_ids=input_ids, **thinker_kwargs)
  File "/data/armaan/venvs/omnizip_clean/lib/python3.10/site-packages/torch/utils/_contextlib.py", line 116, in decorate_context
    return func(*args, **kwargs)
  File "/data/armaan/venvs/omnizip_clean/lib/python3.10/site-packages/transformers/generation/utils.py", line 2597, in generate
    result = self._sample(
  File "/data/armaan/venvs/omnizip_clean/lib/python3.10/site-packages/transformers/generation/utils.py", line 3557, in _sample
    outputs = self(**model_inputs, return_dict=True)
  File "/data/armaan/venvs/omnizip_clean/lib/python3.10/site-packages/torch/nn/modules/module.py", line 1739, in _wrapped_call_impl
    return self._call_impl(*args, **kwargs)
  File "/data/armaan/venvs/omnizip_clean/lib/python3.10/site-packages/torch/nn/modules/module.py", line 1750, in _call_impl
    return forward_call(*args, **kwargs)
  File "/data/armaan/purs/Qwen2.5-Omni/low-VRAM-mode/modeling_qwen2_5_omni_low_VRAM_mode.py", line 2490, in forward
    video_embeds = self.visual(pixel_values_videos, grid_thw=video_grid_thw)
  File "/data/armaan/venvs/omnizip_clean/lib/python3.10/site-packages/torch/nn/modules/module.py", line 1739, in _wrapped_call_impl
    return self._call_impl(*args, **kwargs)
  File "/data/armaan/venvs/omnizip_clean/lib/python3.10/site-packages/torch/nn/modules/module.py", line 1750, in _call_impl
    return forward_call(*args, **kwargs)
  File "/data/armaan/purs/Qwen2.5-Omni/low-VRAM-mode/modeling_qwen2_5_omni_low_VRAM_mode.py", line 1366, in forward
    hidden_states = blk(
  File "/data/armaan/venvs/omnizip_clean/lib/python3.10/site-packages/torch/nn/modules/module.py", line 1739, in _wrapped_call_impl
    return self._call_impl(*args, **kwargs)
  File "/data/armaan/venvs/omnizip_clean/lib/python3.10/site-packages/torch/nn/modules/module.py", line 1750, in _call_impl
    return forward_call(*args, **kwargs)
  File "/data/armaan/purs/Qwen2.5-Omni/low-VRAM-mode/modeling_qwen2_5_omni_low_VRAM_mode.py", line 1155, in forward
    hidden_states = hidden_states + self.attn(
  File "/data/armaan/venvs/omnizip_clean/lib/python3.10/site-packages/torch/nn/modules/module.py", line 1739, in _wrapped_call_impl
    return self._call_impl(*args, **kwargs)
  File "/data/armaan/venvs/omnizip_clean/lib/python3.10/site-packages/torch/nn/modules/module.py", line 1750, in _call_impl
    return forward_call(*args, **kwargs)
  File "/data/armaan/purs/Qwen2.5-Omni/low-VRAM-mode/modeling_qwen2_5_omni_low_VRAM_mode.py", line 1116, in forward
    attn_output = F.scaled_dot_product_attention(q, k, v, attention_mask, dropout_p=0.0)
torch.OutOfMemoryError: CUDA out of memory. Tried to allocate 81.00 GiB. GPU 0 has a total capacity of 47.37 GiB of which 34.63 GiB is free. Including non-PyTorch memory, this process has 12.73 GiB memory in use. Of the allocated memory 11.79 GiB is allocated by PyTorch, and 455.17 MiB is reserved by PyTorch but unallocated. If reserved but unallocated memory is large try setting PYTORCH_CUDA_ALLOC_CONF=expandable_segments:True to avoid fragmentation.  See documentation for Memory Management  (https://pytorch.org/docs/stable/notes/cuda.html#environment-variables)


--- worldsense/Spatial Relation ---
Traceback (most recent call last):
  File "/data/armaan/purs/eval_qwen_omni.py", line 843, in main
    pred, reasoning = run_inference(
  File "/data/armaan/purs/eval_qwen_omni.py", line 660, in run_inference
    raw_out = model.generate(**gen_in, **gen_kw)
  File "/data/armaan/venvs/omnizip_clean/lib/python3.10/site-packages/awq/models/base.py", line 134, in generate
    return self.model.generate(*args, **kwargs)
  File "/data/armaan/venvs/omnizip_clean/lib/python3.10/site-packages/torch/utils/_contextlib.py", line 116, in decorate_context
    return func(*args, **kwargs)
  File "/data/armaan/purs/Qwen2.5-Omni/low-VRAM-mode/modeling_qwen2_5_omni_low_VRAM_mode.py", line 4760, in generate
    thinker_result = self.thinker.generate(input_ids=input_ids, **thinker_kwargs)
  File "/data/armaan/venvs/omnizip_clean/lib/python3.10/site-packages/torch/utils/_contextlib.py", line 116, in decorate_context
    return func(*args, **kwargs)
  File "/data/armaan/venvs/omnizip_clean/lib/python3.10/site-packages/transformers/generation/utils.py", line 2597, in generate
    result = self._sample(
  File "/data/armaan/venvs/omnizip_clean/lib/python3.10/site-packages/transformers/generation/utils.py", line 3557, in _sample
    outputs = self(**model_inputs, return_dict=True)
  File "/data/armaan/venvs/omnizip_clean/lib/python3.10/site-packages/torch/nn/modules/module.py", line 1739, in _wrapped_call_impl
    return self._call_impl(*args, **kwargs)
  File "/data/armaan/venvs/omnizip_clean/lib/python3.10/site-packages/torch/nn/modules/module.py", line 1750, in _call_impl
    return forward_call(*args, **kwargs)
  File "/data/armaan/purs/Qwen2.5-Omni/low-VRAM-mode/modeling_qwen2_5_omni_low_VRAM_mode.py", line 2490, in forward
    video_embeds = self.visual(pixel_values_videos, grid_thw=video_grid_thw)
  File "/data/armaan/venvs/omnizip_clean/lib/python3.10/site-packages/torch/nn/modules/module.py", line 1739, in _wrapped_call_impl
    return self._call_impl(*args, **kwargs)
  File "/data/armaan/venvs/omnizip_clean/lib/python3.10/site-packages/torch/nn/modules/module.py", line 1750, in _call_impl
    return forward_call(*args, **kwargs)
  File "/data/armaan/purs/Qwen2.5-Omni/low-VRAM-mode/modeling_qwen2_5_omni_low_VRAM_mode.py", line 1366, in forward
    hidden_states = blk(
  File "/data/armaan/venvs/omnizip_clean/lib/python3.10/site-packages/torch/nn/modules/module.py", line 1739, in _wrapped_call_impl
    return self._call_impl(*args, **kwargs)
  File "/data/armaan/venvs/omnizip_clean/lib/python3.10/site-packages/torch/nn/modules/module.py", line 1750, in _call_impl
    return forward_call(*args, **kwargs)
  File "/data/armaan/purs/Qwen2.5-Omni/low-VRAM-mode/modeling_qwen2_5_omni_low_VRAM_mode.py", line 1155, in forward
    hidden_states = hidden_states + self.attn(
  File "/data/armaan/venvs/omnizip_clean/lib/python3.10/site-packages/torch/nn/modules/module.py", line 1739, in _wrapped_call_impl
    return self._call_impl(*args, **kwargs)
  File "/data/armaan/venvs/omnizip_clean/lib/python3.10/site-packages/torch/nn/modules/module.py", line 1750, in _call_impl
    return forward_call(*args, **kwargs)
  File "/data/armaan/purs/Qwen2.5-Omni/low-VRAM-mode/modeling_qwen2_5_omni_low_VRAM_mode.py", line 1116, in forward
    attn_output = F.scaled_dot_product_attention(q, k, v, attention_mask, dropout_p=0.0)
torch.OutOfMemoryError: CUDA out of memory. Tried to allocate 71.19 GiB. GPU 0 has a total capacity of 47.37 GiB of which 35.23 GiB is free. Including non-PyTorch memory, this process has 12.13 GiB memory in use. Of the allocated memory 11.23 GiB is allocated by PyTorch, and 404.55 MiB is reserved by PyTorch but unallocated. If reserved but unallocated memory is large try setting PYTORCH_CUDA_ALLOC_CONF=expandable_segments:True to avoid fragmentation.  See documentation for Memory Management  (https://pytorch.org/docs/stable/notes/cuda.html#environment-variables)


--- worldsense/Temporal Localization ---
Traceback (most recent call last):
  File "/data/armaan/purs/eval_qwen_omni.py", line 843, in main
    pred, reasoning = run_inference(
  File "/data/armaan/purs/eval_qwen_omni.py", line 660, in run_inference
    raw_out = model.generate(**gen_in, **gen_kw)
  File "/data/armaan/venvs/omnizip_clean/lib/python3.10/site-packages/awq/models/base.py", line 134, in generate
    return self.model.generate(*args, **kwargs)
  File "/data/armaan/venvs/omnizip_clean/lib/python3.10/site-packages/torch/utils/_contextlib.py", line 116, in decorate_context
    return func(*args, **kwargs)
  File "/data/armaan/purs/Qwen2.5-Omni/low-VRAM-mode/modeling_qwen2_5_omni_low_VRAM_mode.py", line 4760, in generate
    thinker_result = self.thinker.generate(input_ids=input_ids, **thinker_kwargs)
  File "/data/armaan/venvs/omnizip_clean/lib/python3.10/site-packages/torch/utils/_contextlib.py", line 116, in decorate_context
    return func(*args, **kwargs)
  File "/data/armaan/venvs/omnizip_clean/lib/python3.10/site-packages/transformers/generation/utils.py", line 2597, in generate
    result = self._sample(
  File "/data/armaan/venvs/omnizip_clean/lib/python3.10/site-packages/transformers/generation/utils.py", line 3557, in _sample
    outputs = self(**model_inputs, return_dict=True)
  File "/data/armaan/venvs/omnizip_clean/lib/python3.10/site-packages/torch/nn/modules/module.py", line 1739, in _wrapped_call_impl
    return self._call_impl(*args, **kwargs)
  File "/data/armaan/venvs/omnizip_clean/lib/python3.10/site-packages/torch/nn/modules/module.py", line 1750, in _call_impl
    return forward_call(*args, **kwargs)
  File "/data/armaan/purs/Qwen2.5-Omni/low-VRAM-mode/modeling_qwen2_5_omni_low_VRAM_mode.py", line 2490, in forward
    video_embeds = self.visual(pixel_values_videos, grid_thw=video_grid_thw)
  File "/data/armaan/venvs/omnizip_clean/lib/python3.10/site-packages/torch/nn/modules/module.py", line 1739, in _wrapped_call_impl
    return self._call_impl(*args, **kwargs)
  File "/data/armaan/venvs/omnizip_clean/lib/python3.10/site-packages/torch/nn/modules/module.py", line 1750, in _call_impl
    return forward_call(*args, **kwargs)
  File "/data/armaan/purs/Qwen2.5-Omni/low-VRAM-mode/modeling_qwen2_5_omni_low_VRAM_mode.py", line 1366, in forward
    hidden_states = blk(
  File "/data/armaan/venvs/omnizip_clean/lib/python3.10/site-packages/torch/nn/modules/module.py", line 1739, in _wrapped_call_impl
    return self._call_impl(*args, **kwargs)
  File "/data/armaan/venvs/omnizip_clean/lib/python3.10/site-packages/torch/nn/modules/module.py", line 1750, in _call_impl
    return forward_call(*args, **kwargs)
  File "/data/armaan/purs/Qwen2.5-Omni/low-VRAM-mode/modeling_qwen2_5_omni_low_VRAM_mode.py", line 1155, in forward
    hidden_states = hidden_states + self.attn(
  File "/data/armaan/venvs/omnizip_clean/lib/python3.10/site-packages/torch/nn/modules/module.py", line 1739, in _wrapped_call_impl
    return self._call_impl(*args, **kwargs)
  File "/data/armaan/venvs/omnizip_clean/lib/python3.10/site-packages/torch/nn/modules/module.py", line 1750, in _call_impl
    return forward_call(*args, **kwargs)
  File "/data/armaan/purs/Qwen2.5-Omni/low-VRAM-mode/modeling_qwen2_5_omni_low_VRAM_mode.py", line 1116, in forward
    attn_output = F.scaled_dot_product_attention(q, k, v, attention_mask, dropout_p=0.0)
torch.OutOfMemoryError: CUDA out of memory. Tried to allocate 71.19 GiB. GPU 0 has a total capacity of 47.37 GiB of which 35.23 GiB is free. Including non-PyTorch memory, this process has 12.13 GiB memory in use. Of the allocated memory 11.23 GiB is allocated by PyTorch, and 404.59 MiB is reserved by PyTorch but unallocated. If reserved but unallocated memory is large try setting PYTORCH_CUDA_ALLOC_CONF=expandable_segments:True to avoid fragmentation.  See documentation for Memory Management  (https://pytorch.org/docs/stable/notes/cuda.html#environment-variables)


--- worldsense/Temporal Localization ---
Traceback (most recent call last):
  File "/data/armaan/purs/eval_qwen_omni.py", line 843, in main
    pred, reasoning = run_inference(
  File "/data/armaan/purs/eval_qwen_omni.py", line 660, in run_inference
    raw_out = model.generate(**gen_in, **gen_kw)
  File "/data/armaan/venvs/omnizip_clean/lib/python3.10/site-packages/awq/models/base.py", line 134, in generate
    return self.model.generate(*args, **kwargs)
  File "/data/armaan/venvs/omnizip_clean/lib/python3.10/site-packages/torch/utils/_contextlib.py", line 116, in decorate_context
    return func(*args, **kwargs)
  File "/data/armaan/purs/Qwen2.5-Omni/low-VRAM-mode/modeling_qwen2_5_omni_low_VRAM_mode.py", line 4760, in generate
    thinker_result = self.thinker.generate(input_ids=input_ids, **thinker_kwargs)
  File "/data/armaan/venvs/omnizip_clean/lib/python3.10/site-packages/torch/utils/_contextlib.py", line 116, in decorate_context
    return func(*args, **kwargs)
  File "/data/armaan/venvs/omnizip_clean/lib/python3.10/site-packages/transformers/generation/utils.py", line 2597, in generate
    result = self._sample(
  File "/data/armaan/venvs/omnizip_clean/lib/python3.10/site-packages/transformers/generation/utils.py", line 3557, in _sample
    outputs = self(**model_inputs, return_dict=True)
  File "/data/armaan/venvs/omnizip_clean/lib/python3.10/site-packages/torch/nn/modules/module.py", line 1739, in _wrapped_call_impl
    return self._call_impl(*args, **kwargs)
  File "/data/armaan/venvs/omnizip_clean/lib/python3.10/site-packages/torch/nn/modules/module.py", line 1750, in _call_impl
    return forward_call(*args, **kwargs)
  File "/data/armaan/purs/Qwen2.5-Omni/low-VRAM-mode/modeling_qwen2_5_omni_low_VRAM_mode.py", line 2490, in forward
    video_embeds = self.visual(pixel_values_videos, grid_thw=video_grid_thw)
  File "/data/armaan/venvs/omnizip_clean/lib/python3.10/site-packages/torch/nn/modules/module.py", line 1739, in _wrapped_call_impl
    return self._call_impl(*args, **kwargs)
  File "/data/armaan/venvs/omnizip_clean/lib/python3.10/site-packages/torch/nn/modules/module.py", line 1750, in _call_impl
    return forward_call(*args, **kwargs)
  File "/data/armaan/purs/Qwen2.5-Omni/low-VRAM-mode/modeling_qwen2_5_omni_low_VRAM_mode.py", line 1366, in forward
    hidden_states = blk(
  File "/data/armaan/venvs/omnizip_clean/lib/python3.10/site-packages/torch/nn/modules/module.py", line 1739, in _wrapped_call_impl
    return self._call_impl(*args, **kwargs)
  File "/data/armaan/venvs/omnizip_clean/lib/python3.10/site-packages/torch/nn/modules/module.py", line 1750, in _call_impl
    return forward_call(*args, **kwargs)
  File "/data/armaan/purs/Qwen2.5-Omni/low-VRAM-mode/modeling_qwen2_5_omni_low_VRAM_mode.py", line 1155, in forward
    hidden_states = hidden_states + self.attn(
  File "/data/armaan/venvs/omnizip_clean/lib/python3.10/site-packages/torch/nn/modules/module.py", line 1739, in _wrapped_call_impl
    return self._call_impl(*args, **kwargs)
  File "/data/armaan/venvs/omnizip_clean/lib/python3.10/site-packages/torch/nn/modules/module.py", line 1750, in _call_impl
    return forward_call(*args, **kwargs)
  File "/data/armaan/purs/Qwen2.5-Omni/low-VRAM-mode/modeling_qwen2_5_omni_low_VRAM_mode.py", line 1116, in forward
    attn_output = F.scaled_dot_product_attention(q, k, v, attention_mask, dropout_p=0.0)
torch.OutOfMemoryError: CUDA out of memory. Tried to allocate 71.19 GiB. GPU 0 has a total capacity of 47.37 GiB of which 35.23 GiB is free. Including non-PyTorch memory, this process has 12.13 GiB memory in use. Of the allocated memory 11.23 GiB is allocated by PyTorch, and 404.64 MiB is reserved by PyTorch but unallocated. If reserved but unallocated memory is large try setting PYTORCH_CUDA_ALLOC_CONF=expandable_segments:True to avoid fragmentation.  See documentation for Memory Management  (https://pytorch.org/docs/stable/notes/cuda.html#environment-variables)


--- worldsense/Temporal Prediction ---
Traceback (most recent call last):
  File "/data/armaan/purs/eval_qwen_omni.py", line 843, in main
    pred, reasoning = run_inference(
  File "/data/armaan/purs/eval_qwen_omni.py", line 660, in run_inference
    raw_out = model.generate(**gen_in, **gen_kw)
  File "/data/armaan/venvs/omnizip_clean/lib/python3.10/site-packages/awq/models/base.py", line 134, in generate
    return self.model.generate(*args, **kwargs)
  File "/data/armaan/venvs/omnizip_clean/lib/python3.10/site-packages/torch/utils/_contextlib.py", line 116, in decorate_context
    return func(*args, **kwargs)
  File "/data/armaan/purs/Qwen2.5-Omni/low-VRAM-mode/modeling_qwen2_5_omni_low_VRAM_mode.py", line 4760, in generate
    thinker_result = self.thinker.generate(input_ids=input_ids, **thinker_kwargs)
  File "/data/armaan/venvs/omnizip_clean/lib/python3.10/site-packages/torch/utils/_contextlib.py", line 116, in decorate_context
    return func(*args, **kwargs)
  File "/data/armaan/venvs/omnizip_clean/lib/python3.10/site-packages/transformers/generation/utils.py", line 2597, in generate
    result = self._sample(
  File "/data/armaan/venvs/omnizip_clean/lib/python3.10/site-packages/transformers/generation/utils.py", line 3557, in _sample
    outputs = self(**model_inputs, return_dict=True)
  File "/data/armaan/venvs/omnizip_clean/lib/python3.10/site-packages/torch/nn/modules/module.py", line 1739, in _wrapped_call_impl
    return self._call_impl(*args, **kwargs)
  File "/data/armaan/venvs/omnizip_clean/lib/python3.10/site-packages/torch/nn/modules/module.py", line 1750, in _call_impl
    return forward_call(*args, **kwargs)
  File "/data/armaan/purs/Qwen2.5-Omni/low-VRAM-mode/modeling_qwen2_5_omni_low_VRAM_mode.py", line 2490, in forward
    video_embeds = self.visual(pixel_values_videos, grid_thw=video_grid_thw)
  File "/data/armaan/venvs/omnizip_clean/lib/python3.10/site-packages/torch/nn/modules/module.py", line 1739, in _wrapped_call_impl
    return self._call_impl(*args, **kwargs)
  File "/data/armaan/venvs/omnizip_clean/lib/python3.10/site-packages/torch/nn/modules/module.py", line 1750, in _call_impl
    return forward_call(*args, **kwargs)
  File "/data/armaan/purs/Qwen2.5-Omni/low-VRAM-mode/modeling_qwen2_5_omni_low_VRAM_mode.py", line 1366, in forward
    hidden_states = blk(
  File "/data/armaan/venvs/omnizip_clean/lib/python3.10/site-packages/torch/nn/modules/module.py", line 1739, in _wrapped_call_impl
    return self._call_impl(*args, **kwargs)
  File "/data/armaan/venvs/omnizip_clean/lib/python3.10/site-packages/torch/nn/modules/module.py", line 1750, in _call_impl
    return forward_call(*args, **kwargs)
  File "/data/armaan/purs/Qwen2.5-Omni/low-VRAM-mode/modeling_qwen2_5_omni_low_VRAM_mode.py", line 1155, in forward
    hidden_states = hidden_states + self.attn(
  File "/data/armaan/venvs/omnizip_clean/lib/python3.10/site-packages/torch/nn/modules/module.py", line 1739, in _wrapped_call_impl
    return self._call_impl(*args, **kwargs)
  File "/data/armaan/venvs/omnizip_clean/lib/python3.10/site-packages/torch/nn/modules/module.py", line 1750, in _call_impl
    return forward_call(*args, **kwargs)
  File "/data/armaan/purs/Qwen2.5-Omni/low-VRAM-mode/modeling_qwen2_5_omni_low_VRAM_mode.py", line 1116, in forward
    attn_output = F.scaled_dot_product_attention(q, k, v, attention_mask, dropout_p=0.0)
torch.OutOfMemoryError: CUDA out of memory. Tried to allocate 29.66 GiB. GPU 0 has a total capacity of 47.37 GiB of which 8.16 GiB is free. Including non-PyTorch memory, this process has 39.20 GiB memory in use. Of the allocated memory 38.35 GiB is allocated by PyTorch, and 357.59 MiB is reserved by PyTorch but unallocated. If reserved but unallocated memory is large try setting PYTORCH_CUDA_ALLOC_CONF=expandable_segments:True to avoid fragmentation.  See documentation for Memory Management  (https://pytorch.org/docs/stable/notes/cuda.html#environment-variables)


--- worldsense/Temporal Prediction ---
Traceback (most recent call last):
  File "/data/armaan/purs/eval_qwen_omni.py", line 843, in main
    pred, reasoning = run_inference(
  File "/data/armaan/purs/eval_qwen_omni.py", line 660, in run_inference
    raw_out = model.generate(**gen_in, **gen_kw)
  File "/data/armaan/venvs/omnizip_clean/lib/python3.10/site-packages/awq/models/base.py", line 134, in generate
    return self.model.generate(*args, **kwargs)
  File "/data/armaan/venvs/omnizip_clean/lib/python3.10/site-packages/torch/utils/_contextlib.py", line 116, in decorate_context
    return func(*args, **kwargs)
  File "/data/armaan/purs/Qwen2.5-Omni/low-VRAM-mode/modeling_qwen2_5_omni_low_VRAM_mode.py", line 4760, in generate
    thinker_result = self.thinker.generate(input_ids=input_ids, **thinker_kwargs)
  File "/data/armaan/venvs/omnizip_clean/lib/python3.10/site-packages/torch/utils/_contextlib.py", line 116, in decorate_context
    return func(*args, **kwargs)
  File "/data/armaan/venvs/omnizip_clean/lib/python3.10/site-packages/transformers/generation/utils.py", line 2597, in generate
    result = self._sample(
  File "/data/armaan/venvs/omnizip_clean/lib/python3.10/site-packages/transformers/generation/utils.py", line 3557, in _sample
    outputs = self(**model_inputs, return_dict=True)
  File "/data/armaan/venvs/omnizip_clean/lib/python3.10/site-packages/torch/nn/modules/module.py", line 1739, in _wrapped_call_impl
    return self._call_impl(*args, **kwargs)
  File "/data/armaan/venvs/omnizip_clean/lib/python3.10/site-packages/torch/nn/modules/module.py", line 1750, in _call_impl
    return forward_call(*args, **kwargs)
  File "/data/armaan/purs/Qwen2.5-Omni/low-VRAM-mode/modeling_qwen2_5_omni_low_VRAM_mode.py", line 2490, in forward
    video_embeds = self.visual(pixel_values_videos, grid_thw=video_grid_thw)
  File "/data/armaan/venvs/omnizip_clean/lib/python3.10/site-packages/torch/nn/modules/module.py", line 1739, in _wrapped_call_impl
    return self._call_impl(*args, **kwargs)
  File "/data/armaan/venvs/omnizip_clean/lib/python3.10/site-packages/torch/nn/modules/module.py", line 1750, in _call_impl
    return forward_call(*args, **kwargs)
  File "/data/armaan/purs/Qwen2.5-Omni/low-VRAM-mode/modeling_qwen2_5_omni_low_VRAM_mode.py", line 1366, in forward
    hidden_states = blk(
  File "/data/armaan/venvs/omnizip_clean/lib/python3.10/site-packages/torch/nn/modules/module.py", line 1739, in _wrapped_call_impl
    return self._call_impl(*args, **kwargs)
  File "/data/armaan/venvs/omnizip_clean/lib/python3.10/site-packages/torch/nn/modules/module.py", line 1750, in _call_impl
    return forward_call(*args, **kwargs)
  File "/data/armaan/purs/Qwen2.5-Omni/low-VRAM-mode/modeling_qwen2_5_omni_low_VRAM_mode.py", line 1155, in forward
    hidden_states = hidden_states + self.attn(
  File "/data/armaan/venvs/omnizip_clean/lib/python3.10/site-packages/torch/nn/modules/module.py", line 1739, in _wrapped_call_impl
    return self._call_impl(*args, **kwargs)
  File "/data/armaan/venvs/omnizip_clean/lib/python3.10/site-packages/torch/nn/modules/module.py", line 1750, in _call_impl
    return forward_call(*args, **kwargs)
  File "/data/armaan/purs/Qwen2.5-Omni/low-VRAM-mode/modeling_qwen2_5_omni_low_VRAM_mode.py", line 1116, in forward
    attn_output = F.scaled_dot_product_attention(q, k, v, attention_mask, dropout_p=0.0)
torch.OutOfMemoryError: CUDA out of memory. Tried to allocate 29.66 GiB. GPU 0 has a total capacity of 47.37 GiB of which 8.17 GiB is free. Including non-PyTorch memory, this process has 39.20 GiB memory in use. Of the allocated memory 38.35 GiB is allocated by PyTorch, and 352.17 MiB is reserved by PyTorch but unallocated. If reserved but unallocated memory is large try setting PYTORCH_CUDA_ALLOC_CONF=expandable_segments:True to avoid fragmentation.  See documentation for Memory Management  (https://pytorch.org/docs/stable/notes/cuda.html#environment-variables)


--- worldsense/Text and Diagram Understanding ---
Traceback (most recent call last):
  File "/data/armaan/purs/eval_qwen_omni.py", line 843, in main
    pred, reasoning = run_inference(
  File "/data/armaan/purs/eval_qwen_omni.py", line 660, in run_inference
    raw_out = model.generate(**gen_in, **gen_kw)
  File "/data/armaan/venvs/omnizip_clean/lib/python3.10/site-packages/awq/models/base.py", line 134, in generate
    return self.model.generate(*args, **kwargs)
  File "/data/armaan/venvs/omnizip_clean/lib/python3.10/site-packages/torch/utils/_contextlib.py", line 116, in decorate_context
    return func(*args, **kwargs)
  File "/data/armaan/purs/Qwen2.5-Omni/low-VRAM-mode/modeling_qwen2_5_omni_low_VRAM_mode.py", line 4760, in generate
    thinker_result = self.thinker.generate(input_ids=input_ids, **thinker_kwargs)
  File "/data/armaan/venvs/omnizip_clean/lib/python3.10/site-packages/torch/utils/_contextlib.py", line 116, in decorate_context
    return func(*args, **kwargs)
  File "/data/armaan/venvs/omnizip_clean/lib/python3.10/site-packages/transformers/generation/utils.py", line 2597, in generate
    result = self._sample(
  File "/data/armaan/venvs/omnizip_clean/lib/python3.10/site-packages/transformers/generation/utils.py", line 3557, in _sample
    outputs = self(**model_inputs, return_dict=True)
  File "/data/armaan/venvs/omnizip_clean/lib/python3.10/site-packages/torch/nn/modules/module.py", line 1739, in _wrapped_call_impl
    return self._call_impl(*args, **kwargs)
  File "/data/armaan/venvs/omnizip_clean/lib/python3.10/site-packages/torch/nn/modules/module.py", line 1750, in _call_impl
    return forward_call(*args, **kwargs)
  File "/data/armaan/purs/Qwen2.5-Omni/low-VRAM-mode/modeling_qwen2_5_omni_low_VRAM_mode.py", line 2490, in forward
    video_embeds = self.visual(pixel_values_videos, grid_thw=video_grid_thw)
  File "/data/armaan/venvs/omnizip_clean/lib/python3.10/site-packages/torch/nn/modules/module.py", line 1739, in _wrapped_call_impl
    return self._call_impl(*args, **kwargs)
  File "/data/armaan/venvs/omnizip_clean/lib/python3.10/site-packages/torch/nn/modules/module.py", line 1750, in _call_impl
    return forward_call(*args, **kwargs)
  File "/data/armaan/purs/Qwen2.5-Omni/low-VRAM-mode/modeling_qwen2_5_omni_low_VRAM_mode.py", line 1366, in forward
    hidden_states = blk(
  File "/data/armaan/venvs/omnizip_clean/lib/python3.10/site-packages/torch/nn/modules/module.py", line 1739, in _wrapped_call_impl
    return self._call_impl(*args, **kwargs)
  File "/data/armaan/venvs/omnizip_clean/lib/python3.10/site-packages/torch/nn/modules/module.py", line 1750, in _call_impl
    return forward_call(*args, **kwargs)
  File "/data/armaan/purs/Qwen2.5-Omni/low-VRAM-mode/modeling_qwen2_5_omni_low_VRAM_mode.py", line 1155, in forward
    hidden_states = hidden_states + self.attn(
  File "/data/armaan/venvs/omnizip_clean/lib/python3.10/site-packages/torch/nn/modules/module.py", line 1739, in _wrapped_call_impl
    return self._call_impl(*args, **kwargs)
  File "/data/armaan/venvs/omnizip_clean/lib/python3.10/site-packages/torch/nn/modules/module.py", line 1750, in _call_impl
    return forward_call(*args, **kwargs)
  File "/data/armaan/purs/Qwen2.5-Omni/low-VRAM-mode/modeling_qwen2_5_omni_low_VRAM_mode.py", line 1116, in forward
    attn_output = F.scaled_dot_product_attention(q, k, v, attention_mask, dropout_p=0.0)
torch.OutOfMemoryError: CUDA out of memory. Tried to allocate 81.00 GiB. GPU 0 has a total capacity of 47.37 GiB of which 34.66 GiB is free. Including non-PyTorch memory, this process has 12.70 GiB memory in use. Of the allocated memory 11.79 GiB is allocated by PyTorch, and 416.38 MiB is reserved by PyTorch but unallocated. If reserved but unallocated memory is large try setting PYTORCH_CUDA_ALLOC_CONF=expandable_segments:True to avoid fragmentation.  See documentation for Memory Management  (https://pytorch.org/docs/stable/notes/cuda.html#environment-variables)


--- worldsense/Text and Diagram Understanding ---
Traceback (most recent call last):
  File "/data/armaan/purs/eval_qwen_omni.py", line 843, in main
    pred, reasoning = run_inference(
  File "/data/armaan/purs/eval_qwen_omni.py", line 660, in run_inference
    raw_out = model.generate(**gen_in, **gen_kw)
  File "/data/armaan/venvs/omnizip_clean/lib/python3.10/site-packages/awq/models/base.py", line 134, in generate
    return self.model.generate(*args, **kwargs)
  File "/data/armaan/venvs/omnizip_clean/lib/python3.10/site-packages/torch/utils/_contextlib.py", line 116, in decorate_context
    return func(*args, **kwargs)
  File "/data/armaan/purs/Qwen2.5-Omni/low-VRAM-mode/modeling_qwen2_5_omni_low_VRAM_mode.py", line 4760, in generate
    thinker_result = self.thinker.generate(input_ids=input_ids, **thinker_kwargs)
  File "/data/armaan/venvs/omnizip_clean/lib/python3.10/site-packages/torch/utils/_contextlib.py", line 116, in decorate_context
    return func(*args, **kwargs)
  File "/data/armaan/venvs/omnizip_clean/lib/python3.10/site-packages/transformers/generation/utils.py", line 2597, in generate
    result = self._sample(
  File "/data/armaan/venvs/omnizip_clean/lib/python3.10/site-packages/transformers/generation/utils.py", line 3557, in _sample
    outputs = self(**model_inputs, return_dict=True)
  File "/data/armaan/venvs/omnizip_clean/lib/python3.10/site-packages/torch/nn/modules/module.py", line 1739, in _wrapped_call_impl
    return self._call_impl(*args, **kwargs)
  File "/data/armaan/venvs/omnizip_clean/lib/python3.10/site-packages/torch/nn/modules/module.py", line 1750, in _call_impl
    return forward_call(*args, **kwargs)
  File "/data/armaan/purs/Qwen2.5-Omni/low-VRAM-mode/modeling_qwen2_5_omni_low_VRAM_mode.py", line 2490, in forward
    video_embeds = self.visual(pixel_values_videos, grid_thw=video_grid_thw)
  File "/data/armaan/venvs/omnizip_clean/lib/python3.10/site-packages/torch/nn/modules/module.py", line 1739, in _wrapped_call_impl
    return self._call_impl(*args, **kwargs)
  File "/data/armaan/venvs/omnizip_clean/lib/python3.10/site-packages/torch/nn/modules/module.py", line 1750, in _call_impl
    return forward_call(*args, **kwargs)
  File "/data/armaan/purs/Qwen2.5-Omni/low-VRAM-mode/modeling_qwen2_5_omni_low_VRAM_mode.py", line 1366, in forward
    hidden_states = blk(
  File "/data/armaan/venvs/omnizip_clean/lib/python3.10/site-packages/torch/nn/modules/module.py", line 1739, in _wrapped_call_impl
    return self._call_impl(*args, **kwargs)
  File "/data/armaan/venvs/omnizip_clean/lib/python3.10/site-packages/torch/nn/modules/module.py", line 1750, in _call_impl
    return forward_call(*args, **kwargs)
  File "/data/armaan/purs/Qwen2.5-Omni/low-VRAM-mode/modeling_qwen2_5_omni_low_VRAM_mode.py", line 1155, in forward
    hidden_states = hidden_states + self.attn(
  File "/data/armaan/venvs/omnizip_clean/lib/python3.10/site-packages/torch/nn/modules/module.py", line 1739, in _wrapped_call_impl
    return self._call_impl(*args, **kwargs)
  File "/data/armaan/venvs/omnizip_clean/lib/python3.10/site-packages/torch/nn/modules/module.py", line 1750, in _call_impl
    return forward_call(*args, **kwargs)
  File "/data/armaan/purs/Qwen2.5-Omni/low-VRAM-mode/modeling_qwen2_5_omni_low_VRAM_mode.py", line 1116, in forward
    attn_output = F.scaled_dot_product_attention(q, k, v, attention_mask, dropout_p=0.0)
torch.OutOfMemoryError: CUDA out of memory. Tried to allocate 81.00 GiB. GPU 0 has a total capacity of 47.37 GiB of which 34.66 GiB is free. Including non-PyTorch memory, this process has 12.70 GiB memory in use. Of the allocated memory 11.79 GiB is allocated by PyTorch, and 416.28 MiB is reserved by PyTorch but unallocated. If reserved but unallocated memory is large try setting PYTORCH_CUDA_ALLOC_CONF=expandable_segments:True to avoid fragmentation.  See documentation for Memory Management  (https://pytorch.org/docs/stable/notes/cuda.html#environment-variables)


--- worldsense/Text and Diagram Understanding ---
Traceback (most recent call last):
  File "/data/armaan/purs/eval_qwen_omni.py", line 843, in main
    pred, reasoning = run_inference(
  File "/data/armaan/purs/eval_qwen_omni.py", line 660, in run_inference
    raw_out = model.generate(**gen_in, **gen_kw)
  File "/data/armaan/venvs/omnizip_clean/lib/python3.10/site-packages/awq/models/base.py", line 134, in generate
    return self.model.generate(*args, **kwargs)
  File "/data/armaan/venvs/omnizip_clean/lib/python3.10/site-packages/torch/utils/_contextlib.py", line 116, in decorate_context
    return func(*args, **kwargs)
  File "/data/armaan/purs/Qwen2.5-Omni/low-VRAM-mode/modeling_qwen2_5_omni_low_VRAM_mode.py", line 4760, in generate
    thinker_result = self.thinker.generate(input_ids=input_ids, **thinker_kwargs)
  File "/data/armaan/venvs/omnizip_clean/lib/python3.10/site-packages/torch/utils/_contextlib.py", line 116, in decorate_context
    return func(*args, **kwargs)
  File "/data/armaan/venvs/omnizip_clean/lib/python3.10/site-packages/transformers/generation/utils.py", line 2597, in generate
    result = self._sample(
  File "/data/armaan/venvs/omnizip_clean/lib/python3.10/site-packages/transformers/generation/utils.py", line 3557, in _sample
    outputs = self(**model_inputs, return_dict=True)
  File "/data/armaan/venvs/omnizip_clean/lib/python3.10/site-packages/torch/nn/modules/module.py", line 1739, in _wrapped_call_impl
    return self._call_impl(*args, **kwargs)
  File "/data/armaan/venvs/omnizip_clean/lib/python3.10/site-packages/torch/nn/modules/module.py", line 1750, in _call_impl
    return forward_call(*args, **kwargs)
  File "/data/armaan/purs/Qwen2.5-Omni/low-VRAM-mode/modeling_qwen2_5_omni_low_VRAM_mode.py", line 2490, in forward
    video_embeds = self.visual(pixel_values_videos, grid_thw=video_grid_thw)
  File "/data/armaan/venvs/omnizip_clean/lib/python3.10/site-packages/torch/nn/modules/module.py", line 1739, in _wrapped_call_impl
    return self._call_impl(*args, **kwargs)
  File "/data/armaan/venvs/omnizip_clean/lib/python3.10/site-packages/torch/nn/modules/module.py", line 1750, in _call_impl
    return forward_call(*args, **kwargs)
  File "/data/armaan/purs/Qwen2.5-Omni/low-VRAM-mode/modeling_qwen2_5_omni_low_VRAM_mode.py", line 1366, in forward
    hidden_states = blk(
  File "/data/armaan/venvs/omnizip_clean/lib/python3.10/site-packages/torch/nn/modules/module.py", line 1739, in _wrapped_call_impl
    return self._call_impl(*args, **kwargs)
  File "/data/armaan/venvs/omnizip_clean/lib/python3.10/site-packages/torch/nn/modules/module.py", line 1750, in _call_impl
    return forward_call(*args, **kwargs)
  File "/data/armaan/purs/Qwen2.5-Omni/low-VRAM-mode/modeling_qwen2_5_omni_low_VRAM_mode.py", line 1155, in forward
    hidden_states = hidden_states + self.attn(
  File "/data/armaan/venvs/omnizip_clean/lib/python3.10/site-packages/torch/nn/modules/module.py", line 1739, in _wrapped_call_impl
    return self._call_impl(*args, **kwargs)
  File "/data/armaan/venvs/omnizip_clean/lib/python3.10/site-packages/torch/nn/modules/module.py", line 1750, in _call_impl
    return forward_call(*args, **kwargs)
  File "/data/armaan/purs/Qwen2.5-Omni/low-VRAM-mode/modeling_qwen2_5_omni_low_VRAM_mode.py", line 1116, in forward
    attn_output = F.scaled_dot_product_attention(q, k, v, attention_mask, dropout_p=0.0)
torch.OutOfMemoryError: CUDA out of memory. Tried to allocate 81.00 GiB. GPU 0 has a total capacity of 47.37 GiB of which 34.66 GiB is free. Including non-PyTorch memory, this process has 12.70 GiB memory in use. Of the allocated memory 11.79 GiB is allocated by PyTorch, and 416.35 MiB is reserved by PyTorch but unallocated. If reserved but unallocated memory is large try setting PYTORCH_CUDA_ALLOC_CONF=expandable_segments:True to avoid fragmentation.  See documentation for Memory Management  (https://pytorch.org/docs/stable/notes/cuda.html#environment-variables)


--- worldsense/Video Emotions ---
Traceback (most recent call last):
  File "/data/armaan/purs/eval_qwen_omni.py", line 843, in main
    pred, reasoning = run_inference(
  File "/data/armaan/purs/eval_qwen_omni.py", line 660, in run_inference
    raw_out = model.generate(**gen_in, **gen_kw)
  File "/data/armaan/venvs/omnizip_clean/lib/python3.10/site-packages/awq/models/base.py", line 134, in generate
    return self.model.generate(*args, **kwargs)
  File "/data/armaan/venvs/omnizip_clean/lib/python3.10/site-packages/torch/utils/_contextlib.py", line 116, in decorate_context
    return func(*args, **kwargs)
  File "/data/armaan/purs/Qwen2.5-Omni/low-VRAM-mode/modeling_qwen2_5_omni_low_VRAM_mode.py", line 4760, in generate
    thinker_result = self.thinker.generate(input_ids=input_ids, **thinker_kwargs)
  File "/data/armaan/venvs/omnizip_clean/lib/python3.10/site-packages/torch/utils/_contextlib.py", line 116, in decorate_context
    return func(*args, **kwargs)
  File "/data/armaan/venvs/omnizip_clean/lib/python3.10/site-packages/transformers/generation/utils.py", line 2597, in generate
    result = self._sample(
  File "/data/armaan/venvs/omnizip_clean/lib/python3.10/site-packages/transformers/generation/utils.py", line 3557, in _sample
    outputs = self(**model_inputs, return_dict=True)
  File "/data/armaan/venvs/omnizip_clean/lib/python3.10/site-packages/torch/nn/modules/module.py", line 1739, in _wrapped_call_impl
    return self._call_impl(*args, **kwargs)
  File "/data/armaan/venvs/omnizip_clean/lib/python3.10/site-packages/torch/nn/modules/module.py", line 1750, in _call_impl
    return forward_call(*args, **kwargs)
  File "/data/armaan/purs/Qwen2.5-Omni/low-VRAM-mode/modeling_qwen2_5_omni_low_VRAM_mode.py", line 2490, in forward
    video_embeds = self.visual(pixel_values_videos, grid_thw=video_grid_thw)
  File "/data/armaan/venvs/omnizip_clean/lib/python3.10/site-packages/torch/nn/modules/module.py", line 1739, in _wrapped_call_impl
    return self._call_impl(*args, **kwargs)
  File "/data/armaan/venvs/omnizip_clean/lib/python3.10/site-packages/torch/nn/modules/module.py", line 1750, in _call_impl
    return forward_call(*args, **kwargs)
  File "/data/armaan/purs/Qwen2.5-Omni/low-VRAM-mode/modeling_qwen2_5_omni_low_VRAM_mode.py", line 1366, in forward
    hidden_states = blk(
  File "/data/armaan/venvs/omnizip_clean/lib/python3.10/site-packages/torch/nn/modules/module.py", line 1739, in _wrapped_call_impl
    return self._call_impl(*args, **kwargs)
  File "/data/armaan/venvs/omnizip_clean/lib/python3.10/site-packages/torch/nn/modules/module.py", line 1750, in _call_impl
    return forward_call(*args, **kwargs)
  File "/data/armaan/purs/Qwen2.5-Omni/low-VRAM-mode/modeling_qwen2_5_omni_low_VRAM_mode.py", line 1155, in forward
    hidden_states = hidden_states + self.attn(
  File "/data/armaan/venvs/omnizip_clean/lib/python3.10/site-packages/torch/nn/modules/module.py", line 1739, in _wrapped_call_impl
    return self._call_impl(*args, **kwargs)
  File "/data/armaan/venvs/omnizip_clean/lib/python3.10/site-packages/torch/nn/modules/module.py", line 1750, in _call_impl
    return forward_call(*args, **kwargs)
  File "/data/armaan/purs/Qwen2.5-Omni/low-VRAM-mode/modeling_qwen2_5_omni_low_VRAM_mode.py", line 1116, in forward
    attn_output = F.scaled_dot_product_attention(q, k, v, attention_mask, dropout_p=0.0)
torch.OutOfMemoryError: CUDA out of memory. Tried to allocate 81.00 GiB. GPU 0 has a total capacity of 47.37 GiB of which 34.62 GiB is free. Including non-PyTorch memory, this process has 12.74 GiB memory in use. Of the allocated memory 11.79 GiB is allocated by PyTorch, and 463.93 MiB is reserved by PyTorch but unallocated. If reserved but unallocated memory is large try setting PYTORCH_CUDA_ALLOC_CONF=expandable_segments:True to avoid fragmentation.  See documentation for Memory Management  (https://pytorch.org/docs/stable/notes/cuda.html#environment-variables)


--- worldsense/Video Emotions ---
Traceback (most recent call last):
  File "/data/armaan/purs/eval_qwen_omni.py", line 843, in main
    pred, reasoning = run_inference(
  File "/data/armaan/purs/eval_qwen_omni.py", line 660, in run_inference
    raw_out = model.generate(**gen_in, **gen_kw)
  File "/data/armaan/venvs/omnizip_clean/lib/python3.10/site-packages/awq/models/base.py", line 134, in generate
    return self.model.generate(*args, **kwargs)
  File "/data/armaan/venvs/omnizip_clean/lib/python3.10/site-packages/torch/utils/_contextlib.py", line 116, in decorate_context
    return func(*args, **kwargs)
  File "/data/armaan/purs/Qwen2.5-Omni/low-VRAM-mode/modeling_qwen2_5_omni_low_VRAM_mode.py", line 4760, in generate
    thinker_result = self.thinker.generate(input_ids=input_ids, **thinker_kwargs)
  File "/data/armaan/venvs/omnizip_clean/lib/python3.10/site-packages/torch/utils/_contextlib.py", line 116, in decorate_context
    return func(*args, **kwargs)
  File "/data/armaan/venvs/omnizip_clean/lib/python3.10/site-packages/transformers/generation/utils.py", line 2597, in generate
    result = self._sample(
  File "/data/armaan/venvs/omnizip_clean/lib/python3.10/site-packages/transformers/generation/utils.py", line 3557, in _sample
    outputs = self(**model_inputs, return_dict=True)
  File "/data/armaan/venvs/omnizip_clean/lib/python3.10/site-packages/torch/nn/modules/module.py", line 1739, in _wrapped_call_impl
    return self._call_impl(*args, **kwargs)
  File "/data/armaan/venvs/omnizip_clean/lib/python3.10/site-packages/torch/nn/modules/module.py", line 1750, in _call_impl
    return forward_call(*args, **kwargs)
  File "/data/armaan/purs/Qwen2.5-Omni/low-VRAM-mode/modeling_qwen2_5_omni_low_VRAM_mode.py", line 2490, in forward
    video_embeds = self.visual(pixel_values_videos, grid_thw=video_grid_thw)
  File "/data/armaan/venvs/omnizip_clean/lib/python3.10/site-packages/torch/nn/modules/module.py", line 1739, in _wrapped_call_impl
    return self._call_impl(*args, **kwargs)
  File "/data/armaan/venvs/omnizip_clean/lib/python3.10/site-packages/torch/nn/modules/module.py", line 1750, in _call_impl
    return forward_call(*args, **kwargs)
  File "/data/armaan/purs/Qwen2.5-Omni/low-VRAM-mode/modeling_qwen2_5_omni_low_VRAM_mode.py", line 1366, in forward
    hidden_states = blk(
  File "/data/armaan/venvs/omnizip_clean/lib/python3.10/site-packages/torch/nn/modules/module.py", line 1739, in _wrapped_call_impl
    return self._call_impl(*args, **kwargs)
  File "/data/armaan/venvs/omnizip_clean/lib/python3.10/site-packages/torch/nn/modules/module.py", line 1750, in _call_impl
    return forward_call(*args, **kwargs)
  File "/data/armaan/purs/Qwen2.5-Omni/low-VRAM-mode/modeling_qwen2_5_omni_low_VRAM_mode.py", line 1155, in forward
    hidden_states = hidden_states + self.attn(
  File "/data/armaan/venvs/omnizip_clean/lib/python3.10/site-packages/torch/nn/modules/module.py", line 1739, in _wrapped_call_impl
    return self._call_impl(*args, **kwargs)
  File "/data/armaan/venvs/omnizip_clean/lib/python3.10/site-packages/torch/nn/modules/module.py", line 1750, in _call_impl
    return forward_call(*args, **kwargs)
  File "/data/armaan/purs/Qwen2.5-Omni/low-VRAM-mode/modeling_qwen2_5_omni_low_VRAM_mode.py", line 1116, in forward
    attn_output = F.scaled_dot_product_attention(q, k, v, attention_mask, dropout_p=0.0)
torch.OutOfMemoryError: CUDA out of memory. Tried to allocate 81.00 GiB. GPU 0 has a total capacity of 47.37 GiB of which 34.64 GiB is free. Including non-PyTorch memory, this process has 12.72 GiB memory in use. Of the allocated memory 11.79 GiB is allocated by PyTorch, and 443.57 MiB is reserved by PyTorch but unallocated. If reserved but unallocated memory is large try setting PYTORCH_CUDA_ALLOC_CONF=expandable_segments:True to avoid fragmentation.  See documentation for Memory Management  (https://pytorch.org/docs/stable/notes/cuda.html#environment-variables)


--- worldsense/Video Emotions ---
Traceback (most recent call last):
  File "/data/armaan/purs/eval_qwen_omni.py", line 843, in main
    pred, reasoning = run_inference(
  File "/data/armaan/purs/eval_qwen_omni.py", line 660, in run_inference
    raw_out = model.generate(**gen_in, **gen_kw)
  File "/data/armaan/venvs/omnizip_clean/lib/python3.10/site-packages/awq/models/base.py", line 134, in generate
    return self.model.generate(*args, **kwargs)
  File "/data/armaan/venvs/omnizip_clean/lib/python3.10/site-packages/torch/utils/_contextlib.py", line 116, in decorate_context
    return func(*args, **kwargs)
  File "/data/armaan/purs/Qwen2.5-Omni/low-VRAM-mode/modeling_qwen2_5_omni_low_VRAM_mode.py", line 4760, in generate
    thinker_result = self.thinker.generate(input_ids=input_ids, **thinker_kwargs)
  File "/data/armaan/venvs/omnizip_clean/lib/python3.10/site-packages/torch/utils/_contextlib.py", line 116, in decorate_context
    return func(*args, **kwargs)
  File "/data/armaan/venvs/omnizip_clean/lib/python3.10/site-packages/transformers/generation/utils.py", line 2597, in generate
    result = self._sample(
  File "/data/armaan/venvs/omnizip_clean/lib/python3.10/site-packages/transformers/generation/utils.py", line 3557, in _sample
    outputs = self(**model_inputs, return_dict=True)
  File "/data/armaan/venvs/omnizip_clean/lib/python3.10/site-packages/torch/nn/modules/module.py", line 1739, in _wrapped_call_impl
    return self._call_impl(*args, **kwargs)
  File "/data/armaan/venvs/omnizip_clean/lib/python3.10/site-packages/torch/nn/modules/module.py", line 1750, in _call_impl
    return forward_call(*args, **kwargs)
  File "/data/armaan/purs/Qwen2.5-Omni/low-VRAM-mode/modeling_qwen2_5_omni_low_VRAM_mode.py", line 2490, in forward
    video_embeds = self.visual(pixel_values_videos, grid_thw=video_grid_thw)
  File "/data/armaan/venvs/omnizip_clean/lib/python3.10/site-packages/torch/nn/modules/module.py", line 1739, in _wrapped_call_impl
    return self._call_impl(*args, **kwargs)
  File "/data/armaan/venvs/omnizip_clean/lib/python3.10/site-packages/torch/nn/modules/module.py", line 1750, in _call_impl
    return forward_call(*args, **kwargs)
  File "/data/armaan/purs/Qwen2.5-Omni/low-VRAM-mode/modeling_qwen2_5_omni_low_VRAM_mode.py", line 1366, in forward
    hidden_states = blk(
  File "/data/armaan/venvs/omnizip_clean/lib/python3.10/site-packages/torch/nn/modules/module.py", line 1739, in _wrapped_call_impl
    return self._call_impl(*args, **kwargs)
  File "/data/armaan/venvs/omnizip_clean/lib/python3.10/site-packages/torch/nn/modules/module.py", line 1750, in _call_impl
    return forward_call(*args, **kwargs)
  File "/data/armaan/purs/Qwen2.5-Omni/low-VRAM-mode/modeling_qwen2_5_omni_low_VRAM_mode.py", line 1155, in forward
    hidden_states = hidden_states + self.attn(
  File "/data/armaan/venvs/omnizip_clean/lib/python3.10/site-packages/torch/nn/modules/module.py", line 1739, in _wrapped_call_impl
    return self._call_impl(*args, **kwargs)
  File "/data/armaan/venvs/omnizip_clean/lib/python3.10/site-packages/torch/nn/modules/module.py", line 1750, in _call_impl
    return forward_call(*args, **kwargs)
  File "/data/armaan/purs/Qwen2.5-Omni/low-VRAM-mode/modeling_qwen2_5_omni_low_VRAM_mode.py", line 1116, in forward
    attn_output = F.scaled_dot_product_attention(q, k, v, attention_mask, dropout_p=0.0)
torch.OutOfMemoryError: CUDA out of memory. Tried to allocate 81.00 GiB. GPU 0 has a total capacity of 47.37 GiB of which 34.64 GiB is free. Including non-PyTorch memory, this process has 12.72 GiB memory in use. Of the allocated memory 11.79 GiB is allocated by PyTorch, and 443.78 MiB is reserved by PyTorch but unallocated. If reserved but unallocated memory is large try setting PYTORCH_CUDA_ALLOC_CONF=expandable_segments:True to avoid fragmentation.  See documentation for Memory Management  (https://pytorch.org/docs/stable/notes/cuda.html#environment-variables)


--- worldsense/Video Emotions ---
Traceback (most recent call last):
  File "/data/armaan/purs/eval_qwen_omni.py", line 843, in main
    pred, reasoning = run_inference(
  File "/data/armaan/purs/eval_qwen_omni.py", line 660, in run_inference
    raw_out = model.generate(**gen_in, **gen_kw)
  File "/data/armaan/venvs/omnizip_clean/lib/python3.10/site-packages/awq/models/base.py", line 134, in generate
    return self.model.generate(*args, **kwargs)
  File "/data/armaan/venvs/omnizip_clean/lib/python3.10/site-packages/torch/utils/_contextlib.py", line 116, in decorate_context
    return func(*args, **kwargs)
  File "/data/armaan/purs/Qwen2.5-Omni/low-VRAM-mode/modeling_qwen2_5_omni_low_VRAM_mode.py", line 4760, in generate
    thinker_result = self.thinker.generate(input_ids=input_ids, **thinker_kwargs)
  File "/data/armaan/venvs/omnizip_clean/lib/python3.10/site-packages/torch/utils/_contextlib.py", line 116, in decorate_context
    return func(*args, **kwargs)
  File "/data/armaan/venvs/omnizip_clean/lib/python3.10/site-packages/transformers/generation/utils.py", line 2597, in generate
    result = self._sample(
  File "/data/armaan/venvs/omnizip_clean/lib/python3.10/site-packages/transformers/generation/utils.py", line 3557, in _sample
    outputs = self(**model_inputs, return_dict=True)
  File "/data/armaan/venvs/omnizip_clean/lib/python3.10/site-packages/torch/nn/modules/module.py", line 1739, in _wrapped_call_impl
    return self._call_impl(*args, **kwargs)
  File "/data/armaan/venvs/omnizip_clean/lib/python3.10/site-packages/torch/nn/modules/module.py", line 1750, in _call_impl
    return forward_call(*args, **kwargs)
  File "/data/armaan/purs/Qwen2.5-Omni/low-VRAM-mode/modeling_qwen2_5_omni_low_VRAM_mode.py", line 2490, in forward
    video_embeds = self.visual(pixel_values_videos, grid_thw=video_grid_thw)
  File "/data/armaan/venvs/omnizip_clean/lib/python3.10/site-packages/torch/nn/modules/module.py", line 1739, in _wrapped_call_impl
    return self._call_impl(*args, **kwargs)
  File "/data/armaan/venvs/omnizip_clean/lib/python3.10/site-packages/torch/nn/modules/module.py", line 1750, in _call_impl
    return forward_call(*args, **kwargs)
  File "/data/armaan/purs/Qwen2.5-Omni/low-VRAM-mode/modeling_qwen2_5_omni_low_VRAM_mode.py", line 1366, in forward
    hidden_states = blk(
  File "/data/armaan/venvs/omnizip_clean/lib/python3.10/site-packages/torch/nn/modules/module.py", line 1739, in _wrapped_call_impl
    return self._call_impl(*args, **kwargs)
  File "/data/armaan/venvs/omnizip_clean/lib/python3.10/site-packages/torch/nn/modules/module.py", line 1750, in _call_impl
    return forward_call(*args, **kwargs)
  File "/data/armaan/purs/Qwen2.5-Omni/low-VRAM-mode/modeling_qwen2_5_omni_low_VRAM_mode.py", line 1155, in forward
    hidden_states = hidden_states + self.attn(
  File "/data/armaan/venvs/omnizip_clean/lib/python3.10/site-packages/torch/nn/modules/module.py", line 1739, in _wrapped_call_impl
    return self._call_impl(*args, **kwargs)
  File "/data/armaan/venvs/omnizip_clean/lib/python3.10/site-packages/torch/nn/modules/module.py", line 1750, in _call_impl
    return forward_call(*args, **kwargs)
  File "/data/armaan/purs/Qwen2.5-Omni/low-VRAM-mode/modeling_qwen2_5_omni_low_VRAM_mode.py", line 1116, in forward
    attn_output = F.scaled_dot_product_attention(q, k, v, attention_mask, dropout_p=0.0)
torch.OutOfMemoryError: CUDA out of memory. Tried to allocate 81.00 GiB. GPU 0 has a total capacity of 47.37 GiB of which 34.64 GiB is free. Including non-PyTorch memory, this process has 12.72 GiB memory in use. Of the allocated memory 11.79 GiB is allocated by PyTorch, and 443.88 MiB is reserved by PyTorch but unallocated. If reserved but unallocated memory is large try setting PYTORCH_CUDA_ALLOC_CONF=expandable_segments:True to avoid fragmentation.  See documentation for Memory Management  (https://pytorch.org/docs/stable/notes/cuda.html#environment-variables)

